{"type":"FeatureCollection","features":[{"id":"0","type":"Feature","properties":{"id":"1","date_realisation":"2025-10-12","commune":"Meguetan","village":"Fèya","surface_ha":11.9331,"technologie":"Demi-lune","type_beneficiaire":"Propriétaire individuel (appartenant à un ménage)"},"geometry":{"type":"Polygon","coordinates":[[[-7.6562748,12.9137442],[-7.656489570538375,12.914615417634465],[-7.656519541643191,12.915214839730785],[-7.656609454957639,12.915379680807272],[-7.656040003966137,12.915889189589139],[-7.655590437393896,12.916503597237865],[-7.654661333144604,12.917088033781774],[-7.654421564306076,12.91734278817271],[-7.653897069971798,12.917597542563646],[-7.653462488951966,12.917882268059396],[-7.652852999999999,12.918014300000001],[-7.652982951274911,12.917252874858267],[-7.653312633427887,12.916143943980073],[-7.653971997733836,12.914435591005569],[-7.6544853,12.914065100000004],[-7.654991015297578,12.913536457861094],[-7.655275740793329,12.912967006869591],[-7.655695336260752,12.91259236805939],[-7.6562748,12.9137442]]]}},{"id":"1","type":"Feature","properties":{"id":"2","date_realisation":"2025-10-12","commune":"Meguetan","village":"Fèya","surface_ha":6.2875,"technologie":"Demi-lune","type_beneficiaire":"Propriétaire individuel (appartenant à un ménage)"},"geometry":{"type":"Polygon","coordinates":[[[-7.655755278470385,12.916938178257698],[-7.655875162889648,12.91635374171379],[-7.656010032861319,12.916143943980078],[-7.656429628328742,12.91602405956081],[-7.656654411614862,12.91582924737951],[-7.656834238243757,12.915559507436168],[-7.656924151558205,12.915274781940415],[-7.657568530311747,12.915184868625964],[-7.65798812577917,12.915364695254866],[-7.658381200000002,12.916245899999998],[-7.6584527,12.917247299999998],[-7.657598501416564,12.917687455878093],[-7.656834238243757,12.917972181373848],[-7.65645959943356,12.917492643696791],[-7.655868099999999,12.9176414],[-7.655800235127609,12.91735777372512],[-7.655515509631859,12.917192932648629],[-7.655755278470385,12.916938178257698]]]}},{"id":"2","type":"Feature","properties":{"id":"3","date_realisation":"2025-12-16","commune":"Meguetan","village":"Fèya","surface_ha":2.4264,"technologie":"Demi-lune","type_beneficiaire":"Terres collectives/communautaires pour le village"},"geometry":{"type":"Polygon","coordinates":[[[-7.659689357806063,12.920916393755995],[-7.6602252,12.9212042],[-7.660567,12.921479799999997],[-7.6607098,12.921895099999997],[-7.660849148724145,12.921937453703016],[-7.660993428934051,12.922101156248873],[-7.66083805024646,12.922267633414148],[-7.660427406572117,12.922423012101735],[-7.659961270509346,12.922511799923214],[-7.659461839013521,12.922789261865342],[-7.659350854236671,12.923083371523997],[-7.659239869459821,12.923155511628945],[-7.659128884682972,12.923000132941354],[-7.659156630877184,12.922545095356273],[-7.6593068,12.921944799999999],[-7.659617217701114,12.921013505435742],[-7.659689357806063,12.920916393755995]]]}},{"id":"3","type":"Feature","properties":{"id":"4","date_realisation":"2025-12-16","commune":"Meguetan","village":"Fèya","surface_ha":3.5061,"technologie":"Demi-lune","type_beneficiaire":"Terres collectives/communautaires pour le village"},"geometry":{"type":"Polygon","coordinates":[[[-7.660002800000001,12.920332199999997],[-7.660208211637837,12.920075684071358],[-7.66039133651964,12.920009093205252],[-7.661653788356307,12.920211640422998],[-7.661842462476952,12.920650030291556],[-7.662053333552967,12.9208775490841],[-7.6619645457314896,12.92139362829645],[-7.661293087831544,12.921782075015427],[-7.660849148724145,12.921937453703016],[-7.6607098,12.921895099999997],[-7.660567,12.921479799999997],[-7.6602252,12.9212042],[-7.659689357806063,12.920916393755995],[-7.65972820247796,12.920594537903131],[-7.659872482687865,12.920405863782486],[-7.660002800000001,12.920332199999997]]]}},{"id":"4","type":"Feature","properties":{"id":"5","date_realisation":"2025-12-16","commune":"Meguetan","village":"Fèya","surface_ha":1.5655,"technologie":"Demi-lune","type_beneficiaire":"Terres collectives/communautaires pour le village"},"geometry":{"type":"Polygon","coordinates":[[[-7.66236699808782,12.961322508711048],[-7.663030108781871,12.961446139518417],[-7.663135007648727,12.961543545609066],[-7.6632586384560915,12.961787060835695],[-7.663273624008498,12.961929423583568],[-7.662786593555241,12.962112996600569],[-7.662262099220963,12.962206656303113],[-7.662202157011332,12.962341526274786],[-7.661943656232295,12.962453917917848],[-7.661647691572236,12.962184177974503],[-7.661318009419262,12.96174210417847],[-7.661999852053825,12.961404929249293],[-7.6622539,12.961457899999997],[-7.66236699808782,12.961322508711048]]]}},{"id":"5","type":"Feature","properties":{"id":"6","date_realisation":"2025-12-16","commune":"Meguetan","village":"Fèya","surface_ha":1.0377,"technologie":"Demi-lune","type_beneficiaire":"Terres collectives/communautaires pour le village"},"geometry":{"type":"Polygon","coordinates":[[[-7.659771107932012,12.960096559631726],[-7.659932202620396,12.960178980169971],[-7.660160732294617,12.960512408711047],[-7.660790125495749,12.960988199999997],[-7.661101075708215,12.961314135764871],[-7.6611797498583565,12.961415288243627],[-7.661198481798866,12.961583875708213],[-7.661138539589236,12.961647564305949],[-7.66064026997167,12.961381570750708],[-7.660475428895183,12.961227968838523],[-7.6595163535410755,12.960729699220963],[-7.659628745184135,12.960302610977335],[-7.659771107932012,12.960096559631726]]]}},{"id":"6","type":"Feature","properties":{"id":"7","date_realisation":"2025-12-17","commune":"Meguetan","village":"Fèya","surface_ha":7.1319,"technologie":"Cordon pierreux","type_beneficiaire":"Propriétaire individuel (appartenant à un ménage)"},"geometry":{"type":"Polygon","coordinates":[[[-7.653723900000002,12.9070838],[-7.652554474504248,12.90733011756374],[-7.6521270999999995,12.907610000000002],[-7.651947559631727,12.907622335835697],[-7.651955052407931,12.906977957082155],[-7.651827675212463,12.906123780594903],[-7.651655341359772,12.905374502974505],[-7.6516826,12.905202999999998],[-7.652317900000001,12.9050237],[-7.652277300000001,12.9042381],[-7.652801736118979,12.904415427620398],[-7.653138911048159,12.904445398725214],[-7.653544900000001,12.9046207],[-7.653985594759206,12.904909950849861],[-7.654150435835694,12.905157212464593],[-7.654285305807365,12.905524358498583],[-7.654270320254959,12.905958939518413],[-7.653768304249292,12.906828101558077],[-7.653723900000002,12.9070838]]]}},{"id":"7","type":"Feature","properties":{"id":"8","date_realisation":"2025-10-08","commune":"Koula","village":"Tièssembougou","surface_ha":15.6151,"technologie":"Cordon pierreux","type_beneficiaire":"Propriétaire individuel (appartenant à un ménage)"},"geometry":{"type":"Polygon","coordinates":[[[-7.557820977765837,13.051853530064683],[-7.55709168577765,13.051201128251872],[-7.55680583436166,13.049935214838204],[-7.5571141440805,13.048663437247988],[-7.557206957076182,13.048629921443993],[-7.558763938110665,13.048761497306065],[-7.55874200880032,13.05016497316813],[-7.559904262248597,13.050099185237102],[-7.561239934634588,13.049720412470924],[-7.5619352816547405,13.050898487332303],[-7.562782157341575,13.052685538569767],[-7.561285808800319,13.053257005926755],[-7.560781434662389,13.052577197306066],[-7.560320919145147,13.052577197306064],[-7.559838474317561,13.051261438685374],[-7.557820977765837,13.051853530064683]]]}},{"id":"8","type":"Feature","properties":{"id":"9","date_realisation":"2025-11-06","commune":"Doumba","village":"Fani","surface_ha":2.1704,"technologie":"Cordon pierreux","type_beneficiaire":"Propriétaire individuel (appartenant à un ménage)"},"geometry":{"type":"Polygon","coordinates":[[[-7.554194418067571,13.142377723168124],[-7.551989399999999,13.141509],[-7.551919,13.140943100000003],[-7.554619298455501,13.141692432219848],[-7.554509100000001,13.142427200000002],[-7.554194418067571,13.142377723168124]]]}},{"id":"9","type":"Feature","properties":{"id":"10","date_realisation":"2025-11-06","commune":"Koula","village":"Siramansoni","surface_ha":1.1891,"technologie":"Demi-lune","type_beneficiaire":"Terres collectives/communautaires pour le village"},"geometry":{"type":"Polygon","coordinates":[[[-7.698951166235667,13.096006825862148],[-7.699312999856356,13.096023272844908],[-7.699570669252907,13.096593434913874],[-7.6995871162356675,13.096916892241461],[-7.699258176580494,13.097508983620768],[-7.699340411494287,13.097717312069047],[-7.699258176580494,13.097826958620772],[-7.698797661063252,13.097700865086289],[-7.698589332614977,13.09750898362077],[-7.698572885632217,13.097437713362147],[-7.6986363,13.097319499999998],[-7.698847002011528,13.097191008620769],[-7.699005989511528,13.096916892241461],[-7.698984060201184,13.096478306034564],[-7.699027918821873,13.096302871551805],[-7.698907307614976,13.096182260344909],[-7.698951166235667,13.096006825862148]]]}},{"id":"10","type":"Feature","properties":{"id":"11","date_realisation":"2025-11-16","commune":"Doumba","village":"Fani","surface_ha":15.8727,"technologie":"Cordon pierreux","type_beneficiaire":"Propriétaire individuel (appartenant à un ménage)"},"geometry":{"type":"Polygon","coordinates":[[[-7.55531007173136,13.14292321476295],[-7.555142860739986,13.14510792230605],[-7.554455500000001,13.147083],[-7.5530376469468825,13.14637982230605],[-7.55198504005033,13.14550264989226],[-7.552105651257229,13.141566338685365],[-7.554194418067571,13.142377723168124],[-7.554509100000001,13.142427200000002],[-7.55531007173136,13.14292321476295]]]}},{"id":"11","type":"Feature","properties":{"id":"12","date_realisation":"2025-11-14","commune":"Koula","village":"Niamakorobougou","surface_ha":3.2218,"technologie":"Cordon pierreux","type_beneficiaire":"Propriétaire individuel (appartenant à un ménage)"},"geometry":{"type":"Polygon","coordinates":[[[-7.468811941166558,13.12822537145344],[-7.468858036760577,13.128248419250449],[-7.4694342316858195,13.130007734422186],[-7.468988640943633,13.13022284719428],[-7.468189650647296,13.130376499174343],[-7.4675443123310234,13.128962900957745],[-7.467521264534013,13.1286095014036],[-7.468811941166558,13.12822537145344]]]}},{"id":"12","type":"Feature","properties":{"id":"13","date_realisation":"2025-11-14","commune":"Koula","village":"Wolokorodji","surface_ha":8.5342,"technologie":"Cordon pierreux","type_beneficiaire":"Propriétaire individuel (appartenant à un ménage)"},"geometry":{"type":"Polygon","coordinates":[[[-7.4554549,13.109380800000004],[-7.4548902,13.111429500000002],[-7.4527099,13.112528499999998],[-7.45193187631147,13.110244773249036],[-7.4523478,13.109670499999998],[-7.4554549,13.109380800000004]]]}},{"id":"13","type":"Feature","properties":{"id":"14","date_realisation":"2025-11-14","commune":"Koula","village":"Wolokorodji","surface_ha":6.3771,"technologie":"Cordon pierreux","type_beneficiaire":"Propriétaire individuel (appartenant à un ménage)"},"geometry":{"type":"Polygon","coordinates":[[[-7.459632699999999,13.1556684],[-7.459949780406266,13.155515093291996],[-7.4601964851476446,13.155539763766134],[-7.460467860363163,13.155441081869585],[-7.46071456510454,13.155564434240274],[-7.460443,13.155969799999998],[-7.4600237918286805,13.156797957947166],[-7.45965373471661,13.157784776912683],[-7.4594810413976465,13.158475550188545],[-7.458420211009719,13.160621881438537],[-7.458192699999999,13.1608936],[-7.4577251,13.160982699999998],[-7.457584999999999,13.1606032],[-7.45782811963041,13.159758414843713],[-7.458198176742479,13.159067641567852],[-7.458465000000001,13.158287599999998],[-7.458404100000001,13.1573039],[-7.459234336656268,13.156847298895446],[-7.459670800000001,13.155929799999997],[-7.459632699999999,13.1556684]]]}},{"id":"14","type":"Feature","properties":{"id":"15","date_realisation":"2025-11-11","commune":"Koula","village":"Wolongotoba Sokoro","surface_ha":1.3958,"technologie":"Demi-lune","type_beneficiaire":"Terres collectives/communautaires pour le village"},"geometry":{"type":"Polygon","coordinates":[[[-7.691824140373587,13.151087771120826],[-7.692029476089363,13.151330762278434],[-7.691877901463939,13.151476923524378],[-7.691710086700077,13.151514817180734],[-7.691509791659337,13.151411962970625],[-7.691226566666692,13.150857513362205],[-7.691040167528759,13.150676596551863],[-7.690875697701172,13.150155775431173],[-7.690919556321862,13.149974858620828],[-7.691210119683932,13.14984328275876],[-7.691681599856345,13.149887141379452],[-7.691966680890828,13.1500241995691],[-7.691906800000001,13.1503433],[-7.691791246408069,13.15050664439669],[-7.6917309408046215,13.150725937500136],[-7.691809700000001,13.1508898],[-7.691824140373587,13.151087771120826]]]}},{"id":"15","type":"Feature","properties":{"id":"16","date_realisation":"2025-11-11","commune":"Koula","village":"Wolongotoba Sokoro","surface_ha":0.8558,"technologie":"Demi-lune","type_beneficiaire":"Terres collectives/communautaires pour le village"},"geometry":{"type":"Polygon","coordinates":[[[-7.690941611314753,13.152709007865568],[-7.6910730614942775,13.153061409051869],[-7.691034400000001,13.153236400000003],[-7.691182708046001,13.15333552543118],[-7.691248495977034,13.153527406896698],[-7.691215602011518,13.153702841379454],[-7.690887279039825,13.15427189341816],[-7.690778267648505,13.15427608616398],[-7.690538938959782,13.154165726365072],[-7.690656404597724,13.15362608879325],[-7.690614923982193,13.152709007865568],[-7.690941611314753,13.152709007865568]]]}},{"id":"16","type":"Feature","properties":{"id":"17","date_realisation":"2025-11-11","commune":"Koula","village":"Wolongotoba Sokoro","surface_ha":2.9665,"technologie":"Demi-lune","type_beneficiaire":"Propriétaire individuel (appartenant à un ménage)"},"geometry":{"type":"Polygon","coordinates":[[[-7.6899105,13.136975999999997],[-7.69047548778738,13.137146212069096],[-7.691133367097724,13.13762865689668],[-7.691528094683932,13.137847950000126],[-7.692185973994278,13.13802338448289],[-7.692361408477035,13.138242677586335],[-7.692032468821863,13.138834768965646],[-7.6917498,13.139044099999998],[-7.6905632050287585,13.138330394827715],[-7.690014972270138,13.137847950000127],[-7.6897518205459985,13.13749708103461],[-7.689598315373586,13.137146212069092],[-7.6899105,13.136975999999997]]]}},{"id":"17","type":"Feature","properties":{"id":"18","date_realisation":"2025-11-12","commune":"Koula","village":"Wolongotoba Sokoro","surface_ha":12.3317,"technologie":"Cordon pierreux Demi-lune + Demi-lune + Cordon pierreux","type_beneficiaire":"Terres collectives/communautaires pour le village"},"geometry":{"type":"Polygon","coordinates":[[[-7.6935032,13.142480399999997],[-7.694219917528762,13.142403764224268],[-7.694812008908073,13.14209675387944],[-7.6951912,13.1416712],[-7.694636574425314,13.140495914224266],[-7.694263776149451,13.140101186638056],[-7.694044483046003,13.139772246982881],[-7.6943717,13.13924],[-7.695404100287384,13.139552953879438],[-7.695557605459799,13.139794176293227],[-7.6961472,13.1403501],[-7.6970449,13.140467999999998],[-7.696886400000001,13.141271199999998],[-7.696470399999999,13.141253300000002],[-7.6958929,13.141897100000001],[-7.6950617,13.142561699999996],[-7.694728400000001,13.143735199999997],[-7.6943554,13.1447574],[-7.694614645114969,13.145013352155305],[-7.694658503735658,13.145342291810477],[-7.694329564080488,13.145737019396684],[-7.693345,13.145496700000002],[-7.692814416113885,13.14523529698458],[-7.692716975283255,13.144888840697895],[-7.693085085087857,13.14310242546968],[-7.692857723149721,13.142106363645462],[-7.693074258328898,13.142117190404422],[-7.6935032,13.142480399999997]]]}},{"id":"18","type":"Feature","properties":{"id":"19","date_realisation":"2025-11-15","commune":"Koula","village":"Wolongotoba Sokoro","surface_ha":2.5351,"technologie":"Cordon pierreux","type_beneficiaire":"Propriétaire individuel (appartenant à un ménage)"},"geometry":{"type":"Polygon","coordinates":[[[-7.686697175680529,13.132743735783158],[-7.686419033554662,13.132770871600316],[-7.6858395338758045,13.13271818981133],[-7.685371440804615,13.13221759956909],[-7.685015089511513,13.132234046551845],[-7.684850619683927,13.131965412500122],[-7.684817725718409,13.131757084051848],[-7.6851811,13.131557799999998],[-7.6857332744253055,13.131466520689774],[-7.686051249425307,13.131302050862189],[-7.686793300000001,13.131226699999997],[-7.686911974856342,13.131274639224257],[-7.686742022701172,13.131850283620807],[-7.686697175680529,13.132743735783158]]]}},{"id":"19","type":"Feature","properties":{"id":"20","date_realisation":"2025-11-19","commune":"Koula","village":"Wolongotoba Sokoro","surface_ha":2.7109,"technologie":"Cordon pierreux","type_beneficiaire":"Propriétaire individuel (appartenant à un ménage)"},"geometry":{"type":"Polygon","coordinates":[[[-7.693896460201179,13.127859149138047],[-7.694214435201179,13.128220982758739],[-7.694214435201179,13.128407381896665],[-7.694475,13.128506700000003],[-7.694872314511525,13.128999473275979],[-7.695020337356352,13.129070743534598],[-7.6952999360632495,13.129388718534601],[-7.695332830028766,13.12960801163805],[-7.69521221882187,13.13013979741391],[-7.694795561925318,13.130095938793223],[-7.694055447701178,13.12982182241391],[-7.693710061063248,13.129635423275978],[-7.6937758489942825,13.12903784956908],[-7.693622343821868,13.128571851724253],[-7.6934907679597995,13.128429311207013],[-7.693567520546007,13.128127783189774],[-7.693896460201179,13.127859149138047]]]}},{"id":"20","type":"Feature","properties":{"id":"21","date_realisation":"2025-11-19","commune":"Koula","village":"Wolongotoba Sokoro","surface_ha":5.1592,"technologie":"Cordon pierreux","type_beneficiaire":"Propriétaire individuel (appartenant à un ménage)"},"geometry":{"type":"Polygon","coordinates":[[[-7.684242765932783,13.139250978961039],[-7.68466819363174,13.138835005210948],[-7.685974942961979,13.138344974212108],[-7.686431966666467,13.13844221329817],[-7.6868361,13.140570799999997],[-7.685672968821855,13.140589113793233],[-7.685136600000001,13.140775800000002],[-7.684620361925304,13.14006281034496],[-7.684242765932783,13.139250978961039]]]}},{"id":"21","type":"Feature","properties":{"id":"22","date_realisation":"2025-12-01","commune":"Doumba","village":"Dibaro","surface_ha":5.5298,"technologie":"Cordon pierreux","type_beneficiaire":"Propriétaire individuel (appartenant à un ménage)"},"geometry":{"type":"Polygon","coordinates":[[[-7.617170052359433,13.065709633711705],[-7.61678544857761,13.065888058146573],[-7.6168081973307915,13.065957756003167],[-7.6152337,13.0653563],[-7.6150097,13.064053299999998],[-7.61501124856315,13.063726881034523],[-7.614934548767987,13.063638919780646],[-7.6148243,13.062881299999997],[-7.615570445976944,13.063134789655216],[-7.616502441666599,13.063365047413836],[-7.616710770114875,13.063463729310387],[-7.6168435,13.064146999999998],[-7.617039709770047,13.064768523275905],[-7.616994200000001,13.065147199999998],[-7.617170052359433,13.065709633711705]]]}},{"id":"22","type":"Feature","properties":{"id":"23","date_realisation":"2025-11-19","commune":"Koula","village":"Dioko Socoro","surface_ha":2.7994,"technologie":"Demi-lune","type_beneficiaire":"Terres collectives/communautaires pour le village"},"geometry":{"type":"Polygon","coordinates":[[[-7.850636244768374,13.011256980282786],[-7.849968685320725,13.012190235032982],[-7.849477149011015,13.012064029764272],[-7.849005539848997,13.011745195401218],[-7.8483672,13.011489699999998],[-7.848349389995635,13.011115724353813],[-7.8484534,13.010845799999998],[-7.848781123293047,13.010634650108125],[-7.849420688759227,13.010516354626937],[-7.849915546260217,13.010888328050504],[-7.850277556109937,13.011094241909978],[-7.850387155422237,13.011080957144847],[-7.850636244768374,13.011256980282786]]]}},{"id":"23","type":"Feature","properties":{"id":"24","date_realisation":"2025-11-29","commune":"Koula","village":"Dioko Socoro","surface_ha":30.94,"technologie":"Cordon pierreux","type_beneficiaire":"Terres collectives/communautaires pour le village"},"geometry":{"type":"Polygon","coordinates":[[[-7.817245404762552,13.004897809005714],[-7.820217914196178,13.003545613614609],[-7.821851350858977,13.003157672407193],[-7.8239952364789005,13.003198508323763],[-7.8244852674777405,13.003382269948329],[-7.82485279072687,13.003688539322603],[-7.825005865358888,13.004137558243189],[-7.824909013110591,13.004776783081939],[-7.823131,13.0068542],[-7.82140032345542,13.00732058308194],[-7.820435433800248,13.007452158944007],[-7.817628482076111,13.007232865840557],[-7.817014461386456,13.006750421012972],[-7.816813219652073,13.0056078274015],[-7.817245404762552,13.004897809005714]]]}},{"id":"24","type":"Feature","properties":{"id":"25","date_realisation":"2025-12-15","commune":"Meguetan","village":"Tièntiguila","surface_ha":6.2122,"technologie":"Demi-lune","type_beneficiaire":"Terres collectives/communautaires pour le village"},"geometry":{"type":"Polygon","coordinates":[[[-7.542327625321628,12.941214632166725],[-7.543048499999999,12.941212899999998],[-7.543973,12.942325999999998],[-7.543562499999999,12.943040400000001],[-7.542024499999999,12.943149699999998],[-7.540905743811398,12.9435728746715],[-7.540212143074698,12.943503514597829],[-7.540281503148369,12.942844593897963],[-7.542327625321628,12.941214632166725]]]}},{"id":"25","type":"Feature","properties":{"id":"26","date_realisation":"2025-12-16","commune":"Meguetan","village":"Fèya","surface_ha":10.0592,"technologie":"Cordon pierreux","type_beneficiaire":"Propriétaire individuel (appartenant à un ménage)"},"geometry":{"type":"Polygon","coordinates":[[[-7.627919614872594,12.908201601203853],[-7.628401300000001,12.907927499999998],[-7.629538054532653,12.90823157230867],[-7.629957650000076,12.908711109985724],[-7.6299162,12.910234200000001],[-7.629429200000001,12.910926599999998],[-7.629388199008574,12.911498422733606],[-7.628938632436335,12.911798133781764],[-7.628519036968912,12.911648278257683],[-7.6276374,12.9111632],[-7.626930568413669,12.910569318484312],[-7.6266423,12.9102651],[-7.62714036614738,12.909640214235019],[-7.627919614872594,12.908201601203853]]]}},{"id":"26","type":"Feature","properties":{"id":"28","date_realisation":"2025-12-17","commune":"Meguetan","village":"Dogoni","surface_ha":3.5827,"technologie":"Demi-lune","type_beneficiaire":"Terres collectives/communautaires pour le village"},"geometry":{"type":"Polygon","coordinates":[[[-7.704801,12.9513804],[-7.7049766,12.951494799999997],[-7.7049344,12.951825099999999],[-7.7040659,12.952524099999998],[-7.702491499999999,12.953519799999999],[-7.702120577620615,12.953383041713861],[-7.702000693201351,12.95317324398015],[-7.7021602,12.9527909],[-7.7027342,12.952319600000001],[-7.7030914,12.951740099999999],[-7.704098670538466,12.95131503548156],[-7.704801,12.9513804]]]}},{"id":"27","type":"Feature","properties":{"id":"29","date_realisation":"2025-12-18","commune":"Meguetan","village":"Mafèya","surface_ha":2.8034,"technologie":"Demi-lune","type_beneficiaire":"Propriétaire individuel (appartenant à un ménage)"},"geometry":{"type":"Polygon","coordinates":[[[-7.605689032542481,12.96324683317989],[-7.606322172131717,12.963059513774791],[-7.606487013208206,12.963048274610486],[-7.606689318165713,12.963130695148731],[-7.606782977868263,12.96360274004958],[-7.606932833392342,12.963602740049579],[-7.60696,12.963930599999998],[-7.6073449360835586,12.964749134808793],[-7.607715828505658,12.965771898760632],[-7.6073336969192535,12.965689478222389],[-7.606996521990075,12.96550590520539],[-7.60674551398724,12.965457202160064],[-7.6066181367917745,12.965341064128904],[-7.606531969865428,12.965352303293212],[-7.606442056550981,12.965232418873946],[-7.606217273264862,12.964674207046748],[-7.606262229922085,12.96419092298159],[-7.606179809383842,12.963876226381025],[-7.605966265262029,12.963516573123233],[-7.605689032542481,12.96324683317989]]]}},{"id":"28","type":"Feature","properties":{"id":"30","date_realisation":"2025-12-18","commune":"Meguetan","village":"Mafèya","surface_ha":7.2767,"technologie":"Demi-lune","type_beneficiaire":"Terres collectives/communautaires pour le village"},"geometry":{"type":"Polygon","coordinates":[[[-7.609119802280824,12.965931750970343],[-7.609477524155822,12.965463011961722],[-7.609822910793753,12.965290318642761],[-7.61042733741013,12.96530265387983],[-7.6106740421515084,12.965574029095343],[-7.611059479886675,12.96642938987253],[-7.611231813739365,12.966684144263468],[-7.6115621792204715,12.967091263254819],[-7.6117225373023665,12.967214615625513],[-7.611858224910125,12.967732695582411],[-7.611759543013574,12.968078082220336],[-7.611623855405816,12.968287781250512],[-7.610748053573921,12.968435804095337],[-7.610328655513578,12.968201434591029],[-7.610143626957543,12.968201434591029],[-7.609292495599787,12.96725162133672],[-7.608873097539445,12.966634859483271],[-7.608527710901514,12.9664251604531],[-7.608503040427376,12.966190790948795],[-7.608786750879962,12.966030432866898],[-7.609119802280824,12.965931750970343]]]}},{"id":"29","type":"Feature","properties":{"id":"31","date_realisation":"2025-12-18","commune":"Doumba","village":"Doumba","surface_ha":6.4401,"technologie":"Cordon pierreux","type_beneficiaire":"Propriétaire individuel (appartenant à un ménage)"},"geometry":{"type":"Polygon","coordinates":[[[-7.6103731994252115,13.093473990517317],[-7.611434899999999,13.093408200000002],[-7.611273500000001,13.097484299999996],[-7.6106065,13.097598299999998],[-7.610460916666593,13.096763387069045],[-7.609583744252797,13.09492132500008],[-7.609702199999999,13.0940555],[-7.6103731994252115,13.093473990517317]]]}},{"id":"30","type":"Feature","properties":{"id":"32","date_realisation":"2025-12-19","commune":"Koula","village":"Siramansoni","surface_ha":3.9734,"technologie":"Demi-lune","type_beneficiaire":"Terres collectives/communautaires pour le village"},"geometry":{"type":"Polygon","coordinates":[[[-7.696241649201352,13.083239062617748],[-7.696086936802562,13.083277740717445],[-7.695926127217177,13.083193315685119],[-7.695938627227048,13.08298081551731],[-7.696105300000001,13.082649400000001],[-7.695949591882222,13.082158466379376],[-7.695390394468427,13.081730844827655],[-7.695655000000001,13.0812818],[-7.695741263433944,13.080787884482827],[-7.695598722916704,13.08042605086214],[-7.695324606537392,13.080305439655241],[-7.695153799999999,13.080106500000001],[-7.695291712571875,13.079976500000067],[-7.695545000000002,13.079528299999996],[-7.69559033965371,13.079011941936212],[-7.695959324563327,13.078785789894834],[-7.696428937603881,13.078847043769688],[-7.6964632,13.079195],[-7.6963888,13.0797856],[-7.6961873,13.0799101],[-7.69617984964084,13.080502803448342],[-7.696679057592826,13.080541734307259],[-7.696791356363393,13.080705077973539],[-7.696812817061028,13.080855302856982],[-7.696300460847739,13.081127788793168],[-7.695942500000001,13.081459199999994],[-7.696092132399462,13.081807597413857],[-7.696510900000001,13.0823578],[-7.696750011709807,13.082388724138],[-7.697164940347875,13.082727739862284],[-7.697148670633381,13.082879590530888],[-7.697020454815986,13.08293911930325],[-7.696916700000001,13.082875],[-7.696333354813255,13.082915027586271],[-7.696241649201352,13.083239062617748]]]}},{"id":"31","type":"Feature","properties":{"id":"33","date_realisation":"2025-12-19","commune":"Koula","village":"Bouana","surface_ha":0.9858,"technologie":"Cordon pierreux","type_beneficiaire":"Propriétaire individuel (appartenant à un ménage)"},"geometry":{"type":"Polygon","coordinates":[[[-7.723637763677718,13.081683973059997],[-7.723765557949095,13.081769169240916],[-7.7240807853089315,13.081765109375063],[-7.7242805,13.082027099999996],[-7.7242631,13.0828576],[-7.7241520555675525,13.082982186099198],[-7.723932762464105,13.083037009375062],[-7.723669610739965,13.0829821860992],[-7.72354899953307,13.0826642110992],[-7.723637763677718,13.081683973059997]]]}},{"id":"32","type":"Feature","properties":{"id":"34","date_realisation":"2025-12-19","commune":"Koula","village":"Siramansoni","surface_ha":5.1818,"technologie":"Demi-lune","type_beneficiaire":"Terres collectives/communautaires pour le village"},"geometry":{"type":"Polygon","coordinates":[[[-7.701536083692564,13.085913860775928],[-7.7016566948994605,13.08583710818972],[-7.701980152227046,13.085815178879377],[-7.70238036214084,13.085897413793175],[-7.7024777,13.085985],[-7.70220492765808,13.086626563362133],[-7.70220492765808,13.087043220258685],[-7.702056904813255,13.087602417672477],[-7.7021117280891165,13.088671471551788],[-7.702172033692565,13.088868835344893],[-7.7020514224856695,13.08927452758627],[-7.701393543175325,13.089619914224201],[-7.700911098347738,13.088622130603511],[-7.700801451796013,13.088139685775925],[-7.7008946513649805,13.087295407327652],[-7.700839828089117,13.086259247413857],[-7.700867239727047,13.086166047844895],[-7.701475778089118,13.086204424137994],[-7.701536083692564,13.085913860775928]]]}},{"id":"33","type":"Feature","properties":{"id":"35","date_realisation":"2025-12-18","commune":"Koula","village":"Bouana","surface_ha":0.5701,"technologie":"Cordon pierreux","type_beneficiaire":"Propriétaire individuel (appartenant à un ménage)"},"geometry":{"type":"Polygon","coordinates":[[[-7.717458133584803,13.086035842564725],[-7.7176417915589415,13.085986501616448],[-7.717921390265839,13.086074218857828],[-7.7179131667744585,13.086150971444036],[-7.71745539242101,13.086370264547485],[-7.7165932999999995,13.086641699999998],[-7.7166714195761825,13.086112595150931],[-7.716775583800321,13.08604132489231],[-7.716926347808942,13.086027619073347],[-7.717329298886527,13.086131783297485],[-7.717458133584803,13.086035842564725]]]}},{"id":"34","type":"Feature","properties":{"id":"36","date_realisation":"2025-12-18","commune":"Koula","village":"Bouana","surface_ha":0.6592,"technologie":"Cordon pierreux","type_beneficiaire":"Propriétaire individuel (appartenant à un ménage)"},"geometry":{"type":"Polygon","coordinates":[[[-7.716644007938252,13.086186606573348],[-7.7165932999999995,13.086641699999998],[-7.715802470653767,13.086762250969898],[-7.715536577765838,13.086754027478516],[-7.715528354274458,13.086504581573344],[-7.7157860236710105,13.086416864331964],[-7.715827141127906,13.08616193609921],[-7.715898411386527,13.086052289547482],[-7.716167045438252,13.086161936099211],[-7.716315068283079,13.086129042133692],[-7.71645760880032,13.08616193609921],[-7.716519,13.0861059],[-7.716644007938252,13.086186606573348]]]}},{"id":"35","type":"Feature","properties":{"id":"37","date_realisation":"2025-12-19","commune":"Doumba","village":"Doumba","surface_ha":3.8071,"technologie":"Cordon pierreux","type_beneficiaire":"Propriétaire individuel (appartenant à un ménage)"},"geometry":{"type":"Polygon","coordinates":[[[-7.6052093,13.112780799999998],[-7.6064884,13.1135238],[-7.6068126,13.1140011],[-7.606720598671013,13.11485095635781],[-7.606194800000001,13.115614699999998],[-7.6057776383261855,13.115574623599185],[-7.6054925572917025,13.11539918911643],[-7.6052563,13.115118600000002],[-7.6052989,13.114529699999999],[-7.605229405567565,13.113929925323324],[-7.605273264188256,13.113491339116427],[-7.6052093,13.112780799999998]]]}},{"id":"36","type":"Feature","properties":{"id":"38","date_realisation":"2025-11-26","commune":"Koula","village":"Mamaribougou","surface_ha":25.0149,"technologie":"Cordon pierreux","type_beneficiaire":"Terres collectives/communautaires pour le village"},"geometry":{"type":"Polygon","coordinates":[[[-7.809054121731299,13.020845485237107],[-7.8088609347488465,13.019328069872985],[-7.809097980351989,13.019222716271587],[-7.8108084665588855,13.019924454202618],[-7.812307799999999,13.021633999999999],[-7.81396628724854,13.02273140592676],[-7.8144925906968155,13.024047164547449],[-7.815676773455436,13.025319064547446],[-7.81554330125094,13.027430716957944],[-7.814883722594137,13.027587759495278],[-7.814393691595298,13.027342743995858],[-7.813740316930179,13.02685271299702],[-7.811576013351972,13.023912527003983],[-7.809942576689174,13.022156582591476],[-7.809054121731299,13.020845485237107]]]}},{"id":"37","type":"Feature","properties":{"id":"39","date_realisation":"2025-11-28","commune":"Koula","village":"Mamaribougou","surface_ha":10.4198,"technologie":"Cordon pierreux","type_beneficiaire":"Terres collectives/communautaires pour le village"},"geometry":{"type":"Polygon","coordinates":[[[-7.789609846658174,13.042355343790202],[-7.789362524637253,13.041945151170138],[-7.7895786,13.0410988],[-7.790458066558891,13.039967843857792],[-7.791642249317511,13.040230995581929],[-7.792343987248545,13.040713440409519],[-7.792563280351994,13.04238006799572],[-7.792131074336442,13.043434180304061],[-7.791408175056046,13.043779200415159],[-7.790742501917696,13.043695991272866],[-7.790528400000001,13.043307899999999],[-7.789975621731304,13.043081805926757],[-7.789975621731304,13.042423926616415],[-7.789609846658174,13.042355343790202]]]}},{"id":"38","type":"Feature","properties":{"id":"40","date_realisation":"2025-11-15","commune":"Koula","village":"Dioko Socoro","surface_ha":24.8965,"technologie":"Cordon pierreux","type_beneficiaire":"Terres collectives/communautaires pour le village"},"geometry":{"type":"Polygon","coordinates":[[[-7.82844965690371,13.00881255937504],[-7.8276940355244,13.009442243857796],[-7.8275624596623326,13.010143981788831],[-7.827913328627847,13.010758002478484],[-7.828176480351987,13.011986043857794],[-7.8279235,13.013080199999997],[-7.828483490696814,13.013915823168135],[-7.82914137000716,13.014442126616414],[-7.8294483803519865,13.015275440409518],[-7.8298411,13.015667000000004],[-7.831509735524399,13.01624033006469],[-7.832474625179572,13.016722774892276],[-7.833439514834744,13.016942067995725],[-7.833834242420951,13.016635057650896],[-7.83387810104164,13.016021036961241],[-7.833571090696813,13.015231581788829],[-7.8337465251795715,13.014442126616418],[-7.834243300000001,13.014671700000001],[-7.834185111386468,13.015494733512963],[-7.834360545869227,13.015845602478482],[-7.834667556214053,13.016196471444001],[-7.834141252765779,13.017117502478484],[-7.8337026665588825,13.017556088685378],[-7.833834242420951,13.017950816271588],[-7.8343576,13.018072600000002],[-7.8340535355244,13.018915705926757],[-7.833220221731296,13.018564836961243],[-7.831816745869228,13.017556088685382],[-7.8312904424209515,13.017336795581931],[-7.830237835524401,13.017073643857794],[-7.828132621731298,13.015845602478482],[-7.827518601041642,13.014968430064691],[-7.827299307938194,13.013608812823309],[-7.827299307938194,13.01251234730607],[-7.826685287248538,13.011722892133657],[-7.8265098527657795,13.010407133512963],[-7.826491544233563,13.009491706902143],[-7.82700725105017,13.007944586452323],[-7.827482,13.007708100000002],[-7.829185228627848,13.007161595581934],[-7.8301501182830195,13.00751246454745],[-7.829954000000001,13.0084055],[-7.82900979414509,13.008345778340557],[-7.828417702765779,13.008499283512968],[-7.82844965690371,13.00881255937504]]]}},{"id":"39","type":"Feature","properties":{"id":"41","date_realisation":"2025-11-20","commune":"Koula","village":"Mamaribougou","surface_ha":14.6257,"technologie":"Cordon pierreux","type_beneficiaire":"Terres collectives/communautaires pour le village"},"geometry":{"type":"Polygon","coordinates":[[[-7.7977605269037165,13.041327461099169],[-7.798549982076132,13.041502895581928],[-7.799032426903717,13.043169523168135],[-7.798199113110613,13.043388816271584],[-7.798199113110613,13.04413441282331],[-7.798637699317509,13.04527473696124],[-7.797848244145096,13.047116799030203],[-7.796883354489924,13.046941364547449],[-7.79622547517958,13.046590495581928],[-7.795920543837028,13.04565765257738],[-7.795716364254178,13.04475926241284],[-7.795961379753598,13.04373836449859],[-7.796247231169587,13.042962482083762],[-7.7977605269037165,13.041327461099169]]]}},{"id":"40","type":"Feature","properties":{"id":"42","date_realisation":"2025-12-13","commune":"Koula","village":"Nténénidié Koulibaly","surface_ha":21.5153,"technologie":"Cordon pierreux","type_beneficiaire":"Terres collectives/communautaires pour le village"},"geometry":{"type":"Polygon","coordinates":[[[-7.705686999999999,13.038202599999998],[-7.70696815660922,13.0388371137931],[-7.7076378000000005,13.039256899999998],[-7.7087517405172665,13.040649936781609],[-7.7086915000000005,13.0414179],[-7.7082546761494495,13.041819499999999],[-7.707026634770139,13.042638194252877],[-7.7050818,13.043371400000002],[-7.704248922126457,13.042930585057476],[-7.704015009482778,13.04252123793104],[-7.7030400000000006,13.041824999999998],[-7.703254793390824,13.04108852298851],[-7.7042017,13.0400257],[-7.704745986494274,13.039129504597701],[-7.705686999999999,13.038202599999998]]]}},{"id":"41","type":"Feature","properties":{"id":"43","date_realisation":"2025-12-14","commune":"Koula","village":"Fassombougou","surface_ha":6.2995,"technologie":"Cordon pierreux","type_beneficiaire":"Terres collectives/communautaires pour le village"},"geometry":{"type":"Polygon","coordinates":[[[-7.795468913972688,13.06551549040951],[-7.7961925812140676,13.065515490409512],[-7.7974405,13.0658132],[-7.798582876041653,13.066151440409511],[-7.799218826041653,13.06656809730606],[-7.799153038110618,13.067050542133645],[-7.798867957076136,13.067269835237095],[-7.798385512248549,13.067247905926752],[-7.798078501903723,13.067379481788821],[-7.797617986386481,13.067664562823303],[-7.79715747086924,13.067598774892272],[-7.7962772,13.066857599999999],[-7.79588557086924,13.066655814547442],[-7.795118045007172,13.066151440409511],[-7.795030327765792,13.065690924892266],[-7.795468913972688,13.06551549040951]]]}},{"id":"42","type":"Feature","properties":{"id":"44","date_realisation":"2025-11-22","commune":"Koula","village":"Dioko Socoro","surface_ha":24.8357,"technologie":"Cordon pierreux Demi-lune + Cordon pierreux","type_beneficiaire":"Terres collectives/communautaires pour le village"},"geometry":{"type":"Polygon","coordinates":[[[-7.852320651041623,13.020609745150894],[-7.853460975179554,13.02025887618538],[-7.854250430351968,13.02085096756469],[-7.854842521731278,13.021004472737102],[-7.855412683800243,13.020675533081931],[-7.855785482076104,13.019842219288831],[-7.855741623455415,13.019162410668137],[-7.855785482076104,13.018460672737103],[-7.855741623455415,13.01802208653021],[-7.854601299317486,13.016530893426758],[-7.85407499586921,13.016267741702622],[-7.853702197593347,13.016223883081933],[-7.853241682076106,13.016092307219866],[-7.852759237248521,13.015566003771587],[-7.852934671731279,13.01503970032331],[-7.853285540696797,13.014601114116415],[-7.854184642420934,13.013680083081931],[-7.854469723455417,13.013241496875033],[-7.8547548044898985,13.013197638254345],[-7.8556539062140365,13.013570436530209],[-7.8558367,13.0147733],[-7.855731200000001,13.015319700000001],[-7.8562240682830025,13.016223883081931],[-7.8568083,13.016688299999998],[-7.857452109662312,13.017057196875038],[-7.857583685524382,13.017583500323306],[-7.857802978627831,13.018109803771587],[-7.85775912000714,13.018986976185381],[-7.857308300000001,13.0199683],[-7.856969664834726,13.02034659342676],[-7.856004775179553,13.021728139978483],[-7.855478471731279,13.022013221012964],[-7.855281107938175,13.022188655495725],[-7.8547109458692095,13.02221058480607],[-7.853680268283003,13.022100938254344],[-7.85280309586921,13.021640422737102],[-7.852320651041623,13.020609745150894]]]}},{"id":"43","type":"Feature","properties":{"id":"45","date_realisation":"2025-11-22","commune":"Koula","village":"Dioko Socoro","surface_ha":5.0139,"technologie":"Demi-lune","type_beneficiaire":"Terres collectives/communautaires pour le village"},"geometry":{"type":"Polygon","coordinates":[[[-7.8625779,13.0126402],[-7.8625383,13.012966699999998],[-7.8627296,13.013400799999998],[-7.863213737795528,13.013331572224823],[-7.863248761281673,13.01367292092409],[-7.8631505,13.0138754],[-7.862728103345406,13.014111907027218],[-7.862268699283994,13.014101698048075],[-7.86151777177852,13.013384638420945],[-7.8614474,13.013236599999999],[-7.8608136,13.013194800000003],[-7.8604245,13.0132744],[-7.8599588,13.012994499999998],[-7.860066799999999,13.012622799999999],[-7.859785375841374,13.01229355605603],[-7.859762394904514,13.012029275282147],[-7.859974090687593,13.01164758935898],[-7.860053350810066,13.01159539366857],[-7.860967054443319,13.011539244283286],[-7.861223951041625,13.011640657219866],[-7.861124,13.0124525],[-7.8615642797232566,13.012417216489418],[-7.862166911386453,13.012495900323316],[-7.8625779,13.0126402]]]}},{"id":"44","type":"Feature","properties":{"id":"46","date_realisation":"2025-11-19","commune":"Koula","village":"Mamaribougou","surface_ha":1.5744,"technologie":"Demi-lune","type_beneficiaire":"Terres collectives/communautaires pour le village"},"geometry":{"type":"Polygon","coordinates":[[[-7.799297200000001,13.024621600000001],[-7.8000373,13.0260591],[-7.7994939,13.026307199999998],[-7.798659628627854,13.025626074892276],[-7.7987071,13.0249445],[-7.799297200000001,13.024621600000001]]]}},{"id":"45","type":"Feature","properties":{"id":"47","date_realisation":"2025-11-20","commune":"Koula","village":"Mamaribougou","surface_ha":5.9284,"technologie":"Demi-lune","type_beneficiaire":"Terres collectives/communautaires pour le village"},"geometry":{"type":"Polygon","coordinates":[[[-7.7940915,13.0367418],[-7.794557645121449,13.03630622768296],[-7.795057885099431,13.03593870443383],[-7.795527498139985,13.03585703260069],[-7.7960654727849965,13.035846586491079],[-7.796883354489924,13.036503012823312],[-7.797138899999999,13.037258200000002],[-7.7960397,13.0373818],[-7.795786888972684,13.03799420592676],[-7.795414090696821,13.038235428340553],[-7.7945698,13.0382453],[-7.794142190696821,13.03779684213365],[-7.7940915,13.0367418]]]}},{"id":"46","type":"Feature","properties":{"id":"48","date_realisation":"2025-11-19","commune":"Koula","village":"Dioko Socoro","surface_ha":1.1261,"technologie":"Demi-lune","type_beneficiaire":"Terres collectives/communautaires pour le village"},"geometry":{"type":"Polygon","coordinates":[[[-7.8450789,13.011824399999997],[-7.845226519145082,13.01101567187503],[-7.845862469145082,13.01081830808193],[-7.846586136386461,13.011103389116414],[-7.846608065696806,13.01141039946124],[-7.845694599999999,13.011484599999996],[-7.84553352948991,13.011936702909514],[-7.8450789,13.011824399999997]]]}},{"id":"47","type":"Feature","properties":{"id":"49","date_realisation":"2025-11-19","commune":"Koula","village":"Dioko Socoro","surface_ha":0.887,"technologie":"Demi-lune","type_beneficiaire":"Terres collectives/communautaires pour le village"},"geometry":{"type":"Polygon","coordinates":[[[-7.846782,13.0089825],[-7.847156298455427,13.008888528771587],[-7.847353662248531,13.009129751185375],[-7.8480243,13.009226],[-7.848450127765771,13.00941483221986],[-7.848033470869219,13.00972184256469],[-7.8478141777657715,13.009677983943998],[-7.847244015696806,13.009392902909514],[-7.846893146731288,13.00950254946124],[-7.846498419145083,13.00932711497848],[-7.846782,13.0089825]]]}},{"id":"48","type":"Feature","properties":{"id":"50","date_realisation":"2025-12-14","commune":"Koula","village":"Fassombougou","surface_ha":7.2043,"technologie":"Demi-lune","type_beneficiaire":"Terres collectives/communautaires pour le village"},"geometry":{"type":"Polygon","coordinates":[[[-7.797367854956827,13.068231174149503],[-7.796926128282513,13.068760572376943],[-7.79520039178969,13.0698136352371],[-7.792548000000001,13.069385],[-7.792530386386479,13.068892604202619],[-7.792784999999999,13.068643299999998],[-7.79439437776579,13.068103149030202],[-7.794779900000001,13.068137399999998],[-7.795907500179581,13.067839997306063],[-7.797171699999999,13.067956699999996],[-7.797367854956827,13.068231174149503]]]}},{"id":"49","type":"Feature","properties":{"id":"51","date_realisation":"2025-12-13","commune":"Koula","village":"Nténénidié Koulibaly","surface_ha":2.526,"technologie":"Cordon pierreux Demi-lune + Demi-lune","type_beneficiaire":"Terres collectives/communautaires pour le village"},"geometry":{"type":"Polygon","coordinates":[[[-7.6858158,13.034775699999999],[-7.685886779597701,13.03519684827586],[-7.685857540517243,13.03550385862069],[-7.685784442816093,13.035679293103446],[-7.6853461,13.036283399999999],[-7.684432135344826,13.035723151724135],[-7.684315179022988,13.035481929310347],[-7.684022788218391,13.035152989655169],[-7.6840348,13.034842900000001],[-7.6843955864942535,13.03466323505747],[-7.684878031321839,13.034626686206893],[-7.6855998,13.034784999999996],[-7.685696725574713,13.034729022988502],[-7.6858158,13.034775699999999]]]}},{"id":"50","type":"Feature","properties":{"id":"52","date_realisation":"2025-12-18","commune":"Meguetan","village":"Tafalan","surface_ha":6.7035,"technologie":"Demi-lune","type_beneficiaire":"Terres collectives/communautaires pour le village"},"geometry":{"type":"Polygon","coordinates":[[[-7.3159564463555755,13.085665785452875],[-7.3160880222176425,13.085435527694258],[-7.3166526,13.085626899999998],[-7.316697800000001,13.086139],[-7.316285386010743,13.086586816487353],[-7.315791976527988,13.08684996821149],[-7.315364354976266,13.086915756142526],[-7.31510120325213,13.087146013901146],[-7.314838051527993,13.087146013901144],[-7.314640687734889,13.086981544073561],[-7.314410429976271,13.086915756142524],[-7.313719656700413,13.08721180183218],[-7.313456504976275,13.087672317349421],[-7.312798625665934,13.088067044935624],[-7.312338110148695,13.088461772521827],[-7.3120749584245575,13.088823606142515],[-7.311186821355598,13.089284121659755],[-7.310693411872841,13.089678849245956],[-7.310561836010773,13.0899420009701],[-7.3101013204935334,13.089942000970098],[-7.309626000000001,13.0895618],[-7.3101013204935334,13.089284121659755],[-7.310430260148705,13.089020969935618],[-7.310627623941808,13.088527560452858],[-7.311285503252148,13.088363090625275],[-7.3118118067004225,13.088165726832173],[-7.312206534286626,13.08786968114252],[-7.312403898079731,13.087343377694246],[-7.312436792045247,13.087113119935626],[-7.312930201528003,13.087014438039077],[-7.3132262472176555,13.087113119935626],[-7.3137854446314465,13.086849968211492],[-7.314542005838339,13.086586816487351],[-7.315857764459022,13.085665785452875],[-7.3159564463555755,13.085665785452875]]]}},{"id":"51","type":"Feature","properties":{"id":"53","date_realisation":"2025-12-18","commune":"Meguetan","village":"Tafalan","surface_ha":4.268,"technologie":"Demi-lune","type_beneficiaire":"Terres collectives/communautaires pour le village"},"geometry":{"type":"Polygon","coordinates":[[[-7.332578863596869,13.07440508459087],[-7.333026500000001,13.074415999999998],[-7.333477965321001,13.07414193286673],[-7.334486713596858,13.073944569073626],[-7.335144592907201,13.073747205280528],[-7.335670896355474,13.073878781142596],[-7.33635070497616,13.073856851832248],[-7.33705244290719,13.073637558728807],[-7.337337523941671,13.073626594073632],[-7.337447170493394,13.073900710452941],[-7.337425241183049,13.074076144935695],[-7.336591927389951,13.074536660452937],[-7.334075500000001,13.074688799999997],[-7.333675329114105,13.074821741487417],[-7.3331967,13.074825],[-7.332469217045145,13.074997175970173],[-7.33207448945894,13.074931388039142],[-7.331986772217562,13.074624377694315],[-7.332030630838251,13.074536660452937],[-7.332578863596869,13.07440508459087]]]}},{"id":"52","type":"Feature","properties":{"id":"54","date_realisation":"2025-12-18","commune":"Meguetan","village":"Tafalan","surface_ha":3.5791,"technologie":"Demi-lune","type_beneficiaire":"Terres collectives/communautaires pour le village"},"geometry":{"type":"Polygon","coordinates":[[[-7.339578400000001,13.075153299999998],[-7.340418592045109,13.07464630700466],[-7.34107647135545,13.074427013901214],[-7.341383481700275,13.074251579418455],[-7.34177820928648,13.074251579418455],[-7.342085219631306,13.07451473114259],[-7.341953643769238,13.074865600108108],[-7.342216795493373,13.075128751832239],[-7.342085219631306,13.075786631142586],[-7.341822067907169,13.076049782866718],[-7.3414802,13.075474],[-7.340725602389933,13.075655055280514],[-7.339980005838214,13.076005924246033],[-7.339716854114078,13.075918207004653],[-7.339578400000001,13.075153299999998]]]}},{"id":"53","type":"Feature","properties":{"id":"55","date_realisation":"2025-12-21","commune":"Doumba","village":"Doumba","surface_ha":4.2348,"technologie":"Cordon pierreux","type_beneficiaire":"Propriétaire individuel (appartenant à un ménage)"},"geometry":{"type":"Polygon","coordinates":[[[-7.6306997,13.105677900000002],[-7.631768900000001,13.1078785],[-7.630903100000002,13.1088814],[-7.629643400000001,13.106629799999997],[-7.629890285632132,13.105885980172506],[-7.6306997,13.105677900000002]]]}},{"id":"54","type":"Feature","properties":{"id":"56","date_realisation":"2025-12-20","commune":"Koula","village":"Wolokorodji","surface_ha":2.4028,"technologie":"Cordon pierreux","type_beneficiaire":"Terres collectives/communautaires pour le village"},"geometry":{"type":"Polygon","coordinates":[[[-7.4496845,13.1369364],[-7.450871045923541,13.137234271955855],[-7.4516668,13.1373107],[-7.451875500000002,13.138213099999996],[-7.451426131591641,13.138319772817916],[-7.450820000000001,13.1383325],[-7.449724500000001,13.137667099999996],[-7.4496845,13.1369364]]]}},{"id":"55","type":"Feature","properties":{"id":"57","date_realisation":"2025-12-20","commune":"Koula","village":"Monzona","surface_ha":3.7939,"technologie":"Cordon pierreux Demi-lune Zaï + Zaï + Demi-lune + Cordon pierreux","type_beneficiaire":"Terres collectives/communautaires pour le village"},"geometry":{"type":"Polygon","coordinates":[[[-7.448991599999999,13.1836854],[-7.4497139,13.183784099999999],[-7.449797880298552,13.184453559455728],[-7.449662,13.1849951],[-7.448860402281313,13.185169003205726],[-7.4474781,13.184998099999998],[-7.4471581395658015,13.184034161395383],[-7.447774901419248,13.183812127128142],[-7.448991599999999,13.1836854]]]}},{"id":"56","type":"Feature","properties":{"id":"58","date_realisation":"2025-12-20","commune":"Koula","village":"Monzona","surface_ha":2.1337,"technologie":"Cordon pierreux","type_beneficiaire":"Terres collectives/communautaires pour le village"},"geometry":{"type":"Polygon","coordinates":[[[-7.4533323000000005,13.165720099999998],[-7.453375099048531,13.1655189705549],[-7.454004196139046,13.165210589628177],[-7.454361918014046,13.165370947710073],[-7.454312577065768,13.166074056223001],[-7.4543768,13.167412499999998],[-7.4543372475399075,13.167566619908342],[-7.4540658723243896,13.167763983701445],[-7.4537204856864605,13.167159557085068],[-7.45360946855284,13.166592136179895],[-7.453399769522669,13.166061720985931],[-7.4533323000000005,13.165720099999998]]]}},{"id":"57","type":"Feature","properties":{"id":"59","date_realisation":"2025-12-20","commune":"Koula","village":"Monzona","surface_ha":7.1385,"technologie":"Cordon pierreux","type_beneficiaire":"Terres collectives/communautaires pour le village"},"geometry":{"type":"Polygon","coordinates":[[[-7.450439312626124,13.165346277235933],[-7.4512040973244,13.165370947710073],[-7.4513521201692265,13.165506635317834],[-7.4514809,13.165898300000002],[-7.451142421139055,13.166370101912655],[-7.450636676419228,13.166764829498863],[-7.45005692027699,13.167455602774721],[-7.449308500000001,13.168490800000004],[-7.448761720384751,13.168282063658339],[-7.4485396861175115,13.167924341783342],[-7.448268310901994,13.16715955708507],[-7.4479857,13.166777100000001],[-7.448243640427857,13.166357766675587],[-7.449353811764059,13.165642322925592],[-7.450439312626124,13.165346277235933]]]}},{"id":"58","type":"Feature","properties":{"id":"60","date_realisation":"2025-12-22","commune":"Meguetan","village":"Dladiè","surface_ha":4.0612,"technologie":"Cordon pierreux Demi-lune + Demi-lune + Cordon pierreux","type_beneficiaire":"Terres collectives/communautaires pour le village"},"geometry":{"type":"Polygon","coordinates":[[[-7.594235839447598,12.969743518555237],[-7.594775319334284,12.969631126912178],[-7.5954871330736635,12.969698561898014],[-7.59602661296035,12.969548706373935],[-7.596146497379613,12.970335447875351],[-7.596243903470265,12.970537752832861],[-7.596004134631738,12.970740057790366],[-7.595771858569414,12.971152160481587],[-7.595748300000001,12.9714813],[-7.59521739313032,12.971766568130311],[-7.594700391572245,12.971496828186968],[-7.594453129957514,12.971616712606235],[-7.594273303328618,12.971114696600567],[-7.594175897237967,12.970208070679883],[-7.59418339001417,12.969848417422092],[-7.594235839447598,12.969743518555237]]]}},{"id":"59","type":"Feature","properties":{"id":"61","date_realisation":"2025-12-22","commune":"Meguetan","village":"Dladiè","surface_ha":2.3188,"technologie":"Demi-lune","type_beneficiaire":"Terres collectives/communautaires pour le village"},"geometry":{"type":"Polygon","coordinates":[[[-7.59742401572239,12.970346687039662],[-7.597858596742223,12.970354179815864],[-7.598090872804546,12.97047781062323],[-7.598083380028341,12.970837463881018],[-7.5977462050991615,12.970927377195466],[-7.5975025,12.9709067],[-7.597304131303128,12.970818731940511],[-7.596768397804543,12.971032276062324],[-7.596689723654401,12.970972333852695],[-7.596652259773382,12.970721325849857],[-7.596494911473098,12.970481557011333],[-7.596363787889528,12.96987838852691],[-7.596161482932021,12.969380118909344],[-7.596528628966016,12.969252741713875],[-7.596985688314456,12.96920029228045],[-7.597187993271966,12.969230263385263],[-7.59742401572239,12.970346687039662]]]}},{"id":"60","type":"Feature","properties":{"id":"62","date_realisation":"2025-12-22","commune":"Koula","village":"Sirablé","surface_ha":7.1986,"technologie":"Demi-lune Zaï + Zaï + Demi-lune","type_beneficiaire":"Propriétaire individuel (appartenant à un ménage)"},"geometry":{"type":"Polygon","coordinates":[[[-7.537909163972741,13.08475846023709],[-7.538852124317566,13.084736530926744],[-7.5397435999999995,13.0855247],[-7.539857799999999,13.086063400000002],[-7.5389934,13.086926899999998],[-7.537223600000001,13.0872204],[-7.5367249812141175,13.086315441271573],[-7.536450400000001,13.085377499999998],[-7.537909163972741,13.08475846023709]]]}},{"id":"61","type":"Feature","properties":{"id":"63","date_realisation":"2025-12-22","commune":"Koula","village":"Sirablé","surface_ha":4.7058,"technologie":"Zaï","type_beneficiaire":"Propriétaire individuel (appartenant à un ménage)"},"geometry":{"type":"Polygon","coordinates":[[[-7.5215166,13.0796812],[-7.522734081214121,13.07946253178881],[-7.523523536386536,13.079440602478464],[-7.5239858,13.0794928],[-7.524663860524467,13.079462531788812],[-7.524922799999998,13.0795559],[-7.524976900000001,13.0797689],[-7.524773507076191,13.080032693857776],[-7.523326172593434,13.08069057316812],[-7.521702900000001,13.0811424],[-7.521330605352053,13.079944976616396],[-7.5215166,13.0796812]]]}},{"id":"62","type":"Feature","properties":{"id":"64","date_realisation":"2025-12-22","commune":"Koula","village":"Sirablé","surface_ha":4.4521,"technologie":"RNA","type_beneficiaire":"Groupement/association"},"geometry":{"type":"Polygon","coordinates":[[[-7.5202276,13.083534200000003],[-7.520212210524467,13.08450627316812],[-7.5199675,13.085569699999999],[-7.518398400000001,13.085979199999999],[-7.51795349155895,13.085471162823296],[-7.5182397,13.0849973],[-7.518457865696882,13.084045757650879],[-7.5202276,13.083534200000003]]]}},{"id":"63","type":"Feature","properties":{"id":"65","date_realisation":"2025-12-22","commune":"Koula","village":"Sirablé","surface_ha":2.1918,"technologie":"Cordon pierreux","type_beneficiaire":"Terres collectives/communautaires pour le village"},"geometry":{"type":"Polygon","coordinates":[[[-7.5300372,13.084512899999998],[-7.531264582938258,13.084561096443988],[-7.531319400000001,13.0847088],[-7.531353200000002,13.085656000000002],[-7.529094400000001,13.085416799999999],[-7.5300372,13.084512899999998]]]}},{"id":"64","type":"Feature","properties":{"id":"66","date_realisation":"2025-12-22","commune":"Koula","village":"Sirablé","surface_ha":5.7215,"technologie":"Cordon pierreux","type_beneficiaire":"Propriétaire individuel (appartenant à un ménage)"},"geometry":{"type":"Polygon","coordinates":[[[-7.532308,13.022364400000003],[-7.532589935632025,13.023300197413793],[-7.532454699999999,13.023840699999997],[-7.532019773563059,13.023958076724139],[-7.530814199999999,13.0238726],[-7.5303312166665055,13.023146692241376],[-7.529651408045814,13.022357237068963],[-7.5291982,13.021621100000003],[-7.529497902873402,13.021458135344824],[-7.5306162977009885,13.021787074999999],[-7.532308,13.022364400000003]]]}},{"id":"65","type":"Feature","properties":{"id":"67","date_realisation":"2025-12-23","commune":"Doumba","village":"Dibaro","surface_ha":3.9051,"technologie":"Cordon pierreux","type_beneficiaire":"Propriétaire individuel (appartenant à un ménage)"},"geometry":{"type":"Polygon","coordinates":[[[-7.614737132183839,13.065196144827631],[-7.6145412,13.0649763],[-7.614376204515301,13.064895194349194],[-7.613072783642419,13.06432567907661],[-7.6126022,13.0640293],[-7.612171402873491,13.063858456896595],[-7.6121449622060515,13.063568877970981],[-7.6122813235454565,13.06343969354418],[-7.6131650447793335,13.063411032036615],[-7.613739348563148,13.063463729310387],[-7.613781298278909,13.063371512874479],[-7.6144739804596995,13.063474693965558],[-7.614901602011425,13.063595305172452],[-7.61501124856315,13.063726881034523],[-7.6150097,13.064053299999998],[-7.6152337,13.0653563],[-7.614737132183839,13.065196144827631]]]}},{"id":"66","type":"Feature","properties":{"id":"68","date_realisation":"2025/06/18","commune":"Koula","village":"Sirablé","surface_ha":9.26,"technologie":"Cordon pierreux","type_beneficiaire":"Propriétaire individuel (appartenant à un ménage)"},"geometry":{"type":"Polygon","coordinates":[[[-7.538325420657733,13.031364978705207],[-7.538793999652783,13.031673814861033],[-7.539507517667973,13.0318655062681],[-7.539560765281048,13.032280837650077],[-7.539326475783522,13.032376683353608],[-7.539326475783522,13.032717468077282],[-7.539614012894121,13.032823963303429],[-7.539560765281048,13.033271243253251],[-7.5392478,13.033736299999996],[-7.537707748346074,13.033633327022155],[-7.536685394175055,13.033462934660317],[-7.5356305,13.0333495],[-7.53545004955174,13.032951757574807],[-7.535620441913576,13.032227590037001],[-7.535790834275413,13.032259538604846],[-7.536131618999087,13.032014599584707],[-7.5360244,13.031706799999998],[-7.536994230330883,13.031428875840893],[-7.537707748346074,13.031301081569513],[-7.538325420657733,13.031364978705207]]]}},{"id":"67","type":"Feature","properties":{"id":"69","date_realisation":"2025/06/23","commune":"Koula","village":"Niamakorobougou","surface_ha":36.9993,"technologie":"Cordon pierreux","type_beneficiaire":"Propriétaire individuel (appartenant à un ménage)"},"geometry":{"type":"Polygon","coordinates":[[[-7.485287037313219,13.13456596342403],[-7.484196792017346,13.13337350763167],[-7.484346500000001,13.130595600000001],[-7.490233300000001,13.128511100000004],[-7.492473000000001,13.132471099999998],[-7.485287037313219,13.13456596342403]]]}},{"id":"68","type":"Feature","properties":{"id":"70","date_realisation":"2025-06-24","commune":"Koula","village":"Sokindiarababougou","surface_ha":4.9279,"technologie":"Cordon pierreux Demi-lune + Demi-lune + Cordon pierreux","type_beneficiaire":"Terres collectives/communautaires pour le village"},"geometry":{"type":"Polygon","coordinates":[[[-7.7237584655148375,13.112890732334101],[-7.723257105092399,13.112720779648528],[-7.722998200000001,13.111828099999997],[-7.723271065086493,13.111327721190209],[-7.723892080939869,13.111116575800063],[-7.72587406826684,13.111467942148362],[-7.725461500000001,13.1129294],[-7.7237584655148375,13.112890732334101]]]}},{"id":"69","type":"Feature","properties":{"id":"71","date_realisation":"2025/06/24","commune":"Koula","village":"Kafola","surface_ha":9.7954,"technologie":"Cordon pierreux","type_beneficiaire":"Terres collectives/communautaires pour le village"},"geometry":{"type":"Polygon","coordinates":[[[-7.728962686072243,13.10044687949038],[-7.729317550599279,13.099885010655907],[-7.729678241774451,13.100273447306089],[-7.730445767636521,13.100273447306092],[-7.730774707291693,13.100580457650917],[-7.730599272808933,13.101786569719883],[-7.731638499999999,13.1018248],[-7.732134324533071,13.102115509375055],[-7.732046607291691,13.103475126616438],[-7.732097100000001,13.104677399999998],[-7.73103785901583,13.104703167995748],[-7.729941393498589,13.104527733512988],[-7.72985367625721,13.101742711099195],[-7.729546665912382,13.101413771444022],[-7.729371231429626,13.100668174892297],[-7.728962686072243,13.10044687949038]]]}},{"id":"70","type":"Feature","properties":{"id":"72","date_realisation":"2025-07-23","commune":"Koula","village":"Bouana","surface_ha":3.6728,"technologie":"Cordon pierreux","type_beneficiaire":"Terres collectives/communautaires pour le village"},"geometry":{"type":"Polygon","coordinates":[[[-7.7229987923208245,13.084357003236304],[-7.7229987923208245,13.084825582231353],[-7.722913596139908,13.08512376886457],[-7.722700605687611,13.085336759316862],[-7.722445017144857,13.085187666000257],[-7.722253325737791,13.084846881276583],[-7.721976438149807,13.084974675547958],[-7.7218486438784275,13.085656244995304],[-7.721167074431082,13.085613646904847],[-7.720975383024015,13.085208965045487],[-7.720826289707408,13.084697787959973],[-7.720954083978786,13.084229208964928],[-7.721529158199985,13.08381387758295],[-7.7220190362402645,13.083505041427118],[-7.722402419054397,13.083718031879416],[-7.72274320377807,13.083984269944787],[-7.7229987923208245,13.084357003236304]]]}},{"id":"71","type":"Feature","properties":{"id":"73","date_realisation":"2025-07-23","commune":"Koula","village":"Bouana","surface_ha":3.4841,"technologie":"Cordon pierreux","type_beneficiaire":"Propriétaire individuel (appartenant à un ménage)"},"geometry":{"type":"Polygon","coordinates":[[[-7.7278082,13.0855745],[-7.727948455547336,13.085960275946741],[-7.727948455547336,13.08642676485207],[-7.728172370221893,13.08663201997041],[-7.728302987115386,13.087023870650885],[-7.7281816999999995,13.0874717],[-7.727444647529588,13.087453040443782],[-7.727425987973373,13.087191806656802],[-7.727258051967459,13.086893253757392],[-7.7267729035059185,13.08707984931952],[-7.7266049675,13.08681861553254],[-7.7263245000000005,13.086957599999998],[-7.72628775504438,13.086594700857985],[-7.7263810528254435,13.086370786183432],[-7.7263810528254435,13.086072233284021],[-7.726231776375739,13.085810999497038],[-7.726269095488166,13.08564306349112],[-7.726493010162722,13.085456467928994],[-7.727202073298816,13.085363170147927],[-7.727425987973373,13.085587084822482],[-7.7278082,13.0855745]]]}},{"id":"72","type":"Feature","properties":{"id":"74","date_realisation":"2025-07-23","commune":"Koula","village":"Siramansoni","surface_ha":3.1603,"technologie":"Cordon pierreux","type_beneficiaire":"Propriétaire individuel (appartenant à un ménage)"},"geometry":{"type":"Polygon","coordinates":[[[-7.708250800000001,13.099439199999999],[-7.708448799999999,13.0976754],[-7.7101629,13.097946599999998],[-7.710101900000001,13.0991403],[-7.708250800000001,13.099439199999999]]]}},{"id":"73","type":"Feature","properties":{"id":"75","date_realisation":"2025-07-23","commune":"Koula","village":"Siramansoni","surface_ha":4.2782,"technologie":"Cordon pierreux","type_beneficiaire":"Propriétaire individuel (appartenant à un ménage)"},"geometry":{"type":"Polygon","coordinates":[[[-7.710714074075918,13.098043015369427],[-7.708448799999999,13.0976754],[-7.708425000153404,13.096352068817634],[-7.711005308620708,13.096458922413786],[-7.710714074075918,13.098043015369427]]]}},{"id":"74","type":"Feature","properties":{"id":"76","date_realisation":"2025-07-23","commune":"Koula","village":"Siramansoni","surface_ha":5.7002,"technologie":"Cordon pierreux","type_beneficiaire":"Terres collectives/communautaires pour le village"},"geometry":{"type":"Polygon","coordinates":[[[-7.707241487549633,13.09375118929972],[-7.707316813859304,13.093537764755652],[-7.707439321609014,13.093456092922512],[-7.707806844858143,13.093354003131086],[-7.708480637481548,13.093496928839082],[-7.709547936917935,13.093889682983022],[-7.7098034,13.094236499999997],[-7.710124941101763,13.094912965369303],[-7.7103559,13.096121299999998],[-7.710295834636255,13.096280113645218],[-7.710196896274182,13.096343074421084],[-7.7094835999999995,13.096258299999999],[-7.708811759205155,13.09556056192105],[-7.708344050584446,13.094841010196884],[-7.707390644549923,13.094049503300297],[-7.707241487549633,13.09375118929972]]]}},{"id":"75","type":"Feature","properties":{"id":"77","date_realisation":"2025-06-25","commune":"Koula","village":"Kabana 1","surface_ha":1.5568,"technologie":"Cordon pierreux","type_beneficiaire":"Groupement/association"},"geometry":{"type":"Polygon","coordinates":[[[-7.621882760424739,13.163466761579853],[-7.622826700000002,13.162326099999998],[-7.623593173934875,13.162772632601952],[-7.6227825000000005,13.163861800000001],[-7.621882760424739,13.163466761579853]]]}},{"id":"76","type":"Feature","properties":{"id":"78","date_realisation":"2025-06-17","commune":"Koula","village":"Tamani Bassala","surface_ha":2.2658,"technologie":"RNA Zaï + RNA + Zaï","type_beneficiaire":"Propriétaire individuel (appartenant à un ménage)"},"geometry":{"type":"Polygon","coordinates":[[[-7.838243900000001,13.111955299999996],[-7.838200003206173,13.113515396155647],[-7.8380881832187175,13.113568643768717],[-7.83796038894734,13.113435524736035],[-7.837731424211122,13.113440849497344],[-7.837598305178438,13.113345003793809],[-7.837545057565362,13.112908373366603],[-7.837795321346811,13.112801878140456],[-7.837624928984974,13.112509016268548],[-7.8371669995125375,13.112493041984626],[-7.837017906195931,13.11266875910777],[-7.836868812879324,13.112631485778614],[-7.836874137640631,13.112493041984624],[-7.836703745278793,13.112375897235864],[-7.83662919862049,13.112120308693108],[-7.8366549,13.111783199999996],[-7.83677296717579,13.11176887444682],[-7.837172324273845,13.111854070627738],[-7.837241546170842,13.111832771582508],[-7.837374665203527,13.111635755414138],[-7.838045585128258,13.11154523447191],[-7.838243900000001,13.111955299999996]]]}},{"id":"77","type":"Feature","properties":{"id":"79","date_realisation":"2025-07-03","commune":"Koula","village":"Tamani Bassala","surface_ha":1.1616,"technologie":"RNA","type_beneficiaire":"Propriétaire individuel (appartenant à un ménage)"},"geometry":{"type":"Polygon","coordinates":[[[-7.829670700000001,13.1153874],[-7.829175000000001,13.1155883],[-7.828213899999999,13.114567900000003],[-7.829047048415352,13.114186925340157],[-7.829670700000001,13.1153874]]]}},{"id":"78","type":"Feature","properties":{"id":"80","date_realisation":"2025-07-05","commune":"Koula","village":"Wolokorodji","surface_ha":7.1288,"technologie":"Cordon pierreux","type_beneficiaire":"Propriétaire individuel (appartenant à un ménage)"},"geometry":{"type":"Polygon","coordinates":[[[-7.467836230470464,13.165091034179044],[-7.468336758033358,13.164995188475512],[-7.468646800000001,13.165046999999998],[-7.468496500872582,13.165527664606254],[-7.4683016,13.1656374],[-7.468059870445374,13.165698056968084],[-7.467836230470464,13.165506365561015],[-7.467655188586013,13.16521882845042],[-7.467442198133716,13.165080384656429],[-7.466792577254215,13.165165580837348],[-7.466462442053157,13.165421169380101],[-7.466238802078246,13.165485066515792],[-7.466132306852098,13.165453117947946],[-7.466079059239025,13.16530402463134],[-7.4654187888369075,13.165272076063493],[-7.465269695520301,13.164931291339824],[-7.465035406022776,13.164899342771974],[-7.464950209841859,13.164984538952893],[-7.464481630846808,13.165218828450422],[-7.464055649942215,13.165101683701657],[-7.463832009967305,13.16533597319918],[-7.4637473,13.165237900000001],[-7.463853309012534,13.164952590385054],[-7.464162145168363,13.164718300887525],[-7.464609425118184,13.164484011390003],[-7.4647798174800215,13.1641964742794],[-7.464641373686031,13.163887638123574],[-7.4646946212991026,13.16352555435467],[-7.464833065093095,13.163333862947603],[-7.464662672731259,13.16309957345008],[-7.464439032756347,13.162918531565628],[-7.46437513562066,13.16254579827411],[-7.464718099999999,13.1623995],[-7.465259045997687,13.16276943824902],[-7.465503985017827,13.16315282106315],[-7.466249451600861,13.16341905912852],[-7.467016217229125,13.164271020937706],[-7.46731440386234,13.16443076377693],[-7.4675380438372505,13.164909992294591],[-7.467836230470464,13.165091034179044]]]}},{"id":"79","type":"Feature","properties":{"id":"81","date_realisation":"2025-07-06","commune":"Koula","village":"Noumoubougou","surface_ha":6.3023,"technologie":"Cordon pierreux","type_beneficiaire":"Propriétaire individuel (appartenant à un ménage)"},"geometry":{"type":"Polygon","coordinates":[[[-7.5517379402146965,13.086501360499476],[-7.5539699,13.0902421],[-7.552063200000001,13.0906228],[-7.551340800000001,13.087044599999999],[-7.551253716907459,13.086786928090923],[-7.551086101147261,13.086532400455068],[-7.551135765076209,13.086222000899147],[-7.551371668738709,13.086178544961317],[-7.551545492490026,13.086296496792567],[-7.5517379402146965,13.086501360499476]]]}},{"id":"80","type":"Feature","properties":{"id":"82","date_realisation":"2025-07-09","commune":"Koula","village":"Wolongotoba Sokoro","surface_ha":1.5188,"technologie":"Cordon pierreux","type_beneficiaire":"Terres collectives/communautaires pour le village"},"geometry":{"type":"Polygon","coordinates":[[[-7.688153811262228,13.146045452711059],[-7.6872122535338345,13.145982350076702],[-7.687234400000001,13.144707499999997],[-7.6882752,13.144771099999998],[-7.688153811262228,13.146045452711059]]]}},{"id":"81","type":"Feature","properties":{"id":"83","date_realisation":"2025-07-15","commune":"Koula","village":"Monzona","surface_ha":1.1329,"technologie":"Cordon pierreux","type_beneficiaire":"Terres collectives/communautaires pour le village"},"geometry":{"type":"Polygon","coordinates":[[[-7.444385394112183,13.17596326271383],[-7.44270265719606,13.177747849495926],[-7.4424248,13.1775821],[-7.443977200000001,13.175731899999999],[-7.444385394112183,13.17596326271383]]]}},{"id":"82","type":"Feature","properties":{"id":"84","date_realisation":"2025-07-23","commune":"Koula","village":"Tombougou","surface_ha":2.0933,"technologie":"Cordon pierreux","type_beneficiaire":"Propriétaire individuel (appartenant à un ménage)"},"geometry":{"type":"Polygon","coordinates":[[[-7.769875000000002,13.087873299999998],[-7.7686954,13.0887505],[-7.767834171900068,13.087831611923239],[-7.769122794117413,13.087061095545854],[-7.769875000000002,13.087873299999998]]]}},{"id":"83","type":"Feature","properties":{"id":"85","date_realisation":"2025-07-23","commune":"Koula","village":"Tombougou","surface_ha":1.8612,"technologie":"Cordon pierreux","type_beneficiaire":"Propriétaire individuel (appartenant à un ménage)"},"geometry":{"type":"Polygon","coordinates":[[[-7.769875000000002,13.087873299999998],[-7.769989625041973,13.087929587066053],[-7.770554227559882,13.088484226010118],[-7.769265605342534,13.08945401386441],[-7.768471840626177,13.088919302068037],[-7.769875000000002,13.087873299999998]]]}},{"id":"84","type":"Feature","properties":{"id":"86","date_realisation":"2025-07-24","commune":"Koula","village":"Kafola","surface_ha":2.1424,"technologie":"Cordon pierreux","type_beneficiaire":"Propriétaire individuel (appartenant à un ménage)"},"geometry":{"type":"Polygon","coordinates":[[[-7.7226229,13.0989484],[-7.723162307075958,13.099028061467656],[-7.724032591890598,13.099014672470508],[-7.724260204842119,13.09910839545055],[-7.724380705816455,13.099282452413478],[-7.724166481862081,13.099657344333627],[-7.724166481862081,13.09997868026519],[-7.723963299999999,13.100120999999998],[-7.723349753036033,13.100099181239521],[-7.723041806101623,13.100072403245226],[-7.7224052,13.09985],[-7.722525200000001,13.099586699999998],[-7.7226229,13.0989484]]]}},{"id":"85","type":"Feature","properties":{"id":"87","date_realisation":"2025-08-05","commune":"Koula","village":"Wolokorodji","surface_ha":3.1025,"technologie":"Cordon pierreux","type_beneficiaire":"Propriétaire individuel (appartenant à un ménage)"},"geometry":{"type":"Polygon","coordinates":[[[-7.464549599999999,13.162202899999999],[-7.4637264,13.1624551],[-7.463034900000001,13.162554299999998],[-7.462894851977202,13.161608640284012],[-7.4622418,13.159020199999999],[-7.4625136,13.158937599999996],[-7.463746813786384,13.161629939329245],[-7.464257990871894,13.161906826917225],[-7.464549599999999,13.162202899999999]]]}},{"id":"86","type":"Feature","properties":{"id":"88","date_realisation":"2025-08-06","commune":"Koula","village":"Tièssembougou","surface_ha":21.8065,"technologie":"Cordon pierreux","type_beneficiaire":"Propriétaire individuel (appartenant à un ménage)"},"geometry":{"type":"Polygon","coordinates":[[[-7.5674132,13.051282399999998],[-7.5688196,13.0510178],[-7.571133969032243,13.054786713751184],[-7.5710442,13.058333200000002],[-7.5701109,13.058460199999999],[-7.5678862,13.056204],[-7.5674132,13.051282399999998]]]}},{"id":"87","type":"Feature","properties":{"id":"89","date_realisation":"2025-08-07","commune":"Koula","village":"Niamakorobougou","surface_ha":13.2979,"technologie":"Cordon pierreux","type_beneficiaire":"Propriétaire individuel (appartenant à un ménage)"},"geometry":{"type":"Polygon","coordinates":[[[-7.4708847,13.119585999999998],[-7.470434813296527,13.124155716084369],[-7.4701733,13.1245304],[-7.4677545,13.121621300000001],[-7.4667047,13.1204734],[-7.468306800000001,13.1198019],[-7.4708847,13.119585999999998]]]}},{"id":"88","type":"Feature","properties":{"id":"90","date_realisation":"2025-08-07","commune":"Koula","village":"Niamakorobougou","surface_ha":11.2273,"technologie":"Cordon pierreux","type_beneficiaire":"Propriétaire individuel (appartenant à un ménage)"},"geometry":{"type":"Polygon","coordinates":[[[-7.4725480000000015,13.132948599999997],[-7.4749973,13.136164299999999],[-7.472196899999999,13.137172699999999],[-7.470900273318097,13.134228878072953],[-7.4708677,13.1338089],[-7.4725480000000015,13.132948599999997]]]}},{"id":"89","type":"Feature","properties":{"id":"91","date_realisation":"2025-08-09","commune":"Koula","village":"Noumoubougou","surface_ha":4.1747,"technologie":"Cordon pierreux","type_beneficiaire":"Propriétaire individuel (appartenant à un ménage)"},"geometry":{"type":"Polygon","coordinates":[[[-7.5565768,13.0965468],[-7.556952,13.097732299999997],[-7.5574957,13.097693199999997],[-7.557712300000002,13.098641699999998],[-7.5569596,13.099002700000002],[-7.556080100000001,13.098857099999998],[-7.5557369,13.0985143],[-7.555108699999999,13.0976094],[-7.555592500000001,13.097440900000002],[-7.555912800000001,13.096934499999998],[-7.5565768,13.0965468]]]}},{"id":"90","type":"Feature","properties":{"id":"92","date_realisation":"2025-08-09","commune":"Koula","village":"Noumoubougou","surface_ha":11.1786,"technologie":"RNA Demi-lune + RNA + Demi-lune","type_beneficiaire":"Propriétaire individuel (appartenant à un ménage)"},"geometry":{"type":"Polygon","coordinates":[[[-7.55079577318172,13.084736529825669],[-7.5471900084556856,13.08534495840598],[-7.546652327384702,13.083024440099628],[-7.550380721126926,13.082166036986317],[-7.55079577318172,13.084736529825669]]]}},{"id":"91","type":"Feature","properties":{"id":"94","date_realisation":"2025-08-13","commune":"Koula","village":"Koula-Marka","surface_ha":19.9668,"technologie":"Cordon pierreux RNA + RNA + Cordon pierreux + Reboisement","type_beneficiaire":"Terres collectives/communautaires pour le village"},"geometry":{"type":"Polygon","coordinates":[[[-7.6365658,13.1059488],[-7.6379918,13.1072371],[-7.6377944,13.1082254],[-7.635268500000001,13.111336099999999],[-7.632615,13.108585],[-7.634220400000001,13.106724599999998],[-7.635626480087764,13.10581792458473],[-7.6365658,13.1059488]]]}},{"id":"92","type":"Feature","properties":{"id":"95","date_realisation":"2025-09-07","commune":"Koula","village":"Sirablé","surface_ha":7.8691,"technologie":"Cordon pierreux","type_beneficiaire":"Propriétaire individuel (appartenant à un ménage)"},"geometry":{"type":"Polygon","coordinates":[[[-7.494980900000002,13.0594837],[-7.493797,13.0591145],[-7.4922603,13.059376699999998],[-7.4921024,13.057278800000002],[-7.492897400000001,13.0566832],[-7.4939901,13.056782699999998],[-7.4952225,13.0581407],[-7.494980900000002,13.0594837]]]}},{"id":"93","type":"Feature","properties":{"id":"96","date_realisation":"2025-09-07","commune":"Koula","village":"Sirablé","surface_ha":3.8003,"technologie":"RNA Zaï + Zaï + Reboisement","type_beneficiaire":"Terres collectives/communautaires pour le village"},"geometry":{"type":"Polygon","coordinates":[[[-7.5209987,13.073079899999998],[-7.521160500000001,13.0737166],[-7.522113600000001,13.073811299999997],[-7.5211423,13.075017499999998],[-7.5198992,13.075070899999998],[-7.5195588,13.073454599999998],[-7.5209987,13.073079899999998]]]}},{"id":"94","type":"Feature","properties":{"id":"97","date_realisation":"2025-09-07","commune":"Koula","village":"Sirablé","surface_ha":5.4668,"technologie":"RNA","type_beneficiaire":"Propriétaire individuel (appartenant à un ménage)"},"geometry":{"type":"Polygon","coordinates":[[[-7.519531400000001,13.0704987],[-7.519503,13.072251],[-7.5169166,13.072350300000002],[-7.5168029,13.070677999999997],[-7.519531400000001,13.0704987]]]}},{"id":"95","type":"Feature","properties":{"id":"98","date_realisation":"2025-09-07","commune":"Koula","village":"Sirablé","surface_ha":11.5976,"technologie":"RNA","type_beneficiaire":"Propriétaire individuel (appartenant à un ménage)"},"geometry":{"type":"Polygon","coordinates":[[[-7.5360168,13.0758902],[-7.5367025000000005,13.080289099999998],[-7.5351233,13.080445499999998],[-7.5340643,13.078846799999999],[-7.5334607,13.077053],[-7.5341715,13.0769011],[-7.5340793999999995,13.076313599999999],[-7.5360168,13.0758902]]]}},{"id":"96","type":"Feature","properties":{"id":"99","date_realisation":"2025-09-10","commune":"Koula","village":"Tièssembougou","surface_ha":2.828,"technologie":"Cordon pierreux RNA Demi-lune + RNA + Demi-lune + Cordon pierreux + Reboisement","type_beneficiaire":"Terres collectives/communautaires pour le village"},"geometry":{"type":"Polygon","coordinates":[[[-7.569660035857296,13.074712066081041],[-7.568939299999999,13.0763721],[-7.567291699194408,13.07432241686144],[-7.567334317077802,13.074151945327865],[-7.569660035857296,13.074712066081041]]]}},{"id":"97","type":"Feature","properties":{"id":"100","date_realisation":"2025-09-13","commune":"Koula","village":"Monzona","surface_ha":0.6245,"technologie":"RNA Zaï + Zaï + Reboisement","type_beneficiaire":"Terres collectives/communautaires pour le village"},"geometry":{"type":"Polygon","coordinates":[[[-7.428403300000001,13.1759631],[-7.428544816783209,13.175916273916974],[-7.4287412,13.1760064],[-7.428933524358648,13.176656415738707],[-7.428794400000001,13.1769168],[-7.4282864,13.176928999999998],[-7.428315852046992,13.176198486266268],[-7.428403300000001,13.1759631]]]}},{"id":"98","type":"Feature","properties":{"id":"101","date_realisation":"2025-09-13","commune":"Koula","village":"Monzona","surface_ha":1.3746,"technologie":"Cordon pierreux Demi-lune + Demi-lune + Cordon pierreux","type_beneficiaire":"Terres collectives/communautaires pour le village"},"geometry":{"type":"Polygon","coordinates":[[[-7.445485700000001,13.1711272],[-7.445578728205557,13.171310355386082],[-7.44514209777835,13.171693738200213],[-7.444801313054677,13.171789583903744],[-7.444268836923938,13.172055821969115],[-7.4440411,13.172002599999999],[-7.44377895888366,13.171725686768058],[-7.4437964,13.171501000000001],[-7.444322084537013,13.171182561114701],[-7.4446735187833,13.171044117320713],[-7.4453124901401875,13.171001519230252],[-7.445485700000001,13.1711272]]]}},{"id":"99","type":"Feature","properties":{"id":"102","date_realisation":"2025-09-18","commune":"Meguetan","village":"Tafalan","surface_ha":2.2578,"technologie":"Demi-lune","type_beneficiaire":"Terres collectives/communautaires pour le village"},"geometry":{"type":"Polygon","coordinates":[[[-7.361090740541164,13.091678550034036],[-7.361348100000001,13.091605200000002],[-7.361506071923141,13.091422961491284],[-7.3617723099885115,13.09139101292344],[-7.361942702350348,13.091572054807887],[-7.361985300440806,13.092168428074318],[-7.361665814762364,13.092541161365835],[-7.361399576696993,13.092732852772903],[-7.360718007249647,13.093073637496575],[-7.360419820616434,13.093382473652403],[-7.360333999999999,13.093810199999997],[-7.359983190189226,13.093808454556992],[-7.359983190189226,13.093425071742859],[-7.359897994008308,13.092935193702582],[-7.360025788279685,13.092818048953822],[-7.360334624435516,13.092754151818127],[-7.360664759636573,13.09253051184322],[-7.360899049134098,13.092285572823078],[-7.361080091018549,13.09194478809941],[-7.361090740541164,13.091678550034036]]]}},{"id":"100","type":"Feature","properties":{"id":"103","date_realisation":"2025-09-15","commune":"Doumba","village":"Kossaba","surface_ha":0.2618,"technologie":"Demi-lune","type_beneficiaire":"Propriétaire individuel (appartenant à un ménage)"},"geometry":{"type":"Polygon","coordinates":[[[-7.5939913,13.146664999999999],[-7.593985000000001,13.1468183],[-7.593609300000001,13.147691600000002],[-7.59353,13.147775],[-7.593422874211427,13.14779554624801],[-7.593395891021771,13.147640392907487],[-7.5937635369808385,13.146884863597112],[-7.593935554814898,13.146658879383738],[-7.5939913,13.146664999999999]]]}},{"id":"101","type":"Feature","properties":{"id":"104","date_realisation":"2025-09-15","commune":"Doumba","village":"Kossaba","surface_ha":0.0357,"technologie":"Demi-lune","type_beneficiaire":"Terres collectives/communautaires pour le village"},"geometry":{"type":"Polygon","coordinates":[[[-7.594397500000001,13.140859899999997],[-7.5945337,13.141026099999996],[-7.594252818099514,13.141024662899781],[-7.5943267,13.140881700000001],[-7.594397500000001,13.140859899999997]]]}},{"id":"102","type":"Feature","properties":{"id":"105","date_realisation":"2025-09-17","commune":"Koula","village":"Sokindiarababougou","surface_ha":6.7942,"technologie":"Cordon pierreux RNA + RNA + Cordon pierreux + Reboisement","type_beneficiaire":"Propriétaire individuel (appartenant à un ménage)"},"geometry":{"type":"Polygon","coordinates":[[[-7.72224769656688,13.111322688912283],[-7.721742101387665,13.110770521548204],[-7.721640011596241,13.110260072591078],[-7.7219561245841835,13.109408729556304],[-7.722375703493487,13.109277338784704],[-7.723366489282463,13.108795334887361],[-7.723687825214023,13.108701611907325],[-7.7242546,13.108696099999996],[-7.724504554040071,13.108956002853144],[-7.724558110028665,13.109223782796114],[-7.724825889971631,13.109585285719115],[-7.724812500974483,13.10994678864212],[-7.724665222005851,13.11024134657938],[-7.7238752,13.1107548],[-7.723325999999999,13.110908],[-7.722790762405087,13.1112990773541],[-7.72224769656688,13.111322688912283]]]}},{"id":"103","type":"Feature","properties":{"id":"106","date_realisation":"2025-09-17","commune":"Koula","village":"Kafola","surface_ha":1.8169,"technologie":"Cordon pierreux","type_beneficiaire":"Propriétaire individuel (appartenant à un ménage)"},"geometry":{"type":"Polygon","coordinates":[[[-7.709721300000001,13.1049861],[-7.709834799999999,13.1060643],[-7.708451983343059,13.106214424637026],[-7.7083567,13.105108299999998],[-7.709721300000001,13.1049861]]]}},{"id":"104","type":"Feature","properties":{"id":"107","date_realisation":"2025-09-17","commune":"Koula","village":"Sokindiarababougou","surface_ha":0.7523,"technologie":"Cordon pierreux","type_beneficiaire":"Propriétaire individuel (appartenant à un ménage)"},"geometry":{"type":"Polygon","coordinates":[[[-7.71434143198147,13.11343116427899],[-7.7143007653689,13.112019711543699],[-7.7143293997150355,13.112017126735765],[-7.714643833734658,13.112307739996323],[-7.714805849868947,13.112391202853383],[-7.714866699999999,13.113471699999996],[-7.71434143198147,13.11343116427899]]]}},{"id":"105","type":"Feature","properties":{"id":"108","date_realisation":"2025-09-18","commune":"Koula","village":"Sokindiarababougou","surface_ha":0.8015,"technologie":"Cordon pierreux","type_beneficiaire":"Propriétaire individuel (appartenant à un ménage)"},"geometry":{"type":"Polygon","coordinates":[[[-7.7175977,13.115082299999997],[-7.7168683,13.1152006],[-7.7162028000000005,13.114499499999999],[-7.716344566317529,13.114385833904617],[-7.717267400000001,13.114495799999998],[-7.7175977,13.115082299999997]]]}},{"id":"106","type":"Feature","properties":{"id":"109","date_realisation":"2025-09-18","commune":"Koula","village":"Sokindiarababougou","surface_ha":0.9466,"technologie":"Cordon pierreux","type_beneficiaire":"Propriétaire individuel (appartenant à un ménage)"},"geometry":{"type":"Polygon","coordinates":[[[-7.7168683,13.1152006],[-7.716746800000001,13.1158679],[-7.715601000000001,13.115708399999999],[-7.715665489377845,13.115055916447744],[-7.7168683,13.1152006]]]}},{"id":"107","type":"Feature","properties":{"id":"110","date_realisation":"2025-09-18","commune":"Koula","village":"Sokindiarababougou","surface_ha":0.5866,"technologie":"Cordon pierreux","type_beneficiaire":"Propriétaire individuel (appartenant à un ménage)"},"geometry":{"type":"Polygon","coordinates":[[[-7.7176944,13.1164281],[-7.717176547998598,13.116369098344354],[-7.7160368,13.1160918],[-7.716034259636483,13.115815942956402],[-7.7177431949813835,13.116162227223656],[-7.7176944,13.1164281]]]}},{"id":"108","type":"Feature","properties":{"id":"111","date_realisation":"2025-09-18","commune":"Koula","village":"Sokindiarababougou","surface_ha":0.6152,"technologie":"Cordon pierreux","type_beneficiaire":"Propriétaire individuel (appartenant à un ménage)"},"geometry":{"type":"Polygon","coordinates":[[[-7.715927999999999,13.1129658],[-7.71647048786926,13.112915250068344],[-7.7164831000000005,13.113870799999999],[-7.715941400000001,13.1139004],[-7.715927999999999,13.1129658]]]}},{"id":"109","type":"Feature","properties":{"id":"112","date_realisation":"2025-09-20","commune":"Koula","village":"Kafola","surface_ha":2.4089,"technologie":"Cordon pierreux RNA Demi-lune + RNA + Demi-lune + Cordon pierreux + Reboisement","type_beneficiaire":"Propriétaire individuel (appartenant à un ménage)"},"geometry":{"type":"Polygon","coordinates":[[[-7.720403287761687,13.093341194571833],[-7.7204749388651255,13.092405838144208],[-7.720745074830666,13.0923518109511],[-7.720870996382395,13.092171923020056],[-7.72092496276171,13.091830135951076],[-7.721194794658274,13.091668236813138],[-7.721464626554834,13.091704214399346],[-7.721545576123804,13.09248672689938],[-7.721491609744492,13.09290946353733],[-7.72148261534794,13.093629015261499],[-7.721248761037583,13.093862869571852],[-7.720817030003083,13.09402476870979],[-7.7205766,13.0939051],[-7.720403287761687,13.093341194571833]]]}},{"id":"110","type":"Feature","properties":{"id":"113","date_realisation":"2025-09-19","commune":"Koula","village":"Kafola","surface_ha":1.9246,"technologie":"RNA Demi-lune + RNA + Demi-lune + Reboisement","type_beneficiaire":"Propriétaire individuel (appartenant à un ménage)"},"geometry":{"type":"Polygon","coordinates":[[[-7.723335461037672,13.093129826252854],[-7.722968500000001,13.093536399999996],[-7.7223749901776415,13.09280315971706],[-7.7224363119693535,13.092404568070934],[-7.723241019873875,13.091821141554524],[-7.723654762115272,13.091641253623482],[-7.72390660521873,13.091677231209692],[-7.724104481942876,13.092360805347651],[-7.723317472244564,13.092581168063175],[-7.723335461037672,13.093129826252854]]]}},{"id":"111","type":"Feature","properties":{"id":"114","date_realisation":"2025-09-19","commune":"Koula","village":"Kafola","surface_ha":1.021,"technologie":"Cordon pierreux","type_beneficiaire":"Propriétaire individuel (appartenant à un ménage)"},"geometry":{"type":"Polygon","coordinates":[[[-7.7217586,13.098771199999996],[-7.7221447432926835,13.09877367052184],[-7.7226229,13.0989484],[-7.722525200000001,13.099586699999998],[-7.7224052,13.09985],[-7.72176985137253,13.099844790293705],[-7.72176985137253,13.099523454362144],[-7.721662739395344,13.09901467247051],[-7.7217586,13.098771199999996]]]}},{"id":"112","type":"Feature","properties":{"id":"115","date_realisation":"2025-09-19","commune":"Koula","village":"Kafola","surface_ha":2.9072,"technologie":"Cordon pierreux RNA + Cordon pierreux + Reboisement","type_beneficiaire":"Propriétaire individuel (appartenant à un ménage)"},"geometry":{"type":"Polygon","coordinates":[[[-7.722194,13.1010059],[-7.72257319120143,13.10096946605416],[-7.7230551950987705,13.101063189034203],[-7.723456865013221,13.101558581928689],[-7.723322975041736,13.102040585826025],[-7.72321586306455,13.102254809780401],[-7.7229943,13.102390800000002],[-7.722640136187172,13.102375310754736],[-7.721984075326906,13.101906695854543],[-7.7215193,13.101646299999999],[-7.721167346500859,13.101531803934389],[-7.7213280144666365,13.100782020094085],[-7.72154223842101,13.100594574134009],[-7.721930519338311,13.100688297114047],[-7.722194,13.1010059]]]}},{"id":"113","type":"Feature","properties":{"id":"116","date_realisation":"2025-09-19","commune":"Koula","village":"Kafola","surface_ha":5.0073,"technologie":"Cordon pierreux","type_beneficiaire":"Propriétaire individuel (appartenant à un ménage)"},"geometry":{"type":"Polygon","coordinates":[[[-7.7237596,13.094432699999999],[-7.724050515563563,13.09441152776153],[-7.724536212977377,13.095095101899492],[-7.724284369873917,13.095490855347784],[-7.72465314013256,13.095895603192634],[-7.7236817453049325,13.096309345434031],[-7.722593423322121,13.096947947589225],[-7.722413535391079,13.096696104485765],[-7.7219098491841605,13.096552194140932],[-7.721505101339321,13.09627336784782],[-7.722007200000001,13.0956694],[-7.723106103925597,13.094798286813278],[-7.7237596,13.094432699999999]]]}},{"id":"114","type":"Feature","properties":{"id":"117","date_realisation":"2025-09-21","commune":"Koula","village":"Sokindiarababougou","surface_ha":4.5376,"technologie":"Cordon pierreux RNA + Cordon pierreux + Reboisement","type_beneficiaire":"Propriétaire individuel (appartenant à un ménage)"},"geometry":{"type":"Polygon","coordinates":[[[-7.744651388852233,13.112939451513595],[-7.743981654880171,13.112933364658963],[-7.743866663720897,13.113134599187692],[-7.744019985266596,13.113546650841759],[-7.744518553779899,13.113580452096896],[-7.744393591965277,13.114183459982197],[-7.7439234,13.114128],[-7.742106599999999,13.1135223],[-7.741290525154802,13.113364969895956],[-7.7415807999999995,13.1122857],[-7.744703000000001,13.112690399999998],[-7.744651388852233,13.112939451513595]]]}},{"id":"115","type":"Feature","properties":{"id":"118","date_realisation":"2025-09-21","commune":"Koula","village":"Kafola","surface_ha":11.8424,"technologie":"Cordon pierreux RNA Demi-lune + RNA + Demi-lune + Cordon pierreux + Reboisement","type_beneficiaire":"Propriétaire individuel (appartenant à un ménage)"},"geometry":{"type":"Polygon","coordinates":[[[-7.726068319942324,13.091885641543213],[-7.726708769740468,13.091812447280567],[-7.727321308489018,13.091812447280567],[-7.7280184583863365,13.092239773892226],[-7.7298345999999984,13.092117100000001],[-7.730210027550313,13.091995132650931],[-7.7306266844468645,13.092532400754378],[-7.730878871515829,13.092718799892312],[-7.730867906860657,13.09293809299576],[-7.7307637,13.0931354],[-7.730391565132802,13.094393538968431],[-7.7304292,13.0948062],[-7.730337598753489,13.09520303465812],[-7.7300677668569255,13.095598788106413],[-7.729851901339675,13.095490855347789],[-7.7295571,13.095503],[-7.729204304787923,13.09480728120983],[-7.729106946721554,13.094448299250468],[-7.728844528925839,13.0942676174167],[-7.728520730649963,13.09358404327874],[-7.727150000000001,13.093674999999996],[-7.726987661130826,13.093339159993798],[-7.726098186244681,13.093339159993798],[-7.725839817391073,13.092937252888182],[-7.72578240209027,13.092133438676953],[-7.726068319942324,13.091885641543213]]]}},{"id":"116","type":"Feature","properties":{"id":"119","date_realisation":"2025-09-16","commune":"Doumba","village":"Kossaba","surface_ha":0.0253,"technologie":"Demi-lune","type_beneficiaire":"Propriétaire individuel (appartenant à un ménage)"},"geometry":{"type":"Polygon","coordinates":[[[-7.596083300000001,13.140691899999997],[-7.596032022167419,13.140647319856946],[-7.596213315472917,13.140463496877414],[-7.596295,13.140448299999997],[-7.596083300000001,13.140691899999997]]]}},{"id":"117","type":"Feature","properties":{"id":"120","date_realisation":"2025-09-17","commune":"Doumba","village":"Kossaba","surface_ha":0.3134,"technologie":"Demi-lune","type_beneficiaire":"Propriétaire individuel (appartenant à un ménage)"},"geometry":{"type":"Polygon","coordinates":[[[-7.594934000000001,13.140648699999996],[-7.5953983,13.140470599999999],[-7.59559,13.1404917],[-7.595599447908256,13.140814278342935],[-7.595531989934118,13.14089016856384],[-7.5951207,13.1410561],[-7.594934000000001,13.140648699999996]]]}},{"id":"118","type":"Feature","properties":{"id":"121","date_realisation":"2025-09-13","commune":"Koula","village":"Wolokorodji","surface_ha":1.3699,"technologie":"Demi-lune RNA Zaï + Zaï + Demi-lune + Reboisement","type_beneficiaire":"Terres collectives/communautaires pour le village"},"geometry":{"type":"Polygon","coordinates":[[[-7.4672492,13.134410799999998],[-7.467328160526317,13.134872689473683],[-7.467455992105264,13.135089615789473],[-7.467448244736843,13.135248436842105],[-7.467378518421054,13.135372394736843],[-7.467115107894737,13.135562205263158],[-7.467032200000001,13.135688100000001],[-7.46662343775757,13.135621885238969],[-7.466522434210526,13.134113447368417],[-7.46655729736842,13.134001110526313],[-7.466758728947368,13.133958499999997],[-7.4670182657894735,13.133997236842102],[-7.467103486842105,13.134256773684207],[-7.4672492,13.134410799999998]]]}},{"id":"119","type":"Feature","properties":{"id":"122","date_realisation":"2025-10-01","commune":"Doumba","village":"Dibaro","surface_ha":3.3789,"technologie":"Cordon pierreux","type_beneficiaire":"Terres collectives/communautaires pour le village"},"geometry":{"type":"Polygon","coordinates":[[[-7.621614700000001,13.0633079],[-7.621530140847052,13.063537186524465],[-7.621551439892278,13.063760826499376],[-7.621711182731503,13.0639951159969],[-7.621448399999999,13.064339500000003],[-7.621114809465073,13.064484994037182],[-7.620667529515252,13.064154858836124],[-7.620273497178506,13.064272003584882],[-7.620156352429744,13.0639951159969],[-7.619900763886988,13.063931218861214],[-7.619410885846708,13.063547836047082],[-7.6192691,13.0631788],[-7.619346988711019,13.062855617077117],[-7.619581278208544,13.062749121850969],[-7.620028558158364,13.06264262662482],[-7.620401291449883,13.062972761825883],[-7.620752725696171,13.062834318031891],[-7.621157407555532,13.06295146278065],[-7.621614700000001,13.0633079]]]}},{"id":"120","type":"Feature","properties":{"id":"248","date_realisation":"2026-05-14","commune":"Doumba","village":"Dibaro","surface_ha":3.0341,"technologie":"Cordon pierreux","type_beneficiaire":"Propriétaire individuel (appartenant à un ménage)"},"geometry":{"type":"Polygon","coordinates":[[[-7.620167001952359,13.064623437831171],[-7.619690493407158,13.064845689080604],[-7.61940492581571,13.065255416494422],[-7.619201177084236,13.06566291395737],[-7.618878409715967,13.065741637705726],[-7.6186572,13.065895200000002],[-7.618409830720918,13.065539296776045],[-7.617941251725868,13.064548891172867],[-7.617851299999998,13.0642392],[-7.619038152555191,13.06403771408736],[-7.619410885846708,13.064016415042131],[-7.619811,13.0640989],[-7.620167001952359,13.064623437831171]]]}},{"id":"121","type":"Feature","properties":{"id":"124","date_realisation":"2025-09-23","commune":"Meguetan","village":"Tafalan","surface_ha":2.4128,"technologie":"Demi-lune","type_beneficiaire":"Terres collectives/communautaires pour le village"},"geometry":{"type":"Polygon","coordinates":[[[-7.363308400000001,13.091505299999996],[-7.363540130742565,13.091561405285272],[-7.363678574536557,13.091763746214957],[-7.3640025,13.091936899999997],[-7.363817018330549,13.092317521390926],[-7.363667925013944,13.092786100385974],[-7.363295191722425,13.093339875561943],[-7.3629807,13.093581899999998],[-7.362688168933383,13.093616763149926],[-7.362336734687094,13.092722203250288],[-7.362400631822783,13.092466614707531],[-7.362986355566597,13.092200376642161],[-7.3630289536570555,13.091614652898347],[-7.362943757476137,13.091401662446053],[-7.362986355566597,13.091273868174676],[-7.363156747928433,13.091263218652058],[-7.363308400000001,13.091505299999996]]]}},{"id":"122","type":"Feature","properties":{"id":"125","date_realisation":"2025-10-03","commune":"Doumba","village":"Doumba","surface_ha":4.7058,"technologie":"Demi-lune","type_beneficiaire":"Terres collectives/communautaires pour le village"},"geometry":{"type":"Polygon","coordinates":[[[-7.6166644,13.110445200000001],[-7.616920599999999,13.1100505],[-7.6194384,13.111132499999998],[-7.619598465432556,13.111592327170957],[-7.6196456999999995,13.1124623],[-7.619062600000001,13.1127498],[-7.618490000000002,13.112565299999998],[-7.6166644,13.110445200000001]]]}},{"id":"123","type":"Feature","properties":{"id":"126","date_realisation":"2025-10-03","commune":"Doumba","village":"Doumba","surface_ha":6.4317,"technologie":"Demi-lune","type_beneficiaire":"Terres collectives/communautaires pour le village"},"geometry":{"type":"Polygon","coordinates":[[[-7.604131,13.110950299999999],[-7.606190500000001,13.1103652],[-7.606617,13.1112845],[-7.6068845000000005,13.1121343],[-7.6064884,13.1135238],[-7.6052093,13.112780799999998],[-7.604335699999999,13.111846299999995],[-7.6040883,13.111398499999998],[-7.604131,13.110950299999999]]]}},{"id":"124","type":"Feature","properties":{"id":"127","date_realisation":"2025-10-03","commune":"Doumba","village":"Fani","surface_ha":0.9587,"technologie":"Demi-lune","type_beneficiaire":"Propriétaire individuel (appartenant à un ménage)"},"geometry":{"type":"Polygon","coordinates":[[[-7.557597161818276,13.1900114318935],[-7.557697001092782,13.190091303313107],[-7.558146277828072,13.190217766394152],[-7.558469091482317,13.190364197330098],[-7.5585389789744735,13.190477348507873],[-7.5588018890640125,13.190487332435326],[-7.558811872991464,13.190550563975844],[-7.558469091482317,13.190816802041205],[-7.5583160045947375,13.191003168686953],[-7.55837923613526,13.191229471042506],[-7.558186213537877,13.191109663913098],[-7.5581129980699036,13.19118287938107],[-7.557840104052914,13.190696994911795],[-7.557720296923506,13.190653731226172],[-7.5575871778908255,13.190503972314415],[-7.557440746954882,13.190430756846439],[-7.557434091003246,13.190324261620294],[-7.557184492816975,13.190214438418339],[-7.55719114876861,13.19011127116801],[-7.557427435051614,13.190084647361475],[-7.557434091003246,13.189978152135332],[-7.557597161818276,13.1900114318935]]]}},{"id":"125","type":"Feature","properties":{"id":"128","date_realisation":"2025-10-03","commune":"Koula","village":"Siramansoni","surface_ha":12.3041,"technologie":"Cordon pierreux Demi-lune + Demi-lune + Cordon pierreux","type_beneficiaire":"Terres collectives/communautaires pour le village"},"geometry":{"type":"Polygon","coordinates":[[[-7.707378200000001,13.094418300000001],[-7.706979150907664,13.094465494140836],[-7.7065654086662665,13.094627393278778],[-7.706205632804181,13.094933202761547],[-7.7060352000000005,13.0946963],[-7.7054141259075974,13.094825270002925],[-7.704982394873096,13.095041135520171],[-7.7045501000000005,13.095180299999999],[-7.702877706079903,13.095077113106383],[-7.702697818148861,13.095185045865003],[-7.702230109528151,13.095041135520173],[-7.702212120735048,13.093655998451148],[-7.702374019872986,13.093386166554586],[-7.702697818148861,13.093152312244227],[-7.703623999999999,13.0926662],[-7.70410094401099,13.092666614830417],[-7.704622619011011,13.092738570002831],[-7.704856473321367,13.092594659658001],[-7.705342170735181,13.092630637244206],[-7.706331554355912,13.092828513968353],[-7.706763285390413,13.093098345864917],[-7.7069067,13.093529999999998],[-7.707378200000001,13.094418300000001]]]}},{"id":"126","type":"Feature","properties":{"id":"129","date_realisation":"2025-10-03","commune":"Koula","village":"Siramansoni","surface_ha":8.8744,"technologie":"Demi-lune RNA Zaï + Zaï + Demi-lune + Enrichissement","type_beneficiaire":"Terres collectives/communautaires pour le village"},"geometry":{"type":"Polygon","coordinates":[[[-7.7043428,13.090090599999998],[-7.704028988838571,13.090022262244096],[-7.703364900000001,13.089976000000002],[-7.703093571597152,13.090867735519994],[-7.702829600000001,13.091151199999999],[-7.702733795735069,13.091551309657957],[-7.702553907804026,13.09191108552004],[-7.702320053493672,13.09200102948556],[-7.701474580217773,13.092504715692476],[-7.701078826769481,13.092810525175247],[-7.700826983666022,13.093116334658022],[-7.700431230217729,13.093386166554588],[-7.700017487976332,13.09335018896838],[-7.6998555888383935,13.09308035707181],[-7.699603745734934,13.093062368278707],[-7.699639723321144,13.092108962244186],[-7.699891566424603,13.091875107933829],[-7.7003952526315205,13.091803152761413],[-7.700593129355667,13.091623264830373],[-7.700701062114293,13.090957679485514],[-7.701186759528106,13.090759802761369],[-7.701451,13.0907261],[-7.701798378493649,13.09054393724412],[-7.70350731383855,13.089140811381991],[-7.703615246597175,13.089032878623367],[-7.703615246597175,13.088745057933698],[-7.703957033666156,13.08860114758886],[-7.704280831942031,13.088906957071636],[-7.7043168095282395,13.089248744140615],[-7.704154910390301,13.08951857603718],[-7.7043428,13.090090599999998]]]}},{"id":"127","type":"Feature","properties":{"id":"130","date_realisation":"2025-10-03","commune":"Koula","village":"Siramansoni","surface_ha":1.173,"technologie":"Demi-lune","type_beneficiaire":"Propriétaire individuel (appartenant à un ménage)"},"geometry":{"type":"Polygon","coordinates":[[[-7.704105,13.0918883],[-7.704064966424781,13.091407399313123],[-7.704172899183407,13.0908857243131],[-7.705018372459305,13.090939690692412],[-7.705162282804138,13.091569298451061],[-7.7049268,13.0919427],[-7.704105,13.0918883]]]}},{"id":"128","type":"Feature","properties":{"id":"131","date_realisation":"2025-10-03","commune":"Koula","village":"Bouana","surface_ha":11.5277,"technologie":"Cordon pierreux Demi-lune + Cordon pierreux","type_beneficiaire":"Terres collectives/communautaires pour le village"},"geometry":{"type":"Polygon","coordinates":[[[-7.725128696843789,13.080150441803468],[-7.72491,13.0810883],[-7.724596220713049,13.081662674014765],[-7.724255435989376,13.081769169240916],[-7.723765557949095,13.081769169240916],[-7.723637763677718,13.081683973059997],[-7.7237523,13.0809116],[-7.72412,13.0791468],[-7.7248507355365605,13.077131935273755],[-7.725234530212784,13.076538680185575],[-7.725384285386543,13.076529604114437],[-7.725336238326173,13.07638146368541],[-7.726725177660937,13.074621652688567],[-7.72693113879315,13.074698845977052],[-7.727268099999999,13.074663199999998],[-7.7277071,13.0748307],[-7.727969126149473,13.075013166091992],[-7.728086082471314,13.075152051724178],[-7.728056843390853,13.075371344827628],[-7.727866700000001,13.07592],[-7.7275890181034965,13.076175419540268],[-7.726960377873611,13.076263136781654],[-7.726772608153758,13.076600756788856],[-7.726509456429621,13.076644615409544],[-7.726432703843414,13.076907767133681],[-7.72610845292435,13.076998183109488],[-7.725980658652972,13.077615855421145],[-7.7257667,13.0777817],[-7.72559727583884,13.078084434416196],[-7.7256824720197566,13.078553013411247],[-7.725469481567462,13.079362377129975],[-7.725043500662871,13.079383676175201],[-7.725128696843789,13.080150441803468]]]}},{"id":"129","type":"Feature","properties":{"id":"132","date_realisation":"2025-09-23","commune":"Doumba","village":"Kossaba","surface_ha":0.0635,"technologie":"Demi-lune","type_beneficiaire":"Propriétaire individuel (appartenant à un ménage)"},"geometry":{"type":"Polygon","coordinates":[[[-7.5981067,13.1404683],[-7.5983067,13.1406082],[-7.5980483,13.140614999999999],[-7.59782,13.140715],[-7.5979032,13.140488699999999],[-7.5981067,13.1404683]]]}},{"id":"130","type":"Feature","properties":{"id":"133","date_realisation":"2025-09-23","commune":"Doumba","village":"Kossaba","surface_ha":0.8359,"technologie":"Zaï","type_beneficiaire":"Propriétaire individuel (appartenant à un ménage)"},"geometry":{"type":"Polygon","coordinates":[[[-7.601200989435752,13.131487370193659],[-7.601153768853854,13.131848270355299],[-7.600934530437906,13.132027033986766],[-7.600374629252561,13.131949457316505],[-7.600289999999999,13.131879999999999],[-7.600131780545663,13.131844897456594],[-7.599966700000001,13.1316933],[-7.6000002374960935,13.131598675850988],[-7.600158763735318,13.131457014105298],[-7.600944649134028,13.131241148588055],[-7.60117063334739,13.131301860764781],[-7.601200989435752,13.131487370193659]]]}},{"id":"131","type":"Feature","properties":{"id":"134","date_realisation":"2025-09-10","commune":"Doumba","village":"Fani","surface_ha":2.6014,"technologie":"Demi-lune","type_beneficiaire":"Terres collectives/communautaires pour le village"},"geometry":{"type":"Polygon","coordinates":[[[-7.540163500000001,13.190662699999999],[-7.5402114000000005,13.190880699999997],[-7.5386704,13.192614300000002],[-7.537602400000001,13.191375900000002],[-7.540163500000001,13.190662699999999]]]}},{"id":"132","type":"Feature","properties":{"id":"135","date_realisation":"2025-09-10","commune":"Doumba","village":"Fani","surface_ha":2.4695,"technologie":"Demi-lune","type_beneficiaire":"Terres collectives/communautaires pour le village"},"geometry":{"type":"Polygon","coordinates":[[[-7.5315116,13.186848299999998],[-7.533354183316187,13.18564284263977],[-7.5348045297602155,13.184651210419903],[-7.534986666290395,13.184954771303532],[-7.534919208316255,13.185015483480258],[-7.5320185154282,13.187302308803638],[-7.5315395638117995,13.187551903307956],[-7.5315116,13.186848299999998]]]}},{"id":"133","type":"Feature","properties":{"id":"136","date_realisation":"2025-09-10","commune":"Doumba","village":"Fani","surface_ha":0.0726,"technologie":"Demi-lune","type_beneficiaire":"Terres collectives/communautaires pour le village"},"geometry":{"type":"Polygon","coordinates":[[[-7.542318000000001,13.189925200000003],[-7.542401140873143,13.19001158969005],[-7.542069909603991,13.190287523154636],[-7.5420012,13.1902217],[-7.542107100000001,13.190050399999999],[-7.542318000000001,13.189925200000003]]]}},{"id":"134","type":"Feature","properties":{"id":"137","date_realisation":"2025-09-11","commune":"Doumba","village":"Fani","surface_ha":0.1893,"technologie":"Zaï","type_beneficiaire":"Propriétaire individuel (appartenant à un ménage)"},"geometry":{"type":"Polygon","coordinates":[[[-7.5588938,13.1892741],[-7.559286700000001,13.189466199999998],[-7.5587024,13.1897904],[-7.5586303,13.1895872],[-7.5588938,13.1892741]]]}},{"id":"135","type":"Feature","properties":{"id":"138","date_realisation":"2025-09-11","commune":"Doumba","village":"Fani","surface_ha":2.2634,"technologie":"Demi-lune","type_beneficiaire":"Terres collectives/communautaires pour le village"},"geometry":{"type":"Polygon","coordinates":[[[-7.557440746954882,13.190430756846439],[-7.557720296923506,13.190653731226172],[-7.557690345141154,13.190778530319314],[-7.55749732254377,13.190745250561141],[-7.557377515414359,13.190851745787285],[-7.557577193963376,13.19159055641865],[-7.557404139220894,13.191670427838257],[-7.557377515414361,13.191823514725831],[-7.55712458925227,13.191876762338904],[-7.557204460671878,13.19208975279119],[-7.556898286896718,13.192143000404261],[-7.556831727380378,13.19193666590361],[-7.5563791226692745,13.191923354000343],[-7.556312563152934,13.191603868321911],[-7.556006389377776,13.191530652853942],[-7.555899894151634,13.191457437385969],[-7.5559132060549015,13.190938273158526],[-7.5562060679267935,13.190831777932383],[-7.556618736928096,13.190765218416042],[-7.5566120809764605,13.190578851770297],[-7.5566784,13.1905121],[-7.556904942848353,13.19051894820559],[-7.557071341639199,13.190652067238267],[-7.557440746954882,13.190430756846439]]]}},{"id":"136","type":"Feature","properties":{"id":"139","date_realisation":"2025-09-11","commune":"Doumba","village":"Fani","surface_ha":0.6482,"technologie":"Demi-lune","type_beneficiaire":"Terres collectives/communautaires pour le village"},"geometry":{"type":"Polygon","coordinates":[[[-7.557683689189515,13.189482283738608],[-7.557826792149646,13.189422380173898],[-7.558109670094086,13.189472299811156],[-7.5581429498522565,13.189632042650366],[-7.558266084957483,13.189625386698737],[-7.558375908159443,13.189718570021608],[-7.558316004594737,13.190031399748403],[-7.55847574743395,13.190074663434022],[-7.5583958760143455,13.190284325910488],[-7.558316004594737,13.190320933644475],[-7.558146277828072,13.190217766394152],[-7.557697001092782,13.190091303313107],[-7.557597161818276,13.1900114318935],[-7.557620457648997,13.189938216425528],[-7.557493994567951,13.189868328933368],[-7.55757053801174,13.189612074795464],[-7.557683689189515,13.189482283738608]]]}},{"id":"137","type":"Feature","properties":{"id":"140","date_realisation":"2025-09-13","commune":"Doumba","village":"Fani","surface_ha":2.422,"technologie":"Zaï","type_beneficiaire":"Propriétaire individuel (appartenant à un ménage)"},"geometry":{"type":"Polygon","coordinates":[[[-7.5462147,13.1445398],[-7.547232300000001,13.145054200000002],[-7.547556200000001,13.145835899999996],[-7.547685000000001,13.147624300000002],[-7.547062600000001,13.147776399999996],[-7.546944000000001,13.146184299999998],[-7.5462147,13.1445398]]]}},{"id":"138","type":"Feature","properties":{"id":"141","date_realisation":"2025-09-17","commune":"Doumba","village":"Fani","surface_ha":2.5132,"technologie":"RNA Zaï + RNA + Zaï","type_beneficiaire":"Propriétaire individuel (appartenant à un ménage)"},"geometry":{"type":"Polygon","coordinates":[[[-7.538425400000001,13.142391899999998],[-7.538103499999999,13.1432087],[-7.5375041,13.143110200000002],[-7.536392216423452,13.143549066775876],[-7.535829199999999,13.143965100000003],[-7.535604500000001,13.143026700000002],[-7.5357804,13.142251199999999],[-7.536284283664828,13.142631638327563],[-7.537531200000001,13.142707399999999],[-7.538425400000001,13.142391899999998]]]}},{"id":"139","type":"Feature","properties":{"id":"142","date_realisation":"2025-10-03","commune":"Koula","village":"Niamakorobougou","surface_ha":14.8981,"technologie":"Demi-lune Zaï + Zaï + Demi-lune","type_beneficiaire":"Propriétaire individuel (appartenant à un ménage)"},"geometry":{"type":"Polygon","coordinates":[[[-7.445926099999999,13.0989434],[-7.4456163,13.101600499999998],[-7.442192200000001,13.1011152],[-7.440898600000001,13.099001299999998],[-7.4411648,13.098026500000001],[-7.445926099999999,13.0989434]]]}},{"id":"140","type":"Feature","properties":{"id":"143","date_realisation":"2025-10-03","commune":"Koula","village":"Niamakorobougou","surface_ha":11.4241,"technologie":"Cordon pierreux","type_beneficiaire":"Propriétaire individuel (appartenant à un ménage)"},"geometry":{"type":"Polygon","coordinates":[[[-7.451188999999999,13.101496000000003],[-7.448224100000001,13.101332099999999],[-7.448710700000001,13.097807099999999],[-7.451378076139212,13.098342079054762],[-7.451188999999999,13.101496000000003]]]}},{"id":"141","type":"Feature","properties":{"id":"144","date_realisation":"2025-10-03","commune":"Koula","village":"Niamakorobougou","surface_ha":5.4416,"technologie":"Cordon pierreux","type_beneficiaire":"Propriétaire individuel (appartenant à un ménage)"},"geometry":{"type":"Polygon","coordinates":[[[-7.4704093915948295,13.127731766379316],[-7.470546118953859,13.12988964388634],[-7.470546118953859,13.131818941946769],[-7.4704393000000024,13.1324489],[-7.470397200000002,13.132471699999998],[-7.470158700000001,13.132231199999994],[-7.470067167337459,13.131990959780824],[-7.4688476,13.1282304],[-7.4704093915948295,13.127731766379316]]]}},{"id":"142","type":"Feature","properties":{"id":"145","date_realisation":"2025-10-03","commune":"Koula","village":"Niamakorobougou","surface_ha":14.7097,"technologie":"RNA","type_beneficiaire":"Propriétaire individuel (appartenant à un ménage)"},"geometry":{"type":"Polygon","coordinates":[[[-7.469501400000001,13.133103400000001],[-7.46983443732667,13.132916820475923],[-7.470279659955998,13.133186652372487],[-7.470589966637046,13.133807265734582],[-7.472564299999999,13.138857899999996],[-7.472350619762121,13.139203903665843],[-7.47186492234831,13.139635634700346],[-7.471304,13.1400328],[-7.470447399999999,13.138051299999999],[-7.4702555,13.137166900000002],[-7.4696299999999995,13.1373176],[-7.469112637003365,13.136276227588134],[-7.468950737865427,13.134846118536347],[-7.4691129,13.1334882],[-7.469501400000001,13.133103400000001]]]}},{"id":"143","type":"Feature","properties":{"id":"146","date_realisation":"2025-10-04","commune":"Doumba","village":"Dombana","surface_ha":5.492,"technologie":"Cordon pierreux","type_beneficiaire":"Propriétaire individuel (appartenant à un ménage)"},"geometry":{"type":"Polygon","coordinates":[[[-7.497600252918591,13.187854832266996],[-7.496914247724637,13.186731875103813],[-7.49702190141364,13.186057245319395],[-7.497715462950933,13.18574511769479],[-7.498737817121956,13.185766416740021],[-7.499349999999999,13.1858303],[-7.499440685614534,13.186128500508923],[-7.499547180840682,13.186831369001505],[-7.4995715,13.1875673],[-7.497600252918591,13.187854832266996]]]}},{"id":"144","type":"Feature","properties":{"id":"147","date_realisation":"2025-10-04","commune":"Doumba","village":"Dombana","surface_ha":8.1705,"technologie":"Cordon pierreux","type_beneficiaire":"Propriétaire individuel (appartenant à un ménage)"},"geometry":{"type":"Polygon","coordinates":[[[-7.501762281544567,13.184041194076418],[-7.501996571042092,13.184616268297622],[-7.501804879635026,13.18527653869974],[-7.502561499999999,13.1871643],[-7.500569535011706,13.187385144177476],[-7.4995715,13.1875673],[-7.499547180840682,13.186831369001505],[-7.499440685614534,13.186128500508923],[-7.499802769383438,13.185766416740023],[-7.499930563654816,13.185468230106807],[-7.500207451242801,13.185212641564052],[-7.500271348378491,13.18485055779515],[-7.500484338830788,13.184722763523764],[-7.5008251235544625,13.184680165433305],[-7.501208506368595,13.18408379216688],[-7.501762281544567,13.184041194076418]]]}},{"id":"145","type":"Feature","properties":{"id":"148","date_realisation":"2025-10-05","commune":"Koula","village":"Wolokorodji","surface_ha":3.9126,"technologie":"Cordon pierreux Demi-lune + Demi-lune + Cordon pierreux","type_beneficiaire":"Propriétaire individuel (appartenant à un ménage)"},"geometry":{"type":"Polygon","coordinates":[[[-7.450094470690903,13.139736294606163],[-7.4494352764571214,13.139347716952564],[-7.4482044,13.1370156],[-7.4485558,13.136872400000001],[-7.450820000000001,13.1383325],[-7.450094470690903,13.139736294606163]]]}},{"id":"146","type":"Feature","properties":{"id":"149","date_realisation":"2025-10-05","commune":"Koula","village":"Wolokorodji","surface_ha":0.4108,"technologie":"Cordon pierreux","type_beneficiaire":"Propriétaire individuel (appartenant à un ménage)"},"geometry":{"type":"Polygon","coordinates":[[[-7.463727399999999,13.141164],[-7.4642683,13.141294700000001],[-7.464229101287921,13.141956610623136],[-7.463720799999999,13.141795000000002],[-7.463727399999999,13.141164]]]}},{"id":"147","type":"Feature","properties":{"id":"150","date_realisation":"2025-10-05","commune":"Koula","village":"Wolokorodji","surface_ha":0.1279,"technologie":"Cordon pierreux","type_beneficiaire":"Propriétaire individuel (appartenant à un ménage)"},"geometry":{"type":"Polygon","coordinates":[[[-7.464785900000002,13.141552199999998],[-7.465156099999999,13.1416823],[-7.465143900000001,13.1419203],[-7.4647657,13.1418767],[-7.464785900000002,13.141552199999998]]]}},{"id":"148","type":"Feature","properties":{"id":"151","date_realisation":"2025-10-05","commune":"Koula","village":"Wolokorodji","surface_ha":0.131,"technologie":"Cordon pierreux","type_beneficiaire":"Propriétaire individuel (appartenant à un ménage)"},"geometry":{"type":"Polygon","coordinates":[[[-7.465164900000001,13.141633299999999],[-7.465570671748649,13.141624801712842],[-7.4655974,13.1418926],[-7.4651793,13.141895199999997],[-7.465164900000001,13.141633299999999]]]}},{"id":"149","type":"Feature","properties":{"id":"152","date_realisation":"2025-10-05","commune":"Koula","village":"Wolokorodji","surface_ha":0.1155,"technologie":"Cordon pierreux","type_beneficiaire":"Propriétaire individuel (appartenant à un ménage)"},"geometry":{"type":"Polygon","coordinates":[[[-7.4646953,13.141350299999997],[-7.4647037,13.141911399999998],[-7.464523,13.141887899999999],[-7.464527899999999,13.1413426],[-7.4646953,13.141350299999997]]]}},{"id":"150","type":"Feature","properties":{"id":"153","date_realisation":"2025-10-05","commune":"Koula","village":"Wolokorodji","surface_ha":0.104,"technologie":"Cordon pierreux","type_beneficiaire":"Propriétaire individuel (appartenant à un ménage)"},"geometry":{"type":"Polygon","coordinates":[[[-7.4646103,13.141197199999999],[-7.464937300000001,13.1411829],[-7.464954100000001,13.1415098],[-7.464781400000001,13.141546199999999],[-7.4646103,13.141197199999999]]]}},{"id":"151","type":"Feature","properties":{"id":"154","date_realisation":"2025-10-05","commune":"Koula","village":"Wolokorodji","surface_ha":2.7113,"technologie":"Cordon pierreux","type_beneficiaire":"Propriétaire individuel (appartenant à un ménage)"},"geometry":{"type":"Polygon","coordinates":[[[-7.463749800000001,13.140910600000002],[-7.466937,13.1402084],[-7.4669913,13.140431299999998],[-7.466884499999999,13.141730899999999],[-7.465096779480312,13.141113807558728],[-7.4637813489845675,13.140955281319496],[-7.463749800000001,13.140910600000002]]]}},{"id":"152","type":"Feature","properties":{"id":"155","date_realisation":"2025-10-05","commune":"Koula","village":"Wolokorodji","surface_ha":1.9373,"technologie":"Cordon pierreux","type_beneficiaire":"Propriétaire individuel (appartenant à un ménage)"},"geometry":{"type":"Polygon","coordinates":[[[-7.464838375492845,13.137964329798086],[-7.465684300000001,13.1378816],[-7.4665881,13.137453800000001],[-7.4663301,13.139451900000001],[-7.466021400000001,13.139537899999999],[-7.4654667,13.1391085],[-7.465451900000001,13.139018499999999],[-7.466079700000001,13.13883],[-7.466067999999999,13.1387837],[-7.464838375492845,13.137964329798086]]]}},{"id":"153","type":"Feature","properties":{"id":"156","date_realisation":"2025-10-05","commune":"Koula","village":"Wolokorodji","surface_ha":0.5148,"technologie":"Cordon pierreux","type_beneficiaire":"Propriétaire individuel (appartenant à un ménage)"},"geometry":{"type":"Polygon","coordinates":[[[-7.466082544999116,13.138825236861507],[-7.465454393059953,13.139018514381256],[-7.464835904996778,13.13796193060666],[-7.466063217247142,13.138767253605584],[-7.466082544999116,13.138825236861507]]]}},{"id":"154","type":"Feature","properties":{"id":"157","date_realisation":"2025-08-14","commune":"Koula","village":"Niamakorobougou","surface_ha":1.6414,"technologie":"Demi-lune RNA Zaï + RNA + Zaï + Demi-lune","type_beneficiaire":"Terres collectives/communautaires pour le village"},"geometry":{"type":"Polygon","coordinates":[[[-7.4925011,13.132849699999998],[-7.4925532,13.133795800000001],[-7.4915915,13.134735899999997],[-7.4914062,13.133165599999998],[-7.4925011,13.132849699999998]]]}},{"id":"155","type":"Feature","properties":{"id":"158","date_realisation":"2025-10-06","commune":"Koula","village":"Noumoubougou","surface_ha":6.9892,"technologie":"Cordon pierreux","type_beneficiaire":"Propriétaire individuel (appartenant à un ménage)"},"geometry":{"type":"Polygon","coordinates":[[[-7.5570311,13.090037700000002],[-7.5564966,13.093753300000001],[-7.556833400000001,13.094580200000001],[-7.5551431,13.094962099999996],[-7.5552002,13.094396399999997],[-7.555840400000001,13.0939696],[-7.555044900000001,13.0931421],[-7.555360000000001,13.0929744],[-7.5557113000000005,13.090265],[-7.5570311,13.090037700000002]]]}},{"id":"156","type":"Feature","properties":{"id":"159","date_realisation":"2025-10-06","commune":"Koula","village":"Noumoubougou","surface_ha":8.5499,"technologie":"RNA Zaï + Zaï + Reboisement","type_beneficiaire":"Terres collectives/communautaires pour le village"},"geometry":{"type":"Polygon","coordinates":[[[-7.554894703698421,13.096865601671698],[-7.554522224231315,13.096896641627291],[-7.554265227583324,13.096599392492266],[-7.554024217857929,13.096433451369863],[-7.553404785829997,13.096288258497685],[-7.552846066629337,13.095940610995052],[-7.552138355641836,13.095381891794393],[-7.55247979515335,13.095177028087484],[-7.554869871733947,13.094649348842418],[-7.555180271289869,13.09467418080689],[-7.5551431,13.094962099999996],[-7.555900398259608,13.094779716655905],[-7.556111469957634,13.094773508664787],[-7.5561491335762385,13.0950545372036],[-7.556533613353688,13.095841283137156],[-7.5565768,13.0965468],[-7.555912800000001,13.096934499999998],[-7.555592500000001,13.097440900000002],[-7.555108699999999,13.0976094],[-7.554894703698421,13.096865601671698]]]}},{"id":"157","type":"Feature","properties":{"id":"160","date_realisation":"2025-10-06","commune":"Koula","village":"Noumoubougou","surface_ha":5.0155,"technologie":"Cordon pierreux","type_beneficiaire":"Propriétaire individuel (appartenant à un ménage)"},"geometry":{"type":"Polygon","coordinates":[[[-7.572087400000001,13.091590599999998],[-7.5726126,13.091963899999998],[-7.5728722,13.092760700000001],[-7.5726382,13.093423299999996],[-7.571973800000001,13.0934856],[-7.5704038,13.093452299999997],[-7.5702362,13.092912199999999],[-7.5702903,13.0922264],[-7.570601100000001,13.091775299999997],[-7.572087400000001,13.091590599999998]]]}},{"id":"158","type":"Feature","properties":{"id":"161","date_realisation":"2025-10-11","commune":"Doumba","village":"Babougou","surface_ha":44.2846,"technologie":"Cordon pierreux Demi-lune + Demi-lune + Cordon pierreux","type_beneficiaire":"Propriétaire individuel (appartenant à un ménage)"},"geometry":{"type":"Polygon","coordinates":[[[-7.555725399999999,13.1358762],[-7.5624042,13.1427357],[-7.5606297,13.144081999999996],[-7.5580613,13.1446706],[-7.554509100000001,13.142427200000002],[-7.555240500000001,13.136257000000002],[-7.555725399999999,13.1358762]]]}},{"id":"159","type":"Feature","properties":{"id":"162","date_realisation":"2025-10-11","commune":"Doumba","village":"Babougou","surface_ha":1.0888,"technologie":"Cordon pierreux Demi-lune + Demi-lune + Cordon pierreux","type_beneficiaire":"Terres collectives/communautaires pour le village"},"geometry":{"type":"Polygon","coordinates":[[[-7.566741399999999,13.135507799999997],[-7.566962499999999,13.136456999999998],[-7.565837300000002,13.136324699999998],[-7.5661874000000005,13.1351494],[-7.566741399999999,13.135507799999997]]]}},{"id":"160","type":"Feature","properties":{"id":"163","date_realisation":"2025-10-11","commune":"Doumba","village":"Babougou","surface_ha":1.1391,"technologie":"Cordon pierreux Demi-lune + Demi-lune + Cordon pierreux + Compostage","type_beneficiaire":"Terres collectives/communautaires pour le village"},"geometry":{"type":"Polygon","coordinates":[[[-7.566005400000001,13.137869799999999],[-7.566416399999999,13.139068999999997],[-7.5658154,13.139019299999998],[-7.564914300000001,13.138160300000003],[-7.566005400000001,13.137869799999999]]]}},{"id":"161","type":"Feature","properties":{"id":"164","date_realisation":"2025-10-10","commune":"Koula","village":"Bouana","surface_ha":4.3406,"technologie":"Cordon pierreux","type_beneficiaire":"Terres collectives/communautaires pour le village"},"geometry":{"type":"Polygon","coordinates":[[[-7.7260412193293995,13.082370726055787],[-7.726047300464866,13.082160926882178],[-7.726306414600591,13.082004450029585],[-7.726511669718937,13.08206042869822],[-7.726586307943787,13.082172386035499],[-7.7268778,13.082392899999999],[-7.727034137292899,13.083497214526627],[-7.727332690192307,13.083702469644967],[-7.7275847,13.084754999999998],[-7.72722073285503,13.085045957692305],[-7.726996818180473,13.085157915029583],[-7.726772903505917,13.08515791502958],[-7.72654898883136,13.08497131946745],[-7.726474350606508,13.08467276656804],[-7.726106,13.0845866],[-7.725720866369132,13.08410651287529],[-7.7257093088017745,13.082993406508871],[-7.725914563920117,13.08297474695266],[-7.726138478594674,13.082489598491122],[-7.7260412193293995,13.082370726055787]]]}},{"id":"162","type":"Feature","properties":{"id":"165","date_realisation":"2025-10-10","commune":"Koula","village":"Siramansoni","surface_ha":0.5973,"technologie":"Demi-lune","type_beneficiaire":"Propriétaire individuel (appartenant à un ménage)"},"geometry":{"type":"Polygon","coordinates":[[[-7.699330228309367,13.083190880510054],[-7.699628414942582,13.083041787193446],[-7.699821599999999,13.0830652],[-7.7001798,13.083566599999997],[-7.700059720608479,13.083696732834257],[-7.6995633,13.0838415],[-7.699473996864668,13.08382452710563],[-7.699362176877213,13.083744655686022],[-7.699287630218908,13.083563613801571],[-7.699330228309367,13.083190880510054]]]}},{"id":"163","type":"Feature","properties":{"id":"166","date_realisation":"2025-10-11","commune":"Koula","village":"Bouana","surface_ha":2.2744,"technologie":"RNA Demi-lune + Demi-lune + Enrichissement","type_beneficiaire":"Terres collectives/communautaires pour le village"},"geometry":{"type":"Polygon","coordinates":[[[-7.731848100000001,13.0875377],[-7.7318936293570015,13.087847866877645],[-7.732127483667358,13.088027754808683],[-7.732078800000001,13.088481599999996],[-7.731911618150107,13.088639373774228],[-7.731623797460442,13.088639373774225],[-7.731461898322501,13.088459485843185],[-7.731030167288,13.08838753067077],[-7.730886256943167,13.088459485843185],[-7.730616425046604,13.088423508256978],[-7.730166705218999,13.087703956532811],[-7.7299117,13.087444],[-7.73013072763279,13.087092337567267],[-7.730274637977622,13.086984404808641],[-7.7305984362535005,13.087020382394849],[-7.730490503494873,13.087236247912099],[-7.7305984362535005,13.087344180670724],[-7.730760335391438,13.087344180670724],[-7.730778324184541,13.087506079808662],[-7.731138100046627,13.087524068601768],[-7.73140793194319,13.087596023774184],[-7.731848100000001,13.0875377]]]}},{"id":"164","type":"Feature","properties":{"id":"167","date_realisation":"2025-10-11","commune":"Koula","village":"Bouana","surface_ha":8.9664,"technologie":"Demi-lune","type_beneficiaire":"Terres collectives/communautaires pour le village"},"geometry":{"type":"Polygon","coordinates":[[[-7.7357612198744095,13.088477474636292],[-7.735141386512184,13.088504738038479],[-7.735018878762474,13.088198468664203],[-7.735018878762474,13.087749273581935],[-7.73550937677095,13.086498707394826],[-7.736192950908911,13.086408763429308],[-7.736300883667536,13.086300830670682],[-7.7369125026330785,13.08649870739483],[-7.737236300908957,13.08642675222241],[-7.737632054357247,13.086534684981038],[-7.7380278078055404,13.086480718601726],[-7.738216700000001,13.086591699999998],[-7.738315628495207,13.086912449636225],[-7.7385854603917705,13.087218259118996],[-7.738495516426249,13.087560046187976],[-7.7391071353917935,13.088189653946623],[-7.739155,13.088492099999998],[-7.738855292288334,13.088621384981124],[-7.738423561253833,13.088675351360438],[-7.738135740564166,13.08829758670525],[-7.737146356943435,13.088621384981126],[-7.736984457805495,13.088873228084584],[-7.736660659529619,13.089161048774248],[-7.7362322,13.0886674],[-7.736049040564077,13.088549429808708],[-7.73597708539166,13.088333564291457],[-7.7357612198744095,13.088477474636292]]]}},{"id":"165","type":"Feature","properties":{"id":"168","date_realisation":"2025-06-25","commune":"Koula","village":"Kabana 1","surface_ha":25.1571,"technologie":"Cordon pierreux Demi-lune + RNA + Cordon pierreux","type_beneficiaire":"Terres collectives/communautaires pour le village"},"geometry":{"type":"Polygon","coordinates":[[[-7.637701785086671,13.13107618106264],[-7.639421998072242,13.130810747604947],[-7.639830357237942,13.130933255354657],[-7.639993620075284,13.131423043866684],[-7.6397652,13.131561000000001],[-7.63931988908042,13.131718707758731],[-7.638420787356282,13.131894142241492],[-7.6372459,13.1326344],[-7.6367729,13.1330457],[-7.636853600000001,13.1338139],[-7.636249785632142,13.134043214655287],[-7.6350183000000005,13.134061199999998],[-7.6339944,13.134343099999997],[-7.633399,13.132448799999999],[-7.6325681,13.1323742],[-7.6299019,13.132813799999997],[-7.629616700000001,13.130726699999999],[-7.630201513223789,13.130238666534417],[-7.630616753561781,13.130116537023243],[-7.631035977396872,13.130116537023243],[-7.631829370129344,13.130823352272737],[-7.633556939554793,13.130841374542337],[-7.635721243133002,13.131045554125187],[-7.637701785086671,13.13107618106264]]]}},{"id":"166","type":"Feature","properties":{"id":"169","date_realisation":"2026-02-16","commune":"Koula","village":"Monzona","surface_ha":1.5642,"technologie":"Cordon pierreux","type_beneficiaire":"Propriétaire individuel (appartenant à un ménage)"},"geometry":{"type":"Polygon","coordinates":[[[-7.444520487810119,13.185586542352173],[-7.4447049,13.1865401],[-7.4438653323823125,13.186652775695464],[-7.4434604,13.186791399999997],[-7.443175,13.1858256],[-7.444289256482659,13.185586542352173],[-7.444520487810119,13.185586542352173]]]}},{"id":"167","type":"Feature","properties":{"id":"170","date_realisation":"2026-02-16","commune":"Koula","village":"Monzona","surface_ha":0.7397,"technologie":"Cordon pierreux","type_beneficiaire":"Propriétaire individuel (appartenant à un ménage)"},"geometry":{"type":"Polygon","coordinates":[[[-7.4458551,13.1859251],[-7.446383184614666,13.185792081309916],[-7.446691493051281,13.185766388940198],[-7.446704339236139,13.18621600541026],[-7.44659514666484,13.186370159628568],[-7.446563031202691,13.186562852401453],[-7.446428146261672,13.186794083728914],[-7.446383184614666,13.186806929913772],[-7.446286838228223,13.18658212167874],[-7.445901452682456,13.186550006216594],[-7.4458551,13.1859251]]]}},{"id":"168","type":"Feature","properties":{"id":"171","date_realisation":"2026-02-16","commune":"Koula","village":"Monzona","surface_ha":9.493,"technologie":"Cordon pierreux","type_beneficiaire":"Propriétaire individuel (appartenant à un ménage)"},"geometry":{"type":"Polygon","coordinates":[[[-7.4538158999999995,13.178132599999998],[-7.454111200000001,13.180322699999994],[-7.452883354153292,13.180724261383059],[-7.4511765,13.1811389],[-7.4507251950969895,13.179696566594345],[-7.4506994,13.178801900000003],[-7.4518299669948584,13.178309178629574],[-7.453371509177933,13.178052254932402],[-7.4538158999999995,13.178132599999998]]]}},{"id":"169","type":"Feature","properties":{"id":"172","date_realisation":"2026-02-16","commune":"Koula","village":"Wolokorodji","surface_ha":12.0849,"technologie":"RNA","type_beneficiaire":"Propriétaire individuel (appartenant à un ménage)"},"geometry":{"type":"Polygon","coordinates":[[[-7.441415353443157,13.130591826169304],[-7.440948643039297,13.13075344261844],[-7.43998129706134,13.13079213645756],[-7.438784780964544,13.13082168006489],[-7.437760571995329,13.13078864106588],[-7.436790587469883,13.129447902324124],[-7.43688725403917,13.128323026424193],[-7.437386211002308,13.128302537325636],[-7.438666606535229,13.128413876067631],[-7.440741532611821,13.128456511534957],[-7.4411723,13.128638000000002],[-7.441471359167733,13.130378222940688],[-7.441415353443157,13.130591826169304]]]}},{"id":"170","type":"Feature","properties":{"id":"173","date_realisation":"2026-02-16","commune":"Koula","village":"Wolokorodji","surface_ha":3.4536,"technologie":"RNA","type_beneficiaire":"Propriétaire individuel (appartenant à un ménage)"},"geometry":{"type":"Polygon","coordinates":[[[-7.434412327079953,13.126656031431594],[-7.434715149055069,13.126567400609613],[-7.434962926275067,13.127014362487799],[-7.435515312224004,13.127194209075823],[-7.435675316293238,13.127195202265337],[-7.435939236324347,13.127624556268596],[-7.435952082509206,13.128035634184085],[-7.436125856304996,13.12805935277969],[-7.436298929500397,13.128221903864544],[-7.4363351,13.128345699999999],[-7.436192329421484,13.128502506889612],[-7.434827,13.128489700000001],[-7.43383246200748,13.128292557881265],[-7.433729692528607,13.128157672940246],[-7.434050847150083,13.127553902251874],[-7.4340541,13.1274595],[-7.434404941178122,13.12745370882946],[-7.434375397570794,13.126766819959077],[-7.434412327079953,13.126656031431594]]]}},{"id":"171","type":"Feature","properties":{"id":"174","date_realisation":"2026-02-16","commune":"Koula","village":"Wolokorodji","surface_ha":6.4353,"technologie":"RNA","type_beneficiaire":"Propriétaire individuel (appartenant à un ménage)"},"geometry":{"type":"Polygon","coordinates":[[[-7.441726442603301,13.1322234904481],[-7.442648295250699,13.132690251282222],[-7.443253251572946,13.133369816196954],[-7.443275100000001,13.1352245],[-7.4428044351489575,13.135258197608444],[-7.442224622831791,13.135191155169785],[-7.441214742667292,13.134078862772835],[-7.440765876816049,13.133746585454382],[-7.44063664857162,13.133423514843308],[-7.440814363478316,13.133251185236814],[-7.440942825326905,13.132917184430482],[-7.441007056251199,13.132390490851266],[-7.441726442603301,13.1322234904481]]]}},{"id":"172","type":"Feature","properties":{"id":"175","date_realisation":"2026-02-16","commune":"Koula","village":"Wolokorodji","surface_ha":6.7268,"technologie":"Cordon pierreux","type_beneficiaire":"Propriétaire individuel (appartenant à un ménage)"},"geometry":{"type":"Polygon","coordinates":[[[-7.4515139,13.135428200000002],[-7.452337910826406,13.136287247420627],[-7.452576199999999,13.1368386],[-7.452278823611749,13.137188327444143],[-7.451303884569914,13.137439448106432],[-7.449579,13.137604999999999],[-7.448851765161665,13.137188327444143],[-7.448137900000001,13.136901599999998],[-7.448733590732353,13.136553139886582],[-7.4490290268056345,13.136198616598644],[-7.4502550865097605,13.135991811347344],[-7.4508902740673175,13.135785006096048],[-7.4515139,13.135428200000002]]]}},{"id":"173","type":"Feature","properties":{"id":"176","date_realisation":"2026-02-16","commune":"Koula","village":"Wolokorodji","surface_ha":2.3737,"technologie":"RNA","type_beneficiaire":"Propriétaire individuel (appartenant à un ménage)"},"geometry":{"type":"Polygon","coordinates":[[[-7.468022311513537,13.142238469118022],[-7.468704600000001,13.141350700000002],[-7.469278300490398,13.141026813768143],[-7.469795834419415,13.140850243368826],[-7.4701307093146605,13.140679761603975],[-7.470292100000001,13.1407059],[-7.470399300000001,13.1410308],[-7.469387895910661,13.141824424882273],[-7.4691443505323,13.142110590701844],[-7.468888627885022,13.14232369290791],[-7.468383271224926,13.142555061017347],[-7.467648,13.1427822],[-7.467593491060558,13.142532027419653],[-7.467623034667887,13.14239538823576],[-7.467804520823892,13.14236682381996],[-7.468022311513537,13.142238469118022]]]}},{"id":"174","type":"Feature","properties":{"id":"177","date_realisation":"2026-02-16","commune":"Koula","village":"Niamakorobougou","surface_ha":15.7909,"technologie":"Cordon pierreux","type_beneficiaire":"Propriétaire individuel (appartenant à un ménage)"},"geometry":{"type":"Polygon","coordinates":[[[-7.4712189,13.121883900000002],[-7.472806212377503,13.122279721757002],[-7.473595956154972,13.123069465534467],[-7.474214944521098,13.123816520459105],[-7.47474855518155,13.125203908176276],[-7.474878500000001,13.125968499999999],[-7.4725033000000005,13.126678299999998],[-7.4710741,13.1254938],[-7.47082118072062,13.123965931444026],[-7.471098658264056,13.12215165519849],[-7.4712189,13.121883900000002]]]}},{"id":"175","type":"Feature","properties":{"id":"178","date_realisation":"2026-02-16","commune":"Koula","village":"Niamakorobougou","surface_ha":12.2993,"technologie":"Cordon pierreux","type_beneficiaire":"Propriétaire individuel (appartenant à un ménage)"},"geometry":{"type":"Polygon","coordinates":[[[-7.467923674834365,13.125059833297957],[-7.468628040906163,13.126116382405657],[-7.468916190662806,13.126415204375508],[-7.46954585124214,13.126116382405653],[-7.470026100836546,13.125604116171619],[-7.4710741,13.1254938],[-7.4725033000000005,13.126678299999998],[-7.471957514380325,13.12696848389634],[-7.470356939446026,13.1275891478285],[-7.469108290500567,13.127802592092683],[-7.468041069179663,13.127887969798355],[-7.467816952702272,13.127866625371936],[-7.467528802945627,13.127749231026637],[-7.4673367031078675,13.127535786762454],[-7.4671019144172694,13.126799404051033],[-7.4665915,13.124260699999999],[-7.467091242204059,13.124398156078996],[-7.467923674834365,13.125059833297957]]]}},{"id":"176","type":"Feature","properties":{"id":"179","date_realisation":"2026-02-16","commune":"Koula","village":"Niamakorobougou","surface_ha":8.0431,"technologie":"RNA","type_beneficiaire":"Propriétaire individuel (appartenant à un ménage)"},"geometry":{"type":"Polygon","coordinates":[[[-7.475175148581803,13.128934227503294],[-7.475484414278587,13.129323987011572],[-7.4761537838688925,13.12973069258543],[-7.476467286082071,13.130018775700242],[-7.476704531000152,13.130281439716692],[-7.476931700000001,13.1306974],[-7.476314771491875,13.131137216028344],[-7.475723200000001,13.131702299999999],[-7.474043998704523,13.13102706660209],[-7.473518670671629,13.130730510454486],[-7.473095019032198,13.130391589142944],[-7.47276457075344,13.130230601519955],[-7.4725867,13.1296645],[-7.473289898786335,13.129501920700138],[-7.475175148581803,13.128934227503294]]]}},{"id":"177","type":"Feature","properties":{"id":"180","date_realisation":"2026-02-16","commune":"Koula","village":"Niamakorobougou","surface_ha":7.9538,"technologie":"RNA","type_beneficiaire":"Propriétaire individuel (appartenant à un ménage)"},"geometry":{"type":"Polygon","coordinates":[[[-7.485133080366637,13.127932291376029],[-7.484819578153457,13.128017021703917],[-7.484302723153351,13.127949237441607],[-7.4841078433992125,13.127864507113722],[-7.484260357989408,13.127695046457948],[-7.484772183988337,13.127304846018289],[-7.485658408399531,13.126856216211872],[-7.48623457462916,13.126703701621679],[-7.486776848727631,13.126652863424946],[-7.487310649793315,13.126737593752832],[-7.487759720531113,13.12656813309706],[-7.488071400000001,13.1262682],[-7.488539239547667,13.12736459817919],[-7.4888376999999995,13.1285926],[-7.4881155879082355,13.12860166096633],[-7.487674990203227,13.128466092441709],[-7.48679379479321,13.128398308179401],[-7.4852476999999995,13.128500199999998],[-7.4852347567601,13.128211901458052],[-7.485133080366637,13.127932291376029]]]}},{"id":"178","type":"Feature","properties":{"id":"181","date_realisation":"2026-02-17","commune":"Koula","village":"Sirablé","surface_ha":3.6098,"technologie":"Cordon pierreux","type_beneficiaire":"Propriétaire individuel (appartenant à un ménage)"},"geometry":{"type":"Polygon","coordinates":[[[-7.5041705,13.035911800000001],[-7.503596069541019,13.035735579878732],[-7.503193700000001,13.0357539],[-7.503019969198117,13.035366284787127],[-7.503359720682393,13.034361802137969],[-7.5036664,13.033808199999998],[-7.5040539954546075,13.03381524540239],[-7.504984619085451,13.03403682245736],[-7.5053385,13.034185599999999],[-7.5051771,13.034917700000001],[-7.504659639404839,13.034982217891862],[-7.5043937469388835,13.035410600198125],[-7.504127854472929,13.035514002823772],[-7.5041705,13.035911800000001]]]}},{"id":"179","type":"Feature","properties":{"id":"182","date_realisation":"2026-02-16","commune":"Koula","village":"Niamakorobougou","surface_ha":7.2705,"technologie":"RNA","type_beneficiaire":"Propriétaire individuel (appartenant à un ménage)"},"geometry":{"type":"Polygon","coordinates":[[[-7.475175148581803,13.128934227503294],[-7.473626701839684,13.129412953855855],[-7.4725867,13.1296645],[-7.471999879544269,13.128764766847528],[-7.471144103232615,13.127273513076725],[-7.471957514380325,13.12696848389634],[-7.4725033000000005,13.126678299999998],[-7.473355564790448,13.127502284962024],[-7.4738385276593995,13.127739529880108],[-7.474287598397195,13.128171654552323],[-7.475278943233464,13.128832551109838],[-7.475175148581803,13.128934227503294]]]}},{"id":"180","type":"Feature","properties":{"id":"183","date_realisation":"2026-02-16","commune":"Koula","village":"Niamakorobougou","surface_ha":11.8904,"technologie":"RNA","type_beneficiaire":"Propriétaire individuel (appartenant à un ménage)"},"geometry":{"type":"Polygon","coordinates":[[[-7.48110609146153,13.136407691226559],[-7.481184647087134,13.136761191541783],[-7.481760813316763,13.138176188017484],[-7.481879435775803,13.138794719411052],[-7.4818457,13.1394416],[-7.480938929136266,13.139582711460395],[-7.480447493234524,13.139794537280105],[-7.479722000000001,13.139799599999996],[-7.479447675365467,13.139574238427606],[-7.477897110365147,13.13767627908295],[-7.4786793,13.1371546],[-7.480794887578858,13.135541074820216],[-7.48110609146153,13.136407691226559]]]}},{"id":"181","type":"Feature","properties":{"id":"184","date_realisation":"2025-12-24","commune":"Meguetan","village":"Tanabougou","surface_ha":0.2198,"technologie":"Cordon pierreux","type_beneficiaire":"Propriétaire individuel (appartenant à un ménage)"},"geometry":{"type":"Polygon","coordinates":[[[-7.582869458140307,12.946246492343453],[-7.583032500000001,12.9465946],[-7.582922162421641,12.946725622173762],[-7.582752442068215,12.946729807921663],[-7.582529275960788,12.94653876153994],[-7.582558023750607,12.946342318309513],[-7.5826103,12.946243999999998],[-7.582869458140307,12.946246492343453]]]}},{"id":"182","type":"Feature","properties":{"id":"185","date_realisation":"2025-12-24","commune":"Meguetan","village":"Tanabougou","surface_ha":1.0681,"technologie":"Cordon pierreux","type_beneficiaire":"Propriétaire individuel (appartenant à un ménage)"},"geometry":{"type":"Polygon","coordinates":[[[-7.582965284106368,12.946462100767091],[-7.583128188248675,12.946658543997517],[-7.583375500000001,12.946837],[-7.583516283411226,12.946857382877093],[-7.583531700000001,12.947006899999996],[-7.583621691973894,12.94714486077528],[-7.58398822629408,12.94745150386668],[-7.584431421387116,12.947650342746256],[-7.5844087,12.9476898],[-7.582774231086533,12.947916259802073],[-7.58305871442328,12.94730297361928],[-7.583032500000001,12.9465946],[-7.582965284106368,12.946462100767091]]]}},{"id":"183","type":"Feature","properties":{"id":"186","date_realisation":"2025-12-24","commune":"Meguetan","village":"Tanabougou","surface_ha":0.8316,"technologie":"Cordon pierreux","type_beneficiaire":"Propriétaire individuel (appartenant à un ménage)"},"geometry":{"type":"Polygon","coordinates":[[[-7.584674579775998,12.946912482807583],[-7.5847224927590275,12.947192773758308],[-7.584645831986177,12.94735807354976],[-7.58458,12.947754999999999],[-7.58398822629408,12.94745150386668],[-7.583568987692559,12.947092156493945],[-7.5835138877620745,12.946934043649946],[-7.583516283411226,12.946857382877093],[-7.5840967,12.946838300000001],[-7.5845583,12.946856699999998],[-7.584674579775998,12.946912482807583]]]}},{"id":"184","type":"Feature","properties":{"id":"187","date_realisation":"2025-12-24","commune":"Meguetan","village":"Tanabougou","surface_ha":3.5919,"technologie":"Cordon pierreux","type_beneficiaire":"Propriétaire individuel (appartenant à un ménage)"},"geometry":{"type":"Polygon","coordinates":[[[-7.58458,12.947754999999999],[-7.584645831986177,12.94735807354976],[-7.5847224927590275,12.947192773758308],[-7.584674579775998,12.946912482807583],[-7.5847296797064825,12.946888526316066],[-7.58482071437424,12.946943626246547],[-7.585756215367919,12.946948417544856],[-7.5859478673000424,12.94692446105334],[-7.58597661508986,12.946857382877095],[-7.586465327516775,12.946958000141462],[-7.586869999999999,12.9471067],[-7.586743222818354,12.947389216988741],[-7.5866617707472015,12.94776293825638],[-7.5866473968522925,12.948333102754448],[-7.586752805414962,12.948716406618693],[-7.586765,12.949095],[-7.58616347572368,12.948855354269485],[-7.5857274675781,12.948328311456144],[-7.585454363574824,12.948122285629113],[-7.584735668829362,12.947772520852986],[-7.58458,12.947754999999999]]]}},{"id":"185","type":"Feature","properties":{"id":"188","date_realisation":"2025-12-24","commune":"Meguetan","village":"Tanabougou","surface_ha":2.1733,"technologie":"Cordon pierreux","type_beneficiaire":"Propriétaire individuel (appartenant à un ménage)"},"geometry":{"type":"Polygon","coordinates":[[[-7.584728481881905,12.946383044345088],[-7.584714107986996,12.946799887297457],[-7.5845583,12.946856699999998],[-7.5834635,12.946876199999998],[-7.583128188248675,12.946658543997517],[-7.582965284106368,12.946462100767091],[-7.582788006069154,12.945987762235083],[-7.583037153580916,12.945944640550357],[-7.583094649160552,12.945575710581018],[-7.583257553302857,12.945336145665866],[-7.583386918357041,12.945273858787925],[-7.5836169006755885,12.945316980472652],[-7.583832509099228,12.945657162652171],[-7.5841517,12.94578],[-7.58411519569911,12.946323153116303],[-7.58455120384469,12.946323153116301],[-7.584728481881905,12.946383044345088]]]}},{"id":"186","type":"Feature","properties":{"id":"189","date_realisation":"2025-12-23","commune":"Koula","village":"Noumoubougou","surface_ha":2.1422,"technologie":"Cordon pierreux","type_beneficiaire":"Propriétaire individuel (appartenant à un ménage)"},"geometry":{"type":"Polygon","coordinates":[[[-7.565371636737437,13.088651064858883],[-7.565419549720468,13.089427255183983],[-7.563876751666872,13.090050123963383],[-7.563627604155112,13.090040541366779],[-7.563464700012806,13.089101446899374],[-7.565064993646039,13.088631899665673],[-7.565371636737437,13.088651064858883]]]}},{"id":"187","type":"Feature","properties":{"id":"191","date_realisation":"2025-11-02","commune":"Koula","village":"Kafola","surface_ha":4.2614,"technologie":"Cordon pierreux","type_beneficiaire":"Propriétaire individuel (appartenant à un ménage)"},"geometry":{"type":"Polygon","coordinates":[[[-7.715995681491811,13.106723842058154],[-7.716953941152431,13.106743007251366],[-7.717931366006261,13.106953824376705],[-7.718008026779112,13.107528780173071],[-7.716915610766005,13.109387803914673],[-7.716359820162847,13.109387803914673],[-7.716359820162847,13.108832013311513],[-7.716263994196784,13.108122901162659],[-7.715995681491811,13.106723842058154]]]}},{"id":"188","type":"Feature","properties":{"id":"192","date_realisation":"2025-12-24","commune":"Koula","village":"Sokindiarababougou","surface_ha":5.3303,"technologie":"Demi-lune","type_beneficiaire":"Propriétaire individuel (appartenant à un ménage)"},"geometry":{"type":"Polygon","coordinates":[[[-7.707582161671579,13.111112671303783],[-7.7076204920580045,13.112051765771197],[-7.707467170512306,13.112818373499687],[-7.707141362227694,13.113757467967096],[-7.7066813975905974,13.113680807194248],[-7.7062980937263506,13.113335833716429],[-7.70564647715713,13.112856703886113],[-7.705665642350342,13.112339243669378],[-7.705531485997855,13.111764287873008],[-7.705799798702829,13.111342653622335],[-7.706317258919563,13.11092101937166],[-7.706834719136296,13.110921019371663],[-7.707582161671579,13.111112671303783]]]}},{"id":"189","type":"Feature","properties":{"id":"193","date_realisation":"2025-12-24","commune":"Koula","village":"Sokindiarababougou","surface_ha":11.0369,"technologie":"Cordon pierreux Demi-lune + Demi-lune + Cordon pierreux","type_beneficiaire":"Propriétaire individuel (appartenant à un ménage)"},"geometry":{"type":"Polygon","coordinates":[[[-7.715439492004073,13.10926129841204],[-7.715544006521481,13.10927566465894],[-7.716283159389998,13.110326898382082],[-7.71637898535606,13.110691037053117],[-7.716622022226507,13.110760476158957],[-7.7167431240270945,13.11109350611058],[-7.716800619606732,13.111955939805133],[-7.716631303050157,13.112639546396105],[-7.715784864366476,13.112626721567567],[-7.714909379500868,13.112454866704628],[-7.714532591589355,13.112286209258526],[-7.713715023499538,13.11136181881555],[-7.713657527919902,13.11118933207664],[-7.713657527919902,13.110863523792027],[-7.713791684272389,13.110556880700635],[-7.713489421796582,13.110209278853452],[-7.713772519079177,13.10900450005043],[-7.714628303625065,13.1086202183702],[-7.715286569342953,13.108889508891151],[-7.715439492004073,13.10926129841204]]]}},{"id":"190","type":"Feature","properties":{"id":"194","date_realisation":"2025-12-24","commune":"Koula","village":"Sokindiarababougou","surface_ha":4.5586,"technologie":"Cordon pierreux","type_beneficiaire":"Propriétaire individuel (appartenant à un ménage)"},"geometry":{"type":"Polygon","coordinates":[[[-7.712855881177714,13.113050405873253],[-7.713331719635293,13.112780043113265],[-7.7138491798520255,13.112875869079328],[-7.714347474875549,13.113091348008416],[-7.714347474875549,13.11346999006891],[-7.714558292000885,13.113987450285643],[-7.714251648909487,13.114447414922742],[-7.714040831784151,13.1153098486173],[-7.713868345045238,13.11548233535621],[-7.7131209025099565,13.115348179003721],[-7.712545946713584,13.114313258570254],[-7.712718433452495,13.113949119899218],[-7.712718433452495,13.113489155262123],[-7.712855881177714,13.113050405873253]]]}},{"id":"191","type":"Feature","properties":{"id":"195","date_realisation":"2025-12-27","commune":"Koula","village":"Kafola","surface_ha":10.912,"technologie":"Cordon pierreux","type_beneficiaire":"Propriétaire individuel (appartenant à un ménage)"},"geometry":{"type":"Polygon","coordinates":[[[-7.728867197094097,13.100272788925478],[-7.728854120683198,13.100390476623573],[-7.7293636814778175,13.100663199302382],[-7.729543104292824,13.10142395203801],[-7.729866065359836,13.101746913105027],[-7.729879529242715,13.10213399973779],[-7.729548254482231,13.102295565809964],[-7.729468812320112,13.102411673585367],[-7.728548883045918,13.102507499551427],[-7.726690867998701,13.102343082367554],[-7.726344885826495,13.102392508392157],[-7.725789095223338,13.102392508392159],[-7.7254824521319385,13.102239186846457],[-7.725444121745514,13.100935953708012],[-7.725367460972665,13.100399328298069],[-7.72550161732515,13.100073520013458],[-7.72613406870116,13.10007352001346],[-7.728867197094097,13.100272788925478]]]}},{"id":"192","type":"Feature","properties":{"id":"196","date_realisation":"2025-12-27","commune":"Koula","village":"Kafola","surface_ha":5.78,"technologie":"RNA Demi-lune + RNA + Demi-lune","type_beneficiaire":"Propriétaire individuel (appartenant à un ménage)"},"geometry":{"type":"Polygon","coordinates":[[[-7.725674104064062,13.102718316676764],[-7.72598074715546,13.102718316676768],[-7.726555702951831,13.102948298995315],[-7.726862346043229,13.103542419984898],[-7.72693900681608,13.104174871360906],[-7.726670694111105,13.104481514452297],[-7.725923251575824,13.104577340418365],[-7.724275044959558,13.103829897883083],[-7.724102558220649,13.10325494208671],[-7.723604263197125,13.102852473029253],[-7.723489272037852,13.102488334358219],[-7.724466696891684,13.102354178005726],[-7.725233304620177,13.102450003971791],[-7.725674104064062,13.102718316676764]]]}},{"id":"193","type":"Feature","properties":{"id":"197","date_realisation":"2025-12-27","commune":"Koula","village":"Kafola","surface_ha":8.4459,"technologie":"Cordon pierreux Demi-lune + Demi-lune + Cordon pierreux","type_beneficiaire":"Propriétaire individuel (appartenant à un ménage)"},"geometry":{"type":"Polygon","coordinates":[[[-7.718515057175414,13.095953967993207],[-7.718704930092755,13.096467741769542],[-7.718257174290871,13.097735366441546],[-7.717969696392686,13.098214496271854],[-7.717835540040199,13.09873195648859],[-7.7174330709827395,13.098789452068228],[-7.716438536723149,13.09819315472644],[-7.716438536723149,13.097896998849569],[-7.716520208556289,13.097468221725585],[-7.716703970180854,13.097039444601599],[-7.716765224055709,13.096651503394185],[-7.716765224055709,13.09618189035363],[-7.716581462431144,13.095671441396506],[-7.716363235873244,13.095563709298302],[-7.715765699173263,13.095013909005388],[-7.715842359946113,13.094726431107205],[-7.715830559706002,13.094584828225862],[-7.7176232,13.0949152],[-7.718153645219092,13.09512015652282],[-7.718562004384792,13.095855203021078],[-7.718515057175414,13.095953967993207]]]}},{"id":"194","type":"Feature","properties":{"id":"198","date_realisation":"2026-01-07","commune":"Koula","village":"Wolongotoba Sokoro","surface_ha":5.0946,"technologie":"Cordon pierreux Demi-lune + Demi-lune + Cordon pierreux","type_beneficiaire":"Terres collectives/communautaires pour le village"},"geometry":{"type":"Polygon","coordinates":[[[-7.729547868742123,13.158886706683942],[-7.729581407830243,13.159375419110857],[-7.729734729375943,13.159720392588682],[-7.729629320813275,13.16072656523233],[-7.729782642358976,13.161636911909921],[-7.729485581864181,13.162671832343388],[-7.729044782420298,13.163725917970073],[-7.728833965294964,13.163735500566673],[-7.728191931322347,13.163352196702425],[-7.728057774969861,13.1631605447703],[-7.728479409220532,13.162748493116235],[-7.728824382698355,13.161799816052225],[-7.728934582559327,13.160688234845905],[-7.728915417366114,13.16022827020881],[-7.728627939467929,13.159959957503833],[-7.728532113501867,13.1595958188328],[-7.7287046002407775,13.159327506127825],[-7.729049573718601,13.15900169784322],[-7.729547868742123,13.158886706683942]]]}},{"id":"195","type":"Feature","properties":{"id":"199","date_realisation":"2026-01-07","commune":"Koula","village":"Wolongotoba Sokoro","surface_ha":3.0878,"technologie":"Cordon pierreux","type_beneficiaire":"Propriétaire individuel (appartenant à un ménage)"},"geometry":{"type":"Polygon","coordinates":[[[-7.7071852864218915,13.146742800797435],[-7.706698921320504,13.147159294265144],[-7.705996241933257,13.146726391590681],[-7.705354207960642,13.146103522811282],[-7.705402120943672,13.145758549333456],[-7.705689598841859,13.145365662872605],[-7.7059866593366495,13.145106932764234],[-7.706259866255647,13.14506553777651],[-7.706494536956779,13.145126097957446],[-7.706695771485508,13.145269836906541],[-7.706842435765683,13.145675320504672],[-7.707347388054728,13.145816044913095],[-7.70739530103776,13.145959783862189],[-7.7071365709293955,13.146371835516254],[-7.707117405736179,13.146601817834801],[-7.7071852864218915,13.146742800797435]]]}},{"id":"196","type":"Feature","properties":{"id":"200","date_realisation":"2026-01-07","commune":"Koula","village":"Wolongotoba Sokoro","surface_ha":3.7176,"technologie":"Cordon pierreux","type_beneficiaire":"Terres collectives/communautaires pour le village"},"geometry":{"type":"Polygon","coordinates":[[[-7.705533677216681,13.143251452066062],[-7.70584130618483,13.14385766209153],[-7.705593772875794,13.144531976967864],[-7.705306294977609,13.145049437184602],[-7.705009234482818,13.14523150652012],[-7.704635513215177,13.14512609795745],[-7.704194713771291,13.144752376689809],[-7.703863981680437,13.144350185441596],[-7.7039295463668145,13.143366715145925],[-7.7047025913914196,13.143085004880335],[-7.7053446253640345,13.14317124824979],[-7.705533677216681,13.143251452066062]]]}},{"id":"197","type":"Feature","properties":{"id":"201","date_realisation":"2026-01-10","commune":"Koula","village":"Dièni","surface_ha":2.9846,"technologie":"RNA","type_beneficiaire":"Propriétaire individuel (appartenant à un ménage)"},"geometry":{"type":"Polygon","coordinates":[[[-7.679672849056057,13.146980330400744],[-7.6803244656252785,13.14774693812924],[-7.6806694391031,13.148264398345974],[-7.681033577774135,13.148436885084886],[-7.681071908160559,13.148896849721979],[-7.680956917001285,13.149126832040528],[-7.681052742967348,13.149471805518356],[-7.680841925842012,13.149663457450478],[-7.680401126398127,13.149663457450474],[-7.679327875578234,13.147996085640994],[-7.679193719225748,13.14767027735639],[-7.679672849056057,13.146980330400744]]]}},{"id":"198","type":"Feature","properties":{"id":"202","date_realisation":"2026-01-10","commune":"Koula","village":"Dièni","surface_ha":28.697,"technologie":"Cordon pierreux Demi-lune + Demi-lune + Cordon pierreux","type_beneficiaire":"Terres collectives/communautaires pour le village"},"geometry":{"type":"Polygon","coordinates":[[[-7.66784792484402,13.148168572379909],[-7.6680071396712,13.146777590983806],[-7.6680448,13.1452046],[-7.66696632595625,13.143185622144692],[-7.667081317115524,13.142323188450135],[-7.668787019311428,13.141824893426612],[-7.669457801073859,13.142169866904434],[-7.6696111226195605,13.143511430429301],[-7.670186078415929,13.143626421588573],[-7.670454391120902,13.144603846442408],[-7.670971851337636,13.144776333181316],[-7.6706460430530266,13.147133651946438],[-7.670703538632663,13.148935180108408],[-7.670895190564787,13.149241823199803],[-7.671067677303697,13.1493951447455],[-7.670914355758,13.150008430928295],[-7.670703538632663,13.15035340440612],[-7.67010941764308,13.150410899985754],[-7.669783609358469,13.150909195009277],[-7.669572792233133,13.151349994453163],[-7.669189488368886,13.1515608115785],[-7.668537871799663,13.151349994453163],[-7.668231228708267,13.150794203850001],[-7.668212063515056,13.149490970711561],[-7.668461211026815,13.148302728732395],[-7.66784792484402,13.148168572379909]]]}},{"id":"199","type":"Feature","properties":{"id":"203","date_realisation":"2026-01-10","commune":"Koula","village":"Wolongotoba Sokoro","surface_ha":1.9634,"technologie":"Cordon pierreux","type_beneficiaire":"Terres collectives/communautaires pour le village"},"geometry":{"type":"Polygon","coordinates":[[[-7.685614058951892,13.143406021866639],[-7.685815293480623,13.143310195900575],[-7.686208179941476,13.14330061330397],[-7.686361501487178,13.14336769148021],[-7.686390249276995,13.14382765611731],[-7.686265675521114,13.144565516055986],[-7.686131519168629,13.144987150306658],[-7.686198597344871,13.145015898096478],[-7.686198597344871,13.145322541187873],[-7.686026110605959,13.145571688699635],[-7.685729050111167,13.145399201960723],[-7.685642806741712,13.145255463011633],[-7.685403241826557,13.144450524896714],[-7.685518232985831,13.143607256395368],[-7.685614058951892,13.143406021866639]]]}},{"id":"200","type":"Feature","properties":{"id":"204","date_realisation":"2026-01-11","commune":"Koula","village":"Wolongotoba Sokoro","surface_ha":2.7495,"technologie":"Cordon pierreux","type_beneficiaire":"Propriétaire individuel (appartenant à un ménage)"},"geometry":{"type":"Polygon","coordinates":[[[-7.6880806369765935,13.126134878787944],[-7.688685281164176,13.126502321453323],[-7.68895359386915,13.126770634158296],[-7.689471054085884,13.126828129737932],[-7.689777697177282,13.126923955703997],[-7.689720201597644,13.127364755147878],[-7.689566880051946,13.127479746307158],[-7.688991924255574,13.127575572273214],[-7.688915263482724,13.127882215364613],[-7.688742776743814,13.127978041330678],[-7.687957003822107,13.127518076693578],[-7.687477873991797,13.126866460124358],[-7.687401213218948,13.126693973385448],[-7.6880806369765935,13.126134878787944]]]}},{"id":"201","type":"Feature","properties":{"id":"205","date_realisation":"2026-01-07","commune":"Koula","village":"Koula-Marka","surface_ha":15.2179,"technologie":"RNA Demi-lune + RNA + Demi-lune","type_beneficiaire":"Terres collectives/communautaires pour le village"},"geometry":{"type":"Polygon","coordinates":[[[-7.647791226848149,13.100451865286509],[-7.648663566438427,13.100198093769341],[-7.6493535133940735,13.10023642415576],[-7.649755982451533,13.101060527463892],[-7.6490468703026755,13.101903795965237],[-7.648970209529825,13.102363760602334],[-7.649257687428012,13.102919551205494],[-7.649449339360135,13.103571167774714],[-7.649851808417595,13.104452766662485],[-7.649526000132984,13.104797740140308],[-7.648855218370552,13.10485523571994],[-7.648701896824852,13.104471931855699],[-7.64868273163164,13.10408862799145],[-7.648356923347029,13.103494507001862],[-7.647992784675994,13.103207029103677],[-7.647839463130296,13.102842890432642],[-7.647973619482782,13.102191273863424],[-7.647992784675994,13.101846300385603],[-7.647916123903143,13.101635483260269],[-7.647264507333924,13.101635483260267],[-7.646632055957915,13.101290509782444],[-7.646632055957915,13.100734719179282],[-7.646680265638464,13.100715435307066],[-7.646680265638464,13.099665608450987],[-7.646866865366069,13.098962271016166],[-7.646909926841672,13.09731158111811],[-7.647254418646483,13.096967089313296],[-7.646823803890468,13.096522120732082],[-7.646651557988062,13.096148921276868],[-7.647096526569278,13.095072384386834],[-7.647455372199289,13.095172861163233],[-7.648043879032511,13.096995796963695],[-7.647972109906509,13.098187164455336],[-7.648101294333313,13.099105809268167],[-7.647641971926896,13.100368945885814],[-7.647791226848149,13.100451865286509]]]}},{"id":"202","type":"Feature","properties":{"id":"207","date_realisation":"2026-01-21","commune":"Meguetan","village":"Fèya","surface_ha":3.1151,"technologie":"Cordon pierreux","type_beneficiaire":"Propriétaire individuel (appartenant à un ménage)"},"geometry":{"type":"Polygon","coordinates":[[[-7.656892,12.930458299999998],[-7.657203400000001,12.930359099999999],[-7.657565798685545,12.930588529488933],[-7.657920354759973,12.930693938051602],[-7.658214899999999,12.9308767],[-7.65808325890228,12.931105989705664],[-7.658064093709067,12.931297641637787],[-7.658552806135984,12.931575536939368],[-7.658744458068107,12.93215049273574],[-7.65861030171562,12.932332562071256],[-7.658064093709067,12.932524214003385],[-7.6578245287939115,12.932658370355869],[-7.657604129071971,12.932505048810174],[-7.657297485980571,12.931891762627375],[-7.657086668855235,12.931805519257917],[-7.65695251250275,12.931431797990275],[-7.656933347309537,12.931086824512454],[-7.656559626041896,12.930636442471961],[-7.656892,12.930458299999998]]]}},{"id":"203","type":"Feature","properties":{"id":"208","date_realisation":"2026-01-22","commune":"Meguetan","village":"Tièntiguila","surface_ha":1.5359,"technologie":"Cordon pierreux","type_beneficiaire":"Propriétaire individuel (appartenant à un ménage)"},"geometry":{"type":"Polygon","coordinates":[[[-7.558578174655955,12.943687939049616],[-7.558747699999999,12.944358999999999],[-7.558424853110256,12.94442579898829],[-7.5577531,12.944395099999998],[-7.557552836819093,12.943592113083554],[-7.557524089029275,12.943280678693851],[-7.557576793310609,12.943208809219307],[-7.557560023766549,12.942962057356695],[-7.5580966491764965,12.943057883322755],[-7.558278718512012,12.943196830973548],[-7.558578174655955,12.943687939049616]]]}},{"id":"204","type":"Feature","properties":{"id":"209","date_realisation":"2026-01-22","commune":"Meguetan","village":"Tièntiguila","surface_ha":0.6002,"technologie":"Cordon pierreux","type_beneficiaire":"Propriétaire individuel (appartenant à un ménage)"},"geometry":{"type":"Polygon","coordinates":[[[-7.558578174655955,12.943687939049616],[-7.558597339849166,12.943505869714098],[-7.559138756557415,12.943505869714096],[-7.559181878242144,12.944234147056166],[-7.5592824,12.9444443],[-7.55878899178129,12.94447371197132],[-7.558578174655955,12.943687939049616]]]}},{"id":"205","type":"Feature","properties":{"id":"210","date_realisation":"2026-01-26","commune":"Doumba","village":"Dibaro","surface_ha":11.1423,"technologie":"Cordon pierreux","type_beneficiaire":"Propriétaire individuel (appartenant à un ménage)"},"geometry":{"type":"Polygon","coordinates":[[[-7.624722941189459,13.05504379891873],[-7.624467510007792,13.054958655191507],[-7.623672810831711,13.054534815630932],[-7.624889144258464,13.052083876209652],[-7.625866569112296,13.052313858528205],[-7.627457280148922,13.052869649131361],[-7.628147227104569,13.053310448575246],[-7.627993905558869,13.054901159611871],[-7.625444934861624,13.05488199441866],[-7.624722941189459,13.05504379891873]]]}},{"id":"206","type":"Feature","properties":{"id":"211","date_realisation":"2026-02-04","commune":"Doumba","village":"Kossaba","surface_ha":85.2386,"technologie":"Cordon pierreux","type_beneficiaire":"Terres collectives/communautaires pour le village"},"geometry":{"type":"Polygon","coordinates":[[[-7.601066507657138,13.13061397266225],[-7.6011445494180245,13.130852433598298],[-7.601156384874868,13.131308098686775],[-7.600947184321517,13.131239986878708],[-7.600358677488297,13.131379936674415],[-7.60017387198884,13.13145170580042],[-7.600005214542737,13.131586272911674],[-7.599972918436032,13.13170469196957],[-7.600134398969539,13.131848230221578],[-7.600550659900353,13.131982797332835],[-7.600914888214816,13.132027653036586],[-7.60110114618468,13.131907097992789],[-7.601288087670029,13.132294993030943],[-7.601384619717969,13.13274693852811],[-7.601344704397058,13.1357878575647],[-7.5996390022011555,13.136075335462888],[-7.597454170174944,13.13582618795113],[-7.595940119911167,13.135557875246153],[-7.594454817437209,13.135414136297054],[-7.594138591749204,13.135548292649544],[-7.593831948657807,13.135826187951126],[-7.593314488441073,13.136535300099984],[-7.592183742041541,13.136822777998166],[-7.591602349591089,13.13704407417453],[-7.590420544266004,13.13716775147599],[-7.589800778747422,13.137173048617173],[-7.5888681636158015,13.136803612804956],[-7.588389033785491,13.136554465293194],[-7.588062027676306,13.13628615258822],[-7.586759992362439,13.136305317781435],[-7.586395853691405,13.136209491815372],[-7.586146706179643,13.135500379666514],[-7.586089210600007,13.134944589063354],[-7.585514254803635,13.1342354769145],[-7.58555258519006,13.133411373606364],[-7.586165871372856,13.13337304321994],[-7.589443119412172,13.132855583003206],[-7.591148821608073,13.132414783559321],[-7.591781272984081,13.132146470854346],[-7.593084506122524,13.131744001796887],[-7.593563635952832,13.131303202353005],[-7.593793618271381,13.130574925010935],[-7.594771043125213,13.1302107863399],[-7.595863459138316,13.130249116726322],[-7.598105786744166,13.130728246556632],[-7.601066507657138,13.13061397266225]]]}},{"id":"207","type":"Feature","properties":{"id":"212","date_realisation":"2026-02-05","commune":"Koula","village":"Tamani Bassala","surface_ha":30.359,"technologie":"Cordon pierreux RNA + RNA + Cordon pierreux","type_beneficiaire":"Terres collectives/communautaires pour le village"},"geometry":{"type":"Polygon","coordinates":[[[-7.837963825830606,13.113441692187152],[-7.838086730458886,13.113568633828766],[-7.8381988697182665,13.113515704098342],[-7.838221013824949,13.113252318536018],[-7.838482826961279,13.11306272971316],[-7.83915360872371,13.113177720872432],[-7.840073537997904,13.113484363963831],[-7.841261779977073,13.114461788817662],[-7.841990057319141,13.115190066159734],[-7.843427446810071,13.116397473332114],[-7.843810750674318,13.117125750674184],[-7.843695759515043,13.118122340721227],[-7.843312455650796,13.119176426347908],[-7.842929151786549,13.119808877723916],[-7.842545847922301,13.120077190428887],[-7.841204284397434,13.119981364462827],[-7.8406868241807,13.119847208110343],[-7.840533502634998,13.119310582700393],[-7.839939381645415,13.118793122483662],[-7.839287765076194,13.118064845141589],[-7.838866130825523,13.117087420287758],[-7.838348670608787,13.116186656206777],[-7.838134966676106,13.114805800026371],[-7.83769705403957,13.114289302078753],[-7.837963825830606,13.113441692187152]]]}},{"id":"208","type":"Feature","properties":{"id":"213","date_realisation":"2025-10-16","commune":"Koula","village":"Mamaribougou","surface_ha":7.6283,"technologie":"Demi-lune","type_beneficiaire":"Terres collectives/communautaires pour le village"},"geometry":{"type":"Polygon","coordinates":[[[-7.797130828795819,13.041818670178976],[-7.797075585543446,13.041945969847488],[-7.796832446600588,13.042084906386265],[-7.796490589184886,13.042031185935226],[-7.7960079675043525,13.041504689556465],[-7.795107203423371,13.040048134872325],[-7.794896386298036,13.03930069233704],[-7.794934716684459,13.038879058086367],[-7.795624663640106,13.03834243267642],[-7.79614212385684,13.03786330284611],[-7.796448766948238,13.037269181856527],[-7.796889566392122,13.037384173015802],[-7.797042887937821,13.03857241499497],[-7.7969662271649725,13.040028969679112],[-7.7965445929143,13.041006394532939],[-7.797130828795819,13.041818670178976]]]}},{"id":"209","type":"Feature","properties":{"id":"214","date_realisation":"2026-02-11","commune":"Doumba","village":"Dibaro","surface_ha":7.0434,"technologie":"Cordon pierreux","type_beneficiaire":"Propriétaire individuel (appartenant à un ménage)"},"geometry":{"type":"Polygon","coordinates":[[[-7.633130177339785,13.054767003259386],[-7.633168507726211,13.055533610987878],[-7.632766038668751,13.055974410431764],[-7.632133587292742,13.056204392750312],[-7.631424475143885,13.056204392750306],[-7.629852929300469,13.05561027176073],[-7.629488790629435,13.055188637510055],[-7.629757103334407,13.054287873429075],[-7.629987085652957,13.053847073985192],[-7.631060336472848,13.054057891110526],[-7.631826944201344,13.054517855747623],[-7.632497725963779,13.05457535132726],[-7.633130177339785,13.054767003259386]]]}},{"id":"210","type":"Feature","properties":{"id":"215","date_realisation":"2026-02-11","commune":"Doumba","village":"Dibaro","surface_ha":9.8192,"technologie":"Cordon pierreux","type_beneficiaire":"Propriétaire individuel (appartenant à un ménage)"},"geometry":{"type":"Polygon","coordinates":[[[-7.613741825259606,13.063461224281978],[-7.6122813235454565,13.06343969354418],[-7.6121449622060515,13.063568877970981],[-7.612175847515681,13.063796639989292],[-7.610342762610272,13.063697983296352],[-7.61017027587136,13.062835549601797],[-7.610131945484934,13.061647307622627],[-7.611262691884466,13.061513151270141],[-7.613543349876737,13.061417325304081],[-7.613984149320622,13.061455655690503],[-7.614233296832384,13.062279758998638],[-7.614118305673109,13.06295054076107],[-7.613907488547773,13.063333844625319],[-7.613781298278909,13.063371512874479],[-7.613741825259606,13.063461224281978]]]}},{"id":"211","type":"Feature","properties":{"id":"216","date_realisation":"2025-12-23","commune":"Koula","village":"Noumoubougou","surface_ha":16.6976,"technologie":"Cordon pierreux","type_beneficiaire":"Propriétaire individuel (appartenant à un ménage)"},"geometry":{"type":"Polygon","coordinates":[[[-7.574225127677503,13.087296959024304],[-7.574944363007538,13.087118799814116],[-7.575332831774945,13.087234290528745],[-7.575567519526419,13.087510735862747],[-7.57596998858388,13.087625727022017],[-7.577311552108748,13.08785570934057],[-7.57750320404087,13.088871464580823],[-7.57750320404087,13.089542246343258],[-7.576736596312376,13.089887219821081],[-7.575740006265333,13.090098036946417],[-7.5758933278110305,13.090730488322427],[-7.575912493004243,13.0909988010274],[-7.57572084107212,13.091439600471283],[-7.574680956026172,13.09145346560523],[-7.574178793728858,13.091280847315529],[-7.574091799649068,13.091132957379887],[-7.573823486944094,13.091037131413826],[-7.573430695360437,13.0911811549945],[-7.573074637343993,13.091084923098165],[-7.5729418880563255,13.090960470640978],[-7.572520253805653,13.090308854071752],[-7.572326397529912,13.089910371727173],[-7.572501970897551,13.089469065695008],[-7.573344357113785,13.089082281706162],[-7.57345934827306,13.08881396900119],[-7.574091799649068,13.088219848011605],[-7.574016363797005,13.087657946567665],[-7.574225127677503,13.087296959024304]]]}},{"id":"212","type":"Feature","properties":{"id":"217","date_realisation":"2026-01-16","commune":"Koula","village":"Tièssembougou","surface_ha":18.7963,"technologie":"Cordon pierreux","type_beneficiaire":"Propriétaire individuel (appartenant à un ménage)"},"geometry":{"type":"Polygon","coordinates":[[[-7.563368874046744,13.049333670983694],[-7.563753044667985,13.049669781380343],[-7.565059793998224,13.050609007461453],[-7.566032835903264,13.052150954385915],[-7.566281983415026,13.053300865978654],[-7.566271619865701,13.053715407951625],[-7.565412003778775,13.054815106868311],[-7.564866256732003,13.055060371995204],[-7.564307968514151,13.054661594696734],[-7.562947239796071,13.053013388080473],[-7.562563935931824,13.052246780351977],[-7.56229562322685,13.051825146101306],[-7.562084806101516,13.051231025111715],[-7.561203207213746,13.049697809654733],[-7.563368874046744,13.049333670983694]]]}},{"id":"213","type":"Feature","properties":{"id":"218","date_realisation":"2026-02-11","commune":"Doumba","village":"Doumba","surface_ha":12.5277,"technologie":"Cordon pierreux","type_beneficiaire":"Propriétaire individuel (appartenant à un ménage)"},"geometry":{"type":"Polygon","coordinates":[[[-7.602791676484595,13.083974757715046],[-7.603979918463762,13.08424307042002],[-7.605589794693603,13.084319731192867],[-7.606624715127071,13.08458804389784],[-7.607314662082716,13.084971347762085],[-7.607238001309867,13.086849536696901],[-7.605704785852877,13.087232840561148],[-7.604784856578681,13.08692619746975],[-7.604171570395885,13.08627458090053],[-7.603213310735268,13.085891277036282],[-7.602983328416719,13.085661294717733],[-7.602561694166047,13.084434722352139],[-7.602791676484595,13.083974757715046]]]}},{"id":"214","type":"Feature","properties":{"id":"219","date_realisation":"2026-02-11","commune":"Doumba","village":"Doumba","surface_ha":8.7992,"technologie":"Cordon pierreux","type_beneficiaire":"Propriétaire individuel (appartenant à un ménage)"},"geometry":{"type":"Polygon","coordinates":[[[-7.595377007773526,13.083974973054293],[-7.595547233450317,13.083898096942194],[-7.597846801948849,13.08450705344679],[-7.5978470566358025,13.085354651626332],[-7.5968887969751835,13.08569962510416],[-7.594780625721823,13.086772875924051],[-7.594244000311875,13.086849536696901],[-7.593592383742655,13.08558463394488],[-7.595377007773526,13.083974973054293]]]}},{"id":"215","type":"Feature","properties":{"id":"220","date_realisation":"2026-02-12","commune":"Doumba","village":"Dibaro","surface_ha":17.0212,"technologie":"Cordon pierreux","type_beneficiaire":"Propriétaire individuel (appartenant à un ménage)"},"geometry":{"type":"Polygon","coordinates":[[[-7.634471584852813,13.05947485929392],[-7.633326172002658,13.057622698281184],[-7.632342433552128,13.057007861749602],[-7.632572134722479,13.056677739674457],[-7.63339849004476,13.055936080045337],[-7.6339159502614935,13.055303628669328],[-7.634241758546104,13.054767003259386],[-7.634835879535688,13.054690342486534],[-7.6356024872641814,13.054728672872958],[-7.636254103833403,13.055016150771143],[-7.636484086151952,13.055341959055758],[-7.636714068470501,13.0561852275571],[-7.63654158173159,13.057220147990567],[-7.636599077311226,13.057680112627667],[-7.636599077311226,13.05846588554937],[-7.636234938640192,13.05932831924393],[-7.635525826491334,13.059462475596414],[-7.634471584852813,13.05947485929392]]]}},{"id":"216","type":"Feature","properties":{"id":"221","date_realisation":"2026-02-14","commune":"Koula","village":"Koula-Marka","surface_ha":6.3229,"technologie":"RNA","type_beneficiaire":"Propriétaire individuel (appartenant à un ménage)"},"geometry":{"type":"Polygon","coordinates":[[[-7.641687436109126,13.120091564323783],[-7.642569034996896,13.120973163211552],[-7.641802427268401,13.121624779780769],[-7.640614185289232,13.122506378668538],[-7.639924238333586,13.123541299102005],[-7.639080969832242,13.122544709054962],[-7.639042639445818,13.121816431712892],[-7.639809247174313,13.121356467075797],[-7.640882497994206,13.120513198574452],[-7.641687436109126,13.120091564323783]]]}},{"id":"217","type":"Feature","properties":{"id":"222","date_realisation":"2026-02-14","commune":"Doumba","village":"Fani","surface_ha":8.8783,"technologie":"Cordon pierreux","type_beneficiaire":"Propriétaire individuel (appartenant à un ménage)"},"geometry":{"type":"Polygon","coordinates":[[[-7.500200397218737,13.150065926507917],[-7.500507040310137,13.151369159646357],[-7.499548780649518,13.151905785056305],[-7.499127146398846,13.151944115442728],[-7.496405688962688,13.151484150805635],[-7.496252367416989,13.150564221531438],[-7.496482349735539,13.149835944189372],[-7.498053895578952,13.149797613802942],[-7.500200397218737,13.150065926507917]]]}},{"id":"218","type":"Feature","properties":{"id":"223","date_realisation":"2026-02-15","commune":"Doumba","village":"Fani","surface_ha":13.93,"technologie":"Cordon pierreux","type_beneficiaire":"Propriétaire individuel (appartenant à un ménage)"},"geometry":{"type":"Polygon","coordinates":[[[-7.545526079166012,13.144163046998509],[-7.546043539382745,13.144814663567729],[-7.54663766037233,13.145772923228348],[-7.54688680788409,13.147210312719277],[-7.5470401294297895,13.148724362983051],[-7.54663766037233,13.149260988393001],[-7.54590938303026,13.149490970711549],[-7.5451236101085515,13.149548466291186],[-7.545046949335702,13.149050171267668],[-7.544759471437517,13.148226067959534],[-7.544299506800421,13.147421129844616],[-7.543839542163324,13.146232887865448],[-7.543839542163322,13.145811253614774],[-7.5443953327664826,13.145006315499852],[-7.544759471437517,13.144297203350993],[-7.545526079166012,13.144163046998509]]]}},{"id":"219","type":"Feature","properties":{"id":"224","date_realisation":"2026-02-14","commune":"Doumba","village":"Fani","surface_ha":9.2941,"technologie":"Cordon pierreux","type_beneficiaire":"Propriétaire individuel (appartenant à un ménage)"},"geometry":{"type":"Polygon","coordinates":[[[-7.553815025230361,13.191865212904109],[-7.553358370656394,13.191943878073557],[-7.553404333845582,13.192463615674383],[-7.553464439554521,13.19258382709226],[-7.5541833,13.1925292],[-7.554139818726885,13.191830100093675],[-7.554524137379217,13.191788552131262],[-7.55502243240274,13.191922708483746],[-7.55534824068735,13.192880968144367],[-7.555386571073774,13.193302602395038],[-7.553987511969269,13.193532584713587],[-7.55203266226161,13.193762567032133],[-7.551668523590574,13.193360097974676],[-7.5514193760788135,13.191788552131262],[-7.551438541272026,13.190734466504578],[-7.552339305353008,13.190676970924939],[-7.552703444024042,13.19115610075525],[-7.553144243467927,13.191290257107738],[-7.55358504291181,13.19130942230095],[-7.553815025230361,13.191865212904109]]]}},{"id":"220","type":"Feature","properties":{"id":"225","date_realisation":"2026-02-14","commune":"Koula","village":"Tièssembougou","surface_ha":7.2561,"technologie":"Cordon pierreux","type_beneficiaire":"Propriétaire individuel (appartenant à un ménage)"},"geometry":{"type":"Polygon","coordinates":[[[-7.577445708461235,13.074325082932635],[-7.578212316189729,13.075379168559317],[-7.578327307349004,13.075781637616775],[-7.578806437179314,13.076088280708174],[-7.579017254304651,13.076797392857035],[-7.5789405935318,13.077104035948429],[-7.578327307349004,13.077372348653405],[-7.578058994644031,13.077755652517654],[-7.577599030006935,13.077851478483714],[-7.577196560949473,13.077851478483712],[-7.576774926698801,13.077755652517654],[-7.576717431119165,13.077027375175582],[-7.575797501844971,13.076989044789155],[-7.575375867594298,13.076759062470607],[-7.575644180299271,13.076529080152058],[-7.575931658197458,13.076471584572424],[-7.576295796868492,13.076241602253873],[-7.576717431119165,13.07614577628781],[-7.576870752664864,13.075934959162478],[-7.5771199001766245,13.075724142037139],[-7.577024074210563,13.075245012206826],[-7.576928248244501,13.075091690661132],[-7.576889917858075,13.074785047569733],[-7.57700490901735,13.074478404478334],[-7.57700490901735,13.074344248125849],[-7.577445708461235,13.074325082932635]]]}},{"id":"221","type":"Feature","properties":{"id":"226","date_realisation":"2026-02-15","commune":"Koula","village":"Noumoubougou","surface_ha":13.0156,"technologie":"Cordon pierreux","type_beneficiaire":"Propriétaire individuel (appartenant à un ménage)"},"geometry":{"type":"Polygon","coordinates":[[[-7.564279220724331,13.09803242693634],[-7.563319163054466,13.09546726181364],[-7.563426230841094,13.094824855093878],[-7.566102614393389,13.094599427850538],[-7.566979082077164,13.095283500189094],[-7.566922906114464,13.096171080399749],[-7.56684735661479,13.09625006396759],[-7.566732365455516,13.096710028604686],[-7.566579043909815,13.097840775004217],[-7.566349061591269,13.098147418095618],[-7.566023253306658,13.098358235220953],[-7.565429132317075,13.098549887153075],[-7.564796680941066,13.098473226380225],[-7.564279220724331,13.09803242693634]]]}},{"id":"222","type":"Feature","properties":{"id":"227","date_realisation":"2026-02-08","commune":"Koula","village":"Siramansoni","surface_ha":9.6798,"technologie":"RNA","type_beneficiaire":"Propriétaire individuel (appartenant à un ménage)"},"geometry":{"type":"Polygon","coordinates":[[[-7.692186326529183,13.079851800315897],[-7.693007032233571,13.077305270477149],[-7.69461690846341,13.077247774897515],[-7.695038542714083,13.077305270477153],[-7.695383516191906,13.077650243954974],[-7.69565182889688,13.078052713012436],[-7.695249359839418,13.078838485934142],[-7.694866055975171,13.079892571560825],[-7.694406091338074,13.080735840062166],[-7.692186326529183,13.079851800315897]]]}},{"id":"223","type":"Feature","properties":{"id":"228","date_realisation":"2026-02-10","commune":"Koula","village":"Bouana","surface_ha":4.8206,"technologie":"Cordon pierreux RNA + RNA + Cordon pierreux","type_beneficiaire":"Terres collectives/communautaires pour le village"},"geometry":{"type":"Polygon","coordinates":[[[-7.717029406454988,13.086026466681231],[-7.716789730602139,13.086047416791926],[-7.716631838524934,13.086176601218726],[-7.7165313617485305,13.08610483209273],[-7.716473946447727,13.086155070480928],[-7.716215577594118,13.086162247393533],[-7.715928501090108,13.086054593704528],[-7.715863908876705,13.086076124442327],[-7.715784962838104,13.08641343933454],[-7.715526593984493,13.086492385373141],[-7.715545436386665,13.086793863807904],[-7.7147595265296145,13.086830371503703],[-7.714539126807672,13.086753710730859],[-7.71449121382464,13.085785868473632],[-7.714567874597491,13.085594216541509],[-7.715075752217618,13.085239660467074],[-7.715334482325985,13.084904269585863],[-7.715919020718962,13.084885104392649],[-7.7170593497150985,13.084741365443556],[-7.71735,13.084965],[-7.717352240356401,13.085676850815965],[-7.717452236175952,13.085948772615934],[-7.717299291396758,13.086119185917932],[-7.717029406454988,13.086026466681231]]]}},{"id":"224","type":"Feature","properties":{"id":"229","date_realisation":"2026-02-16","commune":"Meguetan","village":"Tièntiguila","surface_ha":2.2074,"technologie":"Cordon pierreux","type_beneficiaire":"Propriétaire individuel (appartenant à un ménage)"},"geometry":{"type":"Polygon","coordinates":[[[-7.559795164424938,12.94439705119847],[-7.560017959796035,12.945252297945569],[-7.560305437694218,12.945961410094426],[-7.5600899,12.9461007],[-7.559634655931788,12.946057236060488],[-7.559021369748994,12.945865584128363],[-7.5588776307999,12.945405619491268],[-7.558781804833838,12.944773168115262],[-7.5588195,12.944565799999996],[-7.55878899178129,12.94447371197132],[-7.559795164424938,12.94439705119847]]]}},{"id":"225","type":"Feature","properties":{"id":"230","date_realisation":"2026-02-16","commune":"Meguetan","village":"Tièntiguila","surface_ha":0.7295,"technologie":"Cordon pierreux","type_beneficiaire":"Propriétaire individuel (appartenant à un ménage)"},"geometry":{"type":"Polygon","coordinates":[[[-7.560270120770625,12.944242322580452],[-7.559795164424938,12.94439705119847],[-7.5592824,12.9444443],[-7.559181878242144,12.944234147056166],[-7.559167504347234,12.943750225927555],[-7.559701734108029,12.943661586908947],[-7.559847868706273,12.943846051893615],[-7.559998564182259,12.943886609477477],[-7.560270120770625,12.944242322580452]]]}},{"id":"226","type":"Feature","properties":{"id":"231","date_realisation":"2025-12-17","commune":"Koula","village":"Tombougou","surface_ha":69.2234,"technologie":"Cordon pierreux Demi-lune + Demi-lune + Cordon pierreux","type_beneficiaire":"Terres collectives/communautaires pour le village"},"geometry":{"type":"Polygon","coordinates":[[[-7.781983837371189,13.075096481959434],[-7.7829238743901525,13.075391625640894],[-7.7832608,13.0780599],[-7.783246096231581,13.079418746601696],[-7.782347706067043,13.080521316349087],[-7.7799433,13.08222],[-7.7782533,13.084125],[-7.774425538252474,13.08497243125521],[-7.772261234674266,13.085503298170618],[-7.7694016,13.0853671],[-7.768837081338316,13.085504173267683],[-7.768453210963252,13.084832400111322],[-7.76941147062387,13.084027461996401],[-7.770523051830188,13.083759149291428],[-7.7726695534699735,13.08306920233578],[-7.774425538252474,13.081746393846185],[-7.778182442576908,13.07782614585547],[-7.780142566572265,13.076356052858952],[-7.781983837371189,13.075096481959434]]]}},{"id":"227","type":"Feature","properties":{"id":"232","date_realisation":"2026-02-15","commune":"Koula","village":"Nténénidié Koulibaly","surface_ha":54.9802,"technologie":"Cordon pierreux","type_beneficiaire":"Terres collectives/communautaires pour le village"},"geometry":{"type":"Polygon","coordinates":[[[-7.701612203985927,13.036253426616245],[-7.701995507850175,13.037824972459658],[-7.700500622779609,13.041159716078612],[-7.699197389641169,13.044609450856843],[-7.698929076936196,13.044954424334664],[-7.697472522252055,13.044954424334664],[-7.695709324476517,13.044724442016118],[-7.694827725588748,13.044724442016117],[-7.693601153223156,13.04395783428762],[-7.693409501291033,13.04372785196907],[-7.693409501291031,13.042692931535601],[-7.69452108249735,13.04154301994286],[-7.695134368680145,13.040431438736544],[-7.696859236069259,13.038399928256032],[-7.697817495729877,13.036981703958316],[-7.698852416163347,13.036291757002669],[-7.700308970847486,13.035985113911272],[-7.701612203985927,13.036253426616245]]]}},{"id":"228","type":"Feature","properties":{"id":"233","date_realisation":"2026-02-15","commune":"Koula","village":"Tombougou","surface_ha":6.3512,"technologie":"Cordon pierreux","type_beneficiaire":"Propriétaire individuel (appartenant à un ménage)"},"geometry":{"type":"Polygon","coordinates":[[[-7.760429420084844,13.077711656194516],[-7.760622998451832,13.077050263440638],[-7.760908849867822,13.07668274019151],[-7.762090366816739,13.076342219518244],[-7.762473670680986,13.077319644372073],[-7.762933635318085,13.078105417293783],[-7.763029461284146,13.078584547124091],[-7.762741983385961,13.078987016181548],[-7.762128697203165,13.079293659272949],[-7.760997950803635,13.079485311205072],[-7.760921290030786,13.079044511761184],[-7.761036281190059,13.078718703476577],[-7.760902124837571,13.078201243259842],[-7.760429420084844,13.077711656194516]]]}},{"id":"229","type":"Feature","properties":{"id":"234","date_realisation":"2026-02-15","commune":"Koula","village":"Tombougou","surface_ha":15.0105,"technologie":"Cordon pierreux","type_beneficiaire":"Propriétaire individuel (appartenant à un ménage)"},"geometry":{"type":"Polygon","coordinates":[[[-7.763665567372515,13.07472898578652],[-7.764624918275686,13.074191749280743],[-7.766977491085899,13.074368204617368],[-7.767609942461908,13.075767263721872],[-7.767379960143359,13.076208063165756],[-7.767421223077489,13.076373114902276],[-7.766625878187614,13.077254443023488],[-7.7658091598562144,13.077826145855468],[-7.764313529229379,13.077913765361657],[-7.76383439939907,13.077262148792437],[-7.763316939182334,13.07666802780285],[-7.763144452443424,13.076131402392905],[-7.763079618342802,13.076114489149266],[-7.7632211132162725,13.075652272562598],[-7.763665567372515,13.07472898578652]]]}},{"id":"230","type":"Feature","properties":{"id":"235","date_realisation":"2026-02-15","commune":"Koula","village":"Tombougou","surface_ha":8.2811,"technologie":"Cordon pierreux","type_beneficiaire":"Propriétaire individuel (appartenant à un ménage)"},"geometry":{"type":"Polygon","coordinates":[[[-7.777168863634236,13.075800338819949],[-7.775601828031468,13.075249803505134],[-7.775486432271747,13.072830726794237],[-7.77569765399753,13.07279665877395],[-7.776042627475353,13.072585841648614],[-7.776189823698096,13.072278067728332],[-7.77710561561491,13.07223375521623],[-7.777406560162079,13.072354133035097],[-7.778306316927822,13.073234746039866],[-7.7777483296712555,13.07408072671918],[-7.777480016966281,13.075000655993373],[-7.777168863634236,13.075800338819949]]]}},{"id":"231","type":"Feature","properties":{"id":"236","date_realisation":"2026-02-15","commune":"Koula","village":"Tombougou","surface_ha":2.6156,"technologie":"Cordon pierreux","type_beneficiaire":"Propriétaire individuel (appartenant à un ménage)"},"geometry":{"type":"Polygon","coordinates":[[[-7.770177927516988,13.082705063664749],[-7.770068993676672,13.081724659101903],[-7.770120582772728,13.081555152072005],[-7.770120582772728,13.081017998079385],[-7.77099907638715,13.08071993774592],[-7.771385485524747,13.081593482458429],[-7.771519641877233,13.082436750959772],[-7.770561382216613,13.082705063664749],[-7.770177927516988,13.082705063664749]]]}},{"id":"232","type":"Feature","properties":{"id":"237","date_realisation":"2026-02-16","commune":"Koula","village":"Fassombougou","surface_ha":55.7082,"technologie":"Cordon pierreux","type_beneficiaire":"Terres collectives/communautaires pour le village"},"geometry":{"type":"Polygon","coordinates":[[[-7.800689065946475,13.071809651323523],[-7.8032092888539,13.072097129221707],[-7.80466584353804,13.072825406563776],[-7.805317460107262,13.073707005451547],[-7.805125808175139,13.075048568976412],[-7.804359200446642,13.07646679327413],[-7.803554262331723,13.077616704866875],[-7.802251029193281,13.077731696026145],[-7.80048783141774,13.07727173138905],[-7.799759554075673,13.076581784433406],[-7.798341329777958,13.076965088297648],[-7.797229748571638,13.076888427524802],[-7.797114757412364,13.075853507091335],[-7.7958498546603465,13.075201890522115],[-7.7955432115689485,13.074511943566467],[-7.796003176206047,13.073592014292272],[-7.796054337526909,13.07357885852405],[-7.796271488911021,13.072058798835286],[-7.797996356300134,13.070755565696842],[-7.800114110150102,13.071656329777827],[-7.800689065946475,13.071809651323523]]]}},{"id":"233","type":"Feature","properties":{"id":"238","date_realisation":"2026-02-10","commune":"Koula","village":"Mamaribougou","surface_ha":44.9029,"technologie":"Cordon pierreux","type_beneficiaire":"Terres collectives/communautaires pour le village"},"geometry":{"type":"Polygon","coordinates":[[[-7.776272199851326,13.027934408957718],[-7.776493009515852,13.0277872025147],[-7.778371198450664,13.027538055002939],[-7.77938695369092,13.027461394230095],[-7.780191891805841,13.027748872128278],[-7.780805177988635,13.028879618527808],[-7.7804410393176004,13.029991199734127],[-7.77938695369092,13.031141111326866],[-7.777777077461081,13.032041875407849],[-7.776339687970152,13.032425179272098],[-7.775113115604561,13.03301930026168],[-7.773196596283322,13.032674326783859],[-7.772065849883792,13.032348518499246],[-7.771375902928147,13.031313598065777],[-7.7719316935313065,13.029607895869878],[-7.772602475293739,13.028553810243194],[-7.773963204011819,13.027844698094338],[-7.774160762283373,13.027891393685799],[-7.77482224588787,13.027548402187172],[-7.776272199851326,13.027934408957718]]]}},{"id":"234","type":"Feature","properties":{"id":"239","date_realisation":"2026-02-11","commune":"Koula","village":"Dioko Socoro","surface_ha":63.4387,"technologie":"Cordon pierreux Demi-lune + Demi-lune + Cordon pierreux","type_beneficiaire":"Terres collectives/communautaires pour le village"},"geometry":{"type":"Polygon","coordinates":[[[-7.850721861626726,13.000681218386946],[-7.8502712,13.001825],[-7.8497014459596866,13.003065791594892],[-7.8487291,13.0038536],[-7.847782157880897,13.00425003317542],[-7.847047111382638,13.00437254092513],[-7.8465483,13.00426],[-7.8464141546758075,13.00301474669919],[-7.8469554,13.0021046],[-7.847373798715202,13.000952532912406],[-7.848256415613811,13.000161303704546],[-7.848121124455696,12.999890721388319],[-7.8480031366895355,12.999858724705968],[-7.847198198574614,12.998632152340376],[-7.845933295822599,12.997328919201937],[-7.84457256710452,12.996983945724116],[-7.842924360488255,12.997348084395146],[-7.841493426729037,12.997849003253235],[-7.840962559813628,12.998706557501203],[-7.8397388,12.9996822],[-7.838716584402281,13.000380830080571],[-7.837981537904022,13.000299158247431],[-7.836141787144558,12.99952973539572],[-7.835337972933329,12.998036937574867],[-7.834763819925309,12.99740536926604],[-7.834936065827714,12.996946046859629],[-7.835912125941349,12.996658970355616],[-7.836601109550975,12.99694604685963],[-7.837232677859799,12.997405369266042],[-7.837175262558997,12.998438844680484],[-7.837577169664613,12.999185243590908],[-7.838291132655322,12.99896556267069],[-7.838248053344436,12.998900465045352],[-7.839397964937178,12.9966581374395],[-7.840547876529921,12.996140677222767],[-7.842483561044371,12.99543156507391],[-7.844265924013122,12.99529740872142],[-7.846450756039333,12.995642382199247],[-7.848022301882748,12.996140677222767],[-7.849268039441551,12.997098936883384],[-7.849518091673195,12.997364143795737],[-7.849677444308664,12.997434076916441],[-7.850036289938675,12.997175708062834],[-7.850036289938675,12.996371893851606],[-7.850438197044291,12.995740325542782],[-7.850840104149907,12.99568291024198],[-7.851873579564344,12.99568291024198],[-7.852275486669961,12.995912571445187],[-7.852562563173971,12.996601555054815],[-7.8523903172715634,12.997347953965242],[-7.851701333661938,12.997749861070856],[-7.8512276574303215,12.99793646079846],[-7.850481258519894,12.997678091944852],[-7.849978874637875,12.997735507245654],[-7.850513777000356,12.9992837689096],[-7.850444921480127,12.999377662800825],[-7.850553027645895,12.999701981298127],[-7.850721861626726,13.000681218386946]]]}},{"id":"235","type":"Feature","properties":{"id":"240","date_realisation":"2026-02-16","commune":"Koula","village":"Tamani Bassala","surface_ha":43.3582,"technologie":"Cordon pierreux","type_beneficiaire":"Terres collectives/communautaires pour le village"},"geometry":{"type":"Polygon","coordinates":[[[-7.845593113643066,13.12820323235094],[-7.845393256761456,13.129555043170427],[-7.844984897595756,13.130004238252697],[-7.844168179264358,13.130330925585257],[-7.8427797581009795,13.130412597418397],[-7.840411274939923,13.128697488922459],[-7.838894867844153,13.125577859389361],[-7.838904461211947,13.125347618562294],[-7.840495172248575,13.124044385423854],[-7.84151092748883,13.123086125763235],[-7.842124213671626,13.122798647865048],[-7.84327412526437,13.12304779537681],[-7.844270715311413,13.123641916366394],[-7.845209809778819,13.124044385423854],[-7.845746435188766,13.125347618562294],[-7.845382296517729,13.126114226290788],[-7.845152314199184,13.126765842860006],[-7.845075653426332,13.127781598100269],[-7.845593113643066,13.12820323235094]]]}},{"id":"236","type":"Feature","properties":{"id":"241","date_realisation":"2026-02-17","commune":"Meguetan","village":"Dogoni","surface_ha":6.1061,"technologie":"Cordon pierreux","type_beneficiaire":"Propriétaire individuel (appartenant à un ménage)"},"geometry":{"type":"Polygon","coordinates":[[[-7.692072729064428,12.967213213717784],[-7.6925326937015255,12.967826499900582],[-7.692724345633649,12.969014741879747],[-7.69274351082686,12.969474706516847],[-7.6931651450775345,12.970087992699645],[-7.693453899999999,12.970644199999999],[-7.69305015391826,12.971333730258449],[-7.6923410417694,12.971487051804145],[-7.6920406,12.971447099999997],[-7.691689425200181,12.9709504263942],[-7.69151693846127,12.970030497120007],[-7.691401947301996,12.968727263981563],[-7.691746920779819,12.968094812605557],[-7.691900242325517,12.96732820487706],[-7.692072729064428,12.967213213717784]]]}},{"id":"237","type":"Feature","properties":{"id":"242","date_realisation":"2026-02-17","commune":"Meguetan","village":"Fèya","surface_ha":9.2438,"technologie":"Cordon pierreux","type_beneficiaire":"Propriétaire individuel (appartenant à un ménage)"},"geometry":{"type":"Polygon","coordinates":[[[-7.650462000000001,12.9013143],[-7.650838815868,12.90231986950068],[-7.651128500000002,12.9036057],[-7.650253899999999,12.903933799999999],[-7.648711479421427,12.903987241310158],[-7.648270679977541,12.903833919764462],[-7.64761906340832,12.903699763411971],[-7.647336400000001,12.9039176],[-7.647024942418737,12.902798999330994],[-7.647101603191586,12.902300704307468],[-7.648232349591116,12.902070721988922],[-7.650462000000001,12.9013143]]]}},{"id":"238","type":"Feature","properties":{"id":"243","date_realisation":"2026-02-17","commune":"Meguetan","village":"Fèya","surface_ha":3.6596,"technologie":"Cordon pierreux","type_beneficiaire":"Propriétaire individuel (appartenant à un ménage)"},"geometry":{"type":"Polygon","coordinates":[[[-7.644140580840275,12.91933856107327],[-7.644217241613125,12.919769777920548],[-7.643893300000001,12.920376099999999],[-7.643513400000001,12.9208993],[-7.643006000000001,12.920913800000001],[-7.642731939139167,12.921034680672562],[-7.642252809308856,12.920680124598135],[-7.642147400746189,12.920478890069406],[-7.642176148536009,12.919856021290004],[-7.64279901731541,12.919348143669875],[-7.642885260684865,12.919118161351326],[-7.6428756780882585,12.918984004998837],[-7.643564,12.9189134],[-7.643757276976027,12.91917565693096],[-7.644016007084395,12.919118161351326],[-7.644140580840275,12.91933856107327]]]}},{"id":"239","type":"Feature","properties":{"id":"244","date_realisation":"2026-02-17","commune":"Meguetan","village":"Fèya","surface_ha":23.4133,"technologie":"Cordon pierreux","type_beneficiaire":"Propriétaire individuel (appartenant à un ménage)"},"geometry":{"type":"Polygon","coordinates":[[[-7.6556075,12.933053600000001],[-7.655888844279462,12.934498228904253],[-7.655505540415216,12.936338087452642],[-7.6553846000000005,12.937500399999996],[-7.65473893268672,12.93817794600103],[-7.653359038775428,12.93817794600103],[-7.652028200000001,12.9372856],[-7.651864153704864,12.935686470883423],[-7.6518881,12.933803200000002],[-7.652745752592632,12.933769951562185],[-7.653359038775428,12.933463308470788],[-7.653359038775428,12.932888352674414],[-7.653129056456881,12.932313396878044],[-7.653550690707552,12.931776771468096],[-7.654355628822471,12.931470128376697],[-7.654968915005266,12.93235172726447],[-7.6556075,12.933053600000001]]]}},{"id":"240","type":"Feature","properties":{"id":"245","date_realisation":"2026-02-11","commune":"Doumba","village":"Kossaba","surface_ha":22.2808,"technologie":"Cordon pierreux","type_beneficiaire":"Terres collectives/communautaires pour le village"},"geometry":{"type":"Polygon","coordinates":[[[-7.602029095915756,13.131334214888001],[-7.602181972848279,13.131069410201308],[-7.6031749803488395,13.131101967824277],[-7.6035007886334505,13.130737829153242],[-7.604784856578679,13.130201203743292],[-7.605340647181838,13.129760404299406],[-7.605589794693598,13.129492091594436],[-7.607084679764164,13.12922377888946],[-7.60769796594696,13.130871985505726],[-7.608154613531386,13.131891426360063],[-7.607894058594584,13.13231778898392],[-7.607774626719809,13.132386035769503],[-7.605589794693598,13.13265434847448],[-7.605628125080023,13.13322930427085],[-7.604899847737953,13.133593442941887],[-7.603328301894537,13.133861755646858],[-7.601756756051122,13.13430255509074],[-7.60166093008506,13.133516782169032],[-7.602063399142524,13.131734419200283],[-7.602029095915756,13.131334214888001]]]}},{"id":"241","type":"Feature","properties":{"id":"246","date_realisation":"2026-02-14","commune":"Doumba","village":"Dombana","surface_ha":17.1248,"technologie":"Cordon pierreux","type_beneficiaire":"Propriétaire individuel (appartenant à un ménage)"},"geometry":{"type":"Polygon","coordinates":[[[-7.495916976535769,13.189565389718624],[-7.49664525387784,13.189182085854375],[-7.498542608005864,13.188875442762976],[-7.499500867666483,13.18887544276298],[-7.499730849985032,13.189162920661168],[-7.500075823462854,13.19008284993536],[-7.500669944452438,13.191884378097322],[-7.500689109645649,13.192421003507267],[-7.500382466554251,13.192861802951153],[-7.499596693632545,13.192957628917217],[-7.498389286460165,13.19291929853079],[-7.497737669890944,13.192995959303637],[-7.497411861606333,13.192535994666546],[-7.496779410230325,13.191405248267012],[-7.495916976535769,13.189565389718624]]]}},{"id":"242","type":"Feature","properties":{"id":"247","date_realisation":"2026-02-14","commune":"Doumba","village":"Dombana","surface_ha":2.9927,"technologie":"Cordon pierreux","type_beneficiaire":"Propriétaire individuel (appartenant à un ménage)"},"geometry":{"type":"Polygon","coordinates":[[[-7.498810920710836,13.182531763809685],[-7.498235964914466,13.18245510303684],[-7.497890991436643,13.182359277070775],[-7.497162714094574,13.182301781491136],[-7.497077100000001,13.182164299999998],[-7.4970136,13.181462300000002],[-7.497450191992757,13.180723048700264],[-7.497833495857004,13.180694300910444],[-7.498140138948404,13.180895535439177],[-7.498504277619438,13.181010526598453],[-7.498580938392288,13.181393830462701],[-7.4987739,13.181562899999998],[-7.498820503307443,13.182093360014951],[-7.4988890999999995,13.1822843],[-7.498810920710836,13.182531763809685]]]}},{"id":"243","type":"Feature","properties":{"id":"248","date_realisation":"2026-02-14","commune":"Doumba","village":"Dombana","surface_ha":7.2284,"technologie":"Cordon pierreux","type_beneficiaire":"Propriétaire individuel (appartenant à un ménage)"},"geometry":{"type":"Polygon","coordinates":[[[-7.498080151975828,13.18891425394453],[-7.49664525387784,13.189182085854375],[-7.495925718527665,13.189560528237067],[-7.49572393240535,13.188556965986086],[-7.4959654231620245,13.186061742724096],[-7.496512340619023,13.184794108701748],[-7.496856832423835,13.184894585478151],[-7.497014724501041,13.18511706976876],[-7.4971008474522405,13.185382615534966],[-7.496922810233807,13.186751879297244],[-7.497795165470581,13.188185495807334],[-7.498080151975828,13.18891425394453]]]}},{"id":"244","type":"Feature","properties":{"id":"248","date_realisation":"2026-02-14","commune":"Doumba","village":"Dombana","surface_ha":4.7567,"technologie":"Cordon pierreux","type_beneficiaire":"Propriétaire individuel (appartenant à un ménage)"},"geometry":{"type":"Polygon","coordinates":[[[-7.49705060906404,13.185791699553183],[-7.4971008474522405,13.185382615534966],[-7.496990227355662,13.185080734506935],[-7.4968281247734305,13.184887408565555],[-7.4965159290753185,13.18479410870175],[-7.496549427911778,13.184486613517349],[-7.4966644190710525,13.184179970425948],[-7.496932731776025,13.1837966665617],[-7.496971062162449,13.183298371538182],[-7.497162714094574,13.182301781491136],[-7.497890991436643,13.182359277070775],[-7.498235964914466,13.18245510303684],[-7.498810920710836,13.182531763809685],[-7.498120973755191,13.183624179822791],[-7.497910156629855,13.185176560472993],[-7.497584348345245,13.185214890859415],[-7.49705060906404,13.185791699553183]]]}},{"id":"245","type":"Feature","properties":{"id":"377","date_realisation":"2026-02-17","commune":"Koula","village":"Sirablé","surface_ha":8.5071,"technologie":"Cordon pierreux","type_beneficiaire":"Propriétaire individuel (appartenant à un ménage)"},"geometry":{"type":"Polygon","coordinates":[[[-7.5299894,13.0834167],[-7.530420103374028,13.083832301284591],[-7.530736305018841,13.084289036993765],[-7.530314702825757,13.084886306767302],[-7.5291841,13.0857059],[-7.5279783240057485,13.085922745491967],[-7.5269805,13.0857418],[-7.5269502,13.0847716],[-7.527170253135671,13.084043102381132],[-7.528312092408607,13.083428265849552],[-7.5299894,13.0834167]]]}},{"id":"246","type":"Feature","properties":{"id":"248","date_realisation":"2026-02-23","commune":"Meguetan","village":"Tanabougou","surface_ha":1.6578,"technologie":"RNA","type_beneficiaire":"Propriétaire individuel (appartenant à un ménage)"},"geometry":{"type":"Polygon","coordinates":[[[-7.589321443099458,12.944883636836728],[-7.589365359994571,12.945103221312293],[-7.5891949,12.9455233],[-7.5871169,12.9456772],[-7.5870679,12.9451157],[-7.587591117432008,12.945006604143044],[-7.589321443099458,12.944883636836728]]]}},{"id":"247","type":"Feature","properties":{"id":"248","date_realisation":"2026-02-23","commune":"Meguetan","village":"Tanabougou","surface_ha":1.3488,"technologie":"RNA","type_beneficiaire":"Propriétaire individuel (appartenant à un ménage)"},"geometry":{"type":"Polygon","coordinates":[[[-7.5899083,12.9466349],[-7.589980196526153,12.947518650543504],[-7.590147080727583,12.94753621730155],[-7.5901502,12.9477645],[-7.5891926,12.9478525],[-7.5891099,12.9477871],[-7.5890652,12.9468451],[-7.5891591,12.9464508],[-7.5899083,12.9466349]]]}},{"id":"248","type":"Feature","properties":{"id":"248","date_realisation":"2026-02-23","commune":"Meguetan","village":"Tanabougou","surface_ha":3.9629,"technologie":"RNA","type_beneficiaire":"Propriétaire individuel (appartenant à un ménage)"},"geometry":{"type":"Polygon","coordinates":[[[-7.591870818860767,12.948923991187112],[-7.591747851554446,12.95041716562095],[-7.5917809,12.9508501],[-7.591660017764224,12.950663100233584],[-7.590483044975198,12.950645533475539],[-7.590649929176627,12.949837462605462],[-7.590781679861966,12.949503694202603],[-7.590377644426927,12.949205059315835],[-7.590377644426927,12.948186187349215],[-7.591765418312495,12.948054436663876],[-7.591870818860767,12.948923991187112]]]}},{"id":"249","type":"Feature","properties":{"id":"248","date_realisation":"2026-02-23","commune":"Meguetan","village":"Tanabougou","surface_ha":0.7974,"technologie":"Cordon pierreux","type_beneficiaire":"Propriétaire individuel (appartenant à un ménage)"},"geometry":{"type":"Polygon","coordinates":[[[-7.590920018081572,12.944066782587626],[-7.59012951396954,12.944409334369508],[-7.589743045292546,12.94451473491778],[-7.589567377712094,12.94451473491778],[-7.589532244196004,12.943891115007176],[-7.5898241,12.9438147],[-7.590182214243676,12.943794497837926],[-7.590858534428414,12.943970165418378],[-7.590920018081572,12.944066782587626]]]}},{"id":"250","type":"Feature","properties":{"id":"248","date_realisation":"2026-02-24","commune":"Meguetan","village":"Dladiè","surface_ha":5.8315,"technologie":"Cordon pierreux","type_beneficiaire":"Propriétaire individuel (appartenant à un ménage)"},"geometry":{"type":"Polygon","coordinates":[[[-7.587956358965671,12.971768422036593],[-7.588241087479703,12.972450271899143],[-7.588399188302109,12.973109025325838],[-7.5883614,12.9742511],[-7.588557217285134,12.974520901760528],[-7.588214737342634,12.975094068984943],[-7.587872185560753,12.975269736565394],[-7.587617467569098,12.975173119396146],[-7.5872104,12.974863],[-7.58711681496481,12.97450558259043],[-7.5866933,12.9738133],[-7.58677,12.973277],[-7.586545895328342,12.972704989890799],[-7.586475628296162,12.972380004866963],[-7.58708168144872,12.972011102948015],[-7.587599900811053,12.971809085230495],[-7.587956358965671,12.971768422036593]]]}},{"id":"251","type":"Feature","properties":{"id":"248","date_realisation":"2026-02-24","commune":"Meguetan","village":"Dladiè","surface_ha":4.7392,"technologie":"Cordon pierreux","type_beneficiaire":"Propriétaire individuel (appartenant à un ménage)"},"geometry":{"type":"Polygon","coordinates":[[[-7.5970715,12.9666063],[-7.597244050977854,12.966732292155442],[-7.597867670888458,12.966890392977849],[-7.598262922944475,12.967303211791911],[-7.598658175000491,12.967549146404544],[-7.598789925685829,12.967865348049356],[-7.598877759476055,12.968392350790712],[-7.5988347,12.9689664],[-7.598429807145903,12.968989620564248],[-7.59756903600169,12.968928136911089],[-7.5969346,12.9686562],[-7.596681914720409,12.968322083758531],[-7.5965279,12.9677815],[-7.596848798921838,12.966951876631008],[-7.5970715,12.9666063]]]}},{"id":"252","type":"Feature","properties":{"id":"248","date_realisation":"2026-02-24","commune":"Meguetan","village":"Dladiè","surface_ha":38.8478,"technologie":"RNA + Cordon pierreux","type_beneficiaire":"Propriétaire individuel (appartenant à un ménage)"},"geometry":{"type":"Polygon","coordinates":[[[-7.596689723654401,12.970972333852695],[-7.596768397804543,12.971032276062324],[-7.597304131303128,12.970818731940511],[-7.5975025,12.9709067],[-7.598099100297265,12.971347134845875],[-7.598434331817661,12.97215417369127],[-7.598186012172923,12.973395771914959],[-7.597553289849605,12.9738340629136],[-7.597569036001689,12.974013713365165],[-7.5974109351792825,12.97443531555825],[-7.597024466502289,12.974927184783514],[-7.5970134,12.9757363],[-7.59558181010106,12.976353617260452],[-7.5945838,12.976633],[-7.5937248,12.976425],[-7.592517502444575,12.975526869499397],[-7.592009157080393,12.974452882316294],[-7.591675388677535,12.974206947703662],[-7.590434386820754,12.972822007245062],[-7.592114946943193,12.971153322523646],[-7.5927342,12.9706738],[-7.594186112786409,12.969886763131125],[-7.594273303328618,12.971114696600567],[-7.594453129957514,12.971616712606235],[-7.594700391572245,12.971496828186968],[-7.59521739313032,12.971766568130311],[-7.59574573490369,12.971482678283596],[-7.595771858569414,12.971152160481587],[-7.596004134631738,12.970740057790366],[-7.596243903470265,12.970537752832861],[-7.596494911473098,12.970481557011333],[-7.596652259773382,12.970721325849857],[-7.596689723654401,12.970972333852695]]]}},{"id":"253","type":"Feature","properties":{"id":"248","date_realisation":"2026-02-24","commune":"Meguetan","village":"Dladiè","surface_ha":3.6921,"technologie":"Cordon pierreux","type_beneficiaire":"Propriétaire individuel (appartenant à un ménage)"},"geometry":{"type":"Polygon","coordinates":[[[-7.588557217285134,12.974520901760528],[-7.588366527255633,12.974320927848263],[-7.588399188302109,12.973109025325838],[-7.588241087479703,12.972450271899143],[-7.587956358965671,12.971768422036593],[-7.5882685,12.9715015],[-7.588513372229403,12.971369916279366],[-7.589130088999708,12.971213565548865],[-7.589333838673261,12.972428227064281],[-7.589242392688277,12.972582022584483],[-7.589405733679585,12.972830923142666],[-7.589330226478503,12.973855612542758],[-7.589172125656097,12.974092763776369],[-7.588557217285134,12.974520901760528]]]}},{"id":"254","type":"Feature","properties":{"id":"248","date_realisation":"2026-02-24","commune":"Meguetan","village":"Djindjila","surface_ha":5.3985,"technologie":"Cordon pierreux","type_beneficiaire":"Terres collectives/communautaires pour le village"},"geometry":{"type":"Polygon","coordinates":[[[-7.606787192285842,12.890268586074237],[-7.606839892559978,12.890461820412733],[-7.606673008358548,12.891928644709505],[-7.606585174568322,12.892306330007477],[-7.605636569633883,12.892771849095674],[-7.605021733102302,12.893342768732142],[-7.604626481046286,12.892095528910934],[-7.605109566892528,12.89109422370236],[-7.604872415658918,12.890417903517621],[-7.60532036798907,12.890338853106417],[-7.606787192285842,12.890268586074237]]]}},{"id":"255","type":"Feature","properties":{"id":"248","date_realisation":"2026-02-18","commune":"Meguetan","village":"Djindjila","surface_ha":4.515,"technologie":"Cordon pierreux","type_beneficiaire":"Propriétaire individuel (appartenant à un ménage)"},"geometry":{"type":"Polygon","coordinates":[[[-7.594305,12.8963534],[-7.594690283526992,12.897020808697858],[-7.5946583,12.897285],[-7.594128147269547,12.897793746051846],[-7.5926583,12.89837],[-7.592160670368487,12.89807481418057],[-7.5919147357558545,12.897442410890942],[-7.5918483,12.8969333],[-7.593003874754656,12.896599206504774],[-7.594305,12.8963534]]]}},{"id":"256","type":"Feature","properties":{"id":"388","date_realisation":"2026-02-18","commune":"Koula","village":"Sokindiarababougou","surface_ha":2.76,"technologie":"Cordon pierreux","type_beneficiaire":"Terres collectives/communautaires pour le village"},"geometry":{"type":"Polygon","coordinates":[[[-7.728873142347024,13.111116401396536],[-7.728678534671864,13.112176265390474],[-7.7282569324787795,13.113124870324913],[-7.727931947454944,13.112931635986417],[-7.727773846632537,13.11273840164792],[-7.7276226,13.1124277],[-7.72754547877795,13.112062081463181],[-7.727711605449562,13.110955082950115],[-7.727840773567038,13.110460009701903],[-7.728873142347024,13.111116401396536]]]}},{"id":"257","type":"Feature","properties":{"id":"248","date_realisation":"2026-02-25","commune":"Meguetan","village":"Tanabougou","surface_ha":1.0249,"technologie":"Cordon pierreux","type_beneficiaire":"Propriétaire individuel (appartenant à un ménage)"},"geometry":{"type":"Polygon","coordinates":[[[-7.58229,12.9465468],[-7.582591178923389,12.946622745883186],[-7.5829616,12.9469362],[-7.583192840386436,12.947637226160294],[-7.58320601545497,12.947808502051235],[-7.5827386,12.9479114],[-7.582569220475833,12.947905119220485],[-7.582450644859027,12.947812893740746],[-7.5823226,12.947379],[-7.582349636000268,12.94690381401191],[-7.58229,12.9465468]]]}},{"id":"258","type":"Feature","properties":{"id":"248","date_realisation":"2026-02-25","commune":"Meguetan","village":"Tanabougou","surface_ha":1.335,"technologie":"Cordon pierreux","type_beneficiaire":"Propriétaire individuel (appartenant à un ménage)"},"geometry":{"type":"Polygon","coordinates":[[[-7.583473908515168,12.94962666150892],[-7.583965777740432,12.94952126096065],[-7.58429954614329,12.950048263702005],[-7.584387379933516,12.950382032104864],[-7.584246845869155,12.950786067539903],[-7.584053611530658,12.950926601604264],[-7.583807676918026,12.9509793018784],[-7.5835266087893025,12.950803634297948],[-7.583368507966896,12.950346898588773],[-7.583350941208852,12.94999556342787],[-7.583473908515168,12.94962666150892]]]}},{"id":"259","type":"Feature","properties":{"id":"248","date_realisation":"2026-02-25","commune":"Meguetan","village":"Tanabougou","surface_ha":0.6902,"technologie":"Cordon pierreux","type_beneficiaire":"Propriétaire individuel (appartenant à un ménage)"},"geometry":{"type":"Polygon","coordinates":[[[-7.582127855679948,12.945898117113824],[-7.58200049668412,12.946477820129315],[-7.581901683670116,12.946554674695761],[-7.5815271,12.9464776],[-7.581317588965114,12.946490995197848],[-7.581135333850396,12.946376811270556],[-7.580972841338478,12.946060609625741],[-7.5811045920238165,12.945933250629913],[-7.582127855679948,12.945898117113824]]]}},{"id":"260","type":"Feature","properties":{"id":"248","date_realisation":"2026-02-25","commune":"Meguetan","village":"Tanabougou","surface_ha":0.6318,"technologie":"Cordon pierreux","type_beneficiaire":"Propriétaire individuel (appartenant à un ménage)"},"geometry":{"type":"Polygon","coordinates":[[[-7.582029042665943,12.946319719306908],[-7.58229,12.9465468],[-7.582349636000268,12.94690381401191],[-7.5823226,12.947379],[-7.5815867,12.9473222],[-7.581642573988949,12.94703995638676],[-7.581901683670116,12.946554674695761],[-7.58200049668412,12.946477820129315],[-7.582029042665943,12.946319719306908]]]}},{"id":"261","type":"Feature","properties":{"id":"248","date_realisation":"2026-02-25","commune":"Meguetan","village":"Tanabougou","surface_ha":1.6082,"technologie":"Cordon pierreux","type_beneficiaire":"Propriétaire individuel (appartenant à un ménage)"},"geometry":{"type":"Polygon","coordinates":[[[-7.5792778,12.9454048],[-7.579310586858456,12.945360135148682],[-7.57996934028515,12.945377701906727],[-7.58027675855094,12.945443577249398],[-7.580592960195753,12.945649986656429],[-7.580979428872747,12.94568951186203],[-7.581058479283951,12.94579052072079],[-7.581067262662973,12.94596179661173],[-7.580197708139737,12.94630434839361],[-7.57925788658432,12.946414140631394],[-7.579314978547967,12.945816870857858],[-7.5792778,12.9454048]]]}},{"id":"262","type":"Feature","properties":{"id":"248","date_realisation":"2026-02-25","commune":"Meguetan","village":"Tanabougou","surface_ha":1.9126,"technologie":"Cordon pierreux","type_beneficiaire":"Propriétaire individuel (appartenant à un ménage)"},"geometry":{"type":"Polygon","coordinates":[[[-7.589321443099458,12.944883636836728],[-7.587740434875393,12.945006604143044],[-7.5870786,12.9449109],[-7.5868827,12.9443798],[-7.5877931351495285,12.944207316651989],[-7.589093075244872,12.944233666789057],[-7.589031591591714,12.944532301675824],[-7.589321443099458,12.944505951538757],[-7.589321443099458,12.944883636836728]]]}},{"id":"263","type":"Feature","properties":{"id":"248","date_realisation":"2026-02-26","commune":"Meguetan","village":"Djindjila","surface_ha":0.8479,"technologie":"Cordon pierreux","type_beneficiaire":"Terres collectives/communautaires pour le village"},"geometry":{"type":"MultiPolygon","coordinates":[[[[-7.6008056,12.8941756],[-7.600990162130937,12.893456952659443],[-7.601697224142255,12.893456952659443],[-7.601842149896124,12.89352282800211],[-7.601785057932477,12.893676537135004],[-7.6017573457797685,12.894150966108208],[-7.600919895098754,12.894348465630236],[-7.6008056,12.8941756]]],[[[-7.600990162130937,12.893456952659443],[-7.6008698069143055,12.893931765125098],[-7.6008056,12.8941756],[-7.600990162130937,12.893456952659443]]]]}},{"id":"264","type":"Feature","properties":{"id":"248","date_realisation":"2026-02-27","commune":"Meguetan","village":"Tièntiguila","surface_ha":8.4316,"technologie":"Cordon pierreux","type_beneficiaire":"Propriétaire individuel (appartenant à un ménage)"},"geometry":{"type":"Polygon","coordinates":[[[-7.5614194,12.9420184],[-7.561805312466439,12.94241770317612],[-7.562121514111252,12.943032539707701],[-7.562393798860953,12.94370885989244],[-7.562601,12.9443599],[-7.562688042058208,12.944802390580751],[-7.5610365,12.9451925],[-7.560039853282899,12.94394601112605],[-7.5589733,12.9424658],[-7.55970608488004,12.942242035595669],[-7.560540505887186,12.942066368015217],[-7.5614194,12.9420184]]]}},{"id":"265","type":"Feature","properties":{"id":"248","date_realisation":"2026-02-27","commune":"Meguetan","village":"Tièntiguila","surface_ha":2.3612,"technologie":"Cordon pierreux","type_beneficiaire":"Propriétaire individuel (appartenant à un ménage)"},"geometry":{"type":"Polygon","coordinates":[[[-7.5610365,12.9451925],[-7.562688042058208,12.944802390580751],[-7.5628295,12.9460303],[-7.5613033,12.9463494],[-7.5610365,12.9451925]]]}},{"id":"266","type":"Feature","properties":{"id":"248","date_realisation":"2026-02-28","commune":"Meguetan","village":"Mafèya","surface_ha":6.0156,"technologie":"Cordon pierreux","type_beneficiaire":"Propriétaire individuel (appartenant à un ménage)"},"geometry":{"type":"Polygon","coordinates":[[[-7.609887725080857,12.956126361985648],[-7.610889030289432,12.956038528195423],[-7.6109362,12.9565541],[-7.610590395402664,12.956793898791364],[-7.610564045265596,12.95728576801663],[-7.6104276,12.957618],[-7.61020392672567,12.957883037790166],[-7.6095155,12.9582578],[-7.6079693,12.9582523],[-7.607990515211978,12.957645886556556],[-7.607902681421752,12.956881732581591],[-7.6078277,12.9566196],[-7.60864048525965,12.956477697146552],[-7.609132354484914,12.956275679429032],[-7.609887725080857,12.956126361985648]]]}},{"id":"267","type":"Feature","properties":{"id":"248","date_realisation":"2026-02-28","commune":"Meguetan","village":"Mafèya","surface_ha":3.5657,"technologie":"Cordon pierreux","type_beneficiaire":"Propriétaire individuel (appartenant à un ménage)"},"geometry":{"type":"Polygon","coordinates":[[[-7.607160485894355,12.97468125017088],[-7.607327370095784,12.974382615284112],[-7.607757755667891,12.974417748800203],[-7.608267191651201,12.97532243683953],[-7.608653660328195,12.976437925975398],[-7.6089761,12.9768714],[-7.6087239273603755,12.977035195748934],[-7.6074503374021,12.97661359355585],[-7.607221969547513,12.976332525427127],[-7.6071780526524,12.976060240677427],[-7.606844284249542,12.975805522685771],[-7.6067442,12.9755687],[-7.607019951829994,12.975401487250732],[-7.607160485894355,12.97468125017088]]]}},{"id":"268","type":"Feature","properties":{"id":"248","date_realisation":"2026-02-28","commune":"Meguetan","village":"Mafèya","surface_ha":12.4983,"technologie":"Cordon pierreux","type_beneficiaire":"Propriétaire individuel (appartenant à un ménage)"},"geometry":{"type":"Polygon","coordinates":[[[-7.60973401594798,12.984114599241147],[-7.610085351108883,12.986925280528375],[-7.6102302,12.9877171],[-7.6096813156738445,12.98771578464041],[-7.6091286,12.9878316],[-7.608609743433089,12.988067119801313],[-7.608592176675043,12.988664389574849],[-7.608785411013541,12.989191392316204],[-7.608767844255495,12.989542727477106],[-7.608188141240005,12.989683261541469],[-7.607538171192333,12.989244092590338],[-7.6075326,12.9886215],[-7.607467904160152,12.988418454962217],[-7.607713838772785,12.987768484914545],[-7.607538171192333,12.986819879980105],[-7.6070426,12.9862545],[-7.607327370095791,12.985713174223259],[-7.6073976371279715,12.98530913878822],[-7.6076084382245135,12.98494023686927],[-7.6081178742078235,12.984659168740547],[-7.60875027749745,12.984430800885962],[-7.6092597134807605,12.984342967095735],[-7.60973401594798,12.984114599241147]]]}},{"id":"269","type":"Feature","properties":{"id":"248","date_realisation":"2026/02/28","commune":"Doumba","village":"Babougou","surface_ha":21.944,"technologie":"Cordon pierreux","type_beneficiaire":"Terres collectives/communautaires pour le village"},"geometry":{"type":"Polygon","coordinates":[[[-7.568691425776619,13.128034870718587],[-7.5705441,13.1318282],[-7.5674143,13.1338946],[-7.5649234,13.1296918],[-7.5685186,13.127866],[-7.568691425776619,13.128034870718587]]]}},{"id":"270","type":"Feature","properties":{"id":"248","date_realisation":"2026-03-02","commune":"Doumba","village":"Babougou","surface_ha":32.3097,"technologie":"RNA","type_beneficiaire":"Propriétaire individuel (appartenant à un ménage)"},"geometry":{"type":"Polygon","coordinates":[[[-7.5873673,13.1591788],[-7.5895542,13.161798],[-7.588566072503558,13.163708350116007],[-7.5880828,13.1656711],[-7.584614,13.1642459],[-7.5819421,13.1623499],[-7.5839628,13.1605457],[-7.5858994,13.1600829],[-7.5873673,13.1591788]]]}},{"id":"271","type":"Feature","properties":{"id":"248","date_realisation":"2026-03-04","commune":"Meguetan","village":"Mafèya","surface_ha":19.924,"technologie":"RNA","type_beneficiaire":"Terres collectives/communautaires pour le village"},"geometry":{"type":"Polygon","coordinates":[[[-7.608771216766835,12.964204278383443],[-7.607372294210965,12.96482219344448],[-7.60696,12.963930599999998],[-7.606932833392342,12.963602740049579],[-7.606782977868263,12.96360274004958],[-7.606689318165713,12.963130695148731],[-7.606487013208206,12.963048274610486],[-7.606322172131717,12.963059513774791],[-7.605689032542481,12.96324683317989],[-7.605573090402217,12.963323200938525],[-7.605272059404493,12.963069623103005],[-7.605272059404493,12.962191285200745],[-7.605061258307951,12.961646715701345],[-7.605430160226899,12.961348080814577],[-7.605588261049306,12.961137279718036],[-7.6056516,12.9606662],[-7.6055593,12.9606227],[-7.605799062145847,12.960381909122093],[-7.606405115298405,12.960417042638182],[-7.606633483152993,12.960258941815777],[-7.606774017217354,12.960039357340213],[-7.60709900224119,12.959837339622693],[-7.607169269273371,12.959951523549986],[-7.607072652104122,12.960250158436754],[-7.6070463019670544,12.960487309670365],[-7.607090218862167,12.960566360081566],[-7.607221969547506,12.96061027697668],[-7.607494254297206,12.960390692501116],[-7.607810455942019,12.960460959533297],[-7.607933423248336,12.960434609396229],[-7.608091524070742,12.960285291952845],[-7.608232058135104,12.960013007203145],[-7.608600960054052,12.960118407751414],[-7.6087854110135265,12.960092057614348],[-7.608961078593978,12.960487309670365],[-7.608952295214956,12.960750811041041],[-7.609110396037362,12.960838644831268],[-7.6092948469968364,12.960838644831268],[-7.609531998230446,12.9605400099445],[-7.609830633117214,12.960785944557133],[-7.60989,12.9610252],[-7.610269457561892,12.963932331328234],[-7.609898300000001,12.9640601],[-7.609547407091935,12.964050956837749],[-7.609327007369992,12.963926383081866],[-7.609049112068414,12.964003043854714],[-7.608771216766835,12.964204278383443]]]}},{"id":"272","type":"Feature","properties":{"id":"404","date_realisation":"2026-02-18","commune":"Koula","village":"Wolongotoba Sokoro","surface_ha":1.1283,"technologie":"RNA","type_beneficiaire":"Propriétaire individuel (appartenant à un ménage)"},"geometry":{"type":"Polygon","coordinates":[[[-7.686456831710286,13.126054004246164],[-7.6872167,13.126765],[-7.6863567,13.1272817],[-7.685903478831864,13.126730324430904],[-7.68589469545284,13.126352639132932],[-7.6861054965493825,13.126150621415412],[-7.686456831710286,13.126054004246164]]]}},{"id":"273","type":"Feature","properties":{"id":"405","date_realisation":"2026-02-18","commune":"Koula","village":"Koula-Marka","surface_ha":1.7261,"technologie":"RNA","type_beneficiaire":"Propriétaire individuel (appartenant à un ménage)"},"geometry":{"type":"Polygon","coordinates":[[[-7.641371747187345,13.121996083137732],[-7.6418284828965195,13.122119050444049],[-7.642355485637875,13.122461602225929],[-7.642557503355395,13.122707536838561],[-7.6425633,13.12313],[-7.641248779881029,13.1231115722736],[-7.640941361615239,13.122953471451194],[-7.640800827550877,13.122725103596608],[-7.641046762163509,13.122321068161568],[-7.641371747187345,13.121996083137732]]]}},{"id":"274","type":"Feature","properties":{"id":"406","date_realisation":"2026-02-18","commune":"Koula","village":"Kabana 1","surface_ha":1.8135,"technologie":"Cordon pierreux","type_beneficiaire":"Terres collectives/communautaires pour le village"},"geometry":{"type":"Polygon","coordinates":[[[-7.6251408,13.125826],[-7.625025878826311,13.126967475664514],[-7.625219113164809,13.128003914389181],[-7.625219113164809,13.128293765896926],[-7.624727243939543,13.128522133751513],[-7.624490092705933,13.127793113292638],[-7.624393475536685,13.127055309454741],[-7.6245892,13.1263586],[-7.624621843391273,13.12593103693985],[-7.6251408,13.125826]]]}},{"id":"275","type":"Feature","properties":{"id":"248","date_realisation":"2026-03-03","commune":"Meguetan","village":"Dladiè","surface_ha":2.9929,"technologie":"RNA","type_beneficiaire":"Propriétaire individuel (appartenant à un ménage)"},"geometry":{"type":"Polygon","coordinates":[[[-7.5811183,12.9750033],[-7.58036239649644,12.975278519944421],[-7.5789907,12.9756892],[-7.5786071,12.9757009],[-7.5787397,12.9751177],[-7.578605720691923,12.974874484509384],[-7.579466491836136,12.974400182042164],[-7.58029212946426,12.97411911391344],[-7.5808467,12.9741667],[-7.5811183,12.9750033]]]}},{"id":"276","type":"Feature","properties":{"id":"248","date_realisation":"2026-03-03","commune":"Meguetan","village":"Dladiè","surface_ha":7.8149,"technologie":"RNA","type_beneficiaire":"Propriétaire individuel (appartenant à un ménage)"},"geometry":{"type":"Polygon","coordinates":[[[-7.58116,12.97498],[-7.581838004172236,12.975682555379459],[-7.5822567,12.9760017],[-7.5821039,12.9769732],[-7.581047500060203,12.977158163055254],[-7.5801219,12.977533],[-7.579044889643053,12.97735139739375],[-7.578570587175833,12.977052762506982],[-7.5784295,12.976811],[-7.5789907,12.9756892],[-7.58116,12.97498]]]}},{"id":"277","type":"Feature","properties":{"id":"248","date_realisation":"2026-03-04","commune":"Meguetan","village":"Tanabougou","surface_ha":54.5047,"technologie":"RNA Demi-lune + RNA + Demi-lune","type_beneficiaire":"Terres collectives/communautaires pour le village"},"geometry":{"type":"Polygon","coordinates":[[[-7.5875492,12.9526202],[-7.593143,12.9546729],[-7.594006,12.9582973],[-7.592432955118206,12.95872624217632],[-7.590570878765418,12.958374907015417],[-7.588498001316087,12.958831642724592],[-7.5874669,12.9588556],[-7.5859211,12.958434],[-7.5843762,12.9581945],[-7.582876638741631,12.959042443821135],[-7.5822559,12.9590246],[-7.582103701387643,12.958058705370604],[-7.582630704128999,12.957215500984436],[-7.583895510708251,12.956020961437364],[-7.5861559,12.9560274],[-7.586284589802395,12.954475086729389],[-7.58677645902766,12.95359674882713],[-7.58677645902766,12.953210280150136],[-7.5875492,12.9526202]]]}},{"id":"278","type":"Feature","properties":{"id":"248","date_realisation":"2026-03-04","commune":"Meguetan","village":"Djindjila","surface_ha":4.3595,"technologie":"Cordon pierreux","type_beneficiaire":"Terres collectives/communautaires pour le village"},"geometry":{"type":"Polygon","coordinates":[[[-7.602724879487894,12.895218020153468],[-7.602413069532595,12.895200453395427],[-7.60151716487229,12.895595705451443],[-7.600919895098754,12.894348465630236],[-7.6017573457797685,12.894150966108208],[-7.601785057932477,12.893676537135004],[-7.601842149896124,12.89352282800211],[-7.602026600855599,12.893571136586734],[-7.602351585879434,12.893777545993764],[-7.602839063415188,12.894164014670759],[-7.603229923781695,12.894300157045608],[-7.603493425152371,12.894462649557527],[-7.603923,12.8947452],[-7.60430588771196,12.89512140298422],[-7.603972119309102,12.895455171387079],[-7.603809626797184,12.895261937048582],[-7.603431941499213,12.895481521524147],[-7.6031157398544,12.895569355314372],[-7.602724879487894,12.895218020153468]]]}},{"id":"279","type":"Feature","properties":{"id":"248","date_realisation":"2025-11-12","commune":"Meguetan","village":"Fèya","surface_ha":1.3598,"technologie":"Cordon pierreux","type_beneficiaire":"Propriétaire individuel (appartenant à un ménage)"},"geometry":{"type":"Polygon","coordinates":[[[-7.65076996274145,12.923289699509647],[-7.650392277443478,12.922920797590699],[-7.650146342830846,12.922806613663406],[-7.649966283560882,12.922613379324908],[-7.649874058081146,12.922406969917878],[-7.649997025387462,12.922297177680095],[-7.650506461370772,12.9221434685472],[-7.650695304019758,12.921989759414304],[-7.651015897354082,12.921844833660431],[-7.651130081281376,12.921897533934567],[-7.651165214797466,12.922051243067463],[-7.651200348313556,12.922437711744456],[-7.651152039728932,12.922758305078782],[-7.6510071139750595,12.923184298961376],[-7.6509456303219014,12.923245782614535],[-7.65076996274145,12.923289699509647]]]}},{"id":"280","type":"Feature","properties":{"id":"248","date_realisation":"2026-03-11","commune":"Meguetan","village":"Fèya","surface_ha":23.3231,"technologie":"Cordon pierreux","type_beneficiaire":"Propriétaire individuel (appartenant à un ménage)"},"geometry":{"type":"Polygon","coordinates":[[[-7.651110414091403,12.903525421481728],[-7.650838815868,12.90231986950068],[-7.650462544475663,12.9013751688483],[-7.65065577881416,12.900127929027093],[-7.651393582652058,12.90032116336559],[-7.6534840268594335,12.900707632042582],[-7.6553109696961315,12.901322468574165],[-7.655504204034628,12.901779204283336],[-7.6558204056794406,12.90325481195913],[-7.655943372985757,12.904958787489512],[-7.655881764312639,12.905439335139834],[-7.655521770792673,12.905415523198688],[-7.654044527200676,12.904998349512066],[-7.653985594759206,12.904909950849861],[-7.653544900000001,12.9046207],[-7.653138911048159,12.904445398725214],[-7.652801736118979,12.904415427620398],[-7.652277300000001,12.9042381],[-7.652265425625391,12.904367225813642],[-7.651370903266588,12.904024325576103],[-7.651110414091403,12.903525421481728]]]}},{"id":"281","type":"Feature","properties":{"id":"248","date_realisation":"2026-03-11","commune":"Meguetan","village":"Fèya","surface_ha":12.3646,"technologie":"Cordon pierreux","type_beneficiaire":"Propriétaire individuel (appartenant à un ménage)"},"geometry":{"type":"Polygon","coordinates":[[[-7.655846437026544,12.917574007120697],[-7.655868099999999,12.9176414],[-7.656262768290724,12.917537790732291],[-7.656671295522267,12.91806304002999],[-7.657461799634302,12.917781971901267],[-7.658726606213559,12.917184702127727],[-7.659060374616418,12.918221140852397],[-7.657725301004981,12.918695443319617],[-7.65607402574873,12.919398113641428],[-7.655406488943011,12.920487252640232],[-7.6527012082040455,12.920803454285046],[-7.652595807655774,12.919925116382784],[-7.653421445283899,12.919731882044287],[-7.653193077429312,12.918976511448342],[-7.6549146197177445,12.917975206239763],[-7.655846437026544,12.917574007120697]]]}},{"id":"282","type":"Feature","properties":{"id":"248","date_realisation":"2026-03-12","commune":"Meguetan","village":"Tanabougou","surface_ha":12.0412,"technologie":"Cordon pierreux","type_beneficiaire":"Propriétaire individuel (appartenant à un ménage)"},"geometry":{"type":"Polygon","coordinates":[[[-7.5885465,12.9415466],[-7.5874154498515605,12.943276278475594],[-7.5868827,12.9443798],[-7.586633729118548,12.944233666789055],[-7.585755391216289,12.944277583684167],[-7.5853074388861375,12.943891115007172],[-7.584762869386736,12.943759364321835],[-7.5842148,12.9438459],[-7.5841655996132005,12.943636397015519],[-7.584560851669217,12.942916159935665],[-7.5851581214427535,12.942090522307543],[-7.5859141,12.9406782],[-7.586256043820579,12.940597347873707],[-7.586739129666822,12.940685181663932],[-7.587485716883742,12.940720315180023],[-7.5887680902210395,12.941080433719948],[-7.5885465,12.9415466]]]}},{"id":"283","type":"Feature","properties":{"id":"248","date_realisation":"2026-03-10","commune":"Meguetan","village":"Djindjila","surface_ha":2.352,"technologie":"Cordon pierreux","type_beneficiaire":"Terres collectives/communautaires pour le village"},"geometry":{"type":"Polygon","coordinates":[[[-7.6022517,12.89548],[-7.60226594793397,12.89561546805424],[-7.602419657066865,12.89578235225567],[-7.602722683643145,12.895874577735407],[-7.602955443187243,12.89588775280394],[-7.603295,12.896445],[-7.602810517433371,12.896498197646011],[-7.602573366199761,12.896616773262815],[-7.602178114143745,12.896911016460072],[-7.601835562361863,12.896990066871275],[-7.601554494233141,12.897121817556615],[-7.60132,12.897325],[-7.601132892040056,12.896625556641839],[-7.6011467,12.8964817],[-7.6014842272009595,12.896261046412402],[-7.601550102543629,12.896129295727063],[-7.6015557,12.8957382],[-7.602090280353519,12.89557594284864],[-7.6021367,12.8954683],[-7.6022517,12.89548]]]}},{"id":"284","type":"Feature","properties":{"id":"248","date_realisation":"2026-03-10","commune":"Meguetan","village":"Fignan","surface_ha":4.1291,"technologie":"Cordon pierreux","type_beneficiaire":"Propriétaire individuel (appartenant à un ménage)"},"geometry":{"type":"Polygon","coordinates":[[[-7.383589,13.0581679],[-7.3824513,13.058682],[-7.3818524,13.0562196],[-7.382322,13.0545651],[-7.383589,13.0581679]]]}},{"id":"285","type":"Feature","properties":{"id":"248","date_realisation":"2026-03-11","commune":"Meguetan","village":"Fignan","surface_ha":8.5797,"technologie":"Cordon pierreux","type_beneficiaire":"Propriétaire individuel (appartenant à un ménage)"},"geometry":{"type":"Polygon","coordinates":[[[-7.376458124310854,13.060881439012952],[-7.375180140968052,13.05826950225394],[-7.375143137323216,13.057965250063075],[-7.3747566686462225,13.05703421188668],[-7.3762819,13.0566867],[-7.376952513401869,13.058369285498115],[-7.3777048,13.0606552],[-7.377883551578264,13.061566435462336],[-7.377233581530592,13.061777236558878],[-7.376458124310854,13.060881439012952]]]}},{"id":"286","type":"Feature","properties":{"id":"248","date_realisation":"2026-03-11","commune":"Meguetan","village":"Fignan","surface_ha":17.727,"technologie":"Cordon pierreux","type_beneficiaire":"Propriétaire individuel (appartenant à un ménage)"},"geometry":{"type":"Polygon","coordinates":[[[-7.376301490613884,13.062242512116285],[-7.3762554,13.0626164],[-7.375406638693893,13.062989342863995],[-7.374405333485319,13.06330554450881],[-7.373474295308924,13.062462340122641],[-7.3721564,13.059964],[-7.371981120875084,13.059019255545786],[-7.371945987358994,13.05838685225616],[-7.3722973225198976,13.057930116546984],[-7.373263494212382,13.057262579741268],[-7.373734721103561,13.057252962865938],[-7.3752667,13.060155],[-7.376301490613884,13.062242512116285]]]}},{"id":"287","type":"Feature","properties":{"id":"248","date_realisation":"2026-03-11","commune":"Meguetan","village":"Fignan","surface_ha":18.5171,"technologie":"Cordon pierreux","type_beneficiaire":"Propriétaire individuel (appartenant à un ménage)"},"geometry":{"type":"Polygon","coordinates":[[[-7.3699639304306235,13.066506249877],[-7.370092694385227,13.066748629085664],[-7.370250795207634,13.068540438406274],[-7.369917026804775,13.069172841695899],[-7.367949549903716,13.070068746356203],[-7.367650915016948,13.069893078775749],[-7.36640367519574,13.067556699955741],[-7.36643880871183,13.066151359312128],[-7.3685106,13.0640166],[-7.369947,13.0662496],[-7.3699639304306235,13.066506249877]]]}},{"id":"288","type":"Feature","properties":{"id":"248","date_realisation":"2026-03-11","commune":"Meguetan","village":"Fignan","surface_ha":10.4971,"technologie":"Cordon pierreux","type_beneficiaire":"Propriétaire individuel (appartenant à un ménage)"},"geometry":{"type":"Polygon","coordinates":[[[-7.36674622697762,13.081689156803087],[-7.363864,13.0821033],[-7.363742311351895,13.081065536892483],[-7.363523022654216,13.080021626984868],[-7.363487593360239,13.080020314788795],[-7.363188958473471,13.079335211225033],[-7.3634963767392625,13.079282510950897],[-7.3636918,13.079535],[-7.364453765052725,13.079704113143984],[-7.365039147249436,13.079672470863082],[-7.365367236471074,13.079519662184511],[-7.366983378211231,13.079036576338268],[-7.3673509,13.0789832],[-7.367106345517546,13.081390521916319],[-7.36674622697762,13.081689156803087]]]}},{"id":"289","type":"Feature","properties":{"id":"248","date_realisation":"2026-03-12","commune":"Meguetan","village":"Fignan","surface_ha":6.7482,"technologie":"Cordon pierreux","type_beneficiaire":"Propriétaire individuel (appartenant à un ménage)"},"geometry":{"type":"Polygon","coordinates":[[[-7.3702805,13.0631652],[-7.3722291,13.0660984],[-7.3709547,13.066902],[-7.369319757031239,13.064649401499265],[-7.3689332883542455,13.063894030903322],[-7.3702805,13.0631652]]]}},{"id":"290","type":"Feature","properties":{"id":"248","date_realisation":"2026-03-12","commune":"Meguetan","village":"Fignan","surface_ha":4.663,"technologie":"Cordon pierreux","type_beneficiaire":"Propriétaire individuel (appartenant à un ménage)"},"geometry":{"type":"Polygon","coordinates":[[[-7.3615858336349245,13.072404232831486],[-7.3610018970968465,13.07239634179719],[-7.360870146411507,13.072326074765009],[-7.360896496548575,13.072106490289443],[-7.361300538346076,13.071921927986882],[-7.361335665499704,13.071307202798389],[-7.361950502031285,13.071122751838915],[-7.362073469337601,13.071333552935457],[-7.361926347738973,13.071939606088014],[-7.362354537466324,13.072861860885387],[-7.3626701,13.0732022],[-7.363257,13.0745402],[-7.3624336,13.0750285],[-7.361757267692788,13.074759070754267],[-7.361581600112336,13.074618536689904],[-7.361713350797675,13.074240851391933],[-7.361651867144517,13.07351183093306],[-7.361370799015794,13.072896994401477],[-7.361701108178069,13.072607973884487],[-7.3615858336349245,13.072404232831486]]]}},{"id":"291","type":"Feature","properties":{"id":"248","date_realisation":"2026-03-12","commune":"Meguetan","village":"Fignan","surface_ha":7.4701,"technologie":"Cordon pierreux","type_beneficiaire":"Propriétaire individuel (appartenant à un ménage)"},"geometry":{"type":"Polygon","coordinates":[[[-7.362451146844854,13.07506525811793],[-7.3624261,13.0750333],[-7.362828839933546,13.074759070754263],[-7.363241658747607,13.074671236964036],[-7.3638564952791885,13.074723937238172],[-7.364383498020544,13.0759009100272],[-7.3644274149156566,13.076164411397876],[-7.36498076779408,13.077850820170214],[-7.364251747335205,13.078158238436004],[-7.363742311351895,13.078149455056982],[-7.363204,13.0777271],[-7.363180175094449,13.077411651219084],[-7.362793706417455,13.077218416880587],[-7.362784923038433,13.076990049026],[-7.362872756828659,13.076726547655323],[-7.362863973449636,13.076506963179758],[-7.362723439385275,13.076392779252464],[-7.36274100614332,13.076146844639831],[-7.362697089248207,13.075997527196447],[-7.3624775047726425,13.075979960438403],[-7.362073469337603,13.076076577607651],[-7.361915368515197,13.075988743817424],[-7.361809967966925,13.075602275140431],[-7.361809967966925,13.075268506737572],[-7.361871451620083,13.075119189294188],[-7.362143736369784,13.075233373221483],[-7.362451146844854,13.07506525811793]]]}},{"id":"292","type":"Feature","properties":{"id":"248","date_realisation":"2026-03-12","commune":"Meguetan","village":"Fignan","surface_ha":7.9085,"technologie":"Cordon pierreux","type_beneficiaire":"Propriétaire individuel (appartenant à un ménage)"},"geometry":{"type":"Polygon","coordinates":[[[-7.363499246685961,13.077958748339634],[-7.364003540931294,13.078153959015246],[-7.364251747335205,13.078158238436004],[-7.36498076779408,13.077850820170214],[-7.3664388087118295,13.077490701630293],[-7.367088778759501,13.077877170307286],[-7.366983378211231,13.079036576338268],[-7.365103735100397,13.079668979627895],[-7.364453765052725,13.079704113143984],[-7.3636918,13.079535],[-7.363364626053924,13.079106843370448],[-7.3629254571027944,13.07880820848368],[-7.362731564686138,13.078330934842679],[-7.362960179067215,13.077862462750304],[-7.363204,13.0777271],[-7.363499246685961,13.077958748339634]]]}},{"id":"293","type":"Feature","properties":{"id":"248","date_realisation":"2026-03-05","commune":"Meguetan","village":"Tièntiguila","surface_ha":51.9795,"technologie":"RNA, + RNA","type_beneficiaire":"Terres collectives/communautaires pour le village"},"geometry":{"type":"Polygon","coordinates":[[[-7.5562304,12.9404228],[-7.5579544,12.9455382],[-7.5577254329104475,12.946655683554516],[-7.556109291170292,12.947112419263691],[-7.556109291170292,12.948201558262491],[-7.5565596,12.9493739],[-7.5533268,12.951344],[-7.551518,12.9456409],[-7.5527816,12.941987],[-7.5562304,12.9404228]]]}},{"id":"294","type":"Feature","properties":{"id":"248","date_realisation":"2026-04-01","commune":"Doumba","village":"Doumba","surface_ha":18.4745,"technologie":"Cordon pierreux","type_beneficiaire":"Propriétaire individuel (appartenant à un ménage)"},"geometry":{"type":"Polygon","coordinates":[[[-7.6195288,13.0779883],[-7.619837041551723,13.079208240775863],[-7.620201410862068,13.080351035431034],[-7.6205496,13.0816531],[-7.619008929482758,13.082239130948274],[-7.6167494,13.0832273],[-7.616128315876438,13.081047970134435],[-7.6157906,13.0800925],[-7.615741847199444,13.07964262949082],[-7.617452078793105,13.078860433706899],[-7.6195288,13.0779883]]]}},{"id":"295","type":"Feature","properties":{"id":"248","date_realisation":"2026-04-01","commune":"Doumba","village":"Dibaro","surface_ha":17.3202,"technologie":"Cordon pierreux","type_beneficiaire":"Propriétaire individuel (appartenant à un ménage)"},"geometry":{"type":"Polygon","coordinates":[[[-7.610243451931299,13.067767501052277],[-7.6103176,13.069197],[-7.609540781609492,13.068821506534988],[-7.609224579964678,13.068435037857995],[-7.608943511835956,13.067679667262052],[-7.608755469795853,13.067323730543286],[-7.608662443707233,13.067258065068966],[-7.6082408415141485,13.066344593650618],[-7.608030040417606,13.065659490086855],[-7.607626004982568,13.064939253007003],[-7.607186836031438,13.063692013185795],[-7.6069333,13.0626723],[-7.606976034934896,13.062356939574363],[-7.607819239321064,13.06214613847782],[-7.609031345626182,13.062005604413459],[-7.6099128,13.0620493],[-7.609821849738215,13.063147443686395],[-7.610331285721525,13.066748629085657],[-7.610243451931299,13.067767501052277]]]}},{"id":"296","type":"Feature","properties":{"id":"248","date_realisation":"2026-04-01","commune":"Doumba","village":"Doumba","surface_ha":3.1616,"technologie":"Cordon pierreux","type_beneficiaire":"Propriétaire individuel (appartenant à un ménage)"},"geometry":{"type":"Polygon","coordinates":[[[-7.6026366,13.0840747],[-7.6017601,13.0846211],[-7.601337105602399,13.084772122840006],[-7.6002161,13.0847249],[-7.599931764958785,13.084499838090306],[-7.599729747241265,13.084201203203538],[-7.599650696830063,13.083814734526543],[-7.5997056,13.0836772],[-7.600261,13.0834895],[-7.60093307016736,13.083551233155866],[-7.6019353,13.0838506],[-7.6026458290767644,13.083964051969927],[-7.6026366,13.0840747]]]}},{"id":"297","type":"Feature","properties":{"id":"248","date_realisation":"2026-04-01","commune":"Meguetan","village":"Djindjila","surface_ha":6.0304,"technologie":"Cordon pierreux","type_beneficiaire":"Terres collectives/communautaires pour le village"},"geometry":{"type":"Polygon","coordinates":[[[-7.604635264425309,12.892051612015827],[-7.60517983392471,12.89409813932809],[-7.605258884335913,12.894616358690422],[-7.604889982416965,12.894827159786963],[-7.604204878853203,12.894809593028919],[-7.603958944240571,12.894756892754783],[-7.603229923781695,12.894300157045608],[-7.602869805241769,12.894159622981247],[-7.602896155378837,12.892464430829888],[-7.604635264425309,12.892051612015827]]]}},{"id":"298","type":"Feature","properties":{"id":"248","date_realisation":"2026-04-06","commune":"Doumba","village":"Dibaro","surface_ha":15.8729,"technologie":"Cordon pierreux","type_beneficiaire":"Propriétaire individuel (appartenant à un ménage)"},"geometry":{"type":"Polygon","coordinates":[[[-7.6340127009393255,13.062373235053865],[-7.633447187446961,13.062484786535691],[-7.6324397,13.0625182],[-7.632061365423405,13.062031954550523],[-7.631973531633179,13.06134685098676],[-7.63211406569754,13.061013082583903],[-7.632329231737616,13.060197244681948],[-7.632272166519947,13.060134744681644],[-7.632166765971676,13.058641570247804],[-7.631551929440095,13.058026733716224],[-7.632342433552128,13.057007861749602],[-7.633326172002658,13.057622698281184],[-7.633695073921606,13.058167267780584],[-7.634362610727323,13.059344240569612],[-7.6350301475330395,13.060134744681644],[-7.635750384612892,13.060521213358637],[-7.636013885983569,13.06127658395458],[-7.635557150274395,13.061768453179845],[-7.63459097858191,13.062067088066613],[-7.6340127009393255,13.062373235053865]]]}},{"id":"299","type":"Feature","properties":{"id":"248","date_realisation":"2026-04-04","commune":"Doumba","village":"Dibaro","surface_ha":4.9509,"technologie":"Cordon pierreux","type_beneficiaire":"Propriétaire individuel (appartenant à un ménage)"},"geometry":{"type":"Polygon","coordinates":[[[-7.6229455,13.0648109],[-7.6233579,13.0668035],[-7.6208084,13.0669111],[-7.6207525,13.0655024],[-7.6229455,13.0648109]]]}},{"id":"300","type":"Feature","properties":{"id":"248","date_realisation":"2026-04-04","commune":"Doumba","village":"Dibaro","surface_ha":0.9819,"technologie":"Cordon pierreux","type_beneficiaire":"Propriétaire individuel (appartenant à un ménage)"},"geometry":{"type":"Polygon","coordinates":[[[-7.619605994429097,13.065610896289087],[-7.620328277639926,13.065625514801246],[-7.620590272419904,13.066335810271598],[-7.620484871871633,13.066678362053478],[-7.620256504017045,13.06712631438363],[-7.620089619815617,13.067161447899721],[-7.619878818719075,13.066976996940246],[-7.619949085751255,13.066599311642277],[-7.6200808364365935,13.066406077303778],[-7.619747068033735,13.065712190360994],[-7.619605994429097,13.065610896289087]]]}},{"id":"301","type":"Feature","properties":{"id":"248","date_realisation":"2026-04-06","commune":"Doumba","village":"Dibaro","surface_ha":14.8895,"technologie":"Cordon pierreux","type_beneficiaire":"Propriétaire individuel (appartenant à un ménage)"},"geometry":{"type":"Polygon","coordinates":[[[-7.6289173,13.0639972],[-7.628688547878732,13.06333189464587],[-7.628644596357947,13.06283744003703],[-7.628706114636778,13.062629224324063],[-7.628868,13.0623536],[-7.629075016555726,13.061786019937895],[-7.6303222563769335,13.060205011713828],[-7.630937092908515,13.05987124331097],[-7.632248782855075,13.059830757038311],[-7.632272166519947,13.060134744681644],[-7.632329231737616,13.060197244681948],[-7.63211406569754,13.061013082583903],[-7.631973531633179,13.06134685098676],[-7.632061365423405,13.062031954550523],[-7.6324397,13.0625182],[-7.6327763,13.0630518],[-7.632676201954987,13.063367028161961],[-7.631955964875135,13.063718363322865],[-7.630866825876334,13.064087265241813],[-7.629777686877533,13.064192665790083],[-7.6289173,13.0639972]]]}},{"id":"302","type":"Feature","properties":{"id":"248","date_realisation":"2026-03-30","commune":"Meguetan","village":"Dladiè","surface_ha":13.6102,"technologie":"RNA","type_beneficiaire":"Terres collectives/communautaires pour le village"},"geometry":{"type":"Polygon","coordinates":[[[-7.5821039,12.9769732],[-7.5824704,12.977175],[-7.5832756,12.9780742],[-7.5826793,12.9783719],[-7.5817853038981005,12.978563503698867],[-7.581258301156745,12.979231040504583],[-7.581082633576293,12.979758043245939],[-7.5802669,12.9808136],[-7.57923812398155,12.980618814390153],[-7.5783675,12.9805692],[-7.578008450918388,12.978932405617815],[-7.5780363,12.9782103],[-7.5801219,12.977533],[-7.581047500060203,12.977158163055254],[-7.5821039,12.9769732]]]}},{"id":"303","type":"Feature","properties":{"id":"248","date_realisation":"2026-03-24","commune":"Meguetan","village":"Dladiè","surface_ha":5.0771,"technologie":"RNA","type_beneficiaire":"Terres collectives/communautaires pour le village"},"geometry":{"type":"Polygon","coordinates":[[[-7.5832756,12.9780742],[-7.584622335322394,12.97749193145811],[-7.5852438,12.9770077],[-7.585491889845632,12.977895966893147],[-7.5859864,12.9790236],[-7.584824353039915,12.979318874294805],[-7.5830998,12.9793579],[-7.5832756,12.9780742]]]}},{"id":"304","type":"Feature","properties":{"id":"248","date_realisation":"2026-04-06","commune":"Meguetan","village":"Dladiè","surface_ha":3.6175,"technologie":"RNA","type_beneficiaire":"Propriétaire individuel (appartenant à un ménage)"},"geometry":{"type":"Polygon","coordinates":[[[-7.5866933,12.9738133],[-7.585667557426084,12.973873179300805],[-7.584947320346231,12.974242081219753],[-7.583928448379611,12.97440018204216],[-7.58338,12.9742933],[-7.5834294,12.973485],[-7.58528108874909,12.973311043043358],[-7.586001325828942,12.973100241946817],[-7.586475628296162,12.972380004866963],[-7.58677,12.973277],[-7.5866933,12.9738133]]]}},{"id":"305","type":"Feature","properties":{"id":"248","date_realisation":"2026-03-09","commune":"Meguetan","village":"Mafèya","surface_ha":57.1587,"technologie":"RNA","type_beneficiaire":"Terres collectives/communautaires pour le village"},"geometry":{"type":"Polygon","coordinates":[[[-7.611841987969207,12.967789524875622],[-7.6117225373023665,12.967214615625513],[-7.6115621792204715,12.967091263254819],[-7.611118035199318,12.966506486061492],[-7.610954905632113,12.965625586398586],[-7.611628482161771,12.963713498185365],[-7.613062916597535,12.96184873341887],[-7.6146095,12.959962],[-7.616154666013486,12.959582621631043],[-7.616962736883564,12.960056924098263],[-7.617602106963546,12.961032804746658],[-7.617770807753641,12.966082322107761],[-7.617278938528377,12.967311995170924],[-7.616553296292205,12.968602025813006],[-7.615153360804911,12.969068670975439],[-7.613109751008754,12.968965712998795],[-7.611973777598734,12.96801466549273],[-7.611841987969207,12.967789524875622]]]}},{"id":"306","type":"Feature","properties":{"id":"248","date_realisation":"2026-03-10","commune":"Meguetan","village":"Tanabougou","surface_ha":1.3869,"technologie":"RNA","type_beneficiaire":"Terres collectives/communautaires pour le village"},"geometry":{"type":"Polygon","coordinates":[[[-7.585687007857069,12.950987628351436],[-7.586584837518066,12.951098788214228],[-7.586267023044351,12.952279241973743],[-7.585353551626001,12.952086007635245],[-7.585458952174272,12.951295503523212],[-7.585687007857069,12.950987628351436]]]}},{"id":"307","type":"Feature","properties":{"id":"248","date_realisation":"2026-04-04","commune":"Meguetan","village":"Mafèya","surface_ha":50.2574,"technologie":"RNA","type_beneficiaire":"Propriétaire individuel (appartenant à un ménage)"},"geometry":{"type":"Polygon","coordinates":[[[-7.59947774825347,12.970360641969371],[-7.5999990970830105,12.970219571109613],[-7.601749924416441,12.970553062030266],[-7.603506600220959,12.971712468061247],[-7.6047596,12.9721426],[-7.60568487821856,12.973785345510578],[-7.606001079863374,12.975260953186373],[-7.605895679315103,12.9769824954748],[-7.605403810089838,12.978141901505781],[-7.6040032,12.9789256],[-7.602452594738248,12.979055372924131],[-7.6018553249647125,12.978844571827588],[-7.600976987062453,12.977439231183975],[-7.599887848063653,12.974663683412837],[-7.5991851777418455,12.971501666964706],[-7.59947774825347,12.970360641969371]]]}},{"id":"308","type":"Feature","properties":{"id":"248","date_realisation":"2026-04-07","commune":"Meguetan","village":"Tanabougou","surface_ha":3.2206,"technologie":"RNA","type_beneficiaire":"Propriétaire individuel (appartenant à un ménage)"},"geometry":{"type":"Polygon","coordinates":[[[-7.590623579039558,12.95224410845765],[-7.590272243878656,12.95119010297494],[-7.5903249441527905,12.950838767814036],[-7.590483044975198,12.950645533475539],[-7.591660017764224,12.950663100233584],[-7.5917809,12.9508501],[-7.591866,12.9512989],[-7.5917478515544445,12.951523871377796],[-7.5919358,12.9516879],[-7.591905952376856,12.951892773296747],[-7.591703934659337,12.952200191562536],[-7.591493133562795,12.952261675215695],[-7.591387733014524,12.952463692933215],[-7.5911681485389595,12.952665710650734],[-7.590974914200462,12.952815028094118],[-7.5905972289024914,12.952955562158479],[-7.590483044975198,12.952613010376599],[-7.590623579039558,12.952419776038102],[-7.590623579039558,12.95224410845765]]]}},{"id":"309","type":"Feature","properties":{"id":"248","date_realisation":"2026-04-07","commune":"Meguetan","village":"Tanabougou","surface_ha":8.4725,"technologie":"RNA","type_beneficiaire":"Propriétaire individuel (appartenant à un ménage)"},"geometry":{"type":"Polygon","coordinates":[[[-7.5952468,12.9508012],[-7.595507137776113,12.951277936765164],[-7.5957706391467905,12.952208974941557],[-7.5963836,12.953284],[-7.5961664,12.9534538],[-7.595717938872655,12.953684582617353],[-7.594435565535357,12.95336838097254],[-7.592626189456704,12.952226541699604],[-7.5917478515544445,12.951523871377796],[-7.594066663616408,12.951084702426666],[-7.5952468,12.9508012]]]}},{"id":"310","type":"Feature","properties":{"id":"248","date_realisation":"2026-04-07","commune":"Meguetan","village":"Tanabougou","surface_ha":6.5444,"technologie":"RNA","type_beneficiaire":"Propriétaire individuel (appartenant à un ménage)"},"geometry":{"type":"Polygon","coordinates":[[[-7.5952468,12.9508012],[-7.594066663616408,12.951084702426666],[-7.5917478515544445,12.951523871377796],[-7.591866,12.9512989],[-7.591747851554446,12.95041716562095],[-7.591781,12.9499388],[-7.592924824343473,12.949503694202601],[-7.594347731745132,12.949275326348014],[-7.59468150014799,12.94946856068651],[-7.5949625682767135,12.94990772963764],[-7.5952468,12.9508012]]]}},{"id":"311","type":"Feature","properties":{"id":"248","date_realisation":"2026-04-06","commune":"Meguetan","village":"Tièntiguila","surface_ha":8.5476,"technologie":"Cordon pierreux","type_beneficiaire":"Propriétaire individuel (appartenant à un ménage)"},"geometry":{"type":"Polygon","coordinates":[[[-7.5635967,12.9484333],[-7.563223828178584,12.948623160455575],[-7.56260020826798,12.948781261277983],[-7.561440802236999,12.94900962913257],[-7.5610933,12.9489883],[-7.560175995657747,12.948008323923995],[-7.559912494287069,12.947358353876323],[-7.559622642779323,12.946901618167148],[-7.5594433,12.9461617],[-7.559930061045114,12.946163814329251],[-7.560615164608876,12.946365832046771],[-7.5613033,12.9463494],[-7.5620133,12.946245],[-7.562556291372868,12.947323220360234],[-7.56274,12.94739],[-7.562916409912794,12.947762389311363],[-7.563329228726856,12.948104941093243],[-7.5635967,12.9484333]]]}},{"id":"312","type":"Feature","properties":{"id":"248","date_realisation":"2026-04-08","commune":"Meguetan","village":"Fèya","surface_ha":84.4284,"technologie":"RNA","type_beneficiaire":"Propriétaire individuel (appartenant à un ménage)"},"geometry":{"type":"Polygon","coordinates":[[[-7.667237700486474,12.90999989808724],[-7.667905237292192,12.909472895345882],[-7.669345711451902,12.908981026120616],[-7.6717699240621435,12.907645952509178],[-7.6739833355758424,12.906170344833379],[-7.676372414669993,12.904905538254123],[-7.677918289377974,12.904273134964495],[-7.678480425635421,12.903746132223137],[-7.679745232214677,12.903359663546142],[-7.680588436600849,12.903289396513962],[-7.68146677450311,12.904097467384043],[-7.681993777244467,12.905256873415027],[-7.681712709115743,12.906170344833379],[-7.681537041535291,12.907540551960906],[-7.680799237697391,12.908664824475801],[-7.67988576627904,12.909543162378064],[-7.677110218507893,12.91003503160333],[-7.675142741606828,12.910140432151602],[-7.674299537220656,12.910526900828597],[-7.672999597125309,12.910913369505591],[-7.671980725158686,12.912037642020486],[-7.672086125706957,12.912564644761844],[-7.669942981225439,12.915023990888175],[-7.6695213790323535,12.913794317825008],[-7.66769443619565,12.911826840923943],[-7.667237700486474,12.90999989808724]]]}},{"id":"313","type":"Feature","properties":{"id":"248","date_realisation":"2026-04-16","commune":"Meguetan","village":"Mafèya","surface_ha":6.3982,"technologie":"Cordon pierreux","type_beneficiaire":"Propriétaire individuel (appartenant à un ménage)"},"geometry":{"type":"Polygon","coordinates":[[[-7.621090925024182,12.987750918156499],[-7.621574010870425,12.987909018978904],[-7.621960479547418,12.988154953591538],[-7.622048313337644,12.98887519067139],[-7.62179359534599,12.989200175695226],[-7.620159886847788,12.989331926380563],[-7.618921430405603,12.989305576243495],[-7.6181794,12.9889919],[-7.618350510769135,12.988558989026576],[-7.618816029857332,12.987750918156499],[-7.619053181090942,12.987645517608227],[-7.61986125196102,12.987627950850182],[-7.620511222008692,12.987768484914543],[-7.621090925024182,12.987750918156499]]]}},{"id":"314","type":"Feature","properties":{"id":"248","date_realisation":"2026-04-16","commune":"Meguetan","village":"Fèya","surface_ha":109.726,"technologie":"RNA","type_beneficiaire":"Terres collectives/communautaires pour le village"},"geometry":{"type":"Polygon","coordinates":[[[-7.659879303568532,12.922572994657083],[-7.66083805024646,12.922267633414148],[-7.660993428934051,12.922101156248873],[-7.660849148724145,12.921937453703016],[-7.661293087831544,12.921782075015427],[-7.6619645457314896,12.92139362829645],[-7.662053333552967,12.9208775490841],[-7.661842462476952,12.920650030291556],[-7.661653788356307,12.920211640422998],[-7.661496122941955,12.920193642088028],[-7.661651471428091,12.919977816656932],[-7.664600796186893,12.918162847574592],[-7.667553902131288,12.916921200757063],[-7.668818708710544,12.916077996370891],[-7.671207787804696,12.91600772933871],[-7.672402327351771,12.915586127145625],[-7.673350932286214,12.915621260661714],[-7.674229270188476,12.917377936466238],[-7.674791406445923,12.918713010077676],[-7.674967074026375,12.92053995291438],[-7.673491466350576,12.921453424332732],[-7.671699657029962,12.921804759493636],[-7.6701889158380725,12.923666835846431],[-7.668818708710544,12.924474906716512],[-7.667799836743922,12.924896508909596],[-7.666535030164665,12.924931642425687],[-7.665656692262403,12.925037042973958],[-7.664037204473091,12.925037042973958],[-7.663962097039711,12.925083432859282],[-7.661893892689114,12.925318111102682],[-7.6608083925187636,12.924788598824462],[-7.660643809084376,12.924535393540788],[-7.6603515313327435,12.92436950616824],[-7.659794414149023,12.923124775883892],[-7.659879303568532,12.922572994657083]]]}},{"id":"315","type":"Feature","properties":{"id":"248","date_realisation":"2026-04-17","commune":"Meguetan","village":"Dogoni","surface_ha":33.1821,"technologie":"RNA","type_beneficiaire":"Terres collectives/communautaires pour le village"},"geometry":{"type":"Polygon","coordinates":[[[-7.716846225206211,12.950311216111539],[-7.716688124383804,12.950724034925601],[-7.715300350498231,12.951163203876733],[-7.713824742822432,12.951778040408316],[-7.71328017332303,12.952322609907718],[-7.7125423694851305,12.952480710730125],[-7.711558631034597,12.953007713471482],[-7.710504625551883,12.953323915116297],[-7.709591154133531,12.953657683519156],[-7.709204685456537,12.953710383793291],[-7.708185813489913,12.9536752502772],[-7.707606110474421,12.952955013197347],[-7.707483143168104,12.952234776117491],[-7.707483143168104,12.951883440956587],[-7.708431748102546,12.951075370086507],[-7.7099600560524815,12.950355133006653],[-7.710820827196698,12.950056498119883],[-7.711558631034597,12.949529495378526],[-7.71213833405009,12.949230860491758],[-7.712465155523088,12.948892571598655],[-7.712577503001221,12.948616023960174],[-7.713004471540758,12.9482332245799],[-7.713016671952351,12.948141721492954],[-7.713307321949098,12.948165942326016],[-7.713868659717545,12.948045104323704],[-7.7142990452896525,12.948106587976863],[-7.714905098442213,12.948291038936336],[-7.715669252417181,12.948659940855286],[-7.716310439085832,12.94917816021762],[-7.716644207488691,12.949696379579956],[-7.716846225206211,12.950311216111539]]]}},{"id":"316","type":"Feature","properties":{"id":"248","date_realisation":"2026-04-17","commune":"Meguetan","village":"Dogoni","surface_ha":9.2952,"technologie":"RNA","type_beneficiaire":"Propriétaire individuel (appartenant à un ménage)"},"geometry":{"type":"Polygon","coordinates":[[[-7.700797100325791,12.957581275929837],[-7.7004564399500115,12.957491628462526],[-7.699837716520818,12.957167249188968],[-7.699727419491135,12.957034892753349],[-7.700535490361216,12.956507890011993],[-7.700842908627007,12.95636735594763],[-7.701299644336183,12.95626195539936],[-7.70158949584393,12.956042370923795],[-7.701738813287314,12.955734952658],[-7.702186765617467,12.955084982610327],[-7.7028894359392766,12.954206644708066],[-7.704031275212216,12.953969493474455],[-7.704610978227709,12.95391679320032],[-7.705076497315908,12.953960710095432],[-7.705129197590043,12.95411002753882],[-7.7050150136627495,12.954619463522132],[-7.704795429187183,12.955269433569805],[-7.7044353106472565,12.955629552109732],[-7.7041015422443975,12.955717385899957],[-7.703029970003638,12.955752519416048],[-7.702590801052508,12.956016020786727],[-7.702300949544761,12.956586940423197],[-7.702292166165739,12.957052459511395],[-7.7023097329237835,12.95729839412403],[-7.702608367810552,12.957746346454183],[-7.702333287627387,12.957778239808752],[-7.701317211094227,12.957597029010797],[-7.700797100325791,12.957581275929837]]]}},{"id":"317","type":"Feature","properties":{"id":"248","date_realisation":"2026-04-17","commune":"Meguetan","village":"Dogoni","surface_ha":2.8857,"technologie":"RNA","type_beneficiaire":"Propriétaire individuel (appartenant à un ménage)"},"geometry":{"type":"Polygon","coordinates":[[[-7.704881584130685,12.95186713755762],[-7.7049344,12.951825099999999],[-7.704957449082077,12.951612371507808],[-7.7051906812432005,12.9511105036026],[-7.705375132202676,12.950873352368989],[-7.705673767089444,12.950653767893424],[-7.705823084532828,12.950618634377333],[-7.706139286177643,12.95070646816756],[-7.7063764374112536,12.951022669812373],[-7.706578455128773,12.951505755658618],[-7.706420354306366,12.952568544520354],[-7.705629850194331,12.952507060867195],[-7.705278515033426,12.952375310181855],[-7.704881584130685,12.95186713755762]]]}},{"id":"318","type":"Feature","properties":{"id":"248","date_realisation":"2026-04-17","commune":"Meguetan","village":"Dogoni","surface_ha":4.2275,"technologie":"RNA","type_beneficiaire":"Propriétaire individuel (appartenant à un ménage)"},"geometry":{"type":"Polygon","coordinates":[[[-7.7020970220263925,12.953340349180467],[-7.702491499999999,12.953519799999999],[-7.70401502101463,12.95255627746807],[-7.703987358317101,12.952722253653242],[-7.70405762534928,12.953969493474453],[-7.702889435939272,12.95419786132904],[-7.702423916851073,12.954768780965512],[-7.700702374562643,12.954759997586489],[-7.700737508078734,12.954487712836787],[-7.701211810545955,12.954074894022725],[-7.701466528537611,12.953749908998889],[-7.7020970220263925,12.953340349180467]]]}},{"id":"319","type":"Feature","properties":{"id":"248","date_realisation":"2026-04-16","commune":"Meguetan","village":"Djindjila","surface_ha":0.9842,"technologie":"Cordon pierreux","type_beneficiaire":"Terres collectives/communautaires pour le village"},"geometry":{"type":"Polygon","coordinates":[[[-7.604362979675608,12.889113571732763],[-7.604283929264405,12.889254105797125],[-7.60369105118038,12.88988650908675],[-7.603489033462861,12.890198319042053],[-7.603388024604101,12.890251019316189],[-7.602966422411017,12.88995677611893],[-7.60267217921376,12.889877725707727],[-7.602290102226277,12.889653749542651],[-7.603124523233423,12.889557132373403],[-7.603805235107674,12.889262889176146],[-7.604362979675608,12.889113571732763]]]}},{"id":"320","type":"Feature","properties":{"id":"248","date_realisation":"2026-04-22","commune":"Meguetan","village":"Djindjila","surface_ha":1.5,"technologie":"Cordon pierreux","type_beneficiaire":"Terres collectives/communautaires pour le village"},"geometry":{"type":"Polygon","coordinates":[[[-7.600858411445597,12.892934341607598],[-7.600990162130937,12.893456952659443],[-7.6008056,12.8941756],[-7.600135,12.8943183],[-7.6000483,12.89429],[-7.599769272446796,12.8937511958567],[-7.5998404,12.8932805],[-7.600673960486123,12.89294312498662],[-7.600779361034394,12.89290799147053],[-7.600858411445597,12.892934341607598]]]}},{"id":"321","type":"Feature","properties":{"id":"248","date_realisation":"2026-04-02","commune":"Doumba","village":"Fani","surface_ha":15.3665,"technologie":"Cordon pierreux","type_beneficiaire":"Propriétaire individuel (appartenant à un ménage)"},"geometry":{"type":"Polygon","coordinates":[[[-7.510717060847848,13.167972341553098],[-7.5075251,13.1676545],[-7.507345682648636,13.167593994693393],[-7.50709111729313,13.16623631279736],[-7.5071276,13.1660454],[-7.508222518873158,13.16584032224435],[-7.5119985716465,13.165543329329592],[-7.5126632,13.1654466],[-7.512861265351272,13.1658544647641],[-7.5129188,13.1684686],[-7.512535987397014,13.168470830917915],[-7.511877410357897,13.168230196999776],[-7.510717060847848,13.167972341553098]]]}},{"id":"322","type":"Feature","properties":{"id":"248","date_realisation":"2026-04-02","commune":"Doumba","village":"Fani","surface_ha":3.0021,"technologie":"Cordon pierreux","type_beneficiaire":"Propriétaire individuel (appartenant à un ménage)"},"geometry":{"type":"Polygon","coordinates":[[[-7.545876,13.1534802],[-7.5461266,13.1555242],[-7.5447261,13.1550999],[-7.5442234,13.1538517],[-7.545876,13.1534802]]]}},{"id":"323","type":"Feature","properties":{"id":"248","date_realisation":"2026-04-04","commune":"Doumba","village":"Dombana","surface_ha":21.8808,"technologie":"RNA, + RNA","type_beneficiaire":"Terres collectives/communautaires pour le village"},"geometry":{"type":"Polygon","coordinates":[[[-7.495754801601917,13.188416713954775],[-7.49572393240535,13.188556965986086],[-7.495916976535769,13.189565389718624],[-7.4965529,13.1912774],[-7.4957346739336,13.192018126302248],[-7.4946857,13.192101],[-7.493641581010548,13.190151313695202],[-7.4929925,13.1868094],[-7.4922588,13.1844846],[-7.4933087,13.1843402],[-7.495338683380591,13.185088291624577],[-7.495621533775597,13.187831940456144],[-7.495754801601917,13.188416713954775]]]}},{"id":"324","type":"Feature","properties":{"id":"248","date_realisation":"2026-04-04","commune":"Doumba","village":"Dombana","surface_ha":3.4772,"technologie":"Cordon pierreux","type_beneficiaire":"Propriétaire individuel (appartenant à un ménage)"},"geometry":{"type":"Polygon","coordinates":[[[-7.501996571042092,13.184616268297622],[-7.501762281544567,13.184041194076418],[-7.501208506368595,13.18408379216688],[-7.5008251235544625,13.184680165433305],[-7.500684482295308,13.184697385556962],[-7.501094688918981,13.182627493188017],[-7.501785352875667,13.182589122968201],[-7.50289,13.1827283],[-7.502452370815014,13.184239740439557],[-7.501996571042092,13.184616268297622]]]}},{"id":"325","type":"Feature","properties":{"id":"248","date_realisation":"2026-04-28","commune":"Meguetan","village":"Djindjila","surface_ha":133.3201,"technologie":"RNA, + RNA","type_beneficiaire":"Terres collectives/communautaires pour le village"},"geometry":{"type":"Polygon","coordinates":[[[-7.604144159079891,12.903259693669566],[-7.604398724435398,12.903768824380577],[-7.6044121,12.9045639],[-7.604002733882388,12.90586191730363],[-7.6029196,12.9073135],[-7.6001445,12.9087523],[-7.598543721258753,12.908181290542688],[-7.5982406,12.9073426],[-7.597016329125716,12.907559019673672],[-7.595715217308684,12.907559019673672],[-7.5923210125686005,12.908605566135197],[-7.5907539,12.9087237],[-7.589718788934537,12.908153005503186],[-7.588389392078003,12.907785299989676],[-7.5878519763274905,12.906710468488651],[-7.588163111761998,12.904843655881605],[-7.5887893,12.9039172],[-7.591019900751569,12.902439427524046],[-7.593395844069627,12.90226971728704],[-7.595463,12.9016076],[-7.597440604718226,12.900855465312006],[-7.599137707088268,12.900487759798498],[-7.601428795287824,12.900374619640495],[-7.602765803678688,12.900681596143897],[-7.60374816852688,12.90020490940349],[-7.6055901,12.9000956],[-7.606859522871956,12.900190766883739],[-7.60740300092328,12.900804439530694],[-7.607641347765383,12.90141114058332],[-7.607368653582969,12.902001009411784],[-7.606709628291706,12.902559539004365],[-7.605855403969682,12.902807133037554],[-7.605020995304411,12.902849560596804],[-7.604144159079891,12.903259693669566]]]}},{"id":"326","type":"Feature","properties":{"id":"248","date_realisation":"2026-04-28","commune":"Meguetan","village":"Djindjila","surface_ha":22.2627,"technologie":"RNA, Cordon pierreux + RNA + Cordon pierreux","type_beneficiaire":"Terres collectives/communautaires pour le village"},"geometry":{"type":"Polygon","coordinates":[[[-7.5951628,12.895908],[-7.594305,12.8963534],[-7.593003874754656,12.896599206504774],[-7.5918483,12.8969333],[-7.5920103,12.8956656],[-7.5915393,12.8928019],[-7.594154,12.8912481],[-7.5960561,12.8922476],[-7.5965152,12.8935015],[-7.5956632,12.8944857],[-7.5951628,12.895908]]]}},{"id":"327","type":"Feature","properties":{"id":"248","date_realisation":"2026-04-02","commune":"Meguetan","village":"Djindjila","surface_ha":1.3337,"technologie":"Cordon pierreux","type_beneficiaire":"Terres collectives/communautaires pour le village"},"geometry":{"type":"Polygon","coordinates":[[[-7.6055602,12.8989669],[-7.6056227,12.8999292],[-7.6044683,12.8998884],[-7.6044308,12.898914],[-7.6055602,12.8989669]]]}},{"id":"328","type":"Feature","properties":{"id":"248","date_realisation":"2026-03-11","commune":"Meguetan","village":"Dladiè","surface_ha":11.6075,"technologie":"RNA","type_beneficiaire":"Terres collectives/communautaires pour le village"},"geometry":{"type":"Polygon","coordinates":[[[-7.587222215513082,12.975840656201866],[-7.5859213,12.9766828],[-7.5852438,12.9770077],[-7.584622335322394,12.97749193145811],[-7.5832756,12.9780742],[-7.582294739881409,12.97694736195871],[-7.582312306639453,12.976806827894348],[-7.586227547881975,12.974218285608345],[-7.5866933,12.9738133],[-7.58711681496481,12.97450558259043],[-7.5872104,12.974863],[-7.587617467569098,12.975173119396146],[-7.587872185560753,12.975269736565394],[-7.587872185560753,12.975498104419986],[-7.587222215513082,12.975840656201866]]]}},{"id":"329","type":"Feature","properties":{"id":"248","date_realisation":"2026-04-04","commune":"Meguetan","village":"Mafèya","surface_ha":7.7475,"technologie":"Cordon pierreux","type_beneficiaire":"Propriétaire individuel (appartenant à un ménage)"},"geometry":{"type":"Polygon","coordinates":[[[-7.6118247977542035,12.977127286510477],[-7.609394011001176,12.977578908093006],[-7.609207013206618,12.97715816305525],[-7.608363808820449,12.974769083961105],[-7.609031345626166,12.974646116654789],[-7.6106123538502315,12.974892051267421],[-7.6107632730301935,12.97495863325858],[-7.610893421978954,12.975102852363964],[-7.6118247977542035,12.977127286510477]]]}},{"id":"330","type":"Feature","properties":{"id":"248","date_realisation":"2026-04-18","commune":"Meguetan","village":"Mafèya","surface_ha":3.9259,"technologie":"Cordon pierreux","type_beneficiaire":"Propriétaire individuel (appartenant à un ménage)"},"geometry":{"type":"Polygon","coordinates":[[[-7.611198192045343,12.989779890677092],[-7.610524520060013,12.98752255030191],[-7.61051850960716,12.98704437575014],[-7.611556886106562,12.986834880696556],[-7.611982560977762,12.988558989026574],[-7.61217579531626,12.988840057155297],[-7.612375,12.9896435],[-7.611198192045343,12.989779890677092]]]}},{"id":"331","type":"Feature","properties":{"id":"248","date_realisation":"2026-04-22","commune":"Meguetan","village":"Djindjila","surface_ha":0.8435,"technologie":"Cordon pierreux","type_beneficiaire":"Terres collectives/communautaires pour le village"},"geometry":{"type":"Polygon","coordinates":[[[-7.599345474408966,12.897947455184745],[-7.599371824546034,12.898329532172227],[-7.598585712123512,12.898487632994634],[-7.59793135038633,12.898487632994634],[-7.597808383080014,12.898430541030987],[-7.597940133765352,12.898109947696662],[-7.598076276140202,12.898074814180571],[-7.598291468926256,12.898101164317639],[-7.598325,12.89788],[-7.599345474408966,12.897947455184745]]]}},{"id":"332","type":"Feature","properties":{"id":"248","date_realisation":"2026-04-30","commune":"Meguetan","village":"Tièntiguila","surface_ha":2.9386,"technologie":"Cordon pierreux","type_beneficiaire":"Propriétaire individuel (appartenant à un ménage)"},"geometry":{"type":"Polygon","coordinates":[[[-7.56871,12.9492783],[-7.568525,12.9505267],[-7.5671067,12.9506333],[-7.5668383,12.949725],[-7.5667683,12.949195],[-7.567232182531483,12.949084993290633],[-7.568299942772635,12.949191062188762],[-7.56871,12.9492783]]]}},{"id":"333","type":"Feature","properties":{"id":"248","date_realisation":"2026-04-30","commune":"Meguetan","village":"Tièntiguila","surface_ha":8.9764,"technologie":"Cordon pierreux","type_beneficiaire":"Propriétaire individuel (appartenant à un ménage)"},"geometry":{"type":"Polygon","coordinates":[[[-7.5751017,12.9577767],[-7.5756383,12.96057],[-7.5744667,12.9612483],[-7.5733017,12.960515],[-7.572545,12.9592],[-7.57319,12.9581133],[-7.574034734531402,12.957697787818594],[-7.5751017,12.9577767]]]}},{"id":"334","type":"Feature","properties":{"id":"248","date_realisation":"2026-04-29","commune":"Meguetan","village":"Djindjila","surface_ha":1.6495,"technologie":"Cordon pierreux","type_beneficiaire":"Terres collectives/communautaires pour le village"},"geometry":{"type":"Polygon","coordinates":[[[-7.5983872946282265,12.89885094339597],[-7.599411102654542,12.900210603790706],[-7.598576888707174,12.900606042869654],[-7.598132696865069,12.89971224221176],[-7.597661420154544,12.899051371422287],[-7.5983872946282265,12.89885094339597]]]}},{"id":"335","type":"Feature","properties":{"id":"248","date_realisation":"2026-04-29","commune":"Meguetan","village":"Djindjila","surface_ha":2.1124,"technologie":"Cordon pierreux","type_beneficiaire":"Terres collectives/communautaires pour le village"},"geometry":{"type":"Polygon","coordinates":[[[-7.599135215628559,12.898556139899975],[-7.599137546366278,12.898492044612697],[-7.600039471601909,12.898287578132813],[-7.600299486338751,12.898276744185445],[-7.6006786744966455,12.898401334580182],[-7.600624504759803,12.898699268132813],[-7.600759929101908,12.899105541159129],[-7.600803264891382,12.89940347471176],[-7.600797847917698,12.90002100971176],[-7.60074909515454,12.900107681290706],[-7.60036,12.9001783],[-7.6001517,12.8996917],[-7.59981,12.8992467],[-7.599135215628559,12.898556139899975]]]}},{"id":"336","type":"Feature","properties":{"id":"248","date_realisation":"2026-04-24","commune":"Meguetan","village":"Dogoni","surface_ha":5.229,"technologie":"RNA","type_beneficiaire":"Propriétaire individuel (appartenant à un ménage)"},"geometry":{"type":"Polygon","coordinates":[[[-7.7022903602905615,12.949547368265574],[-7.702536929247106,12.949373505539805],[-7.70294079615922,12.949203456313652],[-7.703081637475009,12.949311795787336],[-7.703124973264483,12.949745153682073],[-7.703579999053956,12.949723485787336],[-7.703926685369745,12.949853493155757],[-7.704045858790797,12.949929330787336],[-7.7040675266855345,12.95003767026102],[-7.704598390106587,12.95044936026102],[-7.704912574580271,12.950438526313652],[-7.705031748001323,12.950308518945231],[-7.705107585632902,12.949755987629443],[-7.705551777475007,12.949376799471548],[-7.705692618790796,12.949485138945231],[-7.70573595458027,12.949810157366285],[-7.705833460106586,12.950059338155757],[-7.705844294053954,12.950341020787336],[-7.7056384490539545,12.95044936026102],[-7.705497607738165,12.95059020157681],[-7.705129253527639,12.950741876839967],[-7.70484757089606,12.950936887892599],[-7.704697619215438,12.951108261241881],[-7.704406121825443,12.951188674314984],[-7.703103305369746,12.951121064997862],[-7.702216757947802,12.95081055304871],[-7.702128250106589,12.950633537366283],[-7.702078804474704,12.950213532941559],[-7.702106582211853,12.950016002366283],[-7.7022903602905615,12.949547368265574]]]}},{"id":"337","type":"Feature","properties":{"id":"248","date_realisation":"2026-04-24","commune":"Meguetan","village":"Dogoni","surface_ha":6.9932,"technologie":"RNA","type_beneficiaire":"Propriétaire individuel (appartenant à un ménage)"},"geometry":{"type":"Polygon","coordinates":[[[-7.7003737,12.9580824],[-7.700806508527647,12.95816313078733],[-7.701121,12.9584309],[-7.700828176422384,12.959008178682065],[-7.70078484063291,12.959419868682065],[-7.700459822211857,12.960524931313643],[-7.700221475369752,12.960871617629433],[-7.700416486422384,12.961196636050484],[-7.700351482738173,12.961694997629431],[-7.700416486422384,12.962280030787326],[-7.700221475369752,12.962475041839957],[-7.699788117475016,12.962496709734694],[-7.699398095369753,12.9623233665768],[-7.6990080732644905,12.96225836289259],[-7.698813062211859,12.962128355524168],[-7.6985274,12.9620252],[-7.6987263906329115,12.961456650787326],[-7.698834730106595,12.960936621313643],[-7.698769726422385,12.960698274471538],[-7.69887806589607,12.96035158815575],[-7.699614774317121,12.959441536576803],[-7.6998964569487,12.958986510787328],[-7.700069800106594,12.958509817103119],[-7.7003737,12.9580824]]]}},{"id":"338","type":"Feature","properties":{"id":"248","date_realisation":"2026-04-24","commune":"Meguetan","village":"Dogoni","surface_ha":8.1662,"technologie":"RNA","type_beneficiaire":"Propriétaire individuel (appartenant à un ménage)"},"geometry":{"type":"Polygon","coordinates":[[[-7.710410802869738,12.945666172497868],[-7.710367467080265,12.947702954603129],[-7.710432470764475,12.948331323550496],[-7.709674094448687,12.94837465933997],[-7.709414079711845,12.94776795828734],[-7.7085256960276345,12.94776795828734],[-7.708049002343425,12.94742127197155],[-7.7079839986592145,12.946922910392603],[-7.7067489286592155,12.946857906708393],[-7.706878936027636,12.946251205655763],[-7.707290626027636,12.945731176182079],[-7.710150788132896,12.945536165129447],[-7.710410802869738,12.945666172497868]]]}},{"id":"339","type":"Feature","properties":{"id":"248","date_realisation":"2026-04-25","commune":"Meguetan","village":"Dogoni","surface_ha":6.1931,"technologie":"RNA","type_beneficiaire":"Terres collectives/communautaires pour le village"},"geometry":{"type":"Polygon","coordinates":[[[-7.701478213264486,12.947437522892603],[-7.701478213264486,12.947979220261024],[-7.697989682211857,12.949604312366285],[-7.697534656422384,12.949755987629443],[-7.697083,12.9495716],[-7.696862951685542,12.949192622366285],[-7.697036294843437,12.948932607629443],[-7.698553047475015,12.948195899208391],[-7.698943069580277,12.947957552366287],[-7.699159748527646,12.947285847629445],[-7.69974478168554,12.947134172366287],[-7.70028647905396,12.94745919078734],[-7.700654833264487,12.947372519208391],[-7.701261534317117,12.947372519208391],[-7.701478213264486,12.947437522892603]]]}},{"id":"340","type":"Feature","properties":{"id":"248","date_realisation":"2026-05-06","commune":"Meguetan","village":"Fèya","surface_ha":43.3912,"technologie":"RNA","type_beneficiaire":"Terres collectives/communautaires pour le village"},"geometry":{"type":"Polygon","coordinates":[[[-7.677889803174664,12.913277294112147],[-7.678640252211881,12.913202249208425],[-7.6801266931750085,12.912893378358945],[-7.6809758,12.9129191],[-7.680503691159249,12.91441565131369],[-7.680568694843459,12.915174027629478],[-7.681327071159249,12.915997407629476],[-7.6818695,12.9164378],[-7.681717093264512,12.917904182366318],[-7.6816968,12.9185222],[-7.6775548,12.9182396],[-7.674791406445923,12.918713010077676],[-7.674089994317148,12.91712413815579],[-7.6733107,12.9155712],[-7.673959986948729,12.914675666050531],[-7.674057955865323,12.914444739318558],[-7.675142617312786,12.913821791865624],[-7.6773185106329365,12.913483931840005],[-7.677889803174664,12.913277294112147]]]}},{"id":"341","type":"Feature","properties":{"id":"248","date_realisation":"2026-04-08","commune":"Meguetan","village":"Tanabougou","surface_ha":5.0588,"technologie":"Cordon pierreux","type_beneficiaire":"Propriétaire individuel (appartenant à un ménage)"},"geometry":{"type":"Polygon","coordinates":[[[-7.594669050035292,12.94882591124093],[-7.594633839706342,12.948954564365922],[-7.594345023258289,12.949276003469723],[-7.592924824343473,12.949503694202601],[-7.591781,12.9499388],[-7.591870818860767,12.948923991187112],[-7.5917236,12.947938],[-7.5932253,12.9477079],[-7.5938255,12.9478648],[-7.593940467074768,12.948093265550138],[-7.594021721680031,12.94840745002382],[-7.594167979969503,12.948602461076451],[-7.59464467365371,12.948683715681714],[-7.594669050035292,12.94882591124093]]]}},{"id":"342","type":"Feature","properties":{"id":"248","date_realisation":"2026-04-13","commune":"Meguetan","village":"Dladiè","surface_ha":2.7737,"technologie":"RNA, + RNA","type_beneficiaire":"Terres collectives/communautaires pour le village"},"geometry":{"type":"Polygon","coordinates":[[[-7.58727,12.9713418],[-7.587599900811053,12.971809085230495],[-7.58708168144872,12.972011102948015],[-7.5860283,12.97268],[-7.5851708,12.9719913],[-7.586065,12.9708883],[-7.58727,12.9713418]]]}},{"id":"343","type":"Feature","properties":{"id":"248","date_realisation":"2026-04-14","commune":"Meguetan","village":"Dladiè","surface_ha":3.6847,"technologie":"RNA, + RNA","type_beneficiaire":"Propriétaire individuel (appartenant à un ménage)"},"geometry":{"type":"Polygon","coordinates":[[[-7.5852883,12.973245],[-7.58528108874909,12.973311043043358],[-7.5834294,12.973485],[-7.5831717,12.9735667],[-7.58283431677879,12.972966654464416],[-7.582731394278791,12.972495377753894],[-7.5827502,12.972043],[-7.584199394147201,12.97202410104337],[-7.584613,12.9719706],[-7.584865681910354,12.972240779990738],[-7.5852883,12.973245]]]}},{"id":"344","type":"Feature","properties":{"id":"248","date_realisation":"2026-04-21","commune":"Meguetan","village":"Dladiè","surface_ha":3.8729,"technologie":"RNA, + RNA","type_beneficiaire":"Propriétaire individuel (appartenant à un ménage)"},"geometry":{"type":"Polygon","coordinates":[[[-7.5830889145419444,12.973418971767046],[-7.5830667,12.9735417],[-7.5822917,12.9736962],[-7.582146361120898,12.973194167359154],[-7.581631748620903,12.97318875038547],[-7.581577578884061,12.97292873564863],[-7.5808787892788025,12.972836647095999],[-7.581149637963011,12.97237078735916],[-7.581344649015642,12.971612411043377],[-7.581425903620904,12.971471569727589],[-7.581723837173533,12.971417399990747],[-7.5823004,12.9711611],[-7.582698892436684,12.971379481174958],[-7.582845150726157,12.971628661964429],[-7.582839733752473,12.9719807652539],[-7.5827502,12.972043],[-7.582731394278791,12.972495377753894],[-7.58283431677879,12.972966654464416],[-7.5830889145419444,12.973418971767046]]]}},{"id":"345","type":"Feature","properties":{"id":"248","date_realisation":"2026-04-22","commune":"Meguetan","village":"Tanabougou","surface_ha":9.0042,"technologie":"Cordon pierreux","type_beneficiaire":"Propriétaire individuel (appartenant à un ménage)"},"geometry":{"type":"Polygon","coordinates":[[[-7.5928978,12.9453304],[-7.5932253,12.9477079],[-7.5917236,12.947938],[-7.591505537403737,12.947888774793567],[-7.5902829,12.9478704],[-7.5900383,12.946596],[-7.589663766351119,12.94610117347779],[-7.5892946,12.9453739],[-7.590281301351115,12.94558114400411],[-7.5928978,12.9453304]]]}},{"id":"346","type":"Feature","properties":{"id":"248","date_realisation":"2026-04-29","commune":"Meguetan","village":"Dladiè","surface_ha":26.9458,"technologie":"RNA, + RNA","type_beneficiaire":"Terres collectives/communautaires pour le village"},"geometry":{"type":"Polygon","coordinates":[[[-7.5933481286904145,12.967895519984433],[-7.594449662601072,12.967621455681565],[-7.5950617,12.9675993],[-7.595251374706328,12.968520673313137],[-7.595164703127382,12.96896486515524],[-7.5946837,12.9695217],[-7.59432117274678,12.969547716869684],[-7.593549717858936,12.96975915265376],[-7.592606515684122,12.970206935504429],[-7.5911845,12.9711066],[-7.588317648390591,12.971088318839431],[-7.588003463916909,12.970947477523643],[-7.587743449180069,12.969961588313124],[-7.587364261022177,12.96881318989208],[-7.587429264706387,12.968434001734188],[-7.5884911,12.9673127],[-7.590406,12.9671824],[-7.5919578547063535,12.967599787786826],[-7.5921713378694635,12.96770250138417],[-7.5933481286904145,12.967895519984433]]]}},{"id":"347","type":"Feature","properties":{"id":"248","date_realisation":"2026-05-14","commune":"Meguetan","village":"Fèya","surface_ha":55.8933,"technologie":"RNA, + RNA","type_beneficiaire":"Terres collectives/communautaires pour le village"},"geometry":{"type":"Polygon","coordinates":[[[-7.667865399101844,12.925052845106471],[-7.668428764365,12.925107014843313],[-7.669425487522894,12.925497036948576],[-7.669685502259736,12.927100461159101],[-7.6688719,12.9288284],[-7.667388705417633,12.930263973790677],[-7.6659415,12.9305839],[-7.6643552001544775,12.93065399589594],[-7.661451702259743,12.929527265369625],[-7.6593345,12.9274441],[-7.659371584365008,12.926320416948576],[-7.659501591733429,12.925497036948576],[-7.6608083925187636,12.924788598824462],[-7.661893892689114,12.925318111102682],[-7.663962097039711,12.925083432859282],[-7.664037204473091,12.925037042973958],[-7.665656692262403,12.925037042973958],[-7.666535030164665,12.924931642425687],[-7.667799836743922,12.924896508909596],[-7.667865399101844,12.925052845106471]]]}},{"id":"348","type":"Feature","properties":{"id":"248","date_realisation":"2026-05-14","commune":"Meguetan","village":"Fèya","surface_ha":14.9561,"technologie":"Cordon pierreux","type_beneficiaire":"Propriétaire individuel (appartenant à un ménage)"},"geometry":{"type":"Polygon","coordinates":[[[-7.634754003327365,12.918765997677255],[-7.6348965119586785,12.919126722650265],[-7.634792,12.9204263],[-7.634366833838717,12.921499310369637],[-7.634171822786086,12.921715989317006],[-7.63380346857556,12.921759325106478],[-7.633066760154508,12.921499310369637],[-7.6326041,12.9210854],[-7.632308383838719,12.920459251422269],[-7.631658346996614,12.919592535632797],[-7.6305673,12.918764],[-7.630076590680826,12.918292461948587],[-7.6297381588011275,12.917742510144077],[-7.629768425066791,12.91739444808894],[-7.630249933838721,12.917274070895957],[-7.632091704891351,12.917490749843324],[-7.634754003327365,12.918765997677255]]]}},{"id":"349","type":"Feature","properties":{"id":"248","date_realisation":"2026-05-13","commune":"Meguetan","village":"Mafèya","surface_ha":6.5274,"technologie":"Cordon pierreux","type_beneficiaire":"Propriétaire individuel (appartenant à un ménage)"},"geometry":{"type":"Polygon","coordinates":[[[-7.5949369639301985,12.9871362305367],[-7.5957985,12.9871602],[-7.5962518,12.9873168],[-7.596525717765526,12.987771243543248],[-7.5967074,12.9886118],[-7.596319872765528,12.988876306174818],[-7.595583164344481,12.989060483280081],[-7.594852,12.9891751],[-7.593893068555019,12.98873546485903],[-7.5935705,12.988518],[-7.5931982,12.9873708],[-7.5931955,12.9871787],[-7.593933695857651,12.987194335845887],[-7.594535001838089,12.987286300289954],[-7.594830205002382,12.987272881964305],[-7.5949369639301985,12.9871362305367]]]}},{"id":"350","type":"Feature","properties":{"id":"248","date_realisation":"2026-05-13","commune":"Meguetan","village":"Mafèya","surface_ha":3.8931,"technologie":"Cordon pierreux","type_beneficiaire":"Propriétaire individuel (appartenant à un ménage)"},"geometry":{"type":"Polygon","coordinates":[[[-7.5949369639301985,12.9871362305367],[-7.594830205002382,12.987272881964305],[-7.594535001838089,12.987286300289954],[-7.593933695857651,12.987194335845887],[-7.5931955,12.9871787],[-7.592514448752399,12.98737851295115],[-7.591821076120826,12.98737851295115],[-7.5915556444103025,12.987427265714306],[-7.59127937875241,12.986947863543257],[-7.591659501528999,12.986914446156305],[-7.591961917436614,12.986793479793258],[-7.592546950594504,12.986739310056418],[-7.592861135068186,12.986609302687997],[-7.5930498,12.9864445],[-7.592817799278713,12.986197612688],[-7.592579452436609,12.98566674926695],[-7.5925308,12.9854044],[-7.5926661240155555,12.985244225319587],[-7.592958640594501,12.985276727161692],[-7.593543673752391,12.985894262161686],[-7.59400953348923,12.986240948477473],[-7.5942737,12.9863273],[-7.594627068489226,12.986890985319574],[-7.5949369639301985,12.9871362305367]]]}},{"id":"351","type":"Feature","properties":{"id":"248","date_realisation":"2026-05-13","commune":"Meguetan","village":"Tièntiguila","surface_ha":3.138,"technologie":"Cordon pierreux","type_beneficiaire":"Propriétaire individuel (appartenant à un ménage)"},"geometry":{"type":"Polygon","coordinates":[[[-7.5748721,12.9612574],[-7.575453690134127,12.962655445056617],[-7.575085335923603,12.96295879558293],[-7.574608642239396,12.96321881031977],[-7.5740627,12.9631617],[-7.573991107239401,12.962536271635566],[-7.573806930134139,12.96178872926715],[-7.573514413555194,12.961214530056628],[-7.5734443,12.9609425],[-7.5744667,12.9612483],[-7.5748721,12.9612574]]]}},{"id":"352","type":"Feature","properties":{"id":"248","date_realisation":"2026-05-13","commune":"Meguetan","village":"Tièntiguila","surface_ha":11.5312,"technologie":"RNA, + RNA","type_beneficiaire":"Terres collectives/communautaires pour le village"},"geometry":{"type":"Polygon","coordinates":[[[-7.576661837774906,12.966319919414486],[-7.57593986352228,12.966143976109224],[-7.574834800890709,12.96669650742501],[-7.574238933785451,12.966794012951325],[-7.573957251153874,12.96655566610922],[-7.5738311,12.9661438],[-7.5738572,12.9650627],[-7.574218620134136,12.964085526109237],[-7.574960745528867,12.963175474530297],[-7.575453690134127,12.962655445056617],[-7.5756406,12.9626524],[-7.57593986352228,12.96303463321451],[-7.576492394838065,12.963587164530296],[-7.576763243522274,12.963998854530294],[-7.577077427995956,12.964757230846077],[-7.577380611690115,12.965680290056088],[-7.577340240402333,12.965878584322546],[-7.576958254574904,12.966187311898699],[-7.576661837774906,12.966319919414486]]]}},{"id":"353","type":"Feature","properties":{"id":"248","date_realisation":"2026-05-13","commune":"Meguetan","village":"Djindjila","surface_ha":3.3151,"technologie":"Cordon pierreux","type_beneficiaire":"Terres collectives/communautaires pour le village"},"geometry":{"type":"Polygon","coordinates":[[[-7.59457,12.8910117],[-7.593354079673476,12.891617252162417],[-7.593083230989268,12.891736425583469],[-7.5928683,12.89177],[-7.592557784541904,12.891368071372945],[-7.59238444138401,12.891032219004526],[-7.5922989,12.8908061],[-7.59234,12.89051],[-7.592996559410321,12.890143835320323],[-7.5939596,12.8898281],[-7.594291216120838,12.890338846372952],[-7.59457,12.8910117]]]}},{"id":"354","type":"Feature","properties":{"id":"248","date_realisation":"2026-05-13","commune":"Meguetan","village":"Djindjila","surface_ha":0.3428,"technologie":"Cordon pierreux","type_beneficiaire":"Terres collectives/communautaires pour le village"},"geometry":{"type":"Polygon","coordinates":[[[-7.594067,12.8892693],[-7.5940555,12.8896586],[-7.5932164,12.8896679],[-7.593161777107688,12.889629222820325],[-7.593159068620846,12.889493798478222],[-7.593283659015581,12.88941254387296],[-7.593535548291896,12.889333997754537],[-7.594067,12.8892693]]]}},{"id":"355","type":"Feature","properties":{"id":"248","date_realisation":"2026-05-14","commune":"Meguetan","village":"Djindjila","surface_ha":0.9338,"technologie":"Cordon pierreux","type_beneficiaire":"Terres collectives/communautaires pour le village"},"geometry":{"type":"Polygon","coordinates":[[[-7.5959185088716525,12.890985497606495],[-7.5960214313716525,12.891001748527547],[-7.5963494,12.8914426],[-7.596534689628232,12.891911800106493],[-7.59648,12.8923333],[-7.596096930442377,12.892359038996297],[-7.5960561,12.8922476],[-7.595845379726916,12.892142021488073],[-7.595699629278723,12.891097222688739],[-7.5959185088716525,12.890985497606495]]]}},{"id":"356","type":"Feature","properties":{"id":"248","date_realisation":"2026-05-04","commune":"Meguetan","village":"Dladiè","surface_ha":25.9322,"technologie":"RNA, + RNA","type_beneficiaire":"Terres collectives/communautaires pour le village"},"geometry":{"type":"Polygon","coordinates":[[[-7.579925401910385,12.973857746635463],[-7.579036695042278,12.974555716780056],[-7.5782105,12.9748547],[-7.577597998178486,12.97498390471381],[-7.575407645857788,12.974843635845982],[-7.574495609879546,12.97467428533938],[-7.5739992326999035,12.973901082424936],[-7.5736850482262215,12.973077702424943],[-7.573728384015695,12.972655178477577],[-7.5744109226999,12.972015975582845],[-7.574821865737666,12.971840983858332],[-7.576094417531959,12.97152452917933],[-7.576350199278833,12.97152844795127],[-7.577195247173564,12.971311769003902],[-7.578574009528121,12.970877840901414],[-7.580093124351704,12.970575830278221],[-7.580399706170336,12.97058208705003],[-7.580553004195283,12.970893628197503],[-7.580412929541961,12.97238432979337],[-7.5802070845419625,12.973121038214416],[-7.579925401910385,12.973857746635463]]]}},{"id":"357","type":"Feature","properties":{"id":"248","date_realisation":"2026-05-11","commune":"Meguetan","village":"Tanabougou","surface_ha":14.1603,"technologie":"RNA, Demi-lune Cordon pierreux + RNA + Demi-lune + Cordon pierreux","type_beneficiaire":"Terres collectives/communautaires pour le village"},"geometry":{"type":"Polygon","coordinates":[[[-7.58993038347265,12.953360171475385],[-7.589583865989249,12.953370752161902],[-7.5875492,12.9526202],[-7.587224773949795,12.952219645254017],[-7.587452286844529,12.951894626832967],[-7.587939814476105,12.951472102885601],[-7.588308168686629,12.951049578938237],[-7.588394840265575,12.95070289262245],[-7.5878153,12.9496269],[-7.587333113423478,12.94914280420141],[-7.587398117107688,12.948720280254044],[-7.587983150265578,12.948633608675097],[-7.589824921318196,12.948774449990886],[-7.590781679861966,12.949503694202603],[-7.590649929176627,12.949837462605462],[-7.590483044975198,12.950645533475539],[-7.5903249441527905,12.950838767814036],[-7.590272243878656,12.95119010297494],[-7.590623579039558,12.95224410845765],[-7.590623579039558,12.952419776038102],[-7.590483044975198,12.952613010376599],[-7.5905972289024914,12.952955562158479],[-7.58993038347265,12.953360171475385]]]}},{"id":"358","type":"Feature","properties":{"id":"248","date_realisation":"2026-05-14","commune":"Doumba","village":"Dibaro","surface_ha":1.8007,"technologie":"Cordon pierreux","type_beneficiaire":"Terres collectives/communautaires pour le village"},"geometry":{"type":"Polygon","coordinates":[[[-7.614737132183839,13.065196144827631],[-7.615692340646583,13.065672749008646],[-7.615704762327616,13.065883917586232],[-7.615547421034513,13.066596093965542],[-7.6151789111638255,13.066890073750026],[-7.6150050076293425,13.06689421431037],[-7.614810401293136,13.066811403103474],[-7.614512280948307,13.066554688362093],[-7.6144957187069275,13.066219302974162],[-7.614545405431065,13.065912901508646],[-7.614737132183839,13.065196144827631]]]}},{"id":"359","type":"Feature","properties":{"id":"248","date_realisation":"2026-05-14","commune":"Doumba","village":"Dibaro","surface_ha":3.5749,"technologie":"Cordon pierreux","type_beneficiaire":"Propriétaire individuel (appartenant à un ménage)"},"geometry":{"type":"Polygon","coordinates":[[[-7.6175680144827815,13.066086805043124],[-7.618354720948299,13.066716170215543],[-7.618386906762306,13.06679190154262],[-7.618160114612093,13.066960463275887],[-7.618073162844852,13.067208896896576],[-7.6177283,13.067475],[-7.617497624956922,13.067405573512955],[-7.617191223491405,13.067181983254335],[-7.6167854485776125,13.067355886788818],[-7.6167191996120955,13.067596039288818],[-7.616313424698302,13.067803067306059],[-7.615990460991406,13.067488384719852],[-7.615725465129337,13.067008079719853],[-7.6157006217672665,13.066790700301752],[-7.615626091681059,13.066641640129339],[-7.616495609353472,13.06612821064658],[-7.61713739620692,13.066045399439675],[-7.6175680144827815,13.066086805043124]]]}},{"id":"360","type":"Feature","properties":{"id":"248","date_realisation":"2026-05-14","commune":"Doumba","village":"Dibaro","surface_ha":0.4842,"technologie":"Cordon pierreux","type_beneficiaire":"Terres collectives/communautaires pour le village"},"geometry":{"type":"Polygon","coordinates":[[[-7.617576295603471,13.065469861551746],[-7.617824729224161,13.065979150474158],[-7.61795308659485,13.06597086935347],[-7.618040038362092,13.066061961681054],[-7.618019335560367,13.066099226724159],[-7.617746058577609,13.066119929525883],[-7.617443797672437,13.066049540000021],[-7.6168475569827825,13.06607438336209],[-7.61678544857761,13.065888058146573],[-7.617576295603471,13.065469861551746]]]}},{"id":"361","type":"Feature","properties":{"id":"248","date_realisation":"2026-05-15","commune":"Doumba","village":"Dibaro","surface_ha":7.6338,"technologie":"Cordon pierreux","type_beneficiaire":"Propriétaire individuel (appartenant à un ménage)"},"geometry":{"type":"Polygon","coordinates":[[[-7.6145412,13.0649763],[-7.614069240991412,13.066873511508645],[-7.613986429784515,13.067006009439678],[-7.612247,13.0665897],[-7.611758808319,13.066368363146577],[-7.61163,13.0662333],[-7.611667715991414,13.064794950215543],[-7.611791932801759,13.064182147284509],[-7.611982398577621,13.063875745818992],[-7.6145412,13.0649763]]]}},{"id":"362","type":"Feature","properties":{"id":"250","date_realisation":"2026/01/26","commune":"Sirakorola","village":"DOREBOUGOU","surface_ha":0.6417,"technologie":"RNA","type_beneficiaire":"Propriétaire individuel (appartenant à un ménage)"},"geometry":{"type":"Polygon","coordinates":[[[-7.633741700002755,13.323766700001148],[-7.634051700002758,13.324073300001157],[-7.634273300002767,13.324463300001135],[-7.634313300002755,13.324665000001167],[-7.634250000002748,13.32474830000115],[-7.633711700002766,13.324813300001168],[-7.633581700002778,13.32440170000115],[-7.633521700002763,13.323953300001188],[-7.633536700002773,13.323848300001174],[-7.633750000002757,13.323810000001144],[-7.633741700002755,13.323766700001148]]]}},{"id":"363","type":"Feature","properties":{"id":"251","date_realisation":"2026/01/26","commune":"Sirakorola","village":"DOREBOUGOU","surface_ha":44.1031,"technologie":"Cordon pierreux","type_beneficiaire":"Terres collectives/communautaires pour le village"},"geometry":{"type":"Polygon","coordinates":[[[-7.628563200830721,13.326546932816084],[-7.627966785942902,13.326443119115194],[-7.627428716850997,13.326133472667252],[-7.627316373113909,13.325941050516235],[-7.626983287074149,13.32592188380049],[-7.626845614701163,13.325848353566519],[-7.626580199589692,13.325881393267364],[-7.626511957478202,13.325716842040151],[-7.62678574162816,13.32510214864972],[-7.627026251677173,13.324892364622473],[-7.62723061542265,13.324559057257309],[-7.627522095477108,13.323880457313672],[-7.627713167581291,13.323642891731447],[-7.627783189073156,13.323388669334149],[-7.6281875360260205,13.32261861764239],[-7.628357916976782,13.32238412179094],[-7.628510410068881,13.322315086952974],[-7.628899198551155,13.321912767012016],[-7.62919930199856,13.322055241296995],[-7.629485665867537,13.32204153773802],[-7.629773930603894,13.32188869502371],[-7.629868235115539,13.321891608332605],[-7.630141817151063,13.322317347579448],[-7.6303406207243665,13.322491262780868],[-7.630583718142591,13.322657309961665],[-7.630856702351449,13.322526014312748],[-7.630933747449397,13.32279934736792],[-7.631038705684488,13.32288582597578],[-7.631256427966484,13.322925122298981],[-7.631493200815459,13.322818973712105],[-7.631583931624289,13.322612908525906],[-7.63175579172562,13.322652741957736],[-7.63180080320027,13.322401484724205],[-7.631956696622357,13.322197898520036],[-7.632096745389094,13.322532535890014],[-7.632362370779231,13.322882397572302],[-7.632514842269726,13.323871434719928],[-7.63275517009254,13.32436499094158],[-7.6327436862593565,13.324874232543467],[-7.6327749988161,13.325033913123823],[-7.632919980470487,13.325292879778075],[-7.633017035886257,13.326401698336067],[-7.633182195831566,13.326949774214741],[-7.633350223543855,13.327277770375415],[-7.6333507862598715,13.327433031707224],[-7.633403720378803,13.327535420914066],[-7.633150552891611,13.327715330824384],[-7.633062351909378,13.328053598983788],[-7.633048986613255,13.328440281081413],[-7.632717514647708,13.328966285096634],[-7.632709474967892,13.329148004875192],[-7.632538502289228,13.329500726447005],[-7.632609320802428,13.329719032804567],[-7.632612666828544,13.330663297478736],[-7.632434358342143,13.33101140881589],[-7.632337893742475,13.332148933699566],[-7.632245462859298,13.332352948767722],[-7.632139117317242,13.3328141814338],[-7.631861629636578,13.332645892079038],[-7.631799107429809,13.332330328558447],[-7.631810177605629,13.332131036058811],[-7.631737483649315,13.331979763421876],[-7.631431337479414,13.331677244510272],[-7.631291599720547,13.3313331665633],[-7.6311048023903965,13.331132306709057],[-7.6309279145050875,13.330793906419936],[-7.630868143330326,13.33050878046154],[-7.630713961315473,13.330455998495049],[-7.630694480005598,13.330175559656375],[-7.630625179286605,13.330037055815032],[-7.630415734162821,13.329669707162465],[-7.630198575271322,13.329439807355326],[-7.62982286350136,13.328700573730206],[-7.629677587032358,13.328571310775592],[-7.629466700002816,13.328095000001172],[-7.629276700002819,13.327881700001148],[-7.629095000002819,13.327536700001168],[-7.629041700002827,13.327300000001177],[-7.628768300002828,13.326883300001187],[-7.628746700002817,13.326785000001191],[-7.628545000002827,13.326661700001175],[-7.628563200830721,13.326546932816084]]]}},{"id":"364","type":"Feature","properties":{"id":"252","date_realisation":"2026/01/26","commune":"Sirakorola","village":"DOREBOUGOU","surface_ha":4.4111,"technologie":"RNA","type_beneficiaire":"Propriétaire individuel (appartenant à un ménage)"},"geometry":{"type":"Polygon","coordinates":[[[-7.631226700002787,13.313533300001145],[-7.6303667000028055,13.313203300001131],[-7.629758300002813,13.31318000000116],[-7.629670000002818,13.313121700001163],[-7.629605000002827,13.312795000001135],[-7.629755000002812,13.312528300001148],[-7.629850000002822,13.312515000001156],[-7.629941700002814,13.311631700001138],[-7.6307083000028175,13.311608300001149],[-7.630750000002801,13.311795000001132],[-7.631176700002805,13.311766700001131],[-7.632085000002795,13.311806700001165],[-7.632111700002787,13.31191000000114],[-7.631963300002783,13.313066700001146],[-7.6319133000027986,13.313295000001144],[-7.631780000002798,13.313495000001147],[-7.631226700002787,13.313533300001145]]]}},{"id":"365","type":"Feature","properties":{"id":"253","date_realisation":"2026/01/26","commune":"Sirakorola","village":"DOREBOUGOU","surface_ha":1.0598,"technologie":"RNA","type_beneficiaire":"Propriétaire individuel (appartenant à un ménage)"},"geometry":{"type":"Polygon","coordinates":[[[-7.6253833000028735,13.312465000001147],[-7.625760000002869,13.313133300001159],[-7.625780000002868,13.313260000001149],[-7.624541700002889,13.31309170000116],[-7.624675000002878,13.312251700001134],[-7.625156700002872,13.312196700001174],[-7.6253833000028735,13.312465000001147]]]}},{"id":"366","type":"Feature","properties":{"id":"254","date_realisation":"2026/01/26","commune":"Sirakorola","village":"DOREBOUGOU","surface_ha":2.847,"technologie":"RNA","type_beneficiaire":"Propriétaire individuel (appartenant à un ménage)"},"geometry":{"type":"Polygon","coordinates":[[[-7.644858300002626,13.320111700001165],[-7.644778300002629,13.319801700001157],[-7.644840000002629,13.319731700001162],[-7.645455000002626,13.31969170000117],[-7.6454633000026195,13.319503300001166],[-7.64604170000263,13.31950330000117],[-7.646125000002622,13.31945170000115],[-7.646135000002626,13.31924170000118],[-7.646970000002592,13.319301700001168],[-7.647045000002617,13.319356700001153],[-7.6469733000026086,13.319838300001143],[-7.647101700002607,13.320318300001153],[-7.647191700002606,13.321063300001137],[-7.647133300002597,13.321161700001163],[-7.64703000000261,13.32121830000115],[-7.646640000002598,13.320895000001183],[-7.646411700002611,13.320836700001157],[-7.646290000002601,13.320890000001167],[-7.64623500000262,13.320480000001158],[-7.646198300002616,13.320386700001167],[-7.646108300002621,13.32034170000117],[-7.645878300002617,13.32028170000117],[-7.645601700002638,13.320308300001145],[-7.6451117000026345,13.320181700001168],[-7.644986700002621,13.320201700001165],[-7.644858300002626,13.320111700001165]]]}},{"id":"367","type":"Feature","properties":{"id":"255","date_realisation":"2026/01/26","commune":"Sirakorola","village":"BELENINKO","surface_ha":225.9918,"technologie":"Cordon pierreux","type_beneficiaire":"Terres collectives/communautaires pour le village"},"geometry":{"type":"MultiPolygon","coordinates":[[[[-7.661354784559077,13.312074355254163],[-7.661354784419552,13.312074355196973],[-7.661371121590893,13.312074860604914],[-7.661354784559077,13.312074355254163]]],[[[-7.661386333049252,13.312075331137542],[-7.661433268393873,13.312101906443731],[-7.661501373948638,13.31217978249413],[-7.661635845989726,13.31238960949448],[-7.661744961648295,13.312894887360722],[-7.662025723634417,13.31322359756578],[-7.662452006155707,13.313334295210286],[-7.662593440151898,13.31343871905747],[-7.6631186241440306,13.313448347897491],[-7.663551854609864,13.313398315859652],[-7.663725548674667,13.313475401713792],[-7.6641645604055535,13.313493852211952],[-7.6645241234806125,13.313280703310184],[-7.66575231025316,13.313367068061705],[-7.665850778275809,13.313308203313605],[-7.666230766899881,13.313300499183118],[-7.666400371455005,13.313383208561913],[-7.666437878777583,13.313676592731593],[-7.66623135945516,13.31382941443243],[-7.666060047601848,13.313873187615144],[-7.666020186238661,13.314065217000845],[-7.666074731141004,13.314430097723152],[-7.666233991086823,13.314638080706034],[-7.666393941750523,13.314745656426902],[-7.666417989507992,13.314912065983993],[-7.666564244400701,13.31511798546913],[-7.66658732731318,13.315272502428643],[-7.666506155680897,13.315528380288905],[-7.666459466700478,13.315961336868277],[-7.6663240823722685,13.316205157855588],[-7.666307247651818,13.31654170471126],[-7.666349328439263,13.31662216765557],[-7.6668260179411725,13.31687908349805],[-7.666922782961567,13.31705857549933],[-7.667169419018546,13.31703567856832],[-7.6672336952256845,13.316966401978311],[-7.667237748733219,13.316827423894248],[-7.667338751735091,13.316829401822945],[-7.6674359521144435,13.316854312914666],[-7.6677078564965235,13.317091586714575],[-7.66782363219264,13.317406066687159],[-7.667845480252076,13.317679296293779],[-7.66764268893598,13.318080339832868],[-7.667425312029741,13.318314633407422],[-7.667459040419801,13.318609678632845],[-7.667540805771362,13.318787294731013],[-7.667963146048449,13.318918781555798],[-7.6678333279146935,13.319551397453454],[-7.668283712238112,13.320095556471031],[-7.667892483337801,13.319952793974712],[-7.667617996337393,13.319936440584197],[-7.667521685599288,13.319827513772637],[-7.667449667535962,13.319846167345542],[-7.667490609558179,13.31993812183159],[-7.667518880925916,13.320485491944956],[-7.667338316831625,13.320566209639438],[-7.667287692384618,13.320664973152825],[-7.667306556993926,13.32104184092378],[-7.667443123085705,13.321140098510364],[-7.667841487090649,13.321211815101199],[-7.667854330938786,13.321414379088814],[-7.6680742349178255,13.32162779846201],[-7.668079359617689,13.321725746265534],[-7.668240664374754,13.32191640053627],[-7.668226679646057,13.32199772784862],[-7.667941145758111,13.32233550830764],[-7.667847853964675,13.322381097665398],[-7.667819008994326,13.322551016910982],[-7.667908084205084,13.323067689442146],[-7.667883679256907,13.32332986033237],[-7.667973533062786,13.323506401203492],[-7.667963976576463,13.323684113542345],[-7.667192003793677,13.32370110290912],[-7.667023150268646,13.323610267403705],[-7.666447476787732,13.323656127392358],[-7.665534585372013,13.323579142382865],[-7.664747040215465,13.32326298813622],[-7.66466236747114,13.323122833682257],[-7.664118667533317,13.32326220650135],[-7.663830297167473,13.323251636067702],[-7.663625542317964,13.323561438389047],[-7.663454280028973,13.323694493351434],[-7.663327979034492,13.323757880200576],[-7.662830373935376,13.32376881993907],[-7.662560227438608,13.324046394500002],[-7.6624197407067145,13.324349436233366],[-7.66157228633186,13.324416247855657],[-7.661220676371645,13.324380055583704],[-7.661035030921632,13.324465209463892],[-7.6609000330165555,13.324448706182157],[-7.660820060016003,13.324474902915792],[-7.660716266223285,13.324642926607686],[-7.66045016426426,13.324865344622948],[-7.6600179860493895,13.324841225233406],[-7.659856273255219,13.32473428377065],[-7.659641380538088,13.32469884031959],[-7.658942311649716,13.324731110668488],[-7.6588641725534625,13.324627572203493],[-7.6586251634323705,13.324534438389751],[-7.658436890454873,13.32454476998966],[-7.658293849775754,13.324765353827171],[-7.657670098062349,13.324796592930145],[-7.657513617399365,13.324716664599974],[-7.655987939823014,13.324657802164236],[-7.655728324295676,13.324580593747394],[-7.655300573606469,13.324576716963128],[-7.655229751522771,13.324501552907348],[-7.654725558371424,13.32448939884363],[-7.654656211062893,13.324414345245206],[-7.654499232587507,13.324405394414807],[-7.654169642044039,13.324118429078869],[-7.654157842116408,13.32401623230409],[-7.653675629490146,13.323968486427],[-7.653487908985158,13.323872348247866],[-7.653011067104839,13.323784032850986],[-7.6529053844270125,13.323647550399748],[-7.652598952736351,13.323614696374223],[-7.652507094957504,13.323548878195695],[-7.651757275117659,13.323542856473555],[-7.651077732028366,13.323112587256999],[-7.650955006668167,13.322960972148014],[-7.650830432035902,13.3229356138591],[-7.650859411600525,13.32280915750198],[-7.6508023826651845,13.322718586444369],[-7.650678574903041,13.322693460237941],[-7.650312763600619,13.322313099458986],[-7.6499968244619705,13.32165962428454],[-7.6500030549729345,13.321348864398264],[-7.6499344289159765,13.320950287647365],[-7.65005647706216,13.320453236236569],[-7.649981812889344,13.320223198330511],[-7.649978336059857,13.319914044087406],[-7.649794478887358,13.319770755082],[-7.649677727851704,13.319546660117442],[-7.649524616922668,13.31939896075399],[-7.649395714393484,13.319405183474492],[-7.64934347273561,13.319263563166318],[-7.648972608877166,13.319083525255907],[-7.648839574845344,13.318863639101878],[-7.648545543259965,13.318620577485616],[-7.648315437563597,13.318339867088893],[-7.648055115845338,13.318211022265087],[-7.647942738913774,13.317978547236551],[-7.6479166738678535,13.317791567272753],[-7.647832186391748,13.317749266421485],[-7.647787797630396,13.317639359757804],[-7.647677766624608,13.317601850962124],[-7.6476907897342805,13.317457635823427],[-7.6476030620030055,13.317066529787414],[-7.64759278791557,13.316927154362354],[-7.647767411424062,13.316350912628044],[-7.64788543849125,13.316250986099945],[-7.648007868954116,13.315955273383704],[-7.648392239224596,13.315506701764958],[-7.648526805033568,13.315229371466224],[-7.648675235560128,13.31460985354831],[-7.648694082076293,13.314265445416527],[-7.6486446399708035,13.31403692995517],[-7.648684170373758,13.313889166887785],[-7.64914521915006,13.31355408675333],[-7.649311776809651,13.313165794306421],[-7.649431908231198,13.313103490782833],[-7.649687698571255,13.312844635049215],[-7.649802287136513,13.312639461391548],[-7.649972164651569,13.312573771289191],[-7.650097414587675,13.31237503501111],[-7.650193551003333,13.312342655697833],[-7.650282452526557,13.312446934917263],[-7.650254598509457,13.312561673835482],[-7.650296854239613,13.312568830548647],[-7.650298630013968,13.312634866094779],[-7.650445203733647,13.312392634245075],[-7.650480397528023,13.312401030361578],[-7.65037717295458,13.312870539940677],[-7.650504198889132,13.312606908614033],[-7.650561328058977,13.312726406153175],[-7.650657941968311,13.312690323329067],[-7.65069164707643,13.313017881262397],[-7.650752495619766,13.313082590989247],[-7.650794546448902,13.313298229152256],[-7.6508742929103395,13.313255987375541],[-7.650913827281247,13.313323617200636],[-7.650993634150273,13.31331539722292],[-7.651134220470425,13.313229576792379],[-7.651146367533435,13.313275714060005],[-7.651256610761438,13.313264409811412],[-7.651309876776131,13.313182702610385],[-7.651504550847758,13.31312774471702],[-7.651556881117552,13.313147250650047],[-7.651605033532991,13.31345505316055],[-7.651797853246144,13.313454837953051],[-7.651916677434351,13.313378506239067],[-7.652030888021172,13.31337912515016],[-7.652152714520041,13.313525286010826],[-7.6523088089719655,13.313482660514259],[-7.6523394698028895,13.313837353794986],[-7.652663127123452,13.313790632527605],[-7.6528451094586725,13.31368308700368],[-7.653117600775934,13.3136634977113],[-7.653185666471275,13.313590621424876],[-7.653563626763882,13.31344129111552],[-7.653625028589804,13.313306558563339],[-7.653746868347931,13.313353199890678],[-7.653874767619847,13.313295115612705],[-7.654035641517328,13.313359172280322],[-7.6539309473318795,13.313722821836208],[-7.6540713188895095,13.31398138314484],[-7.65448705131363,13.31396494487947],[-7.654837275993708,13.31351695788267],[-7.654823327676504,13.313865513271109],[-7.654493324838461,13.314585555297546],[-7.654392597623366,13.315187718695165],[-7.654554335213796,13.315340548009706],[-7.654577041048194,13.315581490854365],[-7.654756459165376,13.315753226174694],[-7.654998110863842,13.315817849432051],[-7.655271973072255,13.315998179821424],[-7.655564097747274,13.315987529518297],[-7.655712472739078,13.315852364020238],[-7.655912387717344,13.31584152039671],[-7.656140709809589,13.315616473526337],[-7.656592701492984,13.315339869507984],[-7.6567358044580125,13.31529774358037],[-7.6567430062219195,13.315233634057204],[-7.6569107954463504,13.315106286002285],[-7.657140126544957,13.315027706790534],[-7.657691414771472,13.314998754221241],[-7.657821206461845,13.314812973265763],[-7.658010791799603,13.314323190646512],[-7.658244874481168,13.314293466759677],[-7.658347792063374,13.314156897388639],[-7.658629310466457,13.314179324479937],[-7.658729535891778,13.31393122476321],[-7.659025385316807,13.313933193127912],[-7.659137036213125,13.313726684612504],[-7.65920198597326,13.313710804052521],[-7.659354194477398,13.313523359366648],[-7.65947895822093,13.313492078840516],[-7.659912666775661,13.31306731858751],[-7.660053224743703,13.312840156191895],[-7.660140801520993,13.312542613068278],[-7.660424516833917,13.31205119236659],[-7.66093813850536,13.311903570120696],[-7.661337654610398,13.312073825375116],[-7.661354784559077,13.312074355254163],[-7.661421072786748,13.312101527021209],[-7.661386333049252,13.312075331137542]]]]}},{"id":"368","type":"Feature","properties":{"id":"256","date_realisation":"2026/01/26","commune":"Sirakorola","village":"BAZANDO","surface_ha":19.6213,"technologie":"RNA","type_beneficiaire":"Propriétaire individuel (appartenant à un ménage)"},"geometry":{"type":"Polygon","coordinates":[[[-7.668565000002362,13.331283300001182],[-7.668643300002368,13.330798300001188],[-7.668465000002346,13.330180000001162],[-7.668486700002357,13.329553300001184],[-7.668796700002359,13.329761700001171],[-7.669520000002361,13.329875000001186],[-7.670480000002348,13.330193300001163],[-7.67072170000234,13.33014830000119],[-7.670915000002352,13.329991700001175],[-7.671553300002324,13.32994170000117],[-7.6723317000023235,13.329761700001178],[-7.672410000002314,13.329815000001188],[-7.672523300002319,13.330308300001162],[-7.673036700002299,13.330196700001183],[-7.673536700002312,13.330221700001177],[-7.674173300002304,13.33017330000116],[-7.674251700002304,13.330273300001183],[-7.6743467000023,13.330935000001167],[-7.674401700002301,13.331043300001191],[-7.6743767000022975,13.33116830000118],[-7.673415000002293,13.331273300001172],[-7.673381700002312,13.332043300001184],[-7.673465000002313,13.332280000001179],[-7.674430000002305,13.332275000001184],[-7.674508300002303,13.332463300001208],[-7.6745183000022825,13.33283170000119],[-7.674458300002303,13.333575000001165],[-7.673236700002297,13.333766700001183],[-7.673153300002316,13.333715000001176],[-7.673128300002321,13.333460000001194],[-7.672238300002335,13.333500000001177],[-7.672178300002318,13.333420000001206],[-7.672071700002328,13.332910000001194],[-7.6720100000023255,13.33281330000119],[-7.671613300002336,13.332781700001178],[-7.671500000002323,13.33279330000116],[-7.671376700002336,13.333291700001162],[-7.67131170000233,13.333386700001162],[-7.670858300002319,13.33339830000118],[-7.670510000002334,13.33351000000117],[-7.670401700002343,13.333475000001206],[-7.670098300002335,13.332908300001161],[-7.66987500000234,13.332755000001168],[-7.669898300002345,13.332648300001162],[-7.669993300002342,13.332561700001168],[-7.6698350000023465,13.332098300001187],[-7.669815000002344,13.33173170000118],[-7.669733300002341,13.331668300001178],[-7.669268300002368,13.331708300001164],[-7.668551700002366,13.331648300001167],[-7.668565000002362,13.331283300001182]]]}},{"id":"369","type":"Feature","properties":{"id":"257","date_realisation":"2026/01/26","commune":"Sirakorola","village":"BAZANDO","surface_ha":93.5558,"technologie":"Cordon pierreux RNA + Cordon pierreux","type_beneficiaire":"Propriétaire individuel (appartenant à un ménage)"},"geometry":{"type":"Polygon","coordinates":[[[-7.673239814127767,13.343604887134502],[-7.673114912968652,13.34229766427482],[-7.673487887376733,13.34190790803462],[-7.673256700002306,13.341271700001187],[-7.67301170000232,13.341215000001197],[-7.67274000000232,13.3410333000012],[-7.6724867000023025,13.341036700001169],[-7.672371700002327,13.341086700001165],[-7.672300000002324,13.341021700001182],[-7.672398300002319,13.340318300001186],[-7.672620000002314,13.340341700001153],[-7.673178300002307,13.340530000001191],[-7.673933300002302,13.340636700001177],[-7.674270000002304,13.340793300001177],[-7.674643300002306,13.340728300001196],[-7.674735000002292,13.340663300001214],[-7.674856700002291,13.340328300001188],[-7.675070000002283,13.34031330000119],[-7.675110024502774,13.340145237326494],[-7.675189278711456,13.340062662165671],[-7.675305060593479,13.340024879314374],[-7.675716254442533,13.34011467410034],[-7.675814027110939,13.339599829938546],[-7.675747459748924,13.339132338655629],[-7.675609019680958,13.338995966152432],[-7.675481104587321,13.339015552273393],[-7.675321668088853,13.338825351228785],[-7.674796372839196,13.338431436160285],[-7.6747083526247435,13.33823348951994],[-7.674626310085012,13.338184491614426],[-7.674437121227704,13.33747113190206],[-7.673675143384865,13.336307481555579],[-7.673511716775739,13.335681002711315],[-7.67349466704487,13.335519259790873],[-7.673578574470988,13.335394924699466],[-7.67390404407816,13.3353935418776],[-7.6741071019860385,13.335094412731685],[-7.674272330070092,13.334958439399609],[-7.674409998014688,13.334945326318628],[-7.674536680040211,13.33485397419705],[-7.6749189376346685,13.33481776321357],[-7.675158322606313,13.334677595092252],[-7.675401064563795,13.334654870878088],[-7.675492935618464,13.334576075407384],[-7.67588394844354,13.333936196129335],[-7.676068569024006,13.333893578972468],[-7.676758721878623,13.332745768469318],[-7.676879193080956,13.332742946741822],[-7.676921954275946,13.332597239629186],[-7.677109554738955,13.332420983263102],[-7.677330835372019,13.331913748456433],[-7.677554139390371,13.331736962269007],[-7.677615377217477,13.331562932447788],[-7.678088631593384,13.331580265611871],[-7.6785337966464535,13.331743753640616],[-7.678806835907007,13.331779320435228],[-7.679171267338646,13.331901216978896],[-7.679492964952124,13.332217391619459],[-7.67967978452904,13.332210567811684],[-7.679632584311578,13.332038189398359],[-7.679810365878187,13.331814503502557],[-7.679906602509311,13.331766112557792],[-7.680389917646973,13.33127121059059],[-7.680660628270199,13.331094556135763],[-7.681176894074942,13.33107656650014],[-7.681612954014058,13.33112479599438],[-7.681923987116587,13.331256534853948],[-7.682029884869641,13.331412016263089],[-7.682004936975198,13.331464851514546],[-7.6817642339580345,13.331612831718136],[-7.681569148311726,13.331626469900172],[-7.68151339013235,13.331736931814396],[-7.681542153592194,13.331778931840345],[-7.68200774494607,13.331821287843713],[-7.68254461796877,13.332268821263188],[-7.682748873985168,13.333184186480528],[-7.682739145406555,13.333834622687963],[-7.682838502237579,13.334236973427245],[-7.682752113814367,13.334451531888357],[-7.682800163411097,13.334544643396308],[-7.682931062507267,13.334537765287825],[-7.682994033770118,13.334638224466572],[-7.683077947481502,13.334541433926203],[-7.683269321755454,13.33457803137872],[-7.684001513497189,13.334339925410028],[-7.684252107332421,13.334360768333646],[-7.684438887663446,13.334473979551138],[-7.684473884206369,13.334590535891826],[-7.684588711240617,13.334688105501897],[-7.6846362659378356,13.334904095704795],[-7.684823054268619,13.335080488990933],[-7.684935360205597,13.335291104306437],[-7.684984787744596,13.33558070334584],[-7.684957325028032,13.335721518700998],[-7.6849943333702,13.33581580924388],[-7.684933601607692,13.335890882982872],[-7.685025215088542,13.336430190150432],[-7.684998336448847,13.336555453269611],[-7.685048097058889,13.336769369105113],[-7.685149685673987,13.33691889964719],[-7.685198013853581,13.337455461199342],[-7.685298846096888,13.337598428897225],[-7.685323380759621,13.337737641862866],[-7.685263326032066,13.3378401832047],[-7.685148621389695,13.337896273935618],[-7.685321034420487,13.337993022699449],[-7.685568043153579,13.33859341743154],[-7.685711928502401,13.338686497613404],[-7.685751180245138,13.338807869512669],[-7.685906177184225,13.338947813563431],[-7.685975688050941,13.339131981609134],[-7.685980706240191,13.339500577675896],[-7.685791713321308,13.33993408517755],[-7.685652444834764,13.340093704857248],[-7.685452075783955,13.340084487546422],[-7.685280466600894,13.340291259279606],[-7.684931925953777,13.340250808397265],[-7.684709135686435,13.340144109652279],[-7.684504629368108,13.339969690459888],[-7.683921944788346,13.339804994411598],[-7.683749682541392,13.33981469824401],[-7.683347217012244,13.339598477246483],[-7.683038669173301,13.3395487358127],[-7.682918367830767,13.339404187064638],[-7.682821499586217,13.338996218068923],[-7.682635582975494,13.338916772478063],[-7.682567521782376,13.339027062006206],[-7.682510923186616,13.339006754308977],[-7.6823231182081235,13.338890088695825],[-7.682243024749969,13.338755551941249],[-7.681751760160406,13.338757715910699],[-7.681382295963798,13.338832016483874],[-7.681100189139268,13.338665435654429],[-7.680997090124657,13.339145157133508],[-7.680761105760728,13.339126504286734],[-7.680654559499667,13.33903270627359],[-7.680713178975352,13.338699950078576],[-7.680602408628143,13.338355977267332],[-7.680418711947119,13.338359771083747],[-7.680273517851256,13.3385656956238],[-7.680146298158269,13.338577455241063],[-7.6800326319287695,13.3385112755749],[-7.6800175503516686,13.338442580126678],[-7.68022652050716,13.33829349822525],[-7.6802737862723465,13.338178011563189],[-7.680450267167574,13.338161259950475],[-7.680476694803387,13.337959005364034],[-7.680565759631089,13.337886450588233],[-7.680439662066074,13.33758960531708],[-7.680358902735513,13.337525799977433],[-7.680094763665633,13.337595115480454],[-7.679969876730595,13.33755821230959],[-7.67949393033323,13.337742529709834],[-7.679389326793569,13.337827625263492],[-7.678846097899354,13.337871604400897],[-7.678742946149377,13.33797559506057],[-7.678667963040116,13.33830038131135],[-7.678729859154858,13.338650068600902],[-7.678957280335335,13.33872885795022],[-7.679189914848773,13.339043269598148],[-7.679146720838165,13.339096623156898],[-7.678967110484092,13.339135413688487],[-7.678807040805391,13.33930325111369],[-7.678611104248445,13.339410164337538],[-7.678427726371513,13.339435370197169],[-7.678359874460439,13.339525883411362],[-7.678184145553183,13.339563408672857],[-7.6780212215896935,13.339679607864356],[-7.677985585316689,13.33973000578213],[-7.677990738660961,13.340009958514177],[-7.677777883371361,13.340470788235967],[-7.677233835700663,13.340506622132441],[-7.677090688679108,13.340442850942212],[-7.677014560904654,13.340460192566171],[-7.677016374268457,13.34057372216752],[-7.676864213038774,13.34065267205728],[-7.676548037365119,13.340606759806287],[-7.6762389529237645,13.340675369524291],[-7.675982735962681,13.340898356867685],[-7.675834840609368,13.340931833293247],[-7.675784068862999,13.341021775978604],[-7.67578086919433,13.341201572072746],[-7.675849302942728,13.341638646231592],[-7.675716598183356,13.341833797800145],[-7.6754517000022835,13.34206500000117],[-7.675463300002287,13.342503300001193],[-7.675205000002286,13.342993300001192],[-7.675223300002279,13.343375000001172],[-7.674943300002281,13.343445000001193],[-7.674895000002283,13.34336170000117],[-7.674798300002289,13.343340000001183],[-7.674581700002297,13.342961700001181],[-7.6745586603347835,13.343050815688814],[-7.67455311011672,13.342913802106102],[-7.6743570636622005,13.343106758636942],[-7.674230944780497,13.343450304321719],[-7.674004661777967,13.343464603282314],[-7.67378880468883,13.343368793283327],[-7.6735610164783825,13.343399752983222],[-7.673542484304186,13.343564671011992],[-7.673478650336249,13.343666655862593],[-7.673239814127767,13.343604887134502]]]}},{"id":"370","type":"Feature","properties":{"id":"258","date_realisation":"2026/01/26","commune":"Sirakorola","village":"BAZANDO","surface_ha":9.6541,"technologie":"Cordon pierreux","type_beneficiaire":"Propriétaire individuel (appartenant à un ménage)"},"geometry":{"type":"Polygon","coordinates":[[[-7.673870674762613,13.345851193910871],[-7.6738649019480585,13.345886344867743],[-7.673646883456205,13.34592957376536],[-7.673691788734285,13.346028086561791],[-7.673593641272166,13.346111277767763],[-7.673572476362811,13.346213690158038],[-7.673539689745678,13.346260530300341],[-7.673384511539388,13.34629107036316],[-7.673407024705127,13.346335449209374],[-7.673306790862912,13.346352307205832],[-7.67326261853325,13.346482556860805],[-7.672632236088414,13.346238679402889],[-7.6726123536465884,13.345910160597168],[-7.672285476792069,13.34587458488561],[-7.672230538714376,13.345763281042567],[-7.672347022944907,13.345438029516751],[-7.672361109188236,13.345141464632663],[-7.672283545643031,13.345109198399179],[-7.6722711156030545,13.345197671548851],[-7.672168583546153,13.345320788534965],[-7.671821485054656,13.345269975353089],[-7.671591421247626,13.345398029789557],[-7.671467023415625,13.345367269486738],[-7.671474949007069,13.345153025252339],[-7.671544873292451,13.345085102238018],[-7.671499290775035,13.344796805659762],[-7.671547091884231,13.34470831577883],[-7.67156963849897,13.344423250080618],[-7.6715929515033245,13.344390559537977],[-7.671888267265999,13.344433022981702],[-7.671956125043651,13.344367702424355],[-7.672230164830938,13.344398241413622],[-7.672308555641622,13.34431158096961],[-7.672515773146918,13.344353242952119],[-7.672571335203272,13.344277754373998],[-7.672658542822363,13.34429813208183],[-7.672702576493214,13.34425487025053],[-7.672736086565281,13.344127317685864],[-7.673017847715644,13.34415595136373],[-7.673018010632554,13.344019121442333],[-7.673093436230769,13.343976473177449],[-7.673039708481567,13.34385148867997],[-7.673179226771561,13.34386082670944],[-7.673211144046864,13.343766986898165],[-7.673647423831701,13.343763997711234],[-7.6738278361264936,13.343814371985646],[-7.673892698079186,13.343917338168993],[-7.674153092780641,13.343821496397094],[-7.674258417029681,13.343882004335955],[-7.674317219452072,13.34372745522799],[-7.674441601561398,13.343746656188753],[-7.674450107763933,13.343675187217027],[-7.674603581349044,13.343673640203235],[-7.674793651806069,13.343580743450667],[-7.674946689477809,13.343689662875247],[-7.674986490106182,13.343607851222986],[-7.675101406130542,13.343626367603964],[-7.675433777907728,13.343384606922594],[-7.675517972471044,13.343391430164049],[-7.675727031404228,13.343686915911652],[-7.675667283281993,13.343740996285323],[-7.675749892633786,13.343839351802313],[-7.675748026302364,13.343964321744489],[-7.67543920486895,13.34418992525907],[-7.675448755862606,13.344268861229425],[-7.675553332553973,13.344338265642877],[-7.675570134641289,13.344496374199199],[-7.67554498373197,13.344725489978948],[-7.675465399960416,13.344804797688719],[-7.675494616142909,13.345031011175521],[-7.67543377393553,13.345105693407845],[-7.675466310617592,13.345203011281141],[-7.675430458818288,13.34523506826485],[-7.675488579480718,13.345312535970068],[-7.675498795197089,13.345527638903784],[-7.675375513005351,13.346075572324034],[-7.675284460641487,13.34607694478418],[-7.67508412138217,13.345959848296062],[-7.6749067013370125,13.346108814609996],[-7.674798084157549,13.346055908750264],[-7.674531665826652,13.346077957416371],[-7.674509116157734,13.346154139706956],[-7.674409211139411,13.346229755766284],[-7.6742976897866955,13.34604154514489],[-7.674134251561177,13.345997205831681],[-7.674097477480928,13.345830840712297],[-7.673870674762613,13.345851193910871]]]}},{"id":"371","type":"Feature","properties":{"id":"259","date_realisation":"2026/01/26","commune":"Sirakorola","village":"BAZANDO","surface_ha":649.1029,"technologie":"Cordon pierreux RNA + RNA + Cordon pierreux","type_beneficiaire":"Terres collectives/communautaires pour le village"},"geometry":{"type":"Polygon","coordinates":[[[-7.665569815850168,13.337066501057254],[-7.665709087398112,13.337088931811522],[-7.6658183390002,13.337067257737113],[-7.665851478198906,13.336982123881013],[-7.666119867605348,13.336963629959275],[-7.66621580795834,13.336766731972732],[-7.666511522884478,13.336777279679719],[-7.666725564363492,13.336529588177386],[-7.666900780248389,13.336592941390307],[-7.667202147423449,13.336324171456166],[-7.667320669877674,13.3363021375006],[-7.667671803049928,13.336518086284508],[-7.667966609483505,13.336358035911799],[-7.668112205158228,13.33636207436827],[-7.668348849496334,13.336517410259201],[-7.6684889540254115,13.33631447544899],[-7.668483420995773,13.336137584818738],[-7.668597295480377,13.335916082427048],[-7.6685966120129345,13.335749129079701],[-7.669035932196301,13.33566384587453],[-7.669123030033344,13.335585898173218],[-7.669121659041892,13.335475479317202],[-7.6688848861235694,13.335133690293489],[-7.668884596800699,13.334998605597859],[-7.668970285552352,13.33492154886921],[-7.668996855099622,13.334653896784616],[-7.66918780245081,13.334418208472083],[-7.669209462233115,13.334257316946685],[-7.66929135341862,13.334180819053225],[-7.6698542528489355,13.334231064497049],[-7.670592220150196,13.334395617615725],[-7.6707632346937675,13.334507925094949],[-7.67097821175272,13.334786702263349],[-7.670963371455827,13.335003575724736],[-7.670886173237439,13.335137174368073],[-7.670923737137651,13.335777294466281],[-7.6711184295235055,13.33609779213134],[-7.671142113020101,13.336471562810747],[-7.6710250335907775,13.33693384333843],[-7.670864808045001,13.337279272068331],[-7.670359024074749,13.337428312482853],[-7.670252183370896,13.337694794138349],[-7.670165663181243,13.337781388477577],[-7.670013740013842,13.337772866034408],[-7.669896305483237,13.337857986762224],[-7.669871224171464,13.337979359186846],[-7.669667761248363,13.338186053051412],[-7.669673819339852,13.338341920429016],[-7.6695883276795795,13.33849463400739],[-7.66928399184984,13.338482655036994],[-7.669301785291257,13.339236588535446],[-7.669442124725284,13.3396706145347],[-7.669409851959371,13.340604027915079],[-7.669125777671982,13.340722676118286],[-7.668838399901613,13.340739124294709],[-7.668821160719122,13.341429963344318],[-7.668759119986894,13.341599561611796],[-7.668732380706711,13.342016085334096],[-7.668669517794532,13.342155329723177],[-7.667980408974155,13.342176683381716],[-7.667783166112114,13.342266894661995],[-7.667783268978563,13.342626313439048],[-7.667683803487434,13.342726328985659],[-7.6676835979147535,13.342871804537777],[-7.667718659603417,13.343215671863085],[-7.667820034570743,13.343339903288118],[-7.667821504487549,13.343532601037627],[-7.667888723360648,13.343686091230232],[-7.667788175364144,13.343982162020911],[-7.667785006877286,13.344730602723171],[-7.667613876852176,13.344993686273751],[-7.667646611830323,13.345789489275118],[-7.66750844667128,13.34595129425845],[-7.66736954302372,13.345944852851334],[-7.6672651465243815,13.346024507539761],[-7.667194759637871,13.346233635651982],[-7.667193247921694,13.34662009233267],[-7.667122249917957,13.346746856145453],[-7.66694522166611,13.346730134383703],[-7.666585755928731,13.346927087980156],[-7.666369493384044,13.346952653741647],[-7.666343825019397,13.347072713869823],[-7.66604565561768,13.347399939290023],[-7.6653948773026075,13.347478789816806],[-7.665366860451332,13.347598268054522],[-7.665401237666077,13.347719473752575],[-7.665662579068749,13.348119270871925],[-7.6657089183631,13.348639460975356],[-7.6658525357908625,13.34917008487117],[-7.666354721119019,13.349934644389506],[-7.666376179736819,13.35053818392382],[-7.666197838063066,13.350919242649587],[-7.665946515097202,13.351073981892137],[-7.665786084747832,13.351069711300982],[-7.665724988504523,13.351165003687457],[-7.665428142973939,13.351942124720663],[-7.665446806060459,13.352633559119543],[-7.665355911877083,13.352894557495635],[-7.665039226771832,13.353218142981516],[-7.665043282118734,13.353386185724103],[-7.66524510463032,13.353629484942523],[-7.665812915430525,13.354113779552605],[-7.665980226454811,13.35434421687362],[-7.666116736405584,13.354641385265124],[-7.666098299477271,13.355275626731919],[-7.665934880890352,13.355339291031733],[-7.665540095743358,13.355333421384024],[-7.665142144258256,13.35518803172078],[-7.664747406544492,13.355175929274619],[-7.6646168395556975,13.355238325283363],[-7.664255829540868,13.35522690127812],[-7.6640929733027265,13.355321718522701],[-7.663014758372798,13.355288171839426],[-7.662754251276478,13.355338403924142],[-7.6623969151736,13.355542566214723],[-7.661943391832884,13.35567783598083],[-7.6614587866209325,13.356031198684175],[-7.661297928131807,13.356052533081778],[-7.661170203127573,13.356006986935984],[-7.66092421453659,13.35542394842699],[-7.660925353217152,13.355293594149568],[-7.661116338851506,13.355058423877999],[-7.661242312485359,13.355047394205112],[-7.661306724613979,13.354922984936081],[-7.661310301586234,13.354584747677942],[-7.661565788361455,13.354223724992755],[-7.6615995587208685,13.353959610922699],[-7.661695644023315,13.353864798147624],[-7.662014062425442,13.353882786167842],[-7.662110014313276,13.353821760828762],[-7.662080558221884,13.353061566678843],[-7.662208102151904,13.352803708990619],[-7.662208728611877,13.3525410917803],[-7.662493465391351,13.352273280705381],[-7.66239863883204,13.351986722140412],[-7.662241135107263,13.35191101878874],[-7.661958423095942,13.351625496146216],[-7.661676992609533,13.3514893336968],[-7.661460853183446,13.35128395756864],[-7.661492077335108,13.351194978381159],[-7.661865465051093,13.351248713877757],[-7.6619908287782525,13.351191678342174],[-7.662116182176867,13.351196651080432],[-7.6620343469485075,13.350242709177254],[-7.6619234313979,13.3500123454355],[-7.661895024748443,13.349687783959105],[-7.661916139058472,13.349396847718875],[-7.6621435798282365,13.349461671455199],[-7.662229081369246,13.349385299644371],[-7.6623000658481,13.34913383112285],[-7.662236860237629,13.34834206454991],[-7.661963788118522,13.347625319267122],[-7.661441523434115,13.34683716125211],[-7.660785545940403,13.346421138770488],[-7.660520484667658,13.346034816445039],[-7.66014706471205,13.345840717666919],[-7.659780087772612,13.345744228941255],[-7.6594840586810164,13.345312514419506],[-7.659435151472685,13.345057643730046],[-7.659352723281454,13.344914433303556],[-7.659153981240613,13.344849542918064],[-7.659071010537067,13.344619131537339],[-7.658831083168618,13.344329285247873],[-7.658633825522059,13.344176116125174],[-7.658477005586655,13.344071782505496],[-7.657084513602338,13.34390709298586],[-7.656970636351713,13.34381194505368],[-7.656817497953621,13.343793272448142],[-7.6564782427361715,13.343550137960964],[-7.656369823120078,13.343296389988451],[-7.656113606384138,13.342947594822228],[-7.655853912369022,13.34280804764488],[-7.655703719783583,13.342800132459304],[-7.655550530167106,13.342878153341452],[-7.654750000436919,13.343070803836566],[-7.654631715295658,13.34318408443196],[-7.654291534280055,13.343174658403541],[-7.653958667787979,13.34301417044418],[-7.653687013305186,13.342541407990293],[-7.6536604181532315,13.342373800880313],[-7.653480902915087,13.342277236740255],[-7.6531488191789325,13.342197421281263],[-7.6525832870068,13.34220876909029],[-7.65244020935523,13.342125108791457],[-7.652252145286596,13.342126236798995],[-7.651921507966566,13.342043832934174],[-7.651585720135315,13.342036137566526],[-7.651039668430737,13.342576379628532],[-7.650834001543355,13.342708649419043],[-7.650476000781383,13.342837574894178],[-7.649984033233127,13.34285493361937],[-7.649750250389115,13.342626640702646],[-7.649340672951689,13.342605134710093],[-7.649147584724253,13.342640524989944],[-7.6488584021880675,13.342806691454102],[-7.648403862622252,13.342797665961196],[-7.64789775285384,13.343097095709618],[-7.6474415131398885,13.343278220279924],[-7.647027205746019,13.343418490872018],[-7.646664959422488,13.343471464327818],[-7.646409934891755,13.343599608382325],[-7.645741646497473,13.34379085234074],[-7.645594089392538,13.343776973046484],[-7.645254735843638,13.343941527380178],[-7.64483700461078,13.344225944976698],[-7.644675353322091,13.344232214782922],[-7.644442266238452,13.344196272009034],[-7.644340403864731,13.34411039664736],[-7.644188438818267,13.344071383528647],[-7.644017938656563,13.343282874480611],[-7.643824363182606,13.343035869036068],[-7.643479811543,13.342942840476608],[-7.643283507554858,13.342764986364594],[-7.641414795329323,13.342602843280151],[-7.640755532809726,13.342899808980526],[-7.640454920528783,13.343118084305427],[-7.639770738401971,13.343030649597743],[-7.639521554398438,13.342761207203452],[-7.639258667732626,13.342644586789456],[-7.638624606169586,13.342164204347105],[-7.6384482987267575,13.34190532626953],[-7.638424644237592,13.341509354886755],[-7.6382497262318445,13.341253327987568],[-7.637990854703088,13.341092231412018],[-7.637095507690272,13.341058914252622],[-7.636851865005509,13.341355567913808],[-7.63680815128041,13.341730881908656],[-7.63644883399105,13.341803934701264],[-7.635112860806175,13.341797907437224],[-7.6347578353480685,13.34185621869469],[-7.634391853938021,13.341991550061739],[-7.633298901842057,13.341910531383354],[-7.633111582421218,13.34180660196919],[-7.632756123535067,13.34145673883872],[-7.632652073155288,13.341223660072522],[-7.632578884221169,13.340825928002532],[-7.6324415617500065,13.340420941154848],[-7.632204730248405,13.340235302025404],[-7.632123186798662,13.33991630948912],[-7.631976950136132,13.339645618963424],[-7.63168403413517,13.339444928686271],[-7.63157413011613,13.339013295440159],[-7.631366242608253,13.338741080946244],[-7.630922205583458,13.338571479872261],[-7.6303170051699185,13.338546456927233],[-7.63002958193657,13.3386165430607],[-7.629620336620611,13.33903459663043],[-7.629330411483285,13.339161057392282],[-7.629079597774366,13.339067659134276],[-7.628827944764652,13.338607160352117],[-7.628081916733794,13.337966297353933],[-7.627899616984269,13.337879757484512],[-7.627523874176353,13.33747305023946],[-7.627611215828939,13.337094053946549],[-7.6280227555268345,13.336439455430076],[-7.628115584393865,13.336057975670807],[-7.628232886580905,13.335837630962889],[-7.628591379239573,13.335653520873256],[-7.62882908957694,13.335451157613786],[-7.629029102363795,13.335158997600882],[-7.628988272934089,13.334833162010439],[-7.6287874295149996,13.334593633654531],[-7.628066339699075,13.334104641831603],[-7.627527211353372,13.333524489538469],[-7.627100695661341,13.333310129449002],[-7.626958352743693,13.333147528723549],[-7.627089931199027,13.332492268438628],[-7.627215486592696,13.332277186242463],[-7.62789853108678,13.332318658599945],[-7.628361213876088,13.332489031336486],[-7.628494816354032,13.3327132166173],[-7.628775537727544,13.332870751840042],[-7.6297017095283834,13.333279544977428],[-7.629756428076457,13.333579746945082],[-7.630110637602825,13.333684413317668],[-7.630075665931012,13.334310248448261],[-7.630119457665258,13.334633802644044],[-7.630251522598056,13.334880578927919],[-7.630473908533601,13.335046883322992],[-7.631128420005716,13.335070854534303],[-7.631783208439745,13.334789600112535],[-7.632634526485485,13.334814884977202],[-7.6329707152401935,13.334758806475774],[-7.633675713824169,13.334802164444392],[-7.633907510111943,13.33459557671651],[-7.633995503033144,13.334146398205982],[-7.633909867552409,13.33391911499837],[-7.633908359350409,13.333614462487487],[-7.633955265968952,13.333389228315939],[-7.634291332925857,13.33263104245624],[-7.6348279403215376,13.332734295073383],[-7.635001105195343,13.332977544185916],[-7.635432616493602,13.333281396835268],[-7.637223562032044,13.333407612836284],[-7.63750635336459,13.333281184963553],[-7.637633593003247,13.332723875233542],[-7.6376503504497055,13.33237545968212],[-7.637511857800659,13.332159486842011],[-7.637170103418231,13.331783756674193],[-7.636754317435959,13.331474907399162],[-7.635986043185924,13.331138279417099],[-7.635932055057637,13.33086412099887],[-7.6361893022809815,13.330601116470106],[-7.636517898734761,13.330070515055528],[-7.6370273882041575,13.329760241603086],[-7.637361787390147,13.329644147405793],[-7.637541034565066,13.32965449232276],[-7.637814403520304,13.329535420742388],[-7.638324790998749,13.329431047542972],[-7.638857473122576,13.32946610526261],[-7.639062521160005,13.329614180132246],[-7.639894326389184,13.329669061385687],[-7.64005759356824,13.32974737278308],[-7.640295356236824,13.330034449464316],[-7.640800124809346,13.330209739714146],[-7.641335740455369,13.33025118581964],[-7.641785086784394,13.330143327875204],[-7.642382828995733,13.329906093387992],[-7.642697089786538,13.329856969517552],[-7.643449314916495,13.32942716347356],[-7.64364213988531,13.329370488247978],[-7.643796707225604,13.329181959641524],[-7.644375307123998,13.328959508574103],[-7.644620795710947,13.328914643328986],[-7.645396332560874,13.328911861601728],[-7.645652902863256,13.328800777308384],[-7.645874433957637,13.328549411514942],[-7.646917703833726,13.32792076858549],[-7.647125564892052,13.327687779208286],[-7.648544419244952,13.327769196240267],[-7.648690613218645,13.32753073108817],[-7.648888878472956,13.32735624828273],[-7.649139683979706,13.327244200665987],[-7.649728772139013,13.327277799509883],[-7.649970566464864,13.327230686763707],[-7.6507183734866375,13.326844266095021],[-7.651503735565896,13.326599791022872],[-7.6517868875351835,13.326738285046037],[-7.652139453407522,13.326759069206547],[-7.652752822457899,13.3273187402904],[-7.65298193344079,13.327449576936248],[-7.653215562040322,13.327519782969729],[-7.653987985100691,13.327550145611907],[-7.654232239087386,13.327437830170327],[-7.654367031651752,13.327140315918795],[-7.654668638942142,13.327032750066879],[-7.655613129615619,13.327068617142544],[-7.6557854574595385,13.327197275776841],[-7.656376873763599,13.327236963817896],[-7.656796194825909,13.327077391776168],[-7.657209856478351,13.327099614324606],[-7.657453036086672,13.326813263865164],[-7.658506345470329,13.326827183226113],[-7.658798880754482,13.326958707193166],[-7.658914491031781,13.327202241817199],[-7.658912454963844,13.327691672280036],[-7.659029801636052,13.328004125028047],[-7.659025950223975,13.328617653321738],[-7.659142074264463,13.32885988588821],[-7.659561974953736,13.329254918590065],[-7.659801789422456,13.329324304987637],[-7.660286551645562,13.32960268785561],[-7.660530712881257,13.329622873259154],[-7.661008908163376,13.32932805406808],[-7.66173816809539,13.329378949352433],[-7.661852406476145,13.3291319627171],[-7.66245078304713,13.32891970544328],[-7.662681240119163,13.328620242649365],[-7.663952990548974,13.328706151735615],[-7.6641887783491605,13.328596204025809],[-7.664427499448304,13.328549042364699],[-7.664676813863977,13.328689932606817],[-7.664849045414145,13.32952643869357],[-7.664358231197038,13.329491791921713],[-7.664117222741268,13.329540094139585],[-7.663944888373155,13.329723586393868],[-7.663706778995174,13.329837781449974],[-7.663008974597517,13.33058387183002],[-7.663024125159749,13.330858496772207],[-7.662932849634551,13.331472587089943],[-7.662711010648454,13.332077825041335],[-7.662743898100696,13.332969927853581],[-7.662498553954334,13.333163782029331],[-7.660916014254802,13.333062309385312],[-7.660665231875552,13.333119256905169],[-7.660354232032262,13.333319098181379],[-7.660168731334012,13.33352812049675],[-7.660556321346197,13.333911305724763],[-7.660563695102149,13.33434383171554],[-7.660757538030371,13.334495892506617],[-7.661012746833856,13.33450556555555],[-7.661205190411532,13.334582844068882],[-7.661210044319484,13.33486623773337],[-7.661086732709144,13.335147148561834],[-7.6615543230420915,13.335360133729194],[-7.6619459167284045,13.335432192516242],[-7.662110938490619,13.33574914339835],[-7.662234027250441,13.336123832102873],[-7.662498053248365,13.336532739544083],[-7.663291167240101,13.337227013945267],[-7.664238964555069,13.337279883841415],[-7.6645855257246005,13.33718236640031],[-7.665193487336391,13.337187320649942],[-7.665569815850168,13.337066501057254]]]}},{"id":"372","type":"Feature","properties":{"id":"260","date_realisation":"2026/01/26","commune":"Sirakorola","village":"NGABACORO","surface_ha":9.735,"technologie":"Cordon pierreux","type_beneficiaire":"Propriétaire individuel (appartenant à un ménage)"},"geometry":{"type":"Polygon","coordinates":[[[-7.475897065497415,13.257547563889972],[-7.475472488170783,13.257394462662669],[-7.474966300954571,13.256983039280009],[-7.474778494792677,13.256540641538695],[-7.474525764176904,13.25624050803654],[-7.474400418218873,13.255927677241477],[-7.474287726176312,13.255842216581726],[-7.47422978413195,13.255704563194733],[-7.473999697504142,13.255437958761798],[-7.473812506985125,13.254964043189354],[-7.473654665677962,13.254813871992804],[-7.47347916071647,13.254541623160891],[-7.473476023203335,13.254370903798032],[-7.473568571387165,13.254299817748901],[-7.474255105366049,13.25428412362058],[-7.474273397507607,13.254208081267814],[-7.474141689277845,13.25365798348076],[-7.474389534962282,13.253715129890649],[-7.474936401036366,13.254074581184028],[-7.475913098977681,13.254893754507878],[-7.47652351009328,13.255162281690952],[-7.477463684911708,13.255687543738325],[-7.477225420336399,13.255825641257497],[-7.4771458575261205,13.25609795782511],[-7.47716854469892,13.256541781740506],[-7.4772530926872,13.256665997545676],[-7.4772920614311085,13.257143908069846],[-7.477142724276134,13.257134725271072],[-7.477052612331072,13.257218001713904],[-7.476908524027527,13.257651782247345],[-7.4766886237363614,13.257564491642578],[-7.475897065497415,13.257547563889972]]]}},{"id":"373","type":"Feature","properties":{"id":"261","date_realisation":"2026/01/27","commune":"Sirakorola","village":"NGABACORO","surface_ha":43.4342,"technologie":"Demi-lune","type_beneficiaire":"Terres collectives/communautaires pour le village"},"geometry":{"type":"MultiPolygon","coordinates":[[[[-7.47373011374087,13.258524747233283],[-7.473740098022811,13.25852967407219],[-7.473736893638684,13.258532038496982],[-7.47373011374087,13.258524747233283]]],[[[-7.479390000005383,13.263036700001042],[-7.477689969212568,13.262782160615247],[-7.477245744969476,13.262403804074426],[-7.47693106760869,13.262313389250563],[-7.47669119561757,13.26230747846044],[-7.476195931414527,13.26250745957947],[-7.4759336809016945,13.262792721382866],[-7.475814900176057,13.2631242756256],[-7.475730303312509,13.263231675411836],[-7.475590429178724,13.263297893106719],[-7.473458142381989,13.263191350381598],[-7.472967017882406,13.263207926439296],[-7.472768704018094,13.263298981939254],[-7.472686761859507,13.263276941711434],[-7.472557753545826,13.263170639894765],[-7.4724364217079255,13.262872402957457],[-7.4723120027011785,13.26231664629882],[-7.472284573684918,13.261785372688136],[-7.472022717157316,13.26151438520053],[-7.471229791141577,13.261044204863829],[-7.471124740445303,13.260908873167823],[-7.4708481172138725,13.260732900335315],[-7.470680772975456,13.260528331470411],[-7.470314510657795,13.260270089083077],[-7.470294960662383,13.260207704654567],[-7.470445733698228,13.260027213400157],[-7.471505745751655,13.259644538022522],[-7.471573698339094,13.259550164986281],[-7.472073907312704,13.259280392074697],[-7.473155219053508,13.25876282099951],[-7.47332966782352,13.258686826383796],[-7.4736716686736795,13.258638846552918],[-7.473846472029127,13.258437840406149],[-7.47392110712832,13.258471534189853],[-7.474204857066338,13.258812325232912],[-7.474471275186687,13.258794731483777],[-7.474568695559076,13.258913768640708],[-7.474836303421963,13.258968354340634],[-7.474971463591738,13.25914478919667],[-7.4754858805173505,13.259385865346227],[-7.475850661077904,13.259640480762469],[-7.4760906915487,13.259660342041476],[-7.476471493140724,13.259862913315358],[-7.476792418142391,13.259908847247948],[-7.477209465957624,13.260117367446306],[-7.477729375150626,13.260239480339358],[-7.477989637885373,13.260454631197497],[-7.4788652211346855,13.260432385778055],[-7.479101136491937,13.260306474415867],[-7.479555519648882,13.260510886905319],[-7.479743851793586,13.26054824836026],[-7.479978190854809,13.260683867779147],[-7.480707649917369,13.260842900381837],[-7.481053803724408,13.26098700595492],[-7.481391523503814,13.260968205779287],[-7.481844287353619,13.261263936006724],[-7.482430533364296,13.261817461324824],[-7.483036577786099,13.261950704800473],[-7.483123972578585,13.262032965952907],[-7.483132106974555,13.262103159907264],[-7.4833322366711155,13.262241579360618],[-7.48339927565396,13.262355345769057],[-7.483371913836469,13.262676554146196],[-7.483070711240139,13.26302423242716],[-7.482628461739334,13.263176149258122],[-7.482294012104094,13.26337336715547],[-7.482179393839151,13.26383664901275],[-7.481940949818349,13.264184690833874],[-7.481276196041138,13.264207105773528],[-7.481119024805958,13.264322892077121],[-7.481046396807745,13.264320771270478],[-7.480572915250321,13.263736305795536],[-7.480446412340772,13.263688524542152],[-7.480406042745725,13.263562035163918],[-7.480183621173131,13.26348367625365],[-7.4799695553113414,13.263205843083464],[-7.479778820630528,13.26314500416132],[-7.479638300005377,13.263006700001064],[-7.4795167000053855,13.263020000001065],[-7.479378300005387,13.262958300001038],[-7.479390000005383,13.263036700001042]]]]}},{"id":"374","type":"Feature","properties":{"id":"262","date_realisation":"2026/01/27","commune":"Sirakorola","village":"NGABACORO","surface_ha":9.7245,"technologie":"Cordon pierreux","type_beneficiaire":"Propriétaire individuel (appartenant à un ménage)"},"geometry":{"type":"Polygon","coordinates":[[[-7.483413300005314,13.243611700001068],[-7.4833567000053085,13.24305330000102],[-7.4833967000053105,13.242806700001022],[-7.483363300005304,13.242553300001006],[-7.483516700005299,13.241825000001047],[-7.483575000005311,13.24174830000105],[-7.4836783000053035,13.241763300001058],[-7.483831700005294,13.24187830000101],[-7.4841700000052915,13.241926700001036],[-7.484726700005274,13.24214330000105],[-7.48530830000527,13.242221700001052],[-7.4854283000052675,13.24229500000105],[-7.485918300005249,13.242401700001047],[-7.486255000005243,13.242588300001032],[-7.486539639031878,13.242657041527249],[-7.486671853535392,13.24280845403343],[-7.487045714874858,13.244025396148153],[-7.487378424215082,13.244320787172477],[-7.487681199054788,13.244383785825423],[-7.4878184912551955,13.244515737848214],[-7.4881630408321005,13.2445599523051],[-7.488339446283953,13.244509340522626],[-7.488529524025886,13.244810725884522],[-7.488550076927791,13.244930454929552],[-7.488354822451289,13.245211984363968],[-7.488274321606776,13.24553119816616],[-7.488117283866177,13.245840773706563],[-7.487745875854915,13.245871904503728],[-7.487562931399182,13.245751273614662],[-7.487402665667334,13.245442819409925],[-7.487279983161522,13.245018771593008],[-7.487317178080207,13.24469822653846],[-7.487284866499818,13.244679628897423],[-7.487051403525896,13.24465794391659],[-7.486778272399926,13.244721532752669],[-7.486592378356938,13.244673032102702],[-7.486528715698442,13.244603819429447],[-7.486552565588631,13.244387132383507],[-7.486477196856902,13.244322352706835],[-7.485988387899937,13.244326297487062],[-7.485803300005243,13.24424170000103],[-7.485406700005271,13.244238300001035],[-7.48469500000528,13.243961700001028],[-7.484196700005297,13.24389830000101],[-7.483611700005296,13.243645000001022],[-7.483413300005314,13.243611700001068]]]}},{"id":"375","type":"Feature","properties":{"id":"263","date_realisation":"2026/01/27","commune":"Sirakorola","village":"NGABACORO","surface_ha":21.2231,"technologie":"Cordon pierreux","type_beneficiaire":"Terres collectives/communautaires pour le village"},"geometry":{"type":"Polygon","coordinates":[[[-7.494022798844375,13.25549869285661],[-7.4940494057505465,13.255310658601328],[-7.493878191058585,13.254762707850652],[-7.493659801070651,13.25455219685778],[-7.4936170036672625,13.254448138591892],[-7.493108149779216,13.25411127957372],[-7.4928009226965715,13.254126997422667],[-7.492758708691883,13.25406296092883],[-7.492706689607839,13.253896363746135],[-7.49281148055925,13.253458177257102],[-7.492928111030025,13.253406241332845],[-7.493104885571683,13.253165782615671],[-7.493335521204862,13.253190166533152],[-7.493645298255701,13.253046370907274],[-7.493828410434271,13.252753431427225],[-7.493904617966964,13.252521057482634],[-7.494018912249428,13.252520521224142],[-7.494116089100715,13.252627873943135],[-7.494268525809319,13.252587902289244],[-7.494550101398785,13.252616202967861],[-7.49490653900025,13.252330839172672],[-7.495240279298381,13.252211226201126],[-7.495468179453196,13.252330142774454],[-7.4954838232115,13.252425482145336],[-7.495585135879378,13.252475860266292],[-7.495608122466397,13.252596523981856],[-7.495762854789716,13.252843706711909],[-7.496105022733295,13.253170402002562],[-7.496475699458957,13.253795383516536],[-7.496574586624485,13.25421843270284],[-7.496619483329362,13.254297686682118],[-7.496795772052227,13.25436580330495],[-7.496901141019427,13.254581413057338],[-7.497114388707855,13.254597816633538],[-7.497275717745006,13.25471433565558],[-7.497959607988785,13.254646164756934],[-7.498108454815713,13.254671631574364],[-7.498231663636246,13.254765409989904],[-7.498193851513194,13.25487954777069],[-7.497982302377628,13.255048866908314],[-7.497945785744403,13.255263613277387],[-7.497529349568424,13.255254072094797],[-7.497192081749576,13.2555123347365],[-7.497039542636014,13.255813842983255],[-7.497033689629477,13.256083562336896],[-7.496899411779331,13.256190427512863],[-7.496865964460527,13.25628638423095],[-7.4970751641753886,13.256314398499736],[-7.497204061271655,13.256439078749592],[-7.497155992771216,13.256525621418453],[-7.4973027308646705,13.256560229270017],[-7.49721075832069,13.25668248572434],[-7.497260861150799,13.25688235984278],[-7.497129908578292,13.257054959429219],[-7.497161354100848,13.257099446905006],[-7.497381510697239,13.257123348742445],[-7.497330173620515,13.257236495205417],[-7.497528232333855,13.257688549872409],[-7.49753448101187,13.257882576160577],[-7.497274682870107,13.25803515127647],[-7.496552171933828,13.258122253443878],[-7.496041390710498,13.258273771107628],[-7.495429016413614,13.258245118834907],[-7.495439823795973,13.257811848028341],[-7.495370854434958,13.257360057865107],[-7.4953049370049865,13.257271050865993],[-7.495062873582616,13.257144853427636],[-7.493983539696684,13.257157146336072],[-7.493868148632559,13.257381233184482],[-7.4936791582507905,13.257430482726814],[-7.493596531658734,13.257358903570895],[-7.493515770795329,13.25707204898416],[-7.493539682510063,13.256813172277294],[-7.493727810519538,13.256093790267832],[-7.493814744524768,13.255979308586435],[-7.493893256188144,13.255688306660733],[-7.494022798844375,13.25549869285661]]]}},{"id":"376","type":"Feature","properties":{"id":"264","date_realisation":"2026/01/27","commune":"Sirakorola","village":"NGABACORO","surface_ha":44.3482,"technologie":"Cordon pierreux","type_beneficiaire":"Propriétaire individuel (appartenant à un ménage)"},"geometry":{"type":"Polygon","coordinates":[[[-7.496601700005019,13.25387000000105],[-7.496469372972146,13.253518520358698],[-7.496288044013196,13.253327547312665],[-7.495845962471602,13.25266738773232],[-7.495729631425999,13.25256683283778],[-7.495578236537783,13.252193910826206],[-7.495431048006142,13.252105956119753],[-7.4953455099568425,13.251949033991973],[-7.495366203574768,13.251739152634004],[-7.495492877473911,13.251433834176126],[-7.495683455984538,13.251215621463718],[-7.495719891504927,13.250853969598715],[-7.495657256074584,13.250524543979134],[-7.495710380087437,13.250306401581346],[-7.496284200500589,13.250009149533767],[-7.496422801239379,13.249988883654252],[-7.496521647581756,13.249887213402934],[-7.496722826445332,13.249812352122394],[-7.496987970529861,13.249817449238455],[-7.4972504799715916,13.249619269023212],[-7.49746413291303,13.249541350313333],[-7.4979895281483016,13.249492667045201],[-7.498160087574457,13.249429777237808],[-7.498479792488608,13.249169104330623],[-7.498731380871009,13.249091586737267],[-7.499025060391416,13.248907644724483],[-7.499262544433322,13.248700506365546],[-7.4994732722024855,13.248879907177868],[-7.499745856303258,13.249224276366919],[-7.500010675585296,13.249736241839543],[-7.500124142912818,13.25011317210728],[-7.500283064183421,13.250362248564482],[-7.500359454005505,13.250667367880727],[-7.500582124185852,13.250936197159954],[-7.500763513852448,13.25105183093765],[-7.501002035487155,13.25097692172706],[-7.50129234991827,13.250957888321409],[-7.501694136398991,13.250968137924717],[-7.502021305049648,13.251049495071213],[-7.5020688641494,13.250966671451174],[-7.501907467746628,13.25041971105605],[-7.501685159782345,13.250182987801454],[-7.501671515033647,13.249996841653317],[-7.501808415388815,13.249768265413502],[-7.50204149496941,13.249926199623394],[-7.502089775329962,13.250007012034496],[-7.502048174341761,13.250359246119894],[-7.502196337641458,13.250610791079735],[-7.50281788801284,13.250998316312415],[-7.502917090095199,13.25099985169601],[-7.503300423281494,13.251313479794716],[-7.5033648759675975,13.251283561919406],[-7.503627645748234,13.251842674402505],[-7.5038065407771715,13.25257459975922],[-7.5042438460263865,13.253979464911234],[-7.504213353464217,13.25444088403338],[-7.5042942315980925,13.254979228951367],[-7.504243313940147,13.255126469147903],[-7.50447733880616,13.256278338979408],[-7.504465433918548,13.256464046881437],[-7.5043219111325365,13.256703054739617],[-7.504391070854238,13.257016492520911],[-7.504353451832993,13.257381773125804],[-7.503362163580279,13.257415305065283],[-7.5030854577912205,13.257209823054184],[-7.502720793809653,13.25712735319838],[-7.502592122579214,13.257046753247291],[-7.501693613420902,13.25581373848307],[-7.501612696295462,13.255641024823182],[-7.501548314990455,13.255026657477895],[-7.501670262184951,13.254936682200151],[-7.501670782509007,13.254745858474832],[-7.501734078634122,13.254627193008206],[-7.5018308147563,13.254025626758068],[-7.5016894069340845,13.253329410938566],[-7.501321700004926,13.252605000001042],[-7.501255000004922,13.252675000001057],[-7.500531700004929,13.25295330000105],[-7.500275000004934,13.253115000001069],[-7.499970000004949,13.253395000001063],[-7.499785000004968,13.253475000001053],[-7.499358300004962,13.253850000001021],[-7.499161700004979,13.253883300001059],[-7.498995000004979,13.253970000001054],[-7.4986100000049865,13.253945000001051],[-7.497913300004995,13.254126700001066],[-7.497163300005029,13.25412670000105],[-7.496638300005034,13.254256700001035],[-7.496601700005019,13.25387000000105]]]}},{"id":"377","type":"Feature","properties":{"id":"265","date_realisation":"2026/01/27","commune":"Sirakorola","village":"MPIEBOUGOU","surface_ha":13.5012,"technologie":"Cordon pierreux","type_beneficiaire":"Propriétaire individuel (appartenant à un ménage)"},"geometry":{"type":"Polygon","coordinates":[[[-7.50350670000487,13.279811700001062],[-7.5029217880643335,13.27994988756985],[-7.5027800420834625,13.27993594647545],[-7.502651973589853,13.279821744626805],[-7.502554918876515,13.279871563291886],[-7.502489934932849,13.279987325448667],[-7.502198052818884,13.279926685920307],[-7.5019176522955195,13.279732865167333],[-7.501801806716706,13.27973726000693],[-7.501419120099537,13.280075375239816],[-7.501266962576302,13.280389915933695],[-7.501002440238506,13.280767149452329],[-7.500832204562072,13.280443340984],[-7.50066732111098,13.280333605317457],[-7.500558583894383,13.280322223277091],[-7.5001906810601175,13.28043412582156],[-7.499946719225425,13.280631268974721],[-7.499705715171859,13.28065917881323],[-7.49936294907661,13.280838615588149],[-7.4992153799295815,13.280833362728268],[-7.499117879709556,13.28090305860272],[-7.499050909994224,13.280893245330965],[-7.499256063129505,13.280485493378894],[-7.499378379630546,13.28008946754363],[-7.4995154307223455,13.279521784007587],[-7.499556090363574,13.279113640618549],[-7.499673956037448,13.27875331938734],[-7.50000548336204,13.278609930659128],[-7.500112676964338,13.278281187706964],[-7.500279198981904,13.278207108733978],[-7.500317896912389,13.278007068418482],[-7.500522778171864,13.277914039498011],[-7.500765017987362,13.277886402888988],[-7.500842999323977,13.278101519207507],[-7.5009006128807,13.27812058351764],[-7.501000855401822,13.278082512634281],[-7.501176008183014,13.277786133724051],[-7.50187329246134,13.277669858107023],[-7.5022679864980475,13.277798111188257],[-7.502436112446779,13.278011131855404],[-7.502567129473475,13.277966532322191],[-7.502623122670836,13.277869319604354],[-7.502797055941439,13.277865291689464],[-7.503294866867746,13.277678383172729],[-7.503573300004872,13.27763830000106],[-7.503841700004863,13.277413300001076],[-7.504036700004853,13.277435000001057],[-7.50424170000484,13.277825000001064],[-7.504281700004854,13.278033300001102],[-7.50445830000485,13.278448300001056],[-7.504598300004848,13.279358300001055],[-7.504495000004852,13.279810000001083],[-7.504368300004861,13.280068300001098],[-7.504275000004852,13.280091700001075],[-7.50350670000487,13.279811700001062]]]}},{"id":"378","type":"Feature","properties":{"id":"266","date_realisation":"2026/01/27","commune":"Sirakorola","village":"MPIEBOUGOU","surface_ha":25.3158,"technologie":"Cordon pierreux","type_beneficiaire":"Propriétaire individuel (appartenant à un ménage)"},"geometry":{"type":"Polygon","coordinates":[[[-7.499950000004949,13.276300000001063],[-7.499942576628999,13.276081597003431],[-7.499570847204261,13.275990020439583],[-7.49936111478351,13.276087507783636],[-7.499074813341311,13.276126688624895],[-7.498807685843778,13.276263710686933],[-7.498379174394368,13.27634394025677],[-7.498252040028347,13.2766249144155],[-7.497979600294495,13.276746927582105],[-7.49785128332236,13.276706167103567],[-7.49771415267248,13.276524029540159],[-7.497782429401198,13.276157752898843],[-7.4980681200458,13.275970669961763],[-7.498741544615051,13.275841256223227],[-7.499067388539844,13.275611807650828],[-7.49938198268997,13.275660205568053],[-7.499490925516817,13.275565869153995],[-7.499532255476091,13.274885566502851],[-7.49924115044573,13.274337542960673],[-7.499141817095402,13.274268323226456],[-7.499053804738004,13.274012134655655],[-7.49904735030664,13.27358659037353],[-7.499082573332237,13.273341772597902],[-7.499148455260119,13.273308197904367],[-7.4992248263909564,13.273306764459939],[-7.499300704775666,13.27341874525683],[-7.499651283598563,13.273399937938136],[-7.499959896347941,13.27332111709754],[-7.500406927038929,13.273340263720337],[-7.500456878471923,13.273277774581425],[-7.500490175764244,13.2730584392328],[-7.500747471673384,13.27278436547447],[-7.5009587928012404,13.2729243502664],[-7.500980335265302,13.273047938532597],[-7.501517444068184,13.273142031974274],[-7.501539333643461,13.273285811379317],[-7.501415398598731,13.273596630821645],[-7.501448681458031,13.273760159332236],[-7.50155379157514,13.27382952106267],[-7.50203451503998,13.27381769381896],[-7.502241691842973,13.27358507615347],[-7.502396153215193,13.273521358832221],[-7.5025393604727855,13.273622854704234],[-7.502729518263505,13.273915736686236],[-7.503206354386029,13.273982436257194],[-7.503275538966826,13.273799372436502],[-7.5034751108564635,13.273523789267937],[-7.503777548089994,13.273259125059052],[-7.503973052583817,13.273453277689876],[-7.504031618424529,13.273830976438205],[-7.504117738062815,13.273935898179614],[-7.504093335100006,13.27419620540356],[-7.504193476937336,13.274359821633364],[-7.504299866873223,13.274431201193046],[-7.504394250227415,13.274431332729366],[-7.504616090922806,13.274273781646365],[-7.504855261279564,13.274272217104835],[-7.504969303710168,13.27434308742064],[-7.505067747868831,13.274304151643754],[-7.505152684534764,13.274340723702213],[-7.505289633006839,13.274502420408595],[-7.50505316892355,13.274884568957884],[-7.504851898631335,13.275066335648603],[-7.5045698859874586,13.275460372563288],[-7.504573530099138,13.275639207185145],[-7.50486108857087,13.275597727097514],[-7.505007286468605,13.275664979729905],[-7.505054629183661,13.27574417479082],[-7.50511426853611,13.275894002712294],[-7.504929549050155,13.276176310787184],[-7.504943221433904,13.276284224245158],[-7.504836044120751,13.27635822092345],[-7.50430538019097,13.276483806417268],[-7.503843790850497,13.276511315663031],[-7.503781377082213,13.276596385998964],[-7.503706402037037,13.276930295588881],[-7.503748620679731,13.27708048909661],[-7.503720286664971,13.277250234279665],[-7.503302157331657,13.277575078911635],[-7.502936022174251,13.27771396811189],[-7.502651795291826,13.277789747853657],[-7.502491700004883,13.277528300001102],[-7.501883300004897,13.277488300001082],[-7.5012700000049115,13.277501700001073],[-7.500171700004942,13.277675000001063],[-7.499738300004946,13.277595000001064],[-7.499688300004947,13.27751670000108],[-7.499705000004944,13.277275000001094],[-7.499868300004942,13.27675830000107],[-7.499950000004949,13.276300000001063]]]}},{"id":"379","type":"Feature","properties":{"id":"267","date_realisation":"2026/01/27","commune":"Sirakorola","village":"MPIEBOUGOU","surface_ha":27.494,"technologie":"Cordon pierreux Demi-lune + Cordon pierreux","type_beneficiaire":"Terres collectives/communautaires pour le village"},"geometry":{"type":"Polygon","coordinates":[[[-7.5070700000047905,13.279768300001058],[-7.507301613236326,13.279575928800526],[-7.507295231461898,13.27944800839661],[-7.507189636078662,13.279340834981225],[-7.507203773749875,13.279256136877057],[-7.507381412403195,13.27925769694468],[-7.507481075793857,13.279317322734634],[-7.507685664687216,13.279285095032945],[-7.507846877839316,13.279534807809664],[-7.5078527910274975,13.279684760818022],[-7.508157209984757,13.279724072148738],[-7.508237175312293,13.27977509477304],[-7.508405173120288,13.280158340533545],[-7.508715226796314,13.280336412651593],[-7.5088895811977725,13.280906413988939],[-7.508986314107201,13.281041945783054],[-7.5092321263918205,13.281158377665943],[-7.509171914492291,13.281651624272632],[-7.509049059543825,13.281915969437579],[-7.509130891654549,13.282037375174028],[-7.50915597737992,13.28234927981254],[-7.508881940795607,13.282469165320077],[-7.508598244867585,13.28278326303912],[-7.50844398900971,13.282660347547989],[-7.508162592347074,13.282833083350814],[-7.507871234024701,13.282856153093181],[-7.507700773947011,13.282973344291625],[-7.507544326979349,13.283212356908509],[-7.507593441678368,13.283477146623335],[-7.507537860267544,13.283647881155183],[-7.50735533462794,13.283856327949566],[-7.507155131319543,13.2839184256636],[-7.507080000004788,13.284015000001054],[-7.507181700004789,13.284481700001068],[-7.507120000004784,13.284556700001088],[-7.506086700004812,13.285201700001092],[-7.505660000004817,13.285531700001073],[-7.505328300004829,13.285881700001053],[-7.504943300004829,13.286126700001079],[-7.504701700004839,13.285548300001063],[-7.5044500000048515,13.284740000001067],[-7.504313300004863,13.283945000001077],[-7.504086700004864,13.28308170000107],[-7.50373170000486,13.282280000001107],[-7.503261700004869,13.280658300001095],[-7.504513300004854,13.280190000001076],[-7.505283300004831,13.280120000001078],[-7.505730000004818,13.279921700001081],[-7.506466700004802,13.279920000001063],[-7.506758300004805,13.279791700001079],[-7.5070700000047905,13.279768300001058]]]}},{"id":"380","type":"Feature","properties":{"id":"268","date_realisation":"2026/01/27","commune":"Sirakorola","village":"SIKOUNA","surface_ha":21.0613,"technologie":"Cordon pierreux","type_beneficiaire":"Propriétaire individuel (appartenant à un ménage)"},"geometry":{"type":"Polygon","coordinates":[[[-7.501726700004897,13.2954417000011],[-7.501665000004892,13.295211700001063],[-7.501676700004888,13.294891700001056],[-7.502706700004862,13.29467330000108],[-7.502701700004874,13.294363300001066],[-7.502995000004873,13.294295000001103],[-7.503051700004875,13.294723300001088],[-7.503135000004875,13.29477330000108],[-7.503646700004851,13.294708300001092],[-7.503600000004848,13.29489170000108],[-7.5036717000048565,13.295176700001097],[-7.503711700004846,13.29527000000109],[-7.503896700004835,13.295258300001088],[-7.50396670000486,13.295330000001082],[-7.503996700004855,13.295421700001073],[-7.503936700004856,13.295493300001064],[-7.504136700004843,13.296136700001101],[-7.503946700004842,13.29622670000108],[-7.5032433000048595,13.296381700001078],[-7.502655000004872,13.296573300001088],[-7.502445000004874,13.296618300001048],[-7.502280000004873,13.296530000001109],[-7.501551700004906,13.29679330000107],[-7.501164005867032,13.296866990454674],[-7.50109501617296,13.297401538015203],[-7.5012591816531105,13.297985014155369],[-7.50123560877038,13.298111396970297],[-7.5012765140374364,13.298298104761495],[-7.501228832090073,13.298406574574555],[-7.500594756211859,13.298596830852826],[-7.499814328501188,13.298519454041543],[-7.499591890946519,13.298631441027625],[-7.49882475105858,13.29887070562859],[-7.498567382298491,13.299260814837654],[-7.498547918147017,13.299409714809922],[-7.49832660412254,13.299616361574273],[-7.498229242996466,13.299915356617118],[-7.497768509779321,13.300328617634337],[-7.496981979500778,13.300649730345082],[-7.496292472724871,13.300650380332618],[-7.495743221044514,13.301112060253859],[-7.495537882805419,13.301372949714096],[-7.495532055462003,13.301060530669952],[-7.495434937721944,13.300839850234917],[-7.494553921787155,13.300775395618249],[-7.494252821799783,13.300706720719619],[-7.494261933711849,13.30042448244699],[-7.494311483890346,13.300360363949988],[-7.494779084569017,13.300137400519365],[-7.494974484516784,13.299977930935444],[-7.49508120373929,13.29961489898717],[-7.495571211843837,13.299046223825945],[-7.495947936405997,13.299020563660477],[-7.496241627149619,13.298877273930746],[-7.49651870635737,13.298942860587104],[-7.496842671621665,13.298752628306792],[-7.4971892191392575,13.298698481654432],[-7.497728788604923,13.29853126028381],[-7.498080107658242,13.297858643454543],[-7.498440517756684,13.297546649356043],[-7.498803045428999,13.297349898348173],[-7.499109656657412,13.296880146464993],[-7.499364330781835,13.296666726307622],[-7.499605342182001,13.296378006877768],[-7.499970000004935,13.296305000001087],[-7.500855000004915,13.295658300001092],[-7.501631700004891,13.295451700001063],[-7.501700000004894,13.29538500000109],[-7.501726700004897,13.2954417000011]]]}},{"id":"381","type":"Feature","properties":{"id":"269","date_realisation":"2026/01/27","commune":"Sirakorola","village":"SIKOUNA","surface_ha":43.3115,"technologie":"Cordon pierreux","type_beneficiaire":"Propriétaire individuel (appartenant à un ménage)"},"geometry":{"type":"Polygon","coordinates":[[[-7.50201626581957,13.311135907989271],[-7.501769748840734,13.311674258373213],[-7.501680343324525,13.31220545980764],[-7.50147009968015,13.312391675234355],[-7.501378345939871,13.31264827108464],[-7.500999578012935,13.312441213459051],[-7.500952562442287,13.312373406753766],[-7.500882328594412,13.312443589765117],[-7.500248115552892,13.31268916375758],[-7.500177822250213,13.312784845103856],[-7.499608582996031,13.312879975650844],[-7.499442657009439,13.3130454629695],[-7.49913363128985,13.313160333469986],[-7.4989434175807945,13.313207871320751],[-7.498397222370495,13.313201850699647],[-7.498112315305386,13.313292578604011],[-7.497614583678555,13.31331133230238],[-7.496644069850672,13.313716626797554],[-7.4964991774761565,13.313883274642356],[-7.495927354701908,13.31413977933981],[-7.495546628166646,13.314278609579251],[-7.4947672145948445,13.314385878678806],[-7.4941473507165615,13.314641817075652],[-7.493864205953816,13.31468511971699],[-7.4936427904058975,13.314924779861306],[-7.493523443018455,13.314971300542057],[-7.492984520613646,13.314915778328562],[-7.492775233668232,13.314796131047915],[-7.492664856939438,13.314626677713585],[-7.4926529090115634,13.314408232209999],[-7.49253438323675,13.313996935231932],[-7.492551233897938,13.313685271508701],[-7.492707772436208,13.313376066719131],[-7.493205975927012,13.312761517292664],[-7.4938013503074306,13.312171108086158],[-7.494065219588232,13.311818960667585],[-7.49453406404647,13.311389287820264],[-7.495025899756622,13.311115727010375],[-7.495630771985907,13.310971374773851],[-7.495960493701155,13.310948723334727],[-7.496082622460431,13.310859391422847],[-7.496363432358929,13.31037636357923],[-7.4965221003621005,13.309983092927846],[-7.496668481507443,13.309841030071667],[-7.496933042115058,13.309763066037723],[-7.497218343395705,13.309811108171358],[-7.49730740769034,13.309885166667854],[-7.497601332842264,13.309986904584349],[-7.498354823860625,13.310003198834265],[-7.4986768223611,13.309878236701314],[-7.499596381022188,13.309661772407951],[-7.499810117813116,13.309557172754557],[-7.5000368554259715,13.309545382968162],[-7.500906988981609,13.309162222704204],[-7.501255915291102,13.309098638963082],[-7.501771915538603,13.308861428819352],[-7.502307912292167,13.308684955924294],[-7.502778886508061,13.308409885256594],[-7.503168609001541,13.308327170994788],[-7.503895534844936,13.308322866821399],[-7.504766314870562,13.308435429257772],[-7.50548084419771,13.308645945113579],[-7.505638275993543,13.308764470165778],[-7.505559257307235,13.30895905145376],[-7.505607880216777,13.309174249299058],[-7.505538798175116,13.309340921629861],[-7.505251166062802,13.30945363646085],[-7.504686900945908,13.309793952940582],[-7.503657188572621,13.3106351674159],[-7.502827030614285,13.310711067614061],[-7.502302390778686,13.311066737472228],[-7.50201626581957,13.311135907989271]]]}},{"id":"382","type":"Feature","properties":{"id":"270","date_realisation":"2026/01/27","commune":"Sirakorola","village":"SIKOUNA","surface_ha":15.1427,"technologie":"Cordon pierreux","type_beneficiaire":"Propriétaire individuel (appartenant à un ménage)"},"geometry":{"type":"MultiPolygon","coordinates":[[[[-7.506054680231526,13.307988337319362],[-7.505776700004794,13.308570000001119],[-7.504900000004821,13.30840830000111],[-7.503341700004858,13.308213300001091],[-7.50178080446553,13.30823951101959],[-7.501357619983877,13.308295907219682],[-7.501086327557151,13.308116204104653],[-7.50089246482025,13.307881869800768],[-7.500645049111836,13.307881817946049],[-7.5004289766417935,13.30779412104857],[-7.500289805733133,13.307806565196497],[-7.499943820362363,13.308070468263493],[-7.499555430044249,13.308058934907942],[-7.499031956334383,13.307869278645494],[-7.4985421614158065,13.307840481854118],[-7.498313584199982,13.307622190602897],[-7.498067544423894,13.307603716163001],[-7.498045129889685,13.307521219031429],[-7.498305216243086,13.307263102797906],[-7.498509236025118,13.307256809900124],[-7.499602349626859,13.306975130891088],[-7.500747522567025,13.306983238338224],[-7.501032857843512,13.306874599589749],[-7.5014404520668885,13.306879529431257],[-7.501757354352445,13.306695258906819],[-7.502705444090497,13.306426569256976],[-7.502803141945727,13.306361206935541],[-7.503069344126581,13.306321898413207],[-7.503198263022632,13.306242029088523],[-7.503736531896582,13.306074456482085],[-7.504189651742439,13.306089634773949],[-7.5048315728432256,13.305982333686744],[-7.5053700532690195,13.306036637849216],[-7.50617231558961,13.30583513520836],[-7.506154677321849,13.306010936706022],[-7.506068247969185,13.306159960338958],[-7.506068822279059,13.306998120295724],[-7.505960185613296,13.30724059819222],[-7.506021869128357,13.30743864870395],[-7.506054680231526,13.307988337319362]]],[[[-7.50586795423098,13.308416033041686],[-7.505878847796474,13.30838579306577],[-7.505880075379312,13.308384258779578],[-7.50586795423098,13.308416033041686]]]]}},{"id":"383","type":"Feature","properties":{"id":"271","date_realisation":"2026/01/27","commune":"Sirakorola","village":"SIKOUNA","surface_ha":21.2051,"technologie":"RNA","type_beneficiaire":"Propriétaire individuel (appartenant à un ménage)"},"geometry":{"type":"Polygon","coordinates":[[[-7.52080500000451,13.322176700001101],[-7.520611700004497,13.321656700001114],[-7.520490000004501,13.321013300001113],[-7.518791700004553,13.321363300001137],[-7.518288300004555,13.320491700001108],[-7.518018300004566,13.319895000001123],[-7.51735500000457,13.319175000001094],[-7.517180000004577,13.318710000001111],[-7.5167167000045865,13.31804330000112],[-7.516408300004597,13.317091700001102],[-7.516226700004602,13.316903300001098],[-7.516106700004597,13.31666170000111],[-7.515056700004613,13.315216700001116],[-7.515155000004611,13.315180000001082],[-7.515521700004607,13.315186700001107],[-7.515606700004606,13.3152333000011],[-7.515921700004611,13.315146700001069],[-7.516940000004578,13.315035000001105],[-7.51707330000459,13.315195000001085],[-7.5176317000045705,13.315581700001097],[-7.517733300004563,13.315765000001116],[-7.517746700004569,13.316431700001127],[-7.517546700004558,13.317378300001115],[-7.517545000004561,13.318261700001118],[-7.5176000000045615,13.318361700001104],[-7.5177100000045645,13.318410000001103],[-7.517800000004553,13.318441700001118],[-7.518263300004561,13.318335000001106],[-7.518980000004532,13.318260000001134],[-7.520015000004531,13.318043300001088],[-7.519970000004518,13.317848300001094],[-7.520020000004525,13.317766700001096],[-7.521141700004501,13.317655000001102],[-7.5212117000045104,13.317721700001103],[-7.521725000004497,13.318941700001126],[-7.52177670000449,13.319503300001113],[-7.521753300004501,13.319848300001112],[-7.521868300004482,13.32050670000114],[-7.521990000004497,13.320805000001092],[-7.521245000004512,13.320933300001084],[-7.521431700004482,13.322051700001131],[-7.521358300004501,13.322113300001114],[-7.52080500000451,13.322176700001101]]]}},{"id":"384","type":"Feature","properties":{"id":"272","date_realisation":"2026/01/27","commune":"Sirakorola","village":"SIKOUNA","surface_ha":32.5445,"technologie":"Demi-lune","type_beneficiaire":"Propriétaire individuel (appartenant à un ménage)"},"geometry":{"type":"Polygon","coordinates":[[[-7.515121700004614,13.313928300001114],[-7.513737614311104,13.314368958003067],[-7.513057110340225,13.31228269715411],[-7.512017031017908,13.309745900438765],[-7.511776514391901,13.308831238542549],[-7.51181322337294,13.30870157889691],[-7.514122285903957,13.30858182117627],[-7.514920493662862,13.30870073942049],[-7.516764510179957,13.308620328942686],[-7.517817654578993,13.308658677780219],[-7.517868300004569,13.309093300001113],[-7.517798300004579,13.309381700001095],[-7.517786700004566,13.309960000001102],[-7.517920000004585,13.310573300001087],[-7.517900000004574,13.310961700001124],[-7.517983300004573,13.311285000001083],[-7.518056700004578,13.311991700001093],[-7.518220000004563,13.312590000001085],[-7.518320000004549,13.312786700001098],[-7.5181517000045694,13.312878300001117],[-7.517776700004559,13.312955000001113],[-7.517476700004583,13.313183300001107],[-7.516863300004586,13.313476700001088],[-7.516671700004587,13.313498300001095],[-7.516616700004584,13.313578300001081],[-7.516525000004594,13.313558300001109],[-7.516120000004594,13.313673300001085],[-7.515595000004598,13.31373000000112],[-7.515121700004614,13.313928300001114]]]}},{"id":"385","type":"Feature","properties":{"id":"273","date_realisation":"2026/01/27","commune":"Sirakorola","village":"SIKOUNA","surface_ha":13.5019,"technologie":"Cordon pierreux Demi-lune Zaï + Zaï + Demi-lune + Cordon pierreux","type_beneficiaire":"Propriétaire individuel (appartenant à un ménage)"},"geometry":{"type":"Polygon","coordinates":[[[-7.508697181719227,13.303390013829539],[-7.508461017808929,13.302717994452781],[-7.508061630489945,13.302006600177409],[-7.507740783396422,13.301803714792378],[-7.507551937026637,13.301567141357452],[-7.507634211103734,13.301124529359978],[-7.507569114467026,13.300998474334591],[-7.507601209432785,13.300836753388563],[-7.5078681330465,13.300801616395951],[-7.508356651045858,13.30055264743996],[-7.508474597388887,13.300581481185963],[-7.508580646259323,13.300529712225226],[-7.509833023955578,13.30047143991113],[-7.510366769239237,13.300408534153577],[-7.510535443823141,13.300337022537912],[-7.511562732944592,13.300166482615015],[-7.511790018952321,13.300199099062802],[-7.511934243610228,13.300830514568583],[-7.512127072911224,13.30216227816739],[-7.512116602899338,13.302574885182347],[-7.51199027280264,13.302703208489255],[-7.5115915761209315,13.302945768238947],[-7.511247974183562,13.302985463538564],[-7.510859612172269,13.303104598902411],[-7.510451346687701,13.303365719324443],[-7.510342914275594,13.303493201015186],[-7.509722262072215,13.303377868879611],[-7.509337464586609,13.303377877171611],[-7.509053809287835,13.30338789725962],[-7.5089669237813945,13.303489562694931],[-7.5088988015094875,13.303468558574892],[-7.5088376360982565,13.30352284883526],[-7.508697181719227,13.303390013829539]]]}},{"id":"386","type":"Feature","properties":{"id":"274","date_realisation":"2026/01/27","commune":"Sirakorola","village":"SIKOUNA","surface_ha":18.1602,"technologie":"Cordon pierreux Demi-lune + Demi-lune + Cordon pierreux","type_beneficiaire":"Terres collectives/communautaires pour le village"},"geometry":{"type":"Polygon","coordinates":[[[-7.512284047613373,13.302676669435375],[-7.51186752430063,13.299897615241775],[-7.511946769478389,13.299272898760146],[-7.512022013191999,13.299183003569295],[-7.5122240846116215,13.299176168850671],[-7.512420872157051,13.299041963208635],[-7.512452166618104,13.299115206380169],[-7.512791451231806,13.299406392636575],[-7.513132920307335,13.299385774546241],[-7.513249528299468,13.299485433588831],[-7.513490853420168,13.299555916572091],[-7.5136524578924755,13.299848514585209],[-7.514191573673039,13.299679225364235],[-7.514735408196235,13.299637015164818],[-7.515013383525687,13.299467715227582],[-7.515081689911141,13.299461104862939],[-7.515076746216194,13.299494272283479],[-7.515328259796077,13.299389201935622],[-7.515699349049042,13.299425183258155],[-7.516485209769925,13.299272531845222],[-7.516704401922333,13.29916549290286],[-7.516816586244899,13.299192543188033],[-7.5168614292665605,13.299321361194755],[-7.5167783974634625,13.299419973833709],[-7.516716362235979,13.299686510406143],[-7.51677424844612,13.29994590664859],[-7.516910584344944,13.300011982029893],[-7.517164804856026,13.299960614267727],[-7.517392114029901,13.299995392096319],[-7.51755302130046,13.300168229142963],[-7.517712859497692,13.300233657154191],[-7.517811328751177,13.300395063600508],[-7.517922608782442,13.300464778597167],[-7.517987506421526,13.30054234025252],[-7.517997116898403,13.300668649496039],[-7.51790736853884,13.300874263944353],[-7.517938166313137,13.301047946136926],[-7.517895245148467,13.301114890186158],[-7.517367558878113,13.301417537760265],[-7.5172837461542805,13.30155611557014],[-7.517228942828434,13.301842980186663],[-7.517057040000959,13.301994185204224],[-7.516819265313556,13.30189412826551],[-7.516691526982274,13.30192390885612],[-7.51646858633475,13.301885007612908],[-7.516278686792012,13.302061469854616],[-7.51613264246843,13.302074571832879],[-7.515817033729635,13.301908415880131],[-7.51564869890039,13.301908606323373],[-7.514949398047761,13.302214374672587],[-7.514298770403894,13.302253382398339],[-7.514232818845654,13.302175172895303],[-7.513757584076885,13.302179928047478],[-7.513200095860128,13.302391324105004],[-7.513183485901882,13.302466159705295],[-7.5130852186881585,13.302550143756482],[-7.513071960123244,13.30279817914667],[-7.513007395229963,13.302853434750105],[-7.5127707563274,13.30286454688256],[-7.512460285196003,13.303014725941434],[-7.512329495491086,13.303030161424372],[-7.51219581318564,13.302966032045601],[-7.512284047613373,13.302676669435375]]]}},{"id":"387","type":"Feature","properties":{"id":"275","date_realisation":"2026/01/27","commune":"Sirakorola","village":"MPIABOUGOU","surface_ha":2.6915,"technologie":"Cordon pierreux","type_beneficiaire":"Propriétaire individuel (appartenant à un ménage)"},"geometry":{"type":"Polygon","coordinates":[[[-7.46297376745511,13.271557838248423],[-7.462024438496178,13.271577651554463],[-7.461970000005779,13.270408300001042],[-7.4618600000057755,13.270000000001037],[-7.461890000005786,13.269613300001028],[-7.4631467000057485,13.269636700001042],[-7.46311170000575,13.270768300001034],[-7.46297376745511,13.271557838248423]]]}},{"id":"388","type":"Feature","properties":{"id":"276","date_realisation":"2026/01/27","commune":"Sirakorola","village":"MPIABOUGOU","surface_ha":4.6852,"technologie":"Demi-lune","type_beneficiaire":"Propriétaire individuel (appartenant à un ménage)"},"geometry":{"type":"Polygon","coordinates":[[[-7.460284309391333,13.268777828465925],[-7.460186075488125,13.268312600067983],[-7.460164858019343,13.267755277391528],[-7.460441815083899,13.267081788773897],[-7.46047792900805,13.266754568263682],[-7.460593261387482,13.266360932401287],[-7.460785102344122,13.266247524569103],[-7.461008163599066,13.266221941395598],[-7.461068459490817,13.266142145016419],[-7.46101067244029,13.265540190901627],[-7.461121873097862,13.265505299367565],[-7.461386068859496,13.265925277518555],[-7.461393723154061,13.266141884161316],[-7.461174790561827,13.266522224157722],[-7.460786581239306,13.266655352024701],[-7.46082427119232,13.266909372225502],[-7.460976429506878,13.267323084393214],[-7.460968837112689,13.267617007210218],[-7.461087018501878,13.267818167985968],[-7.461524761885823,13.267938274766818],[-7.461683069221617,13.268178428924106],[-7.46186366458116,13.268293436472874],[-7.461893340198812,13.268495819923475],[-7.46181666036692,13.26865189904445],[-7.461840222851001,13.268910673181148],[-7.461757552046733,13.269050071735066],[-7.46186800468318,13.269513064257733],[-7.461756770205387,13.269596514860398],[-7.461286994501589,13.269544574132945],[-7.4606330181989815,13.269702906300436],[-7.460245076095543,13.26965299948958],[-7.4602097789745985,13.269622488601472],[-7.460192418578867,13.269262768448003],[-7.460284309391333,13.268777828465925]]]}},{"id":"389","type":"Feature","properties":{"id":"277","date_realisation":"2026/01/27","commune":"Sirakorola","village":"MPIABOUGOU","surface_ha":14.5615,"technologie":"Cordon pierreux","type_beneficiaire":"Terres collectives/communautaires pour le village"},"geometry":{"type":"Polygon","coordinates":[[[-7.461736700005779,13.271403300001035],[-7.461775893814055,13.272172212098225],[-7.461709785908948,13.272255674118748],[-7.461487524257085,13.272291907611365],[-7.461185968380765,13.272476935965555],[-7.460998342736594,13.272501447605],[-7.460853887195515,13.27263016347661],[-7.460645585765879,13.273696834411849],[-7.460724437051059,13.274522789623905],[-7.460683961496804,13.274798959937666],[-7.460606810991338,13.2749465688608],[-7.459694506037017,13.27490388759457],[-7.4591439222311555,13.27464536654752],[-7.458485451570057,13.274671127686414],[-7.457448337293541,13.274905505289528],[-7.457133321783366,13.274865668178336],[-7.456944742762821,13.274737466182428],[-7.4569181974574015,13.274685761605374],[-7.456968729013055,13.274560001796825],[-7.457206212585135,13.274318103910941],[-7.457397977074644,13.274228426982315],[-7.457506542683411,13.2740275363524],[-7.458500559782288,13.273293150252126],[-7.45870479525896,13.273035159461221],[-7.458815129986928,13.27254620353044],[-7.459179261301164,13.27213615893585],[-7.459391178243407,13.271725652662209],[-7.4595525352390935,13.2711174257956],[-7.459547207329894,13.27035068912173],[-7.4596006125711956,13.270119232208375],[-7.459749909414951,13.269988886440027],[-7.45999242584089,13.269886668535317],[-7.460060341357849,13.269780302589737],[-7.461209827764314,13.26974868395666],[-7.461325449815093,13.269770340032206],[-7.46139742006082,13.269854404201197],[-7.461553896204243,13.270144818291424],[-7.461579919051999,13.270361995253573],[-7.461337169529745,13.270701430447932],[-7.461327210564552,13.270828461812483],[-7.461736700005779,13.271403300001035]]]}},{"id":"390","type":"Feature","properties":{"id":"278","date_realisation":"2026/01/27","commune":"Sirakorola","village":"MPIABOUGOU","surface_ha":14.9468,"technologie":"Cordon pierreux","type_beneficiaire":"Propriétaire individuel (appartenant à un ménage)"},"geometry":{"type":"Polygon","coordinates":[[[-7.4594032592294,13.27122386814245],[-7.456948014751756,13.27110979143969],[-7.456503048118226,13.271126347179582],[-7.455821069190182,13.271265651545034],[-7.455628679403377,13.270256598086663],[-7.455396533424959,13.268437193216268],[-7.455390103584438,13.268062495479994],[-7.456161903080943,13.268091095839289],[-7.456803401799717,13.268053978122843],[-7.457507399205358,13.267944925680908],[-7.457832940860721,13.267822641774881],[-7.459088300005844,13.267626700001017],[-7.459195937922055,13.267712136356979],[-7.4594567734141295,13.269573715708015],[-7.4594032592294,13.27122386814245]]]}},{"id":"391","type":"Feature","properties":{"id":"279","date_realisation":"2026/01/27","commune":"Sirakorola","village":"MPIABOUGOU","surface_ha":10.034,"technologie":"Cordon pierreux","type_beneficiaire":"Propriétaire individuel (appartenant à un ménage)"},"geometry":{"type":"Polygon","coordinates":[[[-7.458208392616756,13.267584336651874],[-7.457576700005874,13.267471700001035],[-7.457106700005899,13.267343300001027],[-7.456396700005917,13.267391700001024],[-7.456333300005919,13.267321700001053],[-7.456136700005902,13.266010000001014],[-7.456110000005916,13.264968300001037],[-7.456411700005907,13.264885000001017],[-7.458026831280337,13.26475214278009],[-7.458082102468812,13.26449233341703],[-7.45813328827383,13.264412317137701],[-7.458324316468197,13.264335854532694],[-7.4583242177663465,13.264279165184963],[-7.45893584464871,13.264314779868322],[-7.459072543071043,13.264457747684903],[-7.459109644770332,13.26458663160647],[-7.459109492182782,13.264745606663404],[-7.458970948617703,13.264946660138577],[-7.459015743179529,13.265128319079329],[-7.459082443130326,13.265176340961323],[-7.459212204564883,13.265165058007417],[-7.459306660857515,13.265121954538763],[-7.459449537158727,13.264947258591429],[-7.4595624291645155,13.264934543006103],[-7.459674868930667,13.264995120756486],[-7.459804527440105,13.265175371613148],[-7.459840850245497,13.265503526910342],[-7.459756859165784,13.265689351736327],[-7.459295536088107,13.265641037884068],[-7.458958928802677,13.265752997869232],[-7.4589851166480825,13.265895272295138],[-7.459169159391184,13.266080676416085],[-7.459227286627573,13.266468079354185],[-7.459182613558953,13.266756968966375],[-7.458939188467088,13.267032932081372],[-7.458827785311829,13.26724575999381],[-7.458431334756368,13.2672795825962],[-7.458340667119593,13.267346953574235],[-7.458208392616756,13.267584336651874]]]}},{"id":"392","type":"Feature","properties":{"id":"280","date_realisation":"2026/01/27","commune":"Sirakorola","village":"MPIABOUGOU","surface_ha":14.7767,"technologie":"Demi-lune","type_beneficiaire":"Propriétaire individuel (appartenant à un ménage)"},"geometry":{"type":"Polygon","coordinates":[[[-7.460393300005821,13.260958300001043],[-7.461246700005801,13.260950000001058],[-7.46200420077883,13.26102522080048],[-7.462280398190946,13.260873858406619],[-7.462943762102988,13.260636541243239],[-7.463092952152325,13.260670123103356],[-7.463272580488654,13.261142579364101],[-7.463286003939709,13.261290656715191],[-7.462893816868505,13.262284162727811],[-7.462775000005766,13.263035000001054],[-7.462865865916268,13.263518694543261],[-7.4630296627430965,13.263697529113168],[-7.463121502617256,13.263903648871631],[-7.4632420395950705,13.264566214666345],[-7.463207073894479,13.26481001016017],[-7.462961082172289,13.264859425405033],[-7.4625102357521795,13.264705046836893],[-7.461801721645748,13.264227005199833],[-7.461652380977031,13.264047894117157],[-7.461418593777604,13.26406404783922],[-7.460779299502859,13.26451673612381],[-7.460478601127005,13.264531491308876],[-7.460003232066195,13.264403650913684],[-7.459369307964256,13.264128773490842],[-7.459774036037769,13.263501737533904],[-7.45979882593418,13.262865418393464],[-7.459658557785086,13.2622106043534],[-7.45957668124797,13.262099167850188],[-7.459338919172373,13.262005061185764],[-7.459206549473166,13.261627112535868],[-7.459102805486498,13.261482508642294],[-7.4590787133452165,13.261228394890763],[-7.459126316185612,13.261156795565121],[-7.45967111726843,13.260989906079343],[-7.459913039762017,13.26102412413739],[-7.460218435205197,13.260878403437614],[-7.460393300005821,13.260958300001043]]]}},{"id":"393","type":"Feature","properties":{"id":"281","date_realisation":"2026/01/27","commune":"Sirakorola","village":"MPIABOUGOU","surface_ha":24.6232,"technologie":"Demi-lune","type_beneficiaire":"Propriétaire individuel (appartenant à un ménage)"},"geometry":{"type":"Polygon","coordinates":[[[-7.461166700005795,13.260728300001015],[-7.4601622526649525,13.260564591446391],[-7.460120506160017,13.260513549701836],[-7.459904761855992,13.259648424600627],[-7.459898360036326,13.259460967099884],[-7.4597433752103335,13.258970038001385],[-7.459931814474235,13.257053060205406],[-7.459751538369198,13.256883610629872],[-7.459405136876564,13.25680113308006],[-7.458720684533637,13.256537062685538],[-7.458653473133567,13.25639260459332],[-7.458704423640943,13.256119535625986],[-7.458801120730577,13.255889422714604],[-7.459010681662788,13.255686095495642],[-7.459113456187656,13.255385930904623],[-7.459367140463664,13.255042730061469],[-7.459436306030254,13.255008865814192],[-7.459598760989101,13.254634232814748],[-7.460019184044362,13.254436830081069],[-7.460206141432855,13.254396385138076],[-7.460724979531249,13.254015987576365],[-7.460958350065736,13.253901187165573],[-7.461682981738281,13.253879688183423],[-7.461872412572922,13.253929326715545],[-7.4621490630128715,13.25410744174756],[-7.462142065402347,13.254361360329623],[-7.46206959551205,13.254582602622108],[-7.462098089859452,13.25499980810952],[-7.46240222574606,13.25580080887196],[-7.46247374747839,13.255877703477383],[-7.462626432656057,13.256398952707393],[-7.462916740007025,13.256729296254093],[-7.462964966408335,13.257039735760785],[-7.4629109218848235,13.257238501770235],[-7.463009926108398,13.257934478522632],[-7.462975173173864,13.258170014820209],[-7.463026238799315,13.258567180651559],[-7.46296993247475,13.259171756055055],[-7.463011344658248,13.25953503329841],[-7.462925813233092,13.260135147834637],[-7.462926700005753,13.26050500000105],[-7.462860000005765,13.260576700001035],[-7.461986700005778,13.260761700001014],[-7.461166700005795,13.260728300001015]]]}},{"id":"394","type":"Feature","properties":{"id":"282","date_realisation":"2026/01/27","commune":"Sirakorola","village":"DACOUMATA","surface_ha":21.8263,"technologie":"Cordon pierreux","type_beneficiaire":"Propriétaire individuel (appartenant à un ménage)"},"geometry":{"type":"Polygon","coordinates":[[[-7.685035000002192,13.333980000001215],[-7.684963097010934,13.333904344663932],[-7.684654303363246,13.333912792067222],[-7.684290770345944,13.333818144311056],[-7.684160928609634,13.333707131872705],[-7.684043163031715,13.333331282099202],[-7.683931173219979,13.333250935654394],[-7.683844027137378,13.333046654805951],[-7.683830130983485,13.332943477062011],[-7.683895831982965,13.332775776073689],[-7.683789206608833,13.33245817961852],[-7.683690245911706,13.332317639077843],[-7.68372184456572,13.33206502040035],[-7.683601764302997,13.331931565893159],[-7.683139205048907,13.331880094075546],[-7.683143646084853,13.331696525856872],[-7.683464007616536,13.331477840446608],[-7.683936694002962,13.331363896166975],[-7.684264669940975,13.331175747611397],[-7.684309687079844,13.331075281763878],[-7.684543684419456,13.33092593093516],[-7.684738314754014,13.330989941179855],[-7.684860195342373,13.3311298179964],[-7.685204010220828,13.331098799546218],[-7.685457494996687,13.331022578833943],[-7.685560543754886,13.330818968044863],[-7.685770896233396,13.33058909821032],[-7.686030627138677,13.330503628155054],[-7.686170366982569,13.330520598915596],[-7.686511534617158,13.3308497058992],[-7.686731102202122,13.330942599502807],[-7.686830780024715,13.331051449291238],[-7.687201256849077,13.331044555700112],[-7.687558233738128,13.330836596945346],[-7.687943554019318,13.330714286100557],[-7.688300338111137,13.330778183809572],[-7.688408976092635,13.330935112283669],[-7.6883671161596645,13.331093013613918],[-7.688287260436648,13.3311139630642],[-7.688239599959388,13.331191696772807],[-7.6882418816294384,13.331289601606905],[-7.688334287370302,13.331409461886413],[-7.688365027138852,13.332126212075678],[-7.688501731703312,13.332448279317754],[-7.688686574961102,13.332695551092455],[-7.688696385820227,13.332813053316283],[-7.688642363710859,13.333051072456055],[-7.68854780019668,13.333072983956498],[-7.6885235202345426,13.333184345515951],[-7.688342699226464,13.333176796029253],[-7.688514846830391,13.33334060955683],[-7.688823715953504,13.333420794475362],[-7.689032339420323,13.333685289737078],[-7.689061532686283,13.333956141816305],[-7.6889836724293765,13.33425109496383],[-7.688669702284162,13.334442251456155],[-7.688406022760078,13.33452504869139],[-7.688205452089014,13.33484053314558],[-7.687701681992389,13.335228874188896],[-7.687480768583977,13.335184264761697],[-7.687339170080382,13.335092481469937],[-7.686994573588609,13.335160940915225],[-7.686964913189258,13.334938383054581],[-7.686705305259662,13.334910262081333],[-7.686650105932831,13.334792039925913],[-7.6864711407689885,13.334892890746591],[-7.686333909434387,13.334888455287556],[-7.686230960227658,13.334793442758503],[-7.6861316583215915,13.334805273419294],[-7.685856135282346,13.335101653107158],[-7.685742208362448,13.335133308051503],[-7.685068300002182,13.33500830000119],[-7.684991700002176,13.334185000001188],[-7.685035000002192,13.333980000001215]]]}},{"id":"395","type":"Feature","properties":{"id":"283","date_realisation":"2026/01/28","commune":"Sirakorola","village":"DACOUMATA","surface_ha":15.5681,"technologie":"Cordon pierreux","type_beneficiaire":"Propriétaire individuel (appartenant à un ménage)"},"geometry":{"type":"Polygon","coordinates":[[[-7.696727008655792,13.330896976726104],[-7.697064000413103,13.330992732192659],[-7.6975097327104285,13.331382592807705],[-7.69773929741325,13.331423392843933],[-7.698081817550744,13.331408428463758],[-7.698490413741599,13.331266243395293],[-7.698715625049253,13.33127183322131],[-7.698787931374964,13.331346372170216],[-7.6989521635873315,13.331371344387595],[-7.699160550899657,13.331278134874394],[-7.699476642269813,13.331230046377717],[-7.6994998520709155,13.331189182118448],[-7.699687051694488,13.33117875508344],[-7.699702035544977,13.33113143160897],[-7.699925779665769,13.331120001129014],[-7.700240454341665,13.330893913573409],[-7.700967655994222,13.33082997902068],[-7.701170765645306,13.33088107810101],[-7.701148817127965,13.33092360347282],[-7.700880759297733,13.330989466373167],[-7.700862826350987,13.331097073740201],[-7.700288157625873,13.331154431061135],[-7.699800289402094,13.331332128606233],[-7.699575512601527,13.331522876322717],[-7.699485333811,13.331698937533009],[-7.699154821118932,13.33193670901111],[-7.698844146618561,13.332041025257059],[-7.6987311592147885,13.3323265280712],[-7.698755285443828,13.332461086104889],[-7.698669172017931,13.332616790987926],[-7.69865897390385,13.33274704824273],[-7.698535586858279,13.332898758535602],[-7.698531286559818,13.333313620418341],[-7.69851170910721,13.333353818282795],[-7.698299702652537,13.333384179189208],[-7.698195841302479,13.333464528335035],[-7.697481981422582,13.333307598400092],[-7.696306158522912,13.333156834754591],[-7.695943696311877,13.333351868762668],[-7.695693911843161,13.333418316109217],[-7.694973247508203,13.333462872974676],[-7.694812917621209,13.333354877751932],[-7.694481722398228,13.33325021366688],[-7.693857074004165,13.333259169018111],[-7.693389256913512,13.333398402191527],[-7.6929482866790435,13.333395497464174],[-7.692794790737909,13.33332198624407],[-7.692684402860132,13.33312605357515],[-7.692486083939684,13.332980155510292],[-7.692386418779679,13.33278636352758],[-7.6922465110243925,13.332679555147752],[-7.692175449232262,13.332552262409196],[-7.692178734414435,13.332490043711228],[-7.692663084724941,13.332159191183651],[-7.693030427831655,13.332054091296408],[-7.693397095661345,13.331872280408856],[-7.6936087736222545,13.331657174915538],[-7.693931659713471,13.331461252222176],[-7.694223215832288,13.33118641893119],[-7.694315294714958,13.331177272448112],[-7.694708742685914,13.33133559234],[-7.695004982309107,13.331377234804185],[-7.695207444669453,13.331351014373016],[-7.695317262999202,13.331250359339622],[-7.695842985303541,13.331082206830592],[-7.6961996533528065,13.331058819381255],[-7.696727008655792,13.330896976726104]]]}},{"id":"396","type":"Feature","properties":{"id":"284","date_realisation":"2026/01/28","commune":"Sirakorola","village":"DACOUMATA","surface_ha":12.4442,"technologie":"Demi-lune","type_beneficiaire":"Terres collectives/communautaires pour le village"},"geometry":{"type":"MultiPolygon","coordinates":[[[[-7.702561893902606,13.333068239746938],[-7.702574356076898,13.333063290216103],[-7.702562402246198,13.333072888281476],[-7.702561893902606,13.333068239746938]]],[[[-7.70249847043639,13.333000359925226],[-7.702641520543687,13.333223927435606],[-7.703010000002016,13.333545000001205],[-7.7031783000020155,13.33378830000119],[-7.703318300002001,13.334290000001154],[-7.7039650000019995,13.334465000001188],[-7.703931700002001,13.334553300001154],[-7.703946700001992,13.33516500000121],[-7.703866700002004,13.335220000001202],[-7.702895000002007,13.33543830000117],[-7.702733300002013,13.33555000000119],[-7.702195000002017,13.335610000001202],[-7.702116700002016,13.335560000001173],[-7.701685038183663,13.334947724834782],[-7.701450028864924,13.334871898719882],[-7.701180589153748,13.334857518192669],[-7.700331227451803,13.334478723431705],[-7.700243821914335,13.334480074181766],[-7.6996905401693265,13.334132093403941],[-7.699628748865302,13.33402830837402],[-7.699458617912517,13.333931519566459],[-7.698654073252271,13.333584692727657],[-7.698739398474839,13.333322561055462],[-7.698716530563196,13.333056033871479],[-7.698763465712683,13.332831129365655],[-7.69882238284045,13.332760987822523],[-7.6988485530763855,13.332480292537731],[-7.698955202256953,13.332373687530206],[-7.699540805716251,13.332434203991411],[-7.700591698057592,13.332333420819499],[-7.701724637872425,13.332331464586037],[-7.7022435778498615,13.332397842601152],[-7.702209275506609,13.33267446269024],[-7.702270415955649,13.332726455809778],[-7.702361029347692,13.332706499824964],[-7.702511754105412,13.332821647890741],[-7.70249847043639,13.333000359925226]]]]}},{"id":"397","type":"Feature","properties":{"id":"285","date_realisation":"2026/01/28","commune":"Sirakorola","village":"DACOUMATA","surface_ha":37.8458,"technologie":"Cordon pierreux","type_beneficiaire":"Propriétaire individuel (appartenant à un ménage)"},"geometry":{"type":"Polygon","coordinates":[[[-7.69408000000209,13.337151700001176],[-7.693765853494097,13.33702453712268],[-7.693632830744065,13.33683264957212],[-7.6930939397350455,13.336533151040657],[-7.692472355398395,13.334880636925895],[-7.692497058035095,13.334687945876892],[-7.692458233170467,13.334600020236245],[-7.6922584238093314,13.334486759246623],[-7.69200237195837,13.33444830093888],[-7.691852664553788,13.334374024252853],[-7.691904805467379,13.33408540588694],[-7.691985062712661,13.33392866066427],[-7.692401649812194,13.333619623362406],[-7.693052097119748,13.333560585827602],[-7.693683845653885,13.33335874500043],[-7.693977036842428,13.333330362767176],[-7.694193509821327,13.33334330763317],[-7.6942303813301764,13.333508012917525],[-7.694400000002098,13.333578300001191],[-7.696839178916079,13.333478064712525],[-7.6969227140043435,13.333520727232273],[-7.697246581125274,13.333516605826393],[-7.6974471598442555,13.33356323815032],[-7.697689127055819,13.333679368996023],[-7.6978791076958135,13.333841124550215],[-7.698620737533807,13.333877579938116],[-7.698796003930471,13.333954829789144],[-7.699122690789084,13.333989889044336],[-7.699438421196573,13.334312506408523],[-7.700197878760422,13.334759170894598],[-7.7003908221156925,13.334961395825431],[-7.7009230981802705,13.335078682292764],[-7.701047831025128,13.335179811424007],[-7.701672179043065,13.335444169635691],[-7.7015985034823915,13.335643564621922],[-7.701755085621306,13.335621749092487],[-7.701858820788342,13.335812667976167],[-7.701897370879714,13.336045931118003],[-7.7022663736870935,13.336480799515988],[-7.702499726970669,13.336996191852174],[-7.702636217484521,13.33705890495513],[-7.702602759873782,13.337178722743202],[-7.702327355536304,13.337383288491901],[-7.702178597659262,13.337570570686424],[-7.702070270386082,13.337615405803492],[-7.701668442801659,13.337632709016908],[-7.701537129035968,13.337455733093604],[-7.701431431062025,13.33716151717492],[-7.701134069599975,13.337041677616513],[-7.701029417463255,13.336937121711522],[-7.700756563879082,13.336930121223883],[-7.700567342773789,13.337003100225711],[-7.70050269579981,13.337088964272281],[-7.700468208525709,13.336962393577698],[-7.700230054470236,13.336962392280583],[-7.699953078022231,13.337100088413626],[-7.699786998272061,13.337343553496835],[-7.699504310576762,13.337290572185154],[-7.699394353807638,13.33734230206306],[-7.69927346024888,13.337561762293088],[-7.699214182291815,13.337886234835295],[-7.698975787051379,13.33810640660234],[-7.698845921695645,13.338135958507497],[-7.6985783208765985,13.338079572746798],[-7.69790029366042,13.33807666769099],[-7.697476002406922,13.337928388870546],[-7.6972909243284375,13.337979598364685],[-7.697169095944991,13.33792895280628],[-7.697023852994134,13.337813665160176],[-7.696868735353154,13.337508939185378],[-7.6967457196654046,13.337433620076657],[-7.696698010387936,13.337325824573773],[-7.696454171347433,13.337071780156835],[-7.696428957645472,13.336959936687636],[-7.696274756280283,13.33673977642521],[-7.695731700002091,13.336863300001193],[-7.6952750000020815,13.337050000001202],[-7.694773300002088,13.337126700001182],[-7.69408000000209,13.337151700001176]]]}},{"id":"398","type":"Feature","properties":{"id":"286","date_realisation":"2026/01/28","commune":"Sirakorola","village":"DACOUMATA","surface_ha":71.1933,"technologie":"Cordon pierreux","type_beneficiaire":"Propriétaire individuel (appartenant à un ménage)"},"geometry":{"type":"Polygon","coordinates":[[[-7.697942055771662,13.342098065224583],[-7.697451445779552,13.341875356474809],[-7.697000592206855,13.341928853471765],[-7.696663929517515,13.34213945182348],[-7.696263995937226,13.342529878651312],[-7.6961749572478055,13.342687086079318],[-7.695963096531158,13.342541766257034],[-7.695696917884017,13.342585968879849],[-7.6953763473944425,13.342722258729657],[-7.695158623081292,13.342998789686527],[-7.6949183529899745,13.343770692492345],[-7.69477206655926,13.343873462523264],[-7.6945987588611136,13.343631666310822],[-7.694522080816796,13.343382584827364],[-7.694418903500057,13.34332168981656],[-7.6939884326481165,13.343282326267284],[-7.693756203422101,13.343328817370194],[-7.693516351174023,13.343221736999004],[-7.6935591823955845,13.342851341017399],[-7.69353595270785,13.342408782689034],[-7.693401321608463,13.341958298531488],[-7.692172467809589,13.341110141024],[-7.691852230673962,13.340944909306295],[-7.691670740009651,13.340794947244081],[-7.691557026696,13.340770036034803],[-7.690913352043181,13.340278971409418],[-7.690712490677273,13.340191418229203],[-7.690430887487735,13.339921181045867],[-7.690232935423287,13.339848798283828],[-7.690214842370675,13.33977085961074],[-7.689885349576739,13.339677131670333],[-7.689598017743923,13.339672434510817],[-7.689373353234202,13.339739133630438],[-7.689301810097809,13.339812807684963],[-7.688893989926607,13.339749620477251],[-7.688745411700407,13.339829827477974],[-7.688460104740531,13.339803999599724],[-7.688182245734589,13.339685492835583],[-7.688040456807842,13.339672719277589],[-7.687372248958365,13.33906330057317],[-7.6871338072572595,13.338928104177402],[-7.687081059060362,13.33870981033633],[-7.687121859881082,13.338295653614043],[-7.687031819708613,13.338121009511463],[-7.687031299875159,13.337534483775483],[-7.687300248426137,13.337270687673445],[-7.687437104963608,13.337276227222315],[-7.68772524007178,13.337117318096983],[-7.687942812045734,13.33615237769687],[-7.687979675779215,13.33573208857463],[-7.688365566567086,13.33514859636767],[-7.688975562317362,13.33507913638966],[-7.6893178776939015,13.334906479527456],[-7.690205596614234,13.334955935250525],[-7.690318112145264,13.33501184767111],[-7.69064143553235,13.335009903568837],[-7.69112438377077,13.335138272455415],[-7.691449610031429,13.33514069201305],[-7.691614108733964,13.335322202648015],[-7.6916662904774835,13.335738681951582],[-7.691739482497481,13.335834696411851],[-7.692029619239471,13.335920771504862],[-7.69227000166601,13.335915590749048],[-7.692532436009318,13.33611483385372],[-7.692639018016191,13.336145370555823],[-7.692944402572927,13.336612201734455],[-7.693174514428931,13.337076970712872],[-7.693882559947218,13.337545583954045],[-7.693981221134638,13.337590720239612],[-7.694354804474722,13.337590707134442],[-7.6945737386839115,13.337548069421361],[-7.694745546603461,13.3374569083396],[-7.6955424745119,13.337456452208956],[-7.6958170184107955,13.337593731857572],[-7.696602516506143,13.338238070473151],[-7.697117549505403,13.33827861372443],[-7.697266133335711,13.338352248166807],[-7.6979637126150875,13.338323726318148],[-7.698189151645536,13.338408222553726],[-7.698346599736328,13.338254055693483],[-7.698885919164689,13.338210670983866],[-7.698934340664384,13.338490712073744],[-7.699009315476194,13.338578827079473],[-7.699212252818664,13.338646636487795],[-7.699280075741203,13.338763918569143],[-7.699259421639757,13.338904843184494],[-7.699575770460777,13.33894645016748],[-7.699570662919693,13.339010141914102],[-7.699343535543736,13.339166836646948],[-7.69935564236695,13.339311823947721],[-7.699459730294057,13.339407179169662],[-7.700073803694697,13.339637725510364],[-7.70019804049782,13.339594204856857],[-7.700340411317347,13.339649780596874],[-7.700515163956464,13.339748151874687],[-7.7007760899009545,13.3400609092867],[-7.700873225056746,13.340068350756754],[-7.700921519937576,13.340165903650096],[-7.701051445867998,13.340252158191134],[-7.701266277760092,13.340209331729993],[-7.701391083698987,13.340313821376002],[-7.701676224750309,13.340185781259656],[-7.701799880648436,13.340260863024403],[-7.701792331867972,13.340379031945831],[-7.701504243205212,13.340704118286961],[-7.701377314457323,13.340734514195066],[-7.700816100980196,13.340577601644359],[-7.7006622328112115,13.340606013568262],[-7.7006286968808615,13.340680848510678],[-7.700370140292802,13.340703548815847],[-7.700262691245522,13.34076824125294],[-7.700162979051288,13.341018082013392],[-7.700104801997855,13.341370484508179],[-7.700283463980019,13.341634712842184],[-7.700183726608193,13.341819149295915],[-7.7003106477443755,13.342199198899163],[-7.7002375947275885,13.3422573439217],[-7.700204765637367,13.342428873175178],[-7.700061334325009,13.342278478290932],[-7.699945739872081,13.341977682166362],[-7.6998072350569515,13.341891076923758],[-7.699756944384697,13.341977461249883],[-7.6995925011125985,13.34195635401839],[-7.699329649234025,13.342004843281918],[-7.699332368262098,13.342088114956452],[-7.699496748710965,13.342244292102881],[-7.699465671633452,13.342285995048426],[-7.699296474009595,13.34221152569779],[-7.6991238121514725,13.342204501540923],[-7.699017142889443,13.342257092582198],[-7.698970668134793,13.342380101969782],[-7.698889201218409,13.342306564690253],[-7.698812940359121,13.342118047328837],[-7.6987141766394185,13.342069496718485],[-7.698419049665544,13.34205309136204],[-7.698351609258874,13.342106208414288],[-7.6982301894301175,13.341971111013468],[-7.698012419157779,13.342013493413816],[-7.697942055771662,13.342098065224583]]]}},{"id":"399","type":"Feature","properties":{"id":"287","date_realisation":"2026/01/28","commune":"Sirakorola","village":"KOYO","surface_ha":24.8765,"technologie":"Cordon pierreux","type_beneficiaire":"Propriétaire individuel (appartenant à un ménage)"},"geometry":{"type":"MultiPolygon","coordinates":[[[[-7.597229562488627,13.379990477136559],[-7.597230722694264,13.379997163455686],[-7.5972307224589635,13.37999716335959],[-7.597229562488627,13.379990477136559]]],[[[-7.597234210333385,13.380017267929242],[-7.597193710903899,13.38008546556096],[-7.597218768215902,13.380392503173494],[-7.597179317176982,13.380649497250706],[-7.5972923366564755,13.3811342000418],[-7.5968052539968784,13.381240738570348],[-7.59666392736505,13.381341036303205],[-7.5963559652830375,13.381450646867448],[-7.5962783683401085,13.381661585280495],[-7.596084761392303,13.381754494627131],[-7.596042515960058,13.381819965931557],[-7.5959345844063755,13.381838740988213],[-7.595938727109938,13.381942522177702],[-7.595859569956911,13.382018572901234],[-7.595690174583793,13.381963703374785],[-7.5953140077575325,13.382118303534709],[-7.594714524131292,13.382577040105021],[-7.594320015634144,13.38300428443779],[-7.593796040254052,13.38328635733006],[-7.5937054721119,13.383388745715402],[-7.593340883129692,13.383436537997698],[-7.593063237684128,13.383329015950965],[-7.592987844117209,13.38325280161545],[-7.592358933314263,13.383305647958212],[-7.592175614374466,13.38322237660397],[-7.592127077050132,13.383092300564673],[-7.592054748626147,13.383059791866936],[-7.592071616353099,13.382941382931671],[-7.592118485102701,13.382927729117014],[-7.592233711682768,13.382676692081738],[-7.592395987009939,13.382664172283349],[-7.592491163659409,13.382750118070692],[-7.592599253292561,13.382761485522494],[-7.592863034078379,13.38261333834752],[-7.593191784259308,13.38252247932369],[-7.593268829652151,13.382412976349814],[-7.593192603848809,13.38208274826915],[-7.593176042446829,13.381582368593683],[-7.59323266274083,13.381193391840439],[-7.593127856127354,13.38100015388274],[-7.593387806191251,13.380913172317378],[-7.593371700003268,13.380775000001199],[-7.593200000003285,13.380445000001188],[-7.593160000003282,13.380006700001182],[-7.5930500000032835,13.379585000001157],[-7.593043300003286,13.379478300001168],[-7.5931600000032935,13.37927500000118],[-7.592990000003297,13.378881700001173],[-7.5929600000032975,13.378695000001189],[-7.592705000003291,13.378670000001165],[-7.5926300000032825,13.378460000001171],[-7.592687564301247,13.37820342476154],[-7.592810824598736,13.378113771119509],[-7.592844109163442,13.377876729950895],[-7.593044279294598,13.37759416133454],[-7.593032363799842,13.377483084125737],[-7.59293997764849,13.377166883779363],[-7.592956079123894,13.377046960432946],[-7.592686273536003,13.376887202917834],[-7.592616359924555,13.37666554092662],[-7.59293833670503,13.376685786248562],[-7.593112894562031,13.37685859228376],[-7.593520708121042,13.37704820856929],[-7.594031626300464,13.377429131791606],[-7.5941809580503135,13.377352968288122],[-7.595032334393489,13.377287075753943],[-7.595124509979614,13.377220049837774],[-7.595274205451631,13.377224180301578],[-7.595509582530848,13.377334364064053],[-7.5957753053505765,13.377315924964346],[-7.596121973955972,13.377171711298779],[-7.596331921515588,13.377586102179867],[-7.596807258969733,13.377908391583633],[-7.597306319933662,13.378163914727601],[-7.597353071019208,13.37833916710388],[-7.596989481924826,13.378738433845308],[-7.596988648921962,13.37896525448803],[-7.59685338156373,13.379257199227803],[-7.596745322348017,13.37934879699688],[-7.596637648994193,13.379786939903594],[-7.5968341414951155,13.379896295162427],[-7.5970985995778895,13.379943204470033],[-7.597234210333385,13.380017267929242]]]]}},{"id":"400","type":"Feature","properties":{"id":"288","date_realisation":"2026/01/28","commune":"Sirakorola","village":"KOYO","surface_ha":20.0805,"technologie":"Cordon pierreux RNA + RNA + Cordon pierreux","type_beneficiaire":"Terres collectives/communautaires pour le village"},"geometry":{"type":"Polygon","coordinates":[[[-7.61659170000296,13.3892283000012],[-7.6161914110839595,13.388865926156821],[-7.615764718084394,13.38860220999585],[-7.615532277612589,13.388680591706011],[-7.615508731677308,13.388802889538894],[-7.6153398747594325,13.38888582641003],[-7.615309183915278,13.388988567658645],[-7.614981349535184,13.389139542182626],[-7.614864060747631,13.389248896548873],[-7.61471310900371,13.389288057186116],[-7.614415496945536,13.389087672118302],[-7.6143063938024085,13.388918192294984],[-7.614162361275851,13.388903280905732],[-7.613836432540665,13.388986012773367],[-7.613641200709742,13.38893559040398],[-7.613516714287301,13.388555255040231],[-7.6135155677145265,13.388419889631617],[-7.613573415668791,13.388371190482161],[-7.6141015164754275,13.388253088151723],[-7.614568484329053,13.388024917423255],[-7.61460315009693,13.387960024650042],[-7.6149357804121225,13.387908984554254],[-7.615037397158528,13.387835895625091],[-7.61507184042999,13.387697532622989],[-7.614765690218663,13.3874431708906],[-7.614592148986644,13.387225453702387],[-7.614638096424552,13.387153404622282],[-7.614895632304833,13.38708529444316],[-7.61493274224645,13.387034524246529],[-7.6152326439075235,13.387002332881986],[-7.615296697423218,13.387187125771112],[-7.61538574800991,13.387226512450278],[-7.615436307858413,13.387173952259872],[-7.615479446734593,13.38727661432022],[-7.615603260095869,13.387382233230408],[-7.615716737830567,13.387391178528931],[-7.6158009642738085,13.387279644079339],[-7.615917738433116,13.387221781407801],[-7.6159745115362725,13.387256792574556],[-7.615976864281981,13.387443602662],[-7.616508099018318,13.387354341860718],[-7.6165784219155634,13.38728823345129],[-7.616578955480585,13.387178428903072],[-7.616410943860178,13.386620407024933],[-7.616058519518288,13.386112013418927],[-7.616476428960002,13.3861896849339],[-7.616595943605231,13.38635601424205],[-7.616916657859407,13.386634549147631],[-7.616960166285988,13.386856091759807],[-7.617192563173219,13.387062165005945],[-7.61722476376707,13.387308900390655],[-7.61737631765318,13.38724312071515],[-7.6174490660463094,13.387120136881215],[-7.6176200554181825,13.387231840231772],[-7.617670342568957,13.387351781716168],[-7.617610796237139,13.387417497030208],[-7.617635391707813,13.387526510362074],[-7.6178006625152035,13.38759977100197],[-7.617842672985523,13.387691648696485],[-7.61779525161989,13.387851162179802],[-7.617977982058975,13.387924075474263],[-7.618128561757019,13.38816585947614],[-7.61826250822218,13.388238297160004],[-7.618349262203277,13.388465251591787],[-7.618497728285459,13.388612083666372],[-7.6184626421456665,13.388763665796564],[-7.618726235962082,13.388873340507786],[-7.61872349184942,13.389159674903034],[-7.618788512130814,13.389258013472181],[-7.6191210383536925,13.389554580053025],[-7.619263554626327,13.389583317458833],[-7.61936148895511,13.389719451714084],[-7.619412249311981,13.390047827534774],[-7.6195672222487145,13.39034509152653],[-7.619576415826265,13.390463783698728],[-7.619363958223837,13.390976078387176],[-7.619412438364087,13.39147408210365],[-7.619473395541765,13.391614953514068],[-7.6198750107349005,13.391772256535335],[-7.620113088701521,13.391968834548534],[-7.620259888590223,13.391998666677194],[-7.62054665960529,13.39226261925795],[-7.620671851018175,13.392307900047893],[-7.62061604062318,13.392416243933566],[-7.620440888528135,13.392519254046151],[-7.620317336564237,13.39267503185506],[-7.620358757388339,13.392834174388845],[-7.6203277479026275,13.392956603147242],[-7.620179630669459,13.392981565471306],[-7.619866286368446,13.39290787576718],[-7.619761604274646,13.393127664981973],[-7.619528123582492,13.393138994761413],[-7.61956292240647,13.393336177558147],[-7.619477047966105,13.393563147727832],[-7.619346805559305,13.393196397533938],[-7.619198189946501,13.39331369708225],[-7.619146754018091,13.39330011106619],[-7.6191736367415555,13.392668016605786],[-7.6190275694213945,13.39246977626526],[-7.618897277514112,13.39240361233006],[-7.618877363511057,13.391969085235205],[-7.618715568229546,13.391820405694169],[-7.618524407671161,13.391774699008398],[-7.618347230754253,13.391960628358369],[-7.618223266936079,13.392292317216562],[-7.6182243804983285,13.392444040755324],[-7.6183695136714125,13.392605430510171],[-7.618303634702426,13.392859355740747],[-7.618401357890612,13.3931431042714],[-7.618385406601055,13.393349727751193],[-7.61843574482682,13.393421822663697],[-7.618446594475806,13.393701050541804],[-7.618390504795128,13.393858460409398],[-7.6184302819686565,13.393981162722103],[-7.618383176232836,13.39404240943268],[-7.618095044654013,13.39413647367455],[-7.617897752406502,13.39412441029306],[-7.617891805858832,13.393539136733997],[-7.617933783947809,13.393355687709338],[-7.618138247647051,13.393052271635291],[-7.618100050746343,13.392722454206933],[-7.618050831256859,13.392653515013494],[-7.617756715835567,13.392658889443117],[-7.617550542528196,13.392597139569625],[-7.617300995647469,13.39244948552435],[-7.617087581624931,13.392137593263845],[-7.617073807481143,13.392029646240045],[-7.617174700734171,13.391782716354916],[-7.61734807352088,13.391664703819407],[-7.617538300002959,13.391745000001217],[-7.617326700002944,13.391148300001195],[-7.617251700002954,13.390608300001183],[-7.617025000002959,13.3898783000012],[-7.61659170000296,13.3892283000012]]]}},{"id":"401","type":"Feature","properties":{"id":"289","date_realisation":"2026/01/28","commune":"Sirakorola","village":"KOYO","surface_ha":23.2081,"technologie":"Cordon pierreux RNA + RNA + Cordon pierreux","type_beneficiaire":"Propriétaire individuel (appartenant à un ménage)"},"geometry":{"type":"Polygon","coordinates":[[[-7.619945479536522,13.385239833153802],[-7.61982141371179,13.384797880420148],[-7.619809073204612,13.384274632493076],[-7.619878759495377,13.384086726033031],[-7.6199465642473845,13.384018632352243],[-7.620058699767531,13.384022222579345],[-7.6201366072983046,13.383943446402034],[-7.620280407719607,13.383376656058852],[-7.620200391536202,13.383069015280057],[-7.6200574694117815,13.382881850215464],[-7.620082328380283,13.382660667836431],[-7.620169408012515,13.382593065131948],[-7.620454992881373,13.382522925006601],[-7.621764361150004,13.38239510954457],[-7.622137668883385,13.38229666464779],[-7.62275865372215,13.38231678210173],[-7.622812577311154,13.382387487942289],[-7.6231737955338605,13.382510380735152],[-7.6236011800992385,13.382552180693535],[-7.624149839760903,13.382417331081294],[-7.624403354028728,13.38241593598635],[-7.624541934708537,13.382338337803866],[-7.624918421833535,13.382367602926381],[-7.6250896852724015,13.38248175195536],[-7.625215255058333,13.38263675705339],[-7.625341565293562,13.38266814797828],[-7.625385311325665,13.382763129276723],[-7.625720264733856,13.382803055460503],[-7.625785896007369,13.382874322532416],[-7.6258123480182824,13.383140666563692],[-7.625228673963507,13.383253484584685],[-7.624982172904008,13.383471317604926],[-7.6250319689116814,13.383586191983634],[-7.624987534846769,13.38375895961069],[-7.624883746218583,13.383847353375279],[-7.6248872999138655,13.3841112750926],[-7.625015116976975,13.38423791331562],[-7.62553073438782,13.384347098862369],[-7.62573247550041,13.384341473983646],[-7.626068935557771,13.384450470623573],[-7.626275633886644,13.384735743823889],[-7.626309809631566,13.384955270940177],[-7.626235606253394,13.385092710219526],[-7.626228230317,13.385399270956421],[-7.626150309024188,13.385520466748293],[-7.625822449861221,13.385447186673337],[-7.624955222361374,13.385727660096686],[-7.6248583529409855,13.385730049432517],[-7.62468273108531,13.38561125619042],[-7.624440715317259,13.385545627006545],[-7.624053203305063,13.385587748434785],[-7.623922293978856,13.385717908713831],[-7.623856657423177,13.38593944834178],[-7.6237998827039775,13.385972332341256],[-7.623518175190936,13.385964638591895],[-7.623409705518301,13.386024647484119],[-7.623256161234992,13.386001137199921],[-7.623095392635776,13.386366651603993],[-7.6229301719491875,13.386358404300003],[-7.622582622822076,13.386514735182603],[-7.62241771950769,13.386483478209637],[-7.622331368954947,13.386591369674155],[-7.622156535765627,13.386656112229607],[-7.621829269193859,13.386669485266035],[-7.621703747639078,13.386621345373726],[-7.621647034148485,13.386476145286851],[-7.621738613980869,13.38633929990751],[-7.621921121111655,13.386242317532693],[-7.621925122417782,13.386104332593328],[-7.621827064099048,13.385729343865275],[-7.6217089788542065,13.385602203361845],[-7.62139369681914,13.385544891696396],[-7.621268951693654,13.38556714648981],[-7.6210832247974025,13.38573517013327],[-7.620589792877139,13.385824376314082],[-7.620100217201836,13.38578924144947],[-7.620048912920154,13.385422260711156],[-7.619945479536522,13.385239833153802]]]}},{"id":"402","type":"Feature","properties":{"id":"290","date_realisation":"2026/01/28","commune":"Sirakorola","village":"KOYO","surface_ha":30.249,"technologie":"Cordon pierreux","type_beneficiaire":"Terres collectives/communautaires pour le village"},"geometry":{"type":"Polygon","coordinates":[[[-7.59435670000327,13.39092830000118],[-7.5940289901499405,13.390702099685633],[-7.593888185384612,13.390535689357874],[-7.593897153680659,13.389716851274228],[-7.593649809431416,13.389555311376244],[-7.593575957850207,13.38945091799079],[-7.5936851649036585,13.38902549801531],[-7.593802771171696,13.388875508206416],[-7.593848585587928,13.388509307796237],[-7.5939434651446325,13.3882318997656],[-7.593989551318095,13.388165667838066],[-7.594156157097666,13.388106761287416],[-7.594355285320514,13.387648754444001],[-7.594501736087646,13.387430037427603],[-7.594529991678895,13.387126988800372],[-7.594395381173548,13.386954098000365],[-7.594418566291772,13.386636497297133],[-7.594517511756765,13.386353775845738],[-7.59451116706779,13.386132320157293],[-7.594591547335332,13.38585952404336],[-7.5961448789723,13.385674150806597],[-7.596357194833754,13.38552211029412],[-7.596585747374194,13.385207548561217],[-7.596923072760564,13.385025693593002],[-7.597123990126859,13.384799340984513],[-7.597388228258673,13.384685437335959],[-7.597819503100898,13.384679128507592],[-7.598312918252924,13.384488661099876],[-7.598493425867957,13.38435774018646],[-7.5985905397729825,13.384132537037422],[-7.5989777900813,13.383903320206134],[-7.599812590018404,13.383806844492591],[-7.600648157119964,13.383828861956266],[-7.601185409936372,13.38403659384107],[-7.601102176304023,13.384279961962422],[-7.600816542720721,13.384550278528286],[-7.6005780751011764,13.384875628252336],[-7.600391211373599,13.384992471109308],[-7.600299768783739,13.38518256031465],[-7.599769560895785,13.385548094743172],[-7.599390655744055,13.386037406192997],[-7.5992048381897686,13.386115272506737],[-7.599077584332363,13.386239539268004],[-7.598904534487007,13.386746405575698],[-7.598754949013444,13.386947670755044],[-7.598586251711313,13.387569323243312],[-7.598351432103125,13.38794734282198],[-7.598263190184479,13.388221838747834],[-7.598228785286111,13.388629647651438],[-7.598264165839421,13.388812164017695],[-7.598155421393536,13.38913531012499],[-7.598177321755855,13.389285268449072],[-7.5983318681964205,13.389463945662685],[-7.598415408139921,13.389950418414516],[-7.59835678309713,13.390135752134011],[-7.59811754312613,13.390129459961885],[-7.597824888077539,13.389702412513362],[-7.597595710888261,13.389571619867736],[-7.5974577823812,13.389363752213544],[-7.597254199540971,13.389239731062021],[-7.597223448769658,13.389174883473165],[-7.597109316420311,13.389174881246719],[-7.596826645712713,13.389303827665962],[-7.596749941516187,13.389401233213675],[-7.596408170832327,13.389379061151358],[-7.596077208895183,13.3900308450869],[-7.595864441686357,13.390239678883889],[-7.595695000003251,13.390241700001171],[-7.5955933000032525,13.390451700001194],[-7.595210000003254,13.390793300001176],[-7.59510000000325,13.391023300001168],[-7.594788300003254,13.390985000001157],[-7.594400000003267,13.39102170000119],[-7.59435670000327,13.39092830000118]]]}},{"id":"403","type":"Feature","properties":{"id":"291","date_realisation":"2026/01/28","commune":"Sirakorola","village":"DOGONI","surface_ha":84.2293,"technologie":"RNA Demi-lune + RNA + Demi-lune","type_beneficiaire":"Terres collectives/communautaires pour le village"},"geometry":{"type":"Polygon","coordinates":[[[-7.559805000003865,13.19798000000107],[-7.5593018263183325,13.198361183154097],[-7.559097145678949,13.198713224215318],[-7.5590336699044345,13.198746429503105],[-7.559008920294203,13.198912946749717],[-7.558853235157814,13.19908030635916],[-7.558639286837543,13.199046774239532],[-7.558437421289562,13.198896275069526],[-7.5580732283018675,13.198729855010201],[-7.5578329251280865,13.198301015938975],[-7.557517694224798,13.198067154452433],[-7.557162887583332,13.198064426244365],[-7.557096786726082,13.198013053978523],[-7.556458089358128,13.198355003844542],[-7.556103565056165,13.198420553037195],[-7.554969526963852,13.198966254963711],[-7.554708655266293,13.199002546640207],[-7.554498672313688,13.198952661011937],[-7.554350632539911,13.198895905398174],[-7.554126873938834,13.198700799093537],[-7.553948286626171,13.198642258888828],[-7.553629209254924,13.19878611746065],[-7.553501901403611,13.198892799055493],[-7.553362118935952,13.199229164224313],[-7.553249273429495,13.199355915853848],[-7.553034775395315,13.199393438142321],[-7.5526202313137265,13.19938408525582],[-7.5520424718827455,13.199183044706313],[-7.5517928161332195,13.199165083118778],[-7.551414658910972,13.198933160518475],[-7.550938890906802,13.198830054386328],[-7.55052730906265,13.198528823568871],[-7.55027318561204,13.198391437973658],[-7.550016660773365,13.198323104932209],[-7.549559876249276,13.198324979449069],[-7.549223609597828,13.19819449481774],[-7.548667213690273,13.19816710980972],[-7.54822430821806,13.198018330825485],[-7.5476059831756785,13.198036642572983],[-7.546899112390044,13.197861101389114],[-7.546345978586282,13.197851465337443],[-7.5453680090093185,13.197599085574849],[-7.54444680526324,13.197627539322223],[-7.544174054933675,13.19752623372894],[-7.543689438227799,13.197460578294349],[-7.543463561001831,13.197352466027898],[-7.542974793169256,13.197340596574495],[-7.54261771956642,13.197400866542598],[-7.542238180849958,13.197551767840721],[-7.541774274034689,13.197870544545289],[-7.541137112980772,13.198060964526546],[-7.540639465247786,13.198115690070095],[-7.54030287473366,13.198232559019369],[-7.539979661194687,13.198393421331728],[-7.539744279436423,13.19864122111061],[-7.539582512756698,13.198690237673253],[-7.539420139636256,13.198537675560516],[-7.539431697638084,13.19842500274848],[-7.5392168820411465,13.197535215394739],[-7.539272705367381,13.197009603373964],[-7.53944793731633,13.196614862433657],[-7.539442129312294,13.196154774065551],[-7.539502326376699,13.196115875479673],[-7.539969564290497,13.196036765604015],[-7.5403287811220245,13.196068379673639],[-7.5406584861636095,13.196033521964013],[-7.540930560144104,13.195914205740296],[-7.541113506421345,13.195916314757223],[-7.541623991175452,13.195342419658367],[-7.541876156387873,13.195276127968782],[-7.542119353865509,13.195276214317747],[-7.542453558275728,13.195042043343973],[-7.5427570443614895,13.195040812775789],[-7.542884777725874,13.194975988118788],[-7.5430056380912935,13.194975987421415],[-7.5432328839565805,13.194814612901173],[-7.543967216724964,13.194795968844433],[-7.544366745703195,13.194449768513115],[-7.54447739938632,13.19440323982784],[-7.544440244986366,13.194303582799543],[-7.544561301915876,13.194075247086687],[-7.544833135434564,13.194044762699958],[-7.545022098200994,13.194099678402598],[-7.545244737461707,13.194088648291768],[-7.545222076172974,13.193613414405696],[-7.545148030166958,13.193474256370358],[-7.545184218459577,13.193367556322674],[-7.545845084614651,13.193411078658485],[-7.546393981934648,13.193543802261626],[-7.5466467933307575,13.193521672485481],[-7.547360318079548,13.193873108141895],[-7.547972053386587,13.193838272536345],[-7.548015985851496,13.193749015525288],[-7.547966429119371,13.193557380315516],[-7.547783572261882,13.193196857318583],[-7.5476303417216,13.193033448703764],[-7.547605392164965,13.192792708220493],[-7.547781852748522,13.192766483351523],[-7.548011630987431,13.19288481693103],[-7.548725845348251,13.19371453042966],[-7.548822254355194,13.194066126339095],[-7.549828002349918,13.194333140934303],[-7.550632765518734,13.194727492153877],[-7.5510100755799945,13.194834449109113],[-7.551183575539287,13.194860014610084],[-7.55134351173599,13.19476268741175],[-7.551697730709512,13.19480523595179],[-7.551659251694311,13.194951306301162],[-7.551695974689115,13.195001247830753],[-7.552015245131816,13.195008252224456],[-7.552231752211163,13.194859358768042],[-7.552298660562035,13.194871009983702],[-7.552331733961371,13.195133395237136],[-7.55255800851628,13.195259515065535],[-7.552827459196295,13.195134937131753],[-7.552982695153421,13.195124564856542],[-7.5530532660616645,13.195192146912754],[-7.553240689088037,13.19509237821649],[-7.553383745336548,13.19509206155414],[-7.553405154824406,13.195256822085044],[-7.553355360977175,13.195355996455163],[-7.553499089281906,13.195375414248952],[-7.553601095100769,13.195498548356186],[-7.553699749820558,13.195470682275527],[-7.553726149912813,13.195284251699494],[-7.554086960202812,13.19541388676292],[-7.5542459014869205,13.195528681184417],[-7.554325328634711,13.195486742113903],[-7.5544697620459695,13.195531920815],[-7.5547975013622235,13.195486177333315],[-7.555649636017441,13.195592340391894],[-7.556668571759431,13.195631035032573],[-7.556934730837926,13.195527634755544],[-7.557290739867348,13.195170748612906],[-7.557530545787412,13.195059003142903],[-7.557713476381613,13.195058994256904],[-7.557854491150666,13.195135790750118],[-7.558303464689296,13.195198070439158],[-7.558502965801714,13.195177304285771],[-7.55860217001822,13.195073024022962],[-7.558680088230445,13.195062060595529],[-7.558784241362204,13.195633810902725],[-7.5590725849787965,13.19593776099237],[-7.559530160419992,13.195926504412697],[-7.559751400285243,13.195876146160499],[-7.560218820556673,13.195945423616731],[-7.560276841787672,13.195996778802296],[-7.560224606752951,13.19629784926237],[-7.56025670000387,13.196531700001037],[-7.560158300003873,13.196708300001058],[-7.560036700003867,13.19754670000105],[-7.559805000003865,13.19798000000107]]]}},{"id":"404","type":"Feature","properties":{"id":"292","date_realisation":"2026/01/28","commune":"Sirakorola","village":"DOGONI","surface_ha":7.5578,"technologie":"Demi-lune","type_beneficiaire":"Terres collectives/communautaires pour le village"},"geometry":{"type":"Polygon","coordinates":[[[-7.561709460680688,13.195322322437052],[-7.561329741528844,13.194895669188428],[-7.561317985965286,13.194378810426327],[-7.561165922086636,13.194173839738884],[-7.561169106586335,13.194081107376814],[-7.561120246628356,13.19402585260611],[-7.560872239096718,13.194052389959415],[-7.56083603868785,13.194092346394742],[-7.560813495043681,13.194151317124792],[-7.560890788306149,13.194228295452099],[-7.560894621486676,13.194300667577044],[-7.560552063879593,13.194278508281283],[-7.560346723274199,13.19402744225641],[-7.560048707747748,13.19385862236519],[-7.55999374054418,13.193759059428384],[-7.560028150613468,13.193507584836986],[-7.5601784557472635,13.193365191228782],[-7.560306366265556,13.19314052987829],[-7.560330610275588,13.192861652630615],[-7.560516084766441,13.192859719054916],[-7.560799290632307,13.192972076739942],[-7.561220488221312,13.193231789675375],[-7.561195789444006,13.193758979346173],[-7.561306827785057,13.193826702270098],[-7.56182865291368,13.19386086793705],[-7.561909478009358,13.193752547436505],[-7.561911558590058,13.193618823245789],[-7.561749833069906,13.193374555567143],[-7.561886057845676,13.19321705030382],[-7.561891254083189,13.19314457430475],[-7.561765232310649,13.192987482199035],[-7.561636515340223,13.19295578840759],[-7.561558178085627,13.193047780984115],[-7.561503996962734,13.193006987225996],[-7.561430013185916,13.192847667112217],[-7.561442970385047,13.192776888898761],[-7.561491498474137,13.192765266992193],[-7.562186915801958,13.193066577236895],[-7.562817035325486,13.193486935007394],[-7.562902968802231,13.193648141439427],[-7.5630570389634215,13.193754772738247],[-7.563482923996528,13.193737690169343],[-7.563601438257251,13.193907207879086],[-7.563756840105102,13.19394868270072],[-7.56381903065813,13.19394175764216],[-7.563865170676151,13.193784877810767],[-7.563968116230032,13.193983362793618],[-7.5640833793609845,13.194032102133127],[-7.564206841286832,13.194004221302729],[-7.564252691406588,13.193886514080226],[-7.5643247945124354,13.193838408711404],[-7.5647020700871295,13.193804169421155],[-7.564761379823831,13.194521674903292],[-7.564720791926438,13.194609388439815],[-7.564482280603198,13.194688326845625],[-7.564257759964591,13.194639712244813],[-7.564081615039127,13.194831683818004],[-7.563741740292785,13.19488791756045],[-7.563547253931904,13.194747970259867],[-7.563296053253342,13.194666784574789],[-7.56306800478269,13.194677607981756],[-7.56308753442284,13.194936331858374],[-7.563437346784022,13.194987134728835],[-7.563333288376005,13.195168333287056],[-7.563324122236565,13.19529945095357],[-7.563067022880247,13.195108663454109],[-7.5629329773269225,13.195111421404606],[-7.562875797230118,13.195163409771421],[-7.5628591569173675,13.195338456392223],[-7.562773369467698,13.195478995988998],[-7.56221445613887,13.195523092350935],[-7.561852438046794,13.195866047721758],[-7.561709460680688,13.195322322437052]]]}},{"id":"405","type":"Feature","properties":{"id":"293","date_realisation":"2026/01/28","commune":"Sirakorola","village":"DOGONI","surface_ha":28.8057,"technologie":"Demi-lune","type_beneficiaire":"Terres collectives/communautaires pour le village"},"geometry":{"type":"Polygon","coordinates":[[[-7.542555000004171,13.198655000001079],[-7.5423187293171425,13.198460819597816],[-7.542393213161829,13.197648322304287],[-7.542562322378642,13.197522047205593],[-7.542817466171128,13.197464956589563],[-7.543166123186601,13.197481902412518],[-7.543414827196466,13.19759339919981],[-7.544473004897406,13.197786992801587],[-7.545645648469167,13.197807780008437],[-7.5457883870276685,13.197909979360952],[-7.5460426755430285,13.197988613003396],[-7.546962772039234,13.198043821223054],[-7.547390672208898,13.19819390493361],[-7.547657660403143,13.198151939510321],[-7.548325410868154,13.198170735555069],[-7.5487601932266575,13.198276502277034],[-7.549013711432891,13.198445691064618],[-7.549040511224475,13.19856472829999],[-7.549000792267989,13.198702689887364],[-7.548384679355349,13.199002121903817],[-7.548227299771381,13.199202740560674],[-7.5479715572183474,13.19990571588637],[-7.547819369615056,13.200118289270721],[-7.547146421238509,13.200407005684164],[-7.546067053198272,13.20043436948038],[-7.545856775601856,13.200572597269334],[-7.545871535215866,13.200846739215532],[-7.545815018151853,13.200887946389985],[-7.545753518484378,13.201166626294627],[-7.54570609129722,13.20117973482447],[-7.545579381267392,13.201440408765414],[-7.545588021704178,13.201758275885968],[-7.54564138552337,13.20192922178338],[-7.545598429018453,13.202141081994222],[-7.545721260256287,13.202600518829199],[-7.545758520879067,13.203004679709496],[-7.545381731678493,13.203268906941798],[-7.545284592875511,13.203533600614096],[-7.545093483694978,13.203624665743972],[-7.544921814215233,13.203630046460482],[-7.544780699252397,13.20358662726436],[-7.544781903335154,13.203455323681753],[-7.545194478487958,13.20341942574201],[-7.54523477510998,13.203153174102939],[-7.545195661402565,13.202998143168877],[-7.545083103591064,13.202956567687506],[-7.544987838321491,13.202728801466371],[-7.544768920858785,13.202734256707199],[-7.5445420716768705,13.202853341033167],[-7.544479237792764,13.202912883271107],[-7.544483785298442,13.203075146816518],[-7.544248660972779,13.203299750185966],[-7.544137534573934,13.203268961996017],[-7.544073297432061,13.202994712981582],[-7.543648157890316,13.202936012407047],[-7.543337151643574,13.202943944975882],[-7.543141489864729,13.203139301511342],[-7.543038971476953,13.203143109630895],[-7.542959314968234,13.20321550702726],[-7.542766130144079,13.203221450570219],[-7.542602214920602,13.203169293460078],[-7.542470539740822,13.20300772484279],[-7.5423106900171435,13.202525882294976],[-7.542072609559955,13.202366728472684],[-7.541902200960794,13.20233634560291],[-7.541904455350761,13.202002854653434],[-7.541997640061944,13.201767612304456],[-7.542428078917068,13.201673122869412],[-7.542371011009269,13.20143998399214],[-7.542194109796564,13.201236323380439],[-7.542214093794899,13.201117442555079],[-7.542682133594879,13.20090197494216],[-7.542465000004186,13.200106700001067],[-7.542448300004177,13.19983330000102],[-7.542555000004171,13.198655000001079]]]}},{"id":"406","type":"Feature","properties":{"id":"294","date_realisation":"2026/01/28","commune":"Sirakorola","village":"KARADIE COULIBALY","surface_ha":115.3766,"technologie":"Cordon pierreux","type_beneficiaire":"Terres collectives/communautaires pour le village"},"geometry":{"type":"Polygon","coordinates":[[[-7.604263300003177,13.243813300001126],[-7.604251700003182,13.2439400000011],[-7.604071700003193,13.244070000001095],[-7.603725000003191,13.244146700001089],[-7.6034050000031925,13.244138300001083],[-7.602763300003205,13.244245000001081],[-7.602637099337878,13.244415838276554],[-7.6024100440798605,13.244561748239056],[-7.601613148114041,13.244595687065424],[-7.601363860689596,13.244485543658133],[-7.601200035086713,13.244176995240212],[-7.600764289043899,13.24389301806698],[-7.600480528542475,13.243631384223582],[-7.600329168483772,13.243399016425414],[-7.600271691132087,13.243212512841849],[-7.600301769226214,13.242925908202503],[-7.600388178476421,13.24284069631434],[-7.600667119265206,13.242750623732947],[-7.6015252617375015,13.242237033129875],[-7.6015936885071325,13.2422351895956],[-7.601712929984481,13.242033368643535],[-7.601669791936619,13.241530660070591],[-7.601495580939552,13.24109422039007],[-7.601440455865914,13.24036672396865],[-7.601379327414283,13.240122821902228],[-7.601104535300676,13.239497200059914],[-7.60095433119505,13.239290320485393],[-7.600856956889615,13.238676243624631],[-7.600584626793331,13.238187106730331],[-7.600230882094613,13.238011535166999],[-7.59984919359421,13.237979549627628],[-7.599487582643923,13.23777590778979],[-7.59870112607981,13.237685164823194],[-7.598523472508662,13.237587666421083],[-7.598336087801474,13.237200570879448],[-7.598201697380144,13.237055206543385],[-7.598194859267828,13.236860903162691],[-7.598100483391372,13.236615901439029],[-7.597739662057463,13.235872740070493],[-7.597682457215473,13.235281428408802],[-7.597465828732302,13.234921888848326],[-7.597462203559088,13.234747140437289],[-7.597376308456617,13.234575253020903],[-7.597410004190643,13.234224242544443],[-7.597760453227807,13.233575708194243],[-7.597825456787663,13.233061786198768],[-7.597764118724005,13.23228743285626],[-7.597598509478734,13.232004324923603],[-7.597621761209327,13.231373470945389],[-7.598168633974343,13.230436462815794],[-7.598228444767224,13.230020665392388],[-7.5983355618868424,13.2298701286841],[-7.598633962221053,13.22979484558936],[-7.598866101969687,13.229906356679544],[-7.599192511273955,13.230319454017271],[-7.5995722358271145,13.230892544398788],[-7.599759712930782,13.231397848202995],[-7.600066634011323,13.231907776382943],[-7.600075195340625,13.232028004259266],[-7.600345867632946,13.2325089984579],[-7.600474070463051,13.232631013927817],[-7.60063894289054,13.232711381893234],[-7.60162731478302,13.232698004615266],[-7.60178010758832,13.2326529567702],[-7.602496700003205,13.232676700001088],[-7.603391700003194,13.232843300001074],[-7.603595000003189,13.23279500000108],[-7.603885000003198,13.232820000001102],[-7.604425000003187,13.232755000001081],[-7.604620000003177,13.232786700001103],[-7.605030000003176,13.23272670000108],[-7.605780000003166,13.232731700001102],[-7.606071700003167,13.232663300001104],[-7.606195000003166,13.232836700001098],[-7.6062183000031505,13.233028300001086],[-7.6067000000031415,13.23357500000106],[-7.606786700003153,13.233763300001096],[-7.60731330000315,13.234243300001081],[-7.607695000003139,13.23440830000112],[-7.608073300003134,13.234731700001083],[-7.60857170000313,13.235253300001093],[-7.608738300003124,13.235503300001103],[-7.608475000003126,13.235796700001112],[-7.608451700003125,13.236095000001109],[-7.608338300003124,13.236451700001084],[-7.608440000003134,13.237166700001108],[-7.608335000003132,13.237703300001108],[-7.607780000003131,13.238880000001107],[-7.607790000003127,13.239088300001102],[-7.607643300003135,13.239943300001089],[-7.607865000003128,13.241266700001109],[-7.607840000003128,13.241591700001095],[-7.607738300003141,13.241883300001103],[-7.607386700003146,13.242390000001095],[-7.606931700003155,13.242858300001075],[-7.606738300003158,13.243366700001095],[-7.606648300003144,13.243393300001127],[-7.606136700003162,13.2433017000011],[-7.6059467000031535,13.24331170000112],[-7.605336700003177,13.243548300001093],[-7.604263300003177,13.243813300001126]]]}},{"id":"407","type":"Feature","properties":{"id":"295","date_realisation":"2026/01/28","commune":"Sirakorola","village":"SIRAKOROLA OUEST","surface_ha":15.501,"technologie":"Cordon pierreux Demi-lune + Demi-lune + Cordon pierreux","type_beneficiaire":"Propriétaire individuel (appartenant à un ménage)"},"geometry":{"type":"Polygon","coordinates":[[[-7.588961830879872,13.298819028355336],[-7.588847273785589,13.298369844538762],[-7.589056176393517,13.298539555940629],[-7.589278511179028,13.298868476393157],[-7.589444023871888,13.298984178105433],[-7.589905034465373,13.299145075420162],[-7.590609590439223,13.299559693811567],[-7.591173661219399,13.299708314667535],[-7.591518179827591,13.299896587877827],[-7.59165880636665,13.299909315181832],[-7.592158015235209,13.300119056956744],[-7.592489433836912,13.300471305940201],[-7.592837046492145,13.30064917797548],[-7.592853852356478,13.300743502184009],[-7.5927323639224635,13.3009554851779],[-7.592754495702516,13.301211799287225],[-7.592570374092221,13.301214536825697],[-7.592134693775963,13.301000095324868],[-7.591823834405654,13.300907476781529],[-7.590849767192475,13.300716059791746],[-7.5894501882492325,13.300776591234406],[-7.588612469985955,13.30104864741248],[-7.587977132197954,13.301408433944008],[-7.5870901917752,13.301677788404975],[-7.586879647681475,13.301905387913077],[-7.586501551904748,13.302028360226803],[-7.586267050117294,13.302024539981373],[-7.585584449243338,13.302398657808356],[-7.585118776553582,13.302822940457105],[-7.585040928444386,13.30281125244889],[-7.584956680652517,13.302588364424281],[-7.584993385232251,13.302413808512076],[-7.584939160670226,13.301905409457202],[-7.584955962082133,13.301420909798889],[-7.585211008691556,13.300762085662749],[-7.585350708068198,13.30060001751194],[-7.5856853931170845,13.30042107973931],[-7.585846053008398,13.300368784509823],[-7.586351757840577,13.300399839486706],[-7.586431897688418,13.300306184686432],[-7.586562226911119,13.30025617397441],[-7.586589508815728,13.299982347302855],[-7.5864510756359484,13.299673270862657],[-7.586427315369313,13.299401732180362],[-7.586362383097589,13.299317801120264],[-7.586328535058215,13.299071572315059],[-7.5867322771022625,13.299202630228514],[-7.587377920263276,13.299280996423759],[-7.587804166910017,13.299474733247097],[-7.588320739565952,13.299544685978525],[-7.588615045154735,13.299383695334907],[-7.588834513564131,13.299092552120623],[-7.588961830879872,13.298819028355336]]]}},{"id":"408","type":"Feature","properties":{"id":"296","date_realisation":"2026/01/28","commune":"Sirakorola","village":"SIRAKOROLA OUEST","surface_ha":9.6877,"technologie":"Cordon pierreux","type_beneficiaire":"Propriétaire individuel (appartenant à un ménage)"},"geometry":{"type":"Polygon","coordinates":[[[-7.593090000003319,13.30364670000114],[-7.593068300003322,13.303763300001146],[-7.5928667000033165,13.303830000001119],[-7.592288300003327,13.303858300001128],[-7.591721700003338,13.304045000001123],[-7.591503300003334,13.304045000001132],[-7.590918300003353,13.304165000001122],[-7.590647807778813,13.304095097206998],[-7.590347321761972,13.30414928331364],[-7.589957265475172,13.304140209880071],[-7.589788548680117,13.304212881632742],[-7.589557561872537,13.303713619715865],[-7.589521328248423,13.303533288969952],[-7.589385144645603,13.303343599419273],[-7.589406968428263,13.30299453845095],[-7.58948520029351,13.302895360039251],[-7.589503711026393,13.302720379728925],[-7.589401401514845,13.302169475598586],[-7.589790702942042,13.301794836472276],[-7.589967329028107,13.301745816852888],[-7.5902367197078275,13.301571355147313],[-7.590340607238552,13.301655191477792],[-7.590492433908325,13.301627395637706],[-7.590634446723375,13.301733456604445],[-7.590866542546967,13.301657091910457],[-7.591536683015222,13.301682519581252],[-7.592092064504053,13.301585461582254],[-7.59249684963089,13.30165626931036],[-7.59288499127129,13.301939234901036],[-7.592934821821253,13.302153721454713],[-7.592899526364331,13.302584650758385],[-7.592938300003308,13.303121700001162],[-7.593090000003319,13.30364670000114]]]}},{"id":"409","type":"Feature","properties":{"id":"297","date_realisation":"2026/01/28","commune":"Sirakorola","village":"SIRAKOROLA OUEST","surface_ha":4.8469,"technologie":"Cordon pierreux","type_beneficiaire":"Propriétaire individuel (appartenant à un ménage)"},"geometry":{"type":"Polygon","coordinates":[[[-7.59483330000329,13.303493300001115],[-7.5935617000033195,13.303293300001135],[-7.59308330000332,13.303286700001124],[-7.593030000003313,13.303211700001118],[-7.593038300003316,13.302888300001127],[-7.59308670000332,13.302336700001124],[-7.593182289592818,13.301882538454592],[-7.593317651389606,13.301786387334012],[-7.594256503626334,13.301876474556723],[-7.595765903123053,13.301718876626499],[-7.595732526336776,13.30209217825175],[-7.595553257504268,13.302153720679105],[-7.5954870702896855,13.30240981928871],[-7.59549702165768,13.302873242001453],[-7.59564076885299,13.30309602332166],[-7.595646154159082,13.30325785016232],[-7.595503342183848,13.30340836790042],[-7.595398300003281,13.303371700001158],[-7.595365000003278,13.303728300001119],[-7.5952400000032965,13.303756700001145],[-7.594836700003288,13.303553300001138],[-7.59483330000329,13.303493300001115]]]}},{"id":"410","type":"Feature","properties":{"id":"298","date_realisation":"2026/01/28","commune":"Sirakorola","village":"SIRAKOROLA OUEST","surface_ha":32.7542,"technologie":"Cordon pierreux","type_beneficiaire":"Propriétaire individuel (appartenant à un ménage)"},"geometry":{"type":"Polygon","coordinates":[[[-7.561201700003802,13.301595000001111],[-7.56080179906721,13.302357988274332],[-7.560563591896224,13.302551225872067],[-7.560090683989494,13.30254937530589],[-7.55954068646923,13.302323013242109],[-7.559173946147849,13.301996078981121],[-7.558580260152525,13.301929085842389],[-7.55882156751051,13.301282114286087],[-7.559010000003834,13.301096700001105],[-7.558863300003853,13.300825000001117],[-7.558858300003832,13.300725000001123],[-7.559023300003852,13.300033300001097],[-7.55899816003141,13.299643272056423],[-7.558615325618633,13.299592682163079],[-7.558423921033922,13.299455709831658],[-7.557963705751499,13.299423317231629],[-7.557795032125006,13.299332845710909],[-7.557685295469422,13.299206475045175],[-7.557563351086532,13.299166510341998],[-7.557440485856238,13.298915250099467],[-7.557108142324743,13.298525877515312],[-7.556987938489843,13.298136047034378],[-7.556976693073229,13.29783589807009],[-7.557058695900642,13.297584895004675],[-7.557377230479961,13.297394292036156],[-7.5574390878585325,13.297279249419068],[-7.557395911958578,13.297044357865058],[-7.5572801019646585,13.29684215751133],[-7.55692101534933,13.296484705938774],[-7.556798494959349,13.296269579279853],[-7.556473275423898,13.296002786987803],[-7.556419105856736,13.29578967123298],[-7.556297475791934,13.295610598491209],[-7.556289117728116,13.295216926292705],[-7.5562164601190025,13.294966680723057],[-7.556245704815094,13.294718981562283],[-7.557236247648598,13.294684793800132],[-7.5573862138831895,13.294639702149901],[-7.557667585724254,13.294669105359317],[-7.557814337238753,13.294776655744641],[-7.557857284712276,13.294696421359578],[-7.558367577733327,13.294632778859324],[-7.559927573368338,13.294681963914245],[-7.560177195419618,13.294777778568259],[-7.560231511461106,13.29509317552836],[-7.5603062364620115,13.295200337711169],[-7.560605795316135,13.295369537123024],[-7.56075395003288,13.295536679510814],[-7.560929542580056,13.29638139348833],[-7.561167620365181,13.296799835259614],[-7.561201911780198,13.297034920343835],[-7.561190395163886,13.29732669972651],[-7.560995945250782,13.297633503869587],[-7.561002551152546,13.297775932677096],[-7.5612150680557395,13.297850095869784],[-7.561417695532414,13.297998330344527],[-7.56164524978093,13.298313716517416],[-7.561728369265935,13.298524363335924],[-7.561739050600235,13.298651560640915],[-7.561604777460943,13.299080726658445],[-7.561656379164322,13.29965490814206],[-7.561589162602902,13.299820590181271],[-7.561606859756423,13.300024075720057],[-7.561858300003798,13.300193300001123],[-7.5618617000038055,13.300288300001098],[-7.561603300003808,13.300920000001128],[-7.561201700003802,13.301595000001111]]]}},{"id":"411","type":"Feature","properties":{"id":"299","date_realisation":"2026/01/29","commune":"Sirakorola","village":"SIRAKOROLA EST","surface_ha":3.9577,"technologie":"Demi-lune","type_beneficiaire":"Terres collectives/communautaires pour le village"},"geometry":{"type":"MultiPolygon","coordinates":[[[[-7.544913000004081,13.292359600001102],[-7.544914200004094,13.292359100001095],[-7.5449118583606944,13.292360478897882],[-7.544913000004081,13.292359600001102]]],[[[-7.544829415490407,13.29240902606374],[-7.5449118583606944,13.292360478897882],[-7.544838700004096,13.292416800001108],[-7.544829415490407,13.29240902606374]]],[[[-7.544738000004086,13.292537900001099],[-7.544734505560044,13.292549400401823],[-7.544733062907493,13.292538168321602],[-7.544738000004086,13.292537900001099]]],[[[-7.544735700004085,13.292558700001102],[-7.544734600004085,13.292552500001092],[-7.544734505560044,13.292549400401823],[-7.544735700004085,13.292558700001102]]],[[[-7.5447265000040975,13.292486000001118],[-7.544733062907493,13.292538168321602],[-7.544651100004087,13.292556200001112],[-7.544564700004096,13.292699000001107],[-7.544494300004095,13.293137100001086],[-7.5442461000041074,13.29390230000108],[-7.544034800004106,13.294289200001113],[-7.543520000004098,13.29424610000112],[-7.543160900004121,13.294282100001109],[-7.5431037000041234,13.29419850000109],[-7.543129700004135,13.293859900001094],[-7.543086500004114,13.293564000001089],[-7.54295070000412,13.293243400001094],[-7.543027100004128,13.292816700001126],[-7.542957300004119,13.292237000001117],[-7.543791700004107,13.291902400001097],[-7.544228700004098,13.291909200001088],[-7.544591000004097,13.291839800001103],[-7.544660400004093,13.292150600001131],[-7.544829415490407,13.29240902606374],[-7.5447265000040975,13.292486000001118]]]]}},{"id":"412","type":"Feature","properties":{"id":"300","date_realisation":"2026/01/29","commune":"Sirakorola","village":"SIRAKOROLA EST","surface_ha":3.5501,"technologie":"Demi-lune","type_beneficiaire":"Terres collectives/communautaires pour le village"},"geometry":{"type":"Polygon","coordinates":[[[-7.542771700004138,13.283006700001085],[-7.5432215946706345,13.282992300485427],[-7.54331694526999,13.282918781099278],[-7.543225348386385,13.282555219752789],[-7.543289768612701,13.282137533911422],[-7.543211248492947,13.281648905453668],[-7.543410136621449,13.281613382982238],[-7.5435618083081835,13.28167469097892],[-7.543662010277692,13.281892418353857],[-7.5436572660902055,13.282065013096828],[-7.5435856395771,13.282176094376624],[-7.543631473954293,13.282479459711926],[-7.543567734882767,13.282837048443602],[-7.543809489703503,13.282893728515788],[-7.543751341851202,13.283030597532377],[-7.54378268584866,13.283198704652248],[-7.544044385541686,13.283360472390486],[-7.544242948172358,13.28380095041382],[-7.5442223127110095,13.284075813864835],[-7.544297628379693,13.284381783843267],[-7.544017589622024,13.284460515282444],[-7.5439616326450425,13.284556643015408],[-7.544050157122928,13.284699492255985],[-7.5442058581878015,13.284783102200034],[-7.543779949809043,13.28470792831466],[-7.5432692587240195,13.284408393021069],[-7.543154212621303,13.284266029249158],[-7.54287830000412,13.2841233000011],[-7.5425033000041255,13.284008300001078],[-7.542251700004142,13.284036700001069],[-7.542230000004135,13.283153300001091],[-7.542280000004126,13.283075000001123],[-7.542771700004138,13.283006700001085]]]}},{"id":"413","type":"Feature","properties":{"id":"301","date_realisation":"2026/01/29","commune":"Sirakorola","village":"SIRAKOROLA EST","surface_ha":4.9929,"technologie":"RNA Demi-lune + RNA + Demi-lune","type_beneficiaire":"Propriétaire individuel (appartenant à un ménage)"},"geometry":{"type":"Polygon","coordinates":[[[-7.537518300004216,13.286021700001076],[-7.537593300004221,13.286103300001091],[-7.537636700004214,13.286298300001091],[-7.537668300004227,13.28696500000109],[-7.537456700004213,13.286956700001106],[-7.537463300004234,13.287136700001104],[-7.537386700004228,13.287190000001104],[-7.537150000004228,13.287223300001086],[-7.537133300004219,13.287808300001112],[-7.537058300004232,13.287865000001082],[-7.536461700004243,13.287865000001121],[-7.536383300004236,13.287810000001109],[-7.536325000004241,13.287356700001094],[-7.536238300004238,13.287305000001082],[-7.535888300004251,13.287305000001089],[-7.535811700004256,13.28723830000108],[-7.535790000004253,13.287140000001097],[-7.535775000004249,13.286381700001094],[-7.535863300004265,13.28507000000111],[-7.537228300004228,13.285043300001087],[-7.537315000004223,13.285350000001083],[-7.537360000004224,13.28594000000109],[-7.537398300004218,13.286023300001071],[-7.537518300004216,13.286021700001076]]]}},{"id":"414","type":"Feature","properties":{"id":"302","date_realisation":"2026/01/29","commune":"Sirakorola","village":"SIRAKOROLA EST","surface_ha":21.8568,"technologie":"Demi-lune","type_beneficiaire":"Terres collectives/communautaires pour le village"},"geometry":{"type":"Polygon","coordinates":[[[-7.534323300004286,13.273501700001068],[-7.5344517000042694,13.274143300001073],[-7.534753300004267,13.274830000001076],[-7.534811700004265,13.275076700001083],[-7.534983300004265,13.275385000001107],[-7.534933300004279,13.275603300001116],[-7.534943981342432,13.276483441656376],[-7.534785266547764,13.276691874184136],[-7.534649454519461,13.277071573524362],[-7.5346996163737625,13.277260967118867],[-7.534806245500442,13.277422447219124],[-7.5348645550787285,13.277756406074165],[-7.534765560306806,13.278463323115622],[-7.534813294946864,13.278987815608714],[-7.5345463502168375,13.279047683827088],[-7.534594401133353,13.279763421603668],[-7.534722071604488,13.28004554377058],[-7.534720448361948,13.280214155602339],[-7.534773889179483,13.28033698033059],[-7.534752000981755,13.2804678186708],[-7.534840741466012,13.280769915164012],[-7.534802164665789,13.28095272543023],[-7.53482388603459,13.281192636791165],[-7.534765220191795,13.281313124913982],[-7.534544402824388,13.281253054459269],[-7.534364524268386,13.280977501731819],[-7.533894926388626,13.28077849649852],[-7.533789853227195,13.280683310375828],[-7.53357246029851,13.27996050732121],[-7.533226796991471,13.279327649537342],[-7.53321593766322,13.279150628052957],[-7.533401373807088,13.278756692294449],[-7.53338598433737,13.278526013470028],[-7.533293416997345,13.278389688961845],[-7.5332771953598066,13.278202411997029],[-7.5334127586370725,13.27800682866879],[-7.533088962260727,13.276892931503259],[-7.5329410516647854,13.27668338619165],[-7.532644703850461,13.276566768156593],[-7.532660118034776,13.27678259293437],[-7.5324675498476035,13.277088579407387],[-7.532363401260664,13.277389225372056],[-7.532227417637445,13.277586448770467],[-7.531991185424208,13.277714657142404],[-7.5319077828860355,13.277851093757526],[-7.531984247739674,13.278327756787988],[-7.531901509731912,13.278394994219795],[-7.531776181894569,13.278398122351218],[-7.531568160974256,13.278317983329393],[-7.531505314017196,13.278172036308664],[-7.531484902548822,13.277817261945753],[-7.531544281128251,13.277640374735817],[-7.531555769236026,13.277213766969195],[-7.531605149807519,13.277104203811597],[-7.531761115191284,13.277024897374206],[-7.531897559445959,13.27681732322893],[-7.53195731415541,13.276800147578992],[-7.531785082916767,13.276546047018641],[-7.53175573788513,13.27637965828596],[-7.53181430292659,13.276286870171965],[-7.532166875336411,13.276218425393678],[-7.532224660406513,13.276153890042178],[-7.532210953167498,13.275983321592191],[-7.532049112066666,13.275811852540539],[-7.531530101611039,13.275624182299616],[-7.53120860889686,13.27541243072848],[-7.53117957767002,13.275270107134576],[-7.531291248181564,13.275067943671791],[-7.531288946984731,13.274848272705029],[-7.53124217425683,13.274743521122051],[-7.531087707191105,13.2746183840395],[-7.53072607228239,13.274652620951136],[-7.530687119527793,13.274492033700765],[-7.53077932321534,13.274090469013387],[-7.530987565411484,13.273997195241027],[-7.531408942647161,13.274005277013929],[-7.5315027414184215,13.273974989085165],[-7.531577204118867,13.27388068716289],[-7.531566703250457,13.273807736678194],[-7.531409791169891,13.273616541152522],[-7.530923147110905,13.27328117277733],[-7.53085310303295,13.273158108768344],[-7.530887231265413,13.27306419668429],[-7.531246929992097,13.273131463062645],[-7.531722452325558,13.273105058926907],[-7.53278576656174,13.27326009177435],[-7.53309971244031,13.273256156225065],[-7.533671020830971,13.27337291911888],[-7.533815000004295,13.273503300001096],[-7.533986700004273,13.273426700001096],[-7.534323300004286,13.273501700001068]]]}},{"id":"415","type":"Feature","properties":{"id":"303","date_realisation":"2026/01/29","commune":"Sirakorola","village":"SIRAKOROLA OUEST","surface_ha":15.4057,"technologie":"Cordon pierreux","type_beneficiaire":"Propriétaire individuel (appartenant à un ménage)"},"geometry":{"type":"Polygon","coordinates":[[[-7.555251700003909,13.273361700001093],[-7.554934381692012,13.272656409441147],[-7.554745668878437,13.272348753098084],[-7.554690551432535,13.271966984620164],[-7.554481627066177,13.27164548675283],[-7.554389203730647,13.271189309448427],[-7.554412083628843,13.271015149334211],[-7.554466568828466,13.270969125326095],[-7.554807146426328,13.271087993932499],[-7.555200703417201,13.271033800027874],[-7.555326834468885,13.270955621069872],[-7.555507905801856,13.27095288690959],[-7.555614959308526,13.271176089186614],[-7.55594345125207,13.271436539161948],[-7.5564438391813,13.272383406805448],[-7.556532206313032,13.272323485403817],[-7.5574049836591275,13.272209960988585],[-7.557708592094605,13.272269788882099],[-7.557896971881409,13.272572528261575],[-7.558453982667636,13.272572548236257],[-7.558450960697593,13.272874836786787],[-7.558500942307195,13.273046341681065],[-7.558677384432148,13.27306053045912],[-7.558712962554804,13.27312223240096],[-7.5584547959677115,13.273482102545305],[-7.5585384789351,13.273641329260133],[-7.558645600735769,13.274457396288192],[-7.558566281539308,13.274696186972978],[-7.55859583961223,13.274886618361005],[-7.559175000003862,13.275573300001096],[-7.559235000003849,13.2756783000011],[-7.559230000003858,13.275786700001076],[-7.559151700003859,13.275846700001116],[-7.55852670000386,13.275833300001095],[-7.557073300003883,13.275915000001099],[-7.556373300003911,13.276078300001082],[-7.556340000003901,13.275716700001098],[-7.55621670000391,13.275346700001073],[-7.555910000003906,13.274636700001084],[-7.55565000000391,13.27416830000106],[-7.555335000003925,13.273741700001112],[-7.555251700003909,13.273361700001093]]]}},{"id":"416","type":"Feature","properties":{"id":"304","date_realisation":"2026/01/29","commune":"Sirakorola","village":"SIRAKOROLA OUEST","surface_ha":22.1796,"technologie":"RNA Demi-lune + RNA + Demi-lune","type_beneficiaire":"Propriétaire individuel (appartenant à un ménage)"},"geometry":{"type":"Polygon","coordinates":[[[-7.566183300003746,13.272551700001072],[-7.565747966357389,13.27241589590889],[-7.565345751654158,13.272430087549486],[-7.56514188909232,13.272389083478224],[-7.5646391868413,13.272596431818647],[-7.564527094768579,13.27277768778464],[-7.5644273339481,13.272844327302947],[-7.564178582153962,13.272930959050658],[-7.563943872667564,13.27288976991501],[-7.56357548018794,13.272534672639782],[-7.5635625941766484,13.272395964974997],[-7.563339290489385,13.271918860206913],[-7.56335740328989,13.271394008899058],[-7.563267795760072,13.271115424469981],[-7.563328839853276,13.270837801474414],[-7.563393433693693,13.270810697273818],[-7.564543818584732,13.270694934713408],[-7.56495171632083,13.27079310475985],[-7.565425966001154,13.270486670293641],[-7.565569047009452,13.270290606775092],[-7.565854486492231,13.270135884051443],[-7.565960587515033,13.269982491972275],[-7.565974250991784,13.26981672993288],[-7.5657705010388865,13.269534306862969],[-7.565613958552204,13.269415762573335],[-7.565594630602276,13.269290124001136],[-7.565905506101741,13.26875636964691],[-7.566174599977717,13.26858936512509],[-7.566438945264712,13.26849536428336],[-7.567032230712832,13.268550943662618],[-7.567160299170159,13.268824926420473],[-7.567359673017198,13.268908246634624],[-7.56750828740958,13.269171263279857],[-7.567817166119567,13.26915974962162],[-7.5681304985844235,13.269237724351232],[-7.568402758752587,13.26919236924905],[-7.568528639035434,13.269267212478518],[-7.5692191512799845,13.269294972716237],[-7.569398216429765,13.269527231629361],[-7.569355358818089,13.269823268871864],[-7.56940421753655,13.269991077132516],[-7.5695714460961225,13.269911515098833],[-7.569722462404527,13.269740716320243],[-7.570130651902386,13.269715320409269],[-7.570300537927122,13.270102827823353],[-7.570466620159155,13.269943395766441],[-7.570692398113397,13.270048711294184],[-7.571021611830257,13.269971688816174],[-7.571097277125548,13.270152488594492],[-7.5709815046083175,13.270330613620308],[-7.570947065328746,13.270496929117037],[-7.570987208757152,13.270571183552661],[-7.570388782133025,13.270773261708559],[-7.569888650133052,13.270716783319777],[-7.569659356132425,13.27072307311917],[-7.5696032065815695,13.270767007488873],[-7.569616815990755,13.271034161336749],[-7.5695160378146475,13.271328627571641],[-7.569562156804174,13.271425197526337],[-7.569651445385356,13.271459408291586],[-7.569624499266638,13.271538162535977],[-7.569656179264143,13.271576794692207],[-7.569509261581633,13.271881651852373],[-7.569483594836691,13.272052437854908],[-7.569385234156874,13.272157475313108],[-7.569371331897805,13.272271802389508],[-7.568848180951073,13.272125220715525],[-7.56873478181202,13.272026572939225],[-7.568354275343151,13.272109720586624],[-7.568069113850165,13.272276720449844],[-7.567778849665295,13.272251518192165],[-7.567542140209156,13.272112611349266],[-7.567455000003731,13.272201700001087],[-7.567440000003713,13.272646700001111],[-7.566183300003746,13.272551700001072]]]}},{"id":"417","type":"Feature","properties":{"id":"305","date_realisation":"2026/01/29","commune":"Sirakorola","village":"FASSEMBOUGOU","surface_ha":9.1146,"technologie":"Cordon pierreux","type_beneficiaire":"Propriétaire individuel (appartenant à un ménage)"},"geometry":{"type":"Polygon","coordinates":[[[-7.543599153679105,13.303124382310251],[-7.543881902051351,13.303111864854912],[-7.544016419657733,13.30300984268794],[-7.544505038228251,13.30306220033904],[-7.54485481580832,13.303034561473199],[-7.54588574715799,13.30330123064673],[-7.546315328330724,13.303514810910922],[-7.546718392774577,13.30363395436394],[-7.5467236848006385,13.303755452647858],[-7.546624313657257,13.303825145927341],[-7.546687542988604,13.303981953427067],[-7.546690450475655,13.30415961530931],[-7.546914205017069,13.30418465079307],[-7.5469905913069395,13.304380347864916],[-7.547094540516869,13.304479628038338],[-7.54707090846654,13.304700270826428],[-7.546985169923364,13.304863532001246],[-7.547072371662536,13.305300236357969],[-7.547057240328312,13.305443388970684],[-7.5469219435679795,13.305541177811799],[-7.546487714008346,13.305644892465148],[-7.544755745557739,13.305798803570607],[-7.544447786899978,13.305728519041185],[-7.544016393604246,13.305316401322571],[-7.543691449871157,13.305281770384608],[-7.543836440487753,13.304745797953565],[-7.5438665021798625,13.304382737838212],[-7.543774291195925,13.303702921124398],[-7.543599153679105,13.303124382310251]]]}},{"id":"418","type":"Feature","properties":{"id":"306","date_realisation":"2026/01/29","commune":"Sirakorola","village":"FASSEMBOUGOU","surface_ha":1.6217,"technologie":"Demi-lune","type_beneficiaire":"Propriétaire individuel (appartenant à un ménage)"},"geometry":{"type":"Polygon","coordinates":[[[-7.542618300004116,13.30306670000112],[-7.542959975672549,13.302937284318],[-7.54311624010089,13.302937284915862],[-7.543409997479397,13.30307200608828],[-7.543499865439661,13.30328786706962],[-7.543376415349515,13.303398247147628],[-7.543378990210389,13.303543805660738],[-7.542814458980343,13.303919524541483],[-7.542463300004127,13.303865000001107],[-7.542363300004135,13.303796700001111],[-7.541993300004121,13.303976700001103],[-7.541755000004136,13.304000000001121],[-7.54168000000414,13.303946700001124],[-7.54176000000413,13.303130000001106],[-7.541850000004135,13.303091700001112],[-7.542618300004116,13.30306670000112]]]}},{"id":"419","type":"Feature","properties":{"id":"307","date_realisation":"2026/01/29","commune":"Sirakorola","village":"FASSEMBOUGOU","surface_ha":6.1428,"technologie":"Cordon pierreux Demi-lune + Demi-lune + Cordon pierreux","type_beneficiaire":"Terres collectives/communautaires pour le village"},"geometry":{"type":"Polygon","coordinates":[[[-7.54189056025904,13.305260175912524],[-7.540995922979156,13.305441399922888],[-7.539735775456519,13.30557955178521],[-7.5397766772638874,13.305276768230362],[-7.539965077463468,13.304902063532495],[-7.540532035421587,13.304630956558935],[-7.540704916724973,13.30419475607617],[-7.5409423775307545,13.304047082860313],[-7.541300631480106,13.303933524416625],[-7.541472943419283,13.303949190968039],[-7.541615192270473,13.30400783855775],[-7.541624398290779,13.304101194849526],[-7.5416942849919675,13.304146776177896],[-7.5420629524216105,13.30401593867079],[-7.542103559053788,13.30392447076629],[-7.542825397800024,13.303974292187409],[-7.543420900715194,13.30359111092699],[-7.543547592858871,13.303608067157713],[-7.543531922186322,13.303931826999198],[-7.543604711944012,13.304401518612606],[-7.543593528637067,13.304615574501955],[-7.543404007467517,13.305620467397217],[-7.54332992796424,13.305767028812925],[-7.543002829367657,13.30589503094582],[-7.542807000656981,13.305867284686052],[-7.54251177001492,13.305618142696897],[-7.54236928683922,13.305317599526271],[-7.542237286983894,13.305267565909801],[-7.54189056025904,13.305260175912524]]]}},{"id":"420","type":"Feature","properties":{"id":"308","date_realisation":"2026/01/29","commune":"Sirakorola","village":"FASSEMBOUGOU","surface_ha":4.3828,"technologie":"Cordon pierreux","type_beneficiaire":"Propriétaire individuel (appartenant à un ménage)"},"geometry":{"type":"Polygon","coordinates":[[[-7.545853300004061,13.307693300001118],[-7.5458876405323245,13.307860761332906],[-7.544998375988621,13.30818434464044],[-7.54483032645426,13.308465059062726],[-7.544497152990361,13.308460450622016],[-7.544358558896157,13.308350389472706],[-7.544126865766133,13.308287803727131],[-7.544022998097773,13.308145783436549],[-7.544022284753205,13.308058266230692],[-7.544229704035253,13.307745217530638],[-7.544304391857791,13.30744876664092],[-7.544410191271867,13.307303202485066],[-7.544393164355479,13.306871005821405],[-7.544253077082281,13.306582781217333],[-7.543824504481386,13.306128991128467],[-7.543657048408468,13.305828320880853],[-7.543645533143164,13.305678554942718],[-7.543934958837622,13.305715928152663],[-7.544230379986778,13.305841681419107],[-7.544721847468364,13.305860258557084],[-7.544798854466156,13.30594665678852],[-7.544985052567523,13.306009562706874],[-7.545855000004058,13.306561700001106],[-7.545896700004057,13.307181700001099],[-7.545853300004061,13.307693300001118]]]}},{"id":"421","type":"Feature","properties":{"id":"309","date_realisation":"2026/01/29","commune":"Sirakorola","village":"FASSEMBOUGOU","surface_ha":3.0187,"technologie":"Demi-lune","type_beneficiaire":"Propriétaire individuel (appartenant à un ménage)"},"geometry":{"type":"Polygon","coordinates":[[[-7.544075000004084,13.311471700001098],[-7.544227131087091,13.311272069737045],[-7.544268216719427,13.310957136053343],[-7.544627714403409,13.310975194900015],[-7.544828226342635,13.310924357425826],[-7.545187769291515,13.311044370744046],[-7.545254520319791,13.310984814721804],[-7.545425025889414,13.311001186447125],[-7.545718556672887,13.310900667570179],[-7.546097903933908,13.31087629049958],[-7.546100018866853,13.311148736647695],[-7.546164692916904,13.311269111863357],[-7.546171366450238,13.311487837352242],[-7.546224671471152,13.311621570382298],[-7.545856050978867,13.311713457735916],[-7.545420138545694,13.31194845663356],[-7.545086110585184,13.312255769024647],[-7.5448438477757955,13.312254237115871],[-7.544819139762342,13.312324670700802],[-7.544567298198001,13.31251823622416],[-7.5446581543138365,13.312679983635501],[-7.544676346454429,13.312890427786812],[-7.5445520432987845,13.313164857321974],[-7.544412357040163,13.313070831796313],[-7.544335734083623,13.31292257099071],[-7.544307285089712,13.312636001468979],[-7.544216103971358,13.312372260773579],[-7.544244543087368,13.312260215576378],[-7.5441536595790915,13.312142389554344],[-7.544078051336528,13.311917838826236],[-7.544075000004084,13.311471700001098]]]}},{"id":"422","type":"Feature","properties":{"id":"310","date_realisation":"2026/01/29","commune":"Sirakorola","village":"FASSEMBOUGOU","surface_ha":16.16,"technologie":"Cordon pierreux","type_beneficiaire":"Propriétaire individuel (appartenant à un ménage)"},"geometry":{"type":"Polygon","coordinates":[[[-7.5553617000039015,13.299528300001096],[-7.555439638694665,13.298939146194103],[-7.555619068158941,13.298621153108327],[-7.55566259499134,13.29810563941565],[-7.556052521592313,13.29801493404054],[-7.5562182639107025,13.298356706714543],[-7.556393950919357,13.298433179312223],[-7.5565325411505135,13.298608472401606],[-7.556746772168793,13.298765208330577],[-7.557031579448474,13.29924199220312],[-7.557780808774398,13.299600542008283],[-7.557977377090686,13.299760450735963],[-7.55777653463329,13.29997242116603],[-7.55759386372744,13.300284876028874],[-7.557416658951066,13.300399608080061],[-7.557352812713272,13.300541430980426],[-7.557146367694935,13.300751332892784],[-7.55708338905773,13.300972564350324],[-7.556820791453915,13.301201714234058],[-7.556699476619588,13.301393089959854],[-7.5561342929865685,13.301601874360983],[-7.555882643551363,13.301831057190691],[-7.5555727753200355,13.301998154195218],[-7.555325766714057,13.302323022902405],[-7.555247584245298,13.302171893877693],[-7.554695704855705,13.301856713960218],[-7.554503197422982,13.301912017045925],[-7.554189376878213,13.301761684210566],[-7.553551963169167,13.301810676285204],[-7.553275141209656,13.301596731754422],[-7.553051880777142,13.301522069423669],[-7.552777509835375,13.301324182581775],[-7.552353017285424,13.30084804653439],[-7.552097513300569,13.300669981297206],[-7.551618838787448,13.300567308157186],[-7.551592826825336,13.300388161169327],[-7.551643358344187,13.300180947539264],[-7.551634188043181,13.299903604354515],[-7.551592214959079,13.299831133806663],[-7.551640948612002,13.299628376549832],[-7.5518767163283975,13.299648397653957],[-7.552288507731436,13.299567109808228],[-7.552731454839241,13.299365832124266],[-7.55314311013866,13.299520529744383],[-7.55316892583674,13.299611119726567],[-7.553638997521668,13.299505756643283],[-7.554887842307776,13.29940209465142],[-7.555172002139763,13.299436992310257],[-7.555342240938373,13.299484969828955],[-7.5553617000039015,13.299528300001096]]]}},{"id":"423","type":"Feature","properties":{"id":"311","date_realisation":"2026/01/29","commune":"Sirakorola","village":"DOUGOURAKORO","surface_ha":3.8654,"technologie":"Cordon pierreux","type_beneficiaire":"Propriétaire individuel (appartenant à un ménage)"},"geometry":{"type":"Polygon","coordinates":[[[-7.356255000008814,13.203351700000914],[-7.357179179953879,13.203234884095009],[-7.357060100058396,13.202987316231427],[-7.35705098574351,13.2027874003653],[-7.357350841809588,13.202904786379424],[-7.357480280057745,13.202600551239913],[-7.357551093413862,13.202694799035678],[-7.357514695534039,13.202230966847194],[-7.35781343025453,13.202445825622725],[-7.357892316899735,13.202591792583336],[-7.358187191550989,13.202835142307348],[-7.358563605714668,13.20331864463674],[-7.358710829891699,13.2034419535513],[-7.358523808411334,13.203501680404646],[-7.358422458789804,13.203311351734051],[-7.358211561420702,13.203291525791451],[-7.3581236662022285,13.20312819533112],[-7.357923706641924,13.203150391953113],[-7.357856370564087,13.203283489078338],[-7.357674546601615,13.203249660137926],[-7.357699684753394,13.203688983556933],[-7.357851504260612,13.204498927651294],[-7.357670591202797,13.204538286071342],[-7.3569782420061545,13.204885363597406],[-7.356703700982095,13.204975522527867],[-7.3563169523073215,13.205025678803162],[-7.356233294827936,13.204723426176479],[-7.356075000008828,13.203533300000897],[-7.356116700008831,13.20340330000091],[-7.356255000008814,13.203351700000914]]]}},{"id":"424","type":"Feature","properties":{"id":"312","date_realisation":"2026/01/30","commune":"Sirakorola","village":"DOUGOURAKORO","surface_ha":72.1825,"technologie":"Cordon pierreux RNA + RNA + Cordon pierreux","type_beneficiaire":"Terres collectives/communautaires pour le village"},"geometry":{"type":"Polygon","coordinates":[[[-7.359143300008707,13.22001500000091],[-7.3588250000087125,13.220160000000917],[-7.358428300008728,13.220248300000929],[-7.357595000008748,13.220275000000942],[-7.357485000008756,13.220233300000947],[-7.357460000008761,13.219836700000908],[-7.35732830000876,13.2194533000009],[-7.357260000008768,13.219050000000918],[-7.357293300008769,13.218775000000921],[-7.35724330000877,13.218361700000925],[-7.35679170000877,13.216623300000922],[-7.356731700008789,13.215833300000924],[-7.356870000008781,13.215333300000927],[-7.356718300008785,13.214435000000893],[-7.356612831862429,13.214351541201141],[-7.356355114599029,13.214302081513571],[-7.356253540058496,13.214229603116337],[-7.356198613932701,13.21380676064117],[-7.355996474310043,13.213384187615917],[-7.355898843542527,13.212993282886874],[-7.355927408857234,13.212658897478017],[-7.355996683220318,13.212453000833579],[-7.3559002646584934,13.212392076495314],[-7.355895508425302,13.212236409001036],[-7.355782517847457,13.212180202123925],[-7.355680724338076,13.211874854653267],[-7.355686536606077,13.21139404356546],[-7.355605876371232,13.210988458529455],[-7.355671701121315,13.210403886890528],[-7.3557361339175005,13.210311781145343],[-7.35580571541072,13.210295126514538],[-7.355828798155375,13.210072273923876],[-7.355886935591792,13.210027125476394],[-7.356244435244488,13.210028555501495],[-7.356672803004484,13.209946125891966],[-7.356791873627852,13.209624858712854],[-7.356797237236505,13.209518916780777],[-7.356669564739078,13.209151506543954],[-7.356667543413556,13.208549309179507],[-7.35653353222135,13.208287617303617],[-7.35652531115761,13.208006750575256],[-7.356395615755968,13.20772620635312],[-7.356398956850914,13.207602863685876],[-7.356318961965011,13.207468721922762],[-7.356216843369904,13.2070540399616],[-7.3561458233538835,13.206977752193664],[-7.356173968804613,13.206924348869364],[-7.3564925479088785,13.2070005534668],[-7.3565580485547155,13.207069379100044],[-7.356664723603676,13.206970152029054],[-7.356929291780778,13.20697857804696],[-7.357046163271182,13.207247489618569],[-7.357197826408963,13.207436046515822],[-7.357356263842723,13.207439067037276],[-7.35740243605588,13.207334802649902],[-7.358082032919729,13.207503634020474],[-7.3584476848442835,13.20771311004992],[-7.358607814032878,13.20795040587736],[-7.358870805997797,13.208075203279325],[-7.359074404431286,13.208253083748987],[-7.359824177456968,13.208712282592222],[-7.360168471943637,13.20883221854016],[-7.36034249435368,13.20896409859171],[-7.360538586566023,13.209265326218109],[-7.360651627470992,13.209332405740081],[-7.360855401079543,13.209820930395802],[-7.360885165640636,13.210161017727165],[-7.36100401984896,13.210381223863344],[-7.361271582295913,13.210437444959211],[-7.361389538053595,13.210745386292515],[-7.3613484622281735,13.211164741192594],[-7.361270524375175,13.211260282416],[-7.36134668254905,13.21142793805197],[-7.361125557411028,13.211445624526931],[-7.360992952129087,13.211369440462242],[-7.360876912581829,13.211369438654675],[-7.360943217549865,13.211901360379429],[-7.36110412792724,13.212169587971932],[-7.361134457587696,13.212491873355832],[-7.361248018226072,13.212829094637199],[-7.361393726425008,13.212916807123971],[-7.361618542683718,13.212918017427484],[-7.361679291753098,13.212983974066054],[-7.362094044893053,13.213585950812332],[-7.362033231476258,13.213614622290368],[-7.36206796478518,13.213719312055963],[-7.362414341526754,13.213957388807161],[-7.362405331343199,13.214014391647995],[-7.362317100090146,13.214020182341724],[-7.362323882023668,13.214115605321238],[-7.362590089497091,13.214216065201668],[-7.362714322005369,13.214320599513577],[-7.362865969903753,13.214707551375316],[-7.362679874704329,13.214601774805802],[-7.362458618143043,13.214607572967392],[-7.362402799433958,13.214652455026656],[-7.362420875542583,13.214943104141884],[-7.362368308844941,13.215052618923528],[-7.362466134423664,13.215582458667674],[-7.362425658307371,13.215652046839729],[-7.36243204341868,13.215907781078831],[-7.362368681385644,13.216017321536823],[-7.362143796618668,13.215964686321005],[-7.362056822390951,13.21599234389632],[-7.362083585948971,13.216541355257286],[-7.362154822044751,13.21664154387975],[-7.361796757367642,13.217574870283316],[-7.3615387874851015,13.217753228408458],[-7.361275479525851,13.217806398713565],[-7.361337820934971,13.217957620883054],[-7.361412998018333,13.21799064935592],[-7.361507714619907,13.218141163926331],[-7.361461336044159,13.218225902776249],[-7.361466492857133,13.218444219081839],[-7.361382014620249,13.21862069470588],[-7.3616233000086275,13.219011700000916],[-7.361618300008622,13.219128300000943],[-7.36116500000863,13.219488300000926],[-7.3608883000086545,13.219576700000887],[-7.360658300008648,13.219735000000918],[-7.360378300008657,13.219796700000924],[-7.360011700008669,13.219966700000922],[-7.359143300008707,13.22001500000091]]]}},{"id":"425","type":"Feature","properties":{"id":"313","date_realisation":"2026/01/30","commune":"Sirakorola","village":"DOUGOURAKORO","surface_ha":15.8345,"technologie":"Cordon pierreux + RNA","type_beneficiaire":"Propriétaire individuel (appartenant à un ménage)"},"geometry":{"type":"Polygon","coordinates":[[[-7.352401700008958,13.201723300000891],[-7.352486700008958,13.201788300000914],[-7.352575000008953,13.201996700000874],[-7.35261670000893,13.202380000000899],[-7.352571700008946,13.20247170000091],[-7.351710000008976,13.202550000000898],[-7.351470000008978,13.202691700000898],[-7.351311700008993,13.202718300000907],[-7.351148300008991,13.202701700000912],[-7.350841700009011,13.202380000000925],[-7.350486700009018,13.202111700000914],[-7.349945000009037,13.20193500000089],[-7.349601700009051,13.201653300000888],[-7.349483300009045,13.2014167000009],[-7.349698300009046,13.201091700000893],[-7.349811700009035,13.200670000000907],[-7.349955000009043,13.200390000000922],[-7.350161700009022,13.200173300000898],[-7.350190000009032,13.20004670000088],[-7.35008330000903,13.199601700000914],[-7.350101700009033,13.199445000000892],[-7.349996700009031,13.198801700000901],[-7.349823300009043,13.198385000000908],[-7.349806700009048,13.198241700000922],[-7.349948300009043,13.197850000000917],[-7.350073300009043,13.197765000000881],[-7.350196700009025,13.197753300000905],[-7.35033830000902,13.197821700000876],[-7.350900000009015,13.198330000000919],[-7.351160000008988,13.198461700000896],[-7.3514383000089945,13.198393300000905],[-7.351895000008972,13.198365000000894],[-7.352325000008961,13.198250000000884],[-7.352623300008941,13.198236700000916],[-7.352680000008945,13.198323300000906],[-7.352753300008941,13.198768300000914],[-7.35268170000894,13.199346700000888],[-7.352738300008937,13.199458300000899],[-7.353650000008907,13.199950000000875],[-7.353780000008893,13.200030000000885],[-7.353840000008903,13.200130000000893],[-7.353828300008904,13.200393300000913],[-7.353710000008917,13.200633300000913],[-7.353250000008928,13.201188300000902],[-7.352658300008949,13.201568300000911],[-7.352558300008964,13.201686700000907],[-7.352401700008958,13.201723300000891]]]}},{"id":"426","type":"Feature","properties":{"id":"314","date_realisation":"2026/01/30","commune":"Sirakorola","village":"DOUGOURAKORO","surface_ha":1.1125,"technologie":"Cordon pierreux + RNA","type_beneficiaire":"Propriétaire individuel (appartenant à un ménage)"},"geometry":{"type":"Polygon","coordinates":[[[-7.354395000008877,13.199233300000909],[-7.353953300008893,13.19876170000091],[-7.3539100000088915,13.198173300000898],[-7.353953300008904,13.198083300000887],[-7.354755000008865,13.198043300000911],[-7.354905000008877,13.19910500000089],[-7.354395000008877,13.199233300000909]]]}},{"id":"427","type":"Feature","properties":{"id":"315","date_realisation":"2026/01/30","commune":"Sirakorola","village":"DOUGOURAKORO","surface_ha":2.9917,"technologie":"Cordon pierreux + RNA","type_beneficiaire":"Propriétaire individuel (appartenant à un ménage)"},"geometry":{"type":"Polygon","coordinates":[[[-7.357690000008781,13.198721700000934],[-7.358563300008743,13.198281700000903],[-7.359055000008727,13.199496700000903],[-7.359151700008727,13.199960000000912],[-7.359153300008729,13.200078300000934],[-7.359091700008721,13.20018000000091],[-7.358788300008733,13.200420000000886],[-7.358751700008747,13.200530000000917],[-7.358775000008734,13.200788300000907],[-7.358546700008749,13.200901700000903],[-7.358273300008746,13.2008750000009],[-7.358026700008768,13.199978300000886],[-7.3578367000087646,13.199888300000916],[-7.357655000008785,13.199380000000893],[-7.35762330000877,13.198831700000929],[-7.357690000008781,13.198721700000934]]]}},{"id":"428","type":"Feature","properties":{"id":"316","date_realisation":"2026/01/30","commune":"Sirakorola","village":"FOUGALEMBOUGOU","surface_ha":24.3254,"technologie":"Cordon pierreux","type_beneficiaire":"Propriétaire individuel (appartenant à un ménage)"},"geometry":{"type":"MultiPolygon","coordinates":[[[[-7.419753306075956,13.177469982081599],[-7.419750816990421,13.177470125770261],[-7.419750816934881,13.17747012572261],[-7.419753306075956,13.177469982081599]]],[[[-7.419740850734532,13.177470700842475],[-7.419598478611392,13.177484963695397],[-7.419603709435682,13.177717162493655],[-7.419382943459953,13.177671334810443],[-7.419326443202745,13.177705579538337],[-7.419293616787828,13.177810916147472],[-7.419478181728556,13.177866169806524],[-7.419508572535643,13.177953592946368],[-7.4193607236341546,13.177985264348223],[-7.419316845961664,13.178232660041983],[-7.4189536870817,13.17870368065867],[-7.418928814074053,13.178832007543239],[-7.418869428990182,13.17886040161423],[-7.418814985053421,13.178994347423895],[-7.418651956906618,13.179097020353638],[-7.418422283988904,13.179417219934226],[-7.418454153075494,13.17959146965589],[-7.418586931511133,13.179815806311712],[-7.418322411062524,13.179886621127345],[-7.418048250831158,13.179897484366785],[-7.417881765071811,13.179966528142781],[-7.417781106056002,13.179964131169509],[-7.417478836209989,13.179815102174217],[-7.41694235991342,13.17976231351298],[-7.41669280309574,13.179692725067797],[-7.4162186670140375,13.179679622984647],[-7.415817116627466,13.17951946793725],[-7.415342504799965,13.179405789508849],[-7.414855498240261,13.179404093206468],[-7.414811085198075,13.179349798050652],[-7.414274907729223,13.179247118784478],[-7.414008300007071,13.179111700000929],[-7.412595000007104,13.17891330000095],[-7.412463300007125,13.179490000000929],[-7.412388300007124,13.179561700000928],[-7.4112700000071365,13.179578300000967],[-7.411201700007155,13.179493300000933],[-7.411151700007152,13.179270000000955],[-7.411107784907641,13.178731871894348],[-7.4102902936089015,13.178662000552196],[-7.411453175324805,13.178053175226214],[-7.41191993941057,13.177692539112146],[-7.412380437666778,13.177577989402403],[-7.412899360144631,13.177298237622695],[-7.413311733528296,13.176972473282843],[-7.413424438668982,13.176933404111258],[-7.4147022383990056,13.176882765310294],[-7.414856229464243,13.176931266749879],[-7.415621223751326,13.176796795947437],[-7.416145172922208,13.176550487173817],[-7.416736147255767,13.17634570969025],[-7.416820431499938,13.17624579622973],[-7.417130013418401,13.176098757195323],[-7.417451937289131,13.17575982369563],[-7.417677320472386,13.175871985331677],[-7.417789153167814,13.176003262234728],[-7.417914206479169,13.176675230865156],[-7.418037544879707,13.17698408124463],[-7.418168464895816,13.177127812397813],[-7.418692618979013,13.177298472410506],[-7.419505870813288,13.17729164882846],[-7.419740850734532,13.177470700842475]]]]}},{"id":"429","type":"Feature","properties":{"id":"317","date_realisation":"2026/01/30","commune":"Sirakorola","village":"FOUGALEMBOUGOU","surface_ha":14.4757,"technologie":"Cordon pierreux","type_beneficiaire":"Propriétaire individuel (appartenant à un ménage)"},"geometry":{"type":"Polygon","coordinates":[[[-7.404368300007342,13.183865000000926],[-7.404568300007319,13.183278300000929],[-7.4046450000073305,13.183175000000935],[-7.405486700007312,13.183225000000954],[-7.405523300007308,13.184063300000943],[-7.405471700007312,13.185223300000933],[-7.405388300007303,13.185323300000933],[-7.40518830000731,13.185350000000966],[-7.40520830000731,13.185770000000945],[-7.404535000007335,13.185888300000927],[-7.4044417000073395,13.18594500000097],[-7.4045433000073295,13.186026700000957],[-7.405213300007301,13.185990000000945],[-7.405295000007309,13.186036700000933],[-7.405356700007309,13.186241700000965],[-7.405440000007303,13.186291700000956],[-7.405451700007305,13.186528300000948],[-7.405396700007299,13.186618300000958],[-7.405391700007307,13.186836700000947],[-7.405460000007292,13.187656700000975],[-7.405515000007307,13.187966700000954],[-7.405581700007286,13.188078300000937],[-7.405531700007308,13.188161700000924],[-7.404656700007337,13.188083300000956],[-7.404288300007336,13.188173300000932],[-7.403413321229589,13.188266566862712],[-7.4032503450699565,13.188407327125914],[-7.402872294000129,13.188537462663701],[-7.402775253133711,13.188717565529732],[-7.40246727526889,13.188927603052056],[-7.402497561984189,13.1887581054237],[-7.402393895989027,13.188259591090112],[-7.401934265857245,13.188331788920097],[-7.401715040829195,13.18821354392519],[-7.4016354475758,13.188036976752688],[-7.401588434498842,13.187606299458926],[-7.4017175774519055,13.187558864258504],[-7.402027726966473,13.18760637759887],[-7.402213558321682,13.18754964109012],[-7.402109803683753,13.187014624701233],[-7.402041744034959,13.186917309193678],[-7.4020384143659745,13.186645155610695],[-7.402511459757749,13.18614865143425],[-7.402870746961995,13.185846517250326],[-7.403147256264913,13.185519710711638],[-7.403403778334041,13.18531239437472],[-7.403502052297457,13.185151927722316],[-7.4038753816901,13.184845274850819],[-7.404368300007342,13.183865000000926]]]}},{"id":"430","type":"Feature","properties":{"id":"318","date_realisation":"2026/01/30","commune":"Sirakorola","village":"BORON CISSE","surface_ha":25.8011,"technologie":"Cordon pierreux","type_beneficiaire":"Terres collectives/communautaires pour le village"},"geometry":{"type":"Polygon","coordinates":[[[-7.456340138095492,13.225406892954272],[-7.456133076636558,13.225243352435246],[-7.456059712434824,13.22531748013229],[-7.456085865298409,13.225387620767977],[-7.456037342212838,13.22570917015938],[-7.456100382787395,13.226043265515179],[-7.456354960863347,13.226703065491325],[-7.456433624255025,13.226777379950184],[-7.4568924891462425,13.226747242011063],[-7.457071828200033,13.226861206115274],[-7.4572120579008585,13.227086913101534],[-7.45721536604378,13.22724062945261],[-7.457084215417776,13.227439779206271],[-7.456769212439924,13.227734265277249],[-7.456228455355287,13.227521233674194],[-7.45610809327355,13.227367940240052],[-7.456036359594249,13.227099104672781],[-7.455905456286208,13.227048503724228],[-7.455848123737741,13.226967364213],[-7.455401834201692,13.226997457532654],[-7.455297862764095,13.227161557807962],[-7.454760190638558,13.227145047804038],[-7.454734661140861,13.226757401943024],[-7.4548198442134685,13.226630219234266],[-7.454833024565681,13.22636947498535],[-7.454755560871069,13.22608809756398],[-7.454567474362226,13.225991313110983],[-7.454032966985197,13.225929573939124],[-7.453725787761645,13.225804044090173],[-7.453264787034969,13.225314579438223],[-7.453052968728289,13.225240763152764],[-7.452906284105216,13.22511567022429],[-7.452866351538507,13.22498218464275],[-7.4529369707057604,13.224790700128157],[-7.452886612397263,13.224515685098737],[-7.452731073465543,13.224206848391816],[-7.452622322672986,13.224108162831415],[-7.452620905569024,13.223909880178054],[-7.453006019576019,13.223492837096687],[-7.453245503656094,13.22332257066789],[-7.453358887006311,13.223298512058761],[-7.45329848090814,13.222836620526142],[-7.453432478429191,13.2223753618822],[-7.4535052441760135,13.222353958378593],[-7.453680806304565,13.22212984438017],[-7.4538371716610765,13.22202646782848],[-7.453997380656765,13.222034178504796],[-7.454424684694366,13.22218551700344],[-7.4546452681414825,13.222073008081788],[-7.454772465463395,13.222080925742866],[-7.454909289493353,13.221990426925094],[-7.455618433361274,13.221898248522056],[-7.455978449690111,13.221774274037239],[-7.45636172365967,13.221795461995947],[-7.4563883316664,13.222043336399148],[-7.456350313725743,13.22214095705558],[-7.456407691744303,13.222139119942824],[-7.456562796649443,13.221894586072953],[-7.457013381841964,13.221722327805939],[-7.457367113955192,13.22125278101718],[-7.4574451666271075,13.221250673951129],[-7.4574837403972944,13.221357293054453],[-7.457774595893372,13.221484656240332],[-7.458040073380954,13.22145968641092],[-7.458111330093724,13.221539404485625],[-7.458507633108118,13.221630614519379],[-7.458609696134677,13.221739173079438],[-7.458914654945825,13.221719018337142],[-7.458946252278404,13.221780589923696],[-7.459094866955108,13.221819780074837],[-7.4593543060914875,13.222049382262979],[-7.459473142647294,13.222244263841278],[-7.459369034532316,13.222361490174553],[-7.459300466661397,13.22241311346949],[-7.45904057990403,13.222393599320727],[-7.458689659163216,13.222727455027549],[-7.458392870777317,13.222852904496378],[-7.458203325404993,13.222858332319525],[-7.457891874096485,13.222739721313884],[-7.457678555399891,13.222775265172633],[-7.4574780694993015,13.222954067420817],[-7.457375982275674,13.222622157473348],[-7.457090253414225,13.222917270643517],[-7.456826613428913,13.22293201770348],[-7.456758762252157,13.223054276090336],[-7.456563548566964,13.223042016148288],[-7.4565286415658285,13.223096348961105],[-7.456510679745608,13.223063561194046],[-7.456439185260042,13.22310416244287],[-7.456361617285652,13.223219763307174],[-7.456306189560006,13.223156829038636],[-7.456273045118677,13.223223219556784],[-7.456475346957675,13.22330257589762],[-7.456614368672214,13.223453844598922],[-7.456521719854471,13.223688570956217],[-7.456420695180046,13.223780602850534],[-7.4564782152264035,13.223954147370863],[-7.456550493424802,13.224054388490522],[-7.456721143148814,13.22410797620161],[-7.456771533311896,13.224182573386836],[-7.457014830275385,13.224258948858088],[-7.457121975912049,13.22445050391125],[-7.457366941288908,13.224393445829069],[-7.457596646228706,13.22452838805766],[-7.457803935727531,13.224510707217117],[-7.458145171154798,13.22458239448476],[-7.458046729040323,13.224725371852255],[-7.458098113123735,13.224870643779456],[-7.458263806254062,13.22493200016293],[-7.458432337314843,13.224878882501466],[-7.458553734771713,13.224988354363637],[-7.45862997865606,13.224927669534596],[-7.458765227583945,13.224944904481948],[-7.4590539097503,13.224645148994622],[-7.459266326241183,13.224640319705623],[-7.459280890962915,13.224912982090034],[-7.459176047926655,13.225077091754253],[-7.459038627905646,13.22512498602465],[-7.459038238573322,13.22524294521922],[-7.458866134162538,13.225528809998721],[-7.458856329372683,13.225651173778129],[-7.458466483340341,13.225694871083729],[-7.458355244482027,13.225833997487845],[-7.45782471332068,13.225816009883205],[-7.4571698235811805,13.225505566449737],[-7.456821654219458,13.225536253886288],[-7.456616802857284,13.225505660474557],[-7.456340138095492,13.225406892954272]]]}},{"id":"431","type":"Feature","properties":{"id":"319","date_realisation":"2026/01/30","commune":"Sirakorola","village":"BORON CISSE","surface_ha":10.7266,"technologie":"Cordon pierreux","type_beneficiaire":"Propriétaire individuel (appartenant à un ménage)"},"geometry":{"type":"Polygon","coordinates":[[[-7.457657500005919,13.220068900001028],[-7.457176700005916,13.220993300001005],[-7.457111700005926,13.221570000001012],[-7.456405000005947,13.221808300001001],[-7.456259500005949,13.221089400001],[-7.455731000005959,13.221132300001003],[-7.455387500005958,13.220706300000995],[-7.455095800005982,13.21964300000101],[-7.455002000005971,13.21888440000102],[-7.45551040000596,13.218502400000991],[-7.45623160000595,13.218372500001],[-7.456609200005938,13.218087700000996],[-7.4568797000059295,13.217990500001003],[-7.457109900005926,13.217983200000988],[-7.457448100005915,13.217824000000997],[-7.458010100005911,13.217662200001003],[-7.4582385000059075,13.217647700001034],[-7.458836300005884,13.218345700001015],[-7.4588705000058795,13.218580500001007],[-7.458196400005908,13.219328400000988],[-7.45767190000592,13.219830300001009],[-7.457657500005919,13.220068900001028]]]}},{"id":"432","type":"Feature","properties":{"id":"320","date_realisation":"2026/01/30","commune":"Sirakorola","village":"DOKALA","surface_ha":32.9483,"technologie":"Cordon pierreux","type_beneficiaire":"Propriétaire individuel (appartenant à un ménage)"},"geometry":{"type":"Polygon","coordinates":[[[-7.477519999584947,13.226464580456343],[-7.477479788384738,13.226031735077928],[-7.477488398314879,13.224881537662462],[-7.477149035778822,13.224515937940685],[-7.477240708978691,13.224320063020718],[-7.477457757156843,13.224059575694538],[-7.477722874685783,13.224072245975448],[-7.477781089674284,13.224024663430216],[-7.478108679443302,13.223541646227014],[-7.478204197184771,13.223516305707681],[-7.4782474296952,13.223409324041114],[-7.478438508949624,13.223286671284406],[-7.478543007746369,13.223022600331465],[-7.478779001626605,13.223028121986623],[-7.478992341930701,13.222862116136648],[-7.479200401749763,13.222557040858252],[-7.479575873010398,13.222664456521068],[-7.479876897511685,13.222478050729555],[-7.480292275186641,13.22238391755617],[-7.48046348737174,13.222181804665407],[-7.480597822230726,13.222235861704082],[-7.480597468355718,13.222433617611877],[-7.480528302108284,13.222495669632625],[-7.480579836372221,13.22255836985111],[-7.481000273279635,13.22242684521346],[-7.4815222751915105,13.222436056875464],[-7.4816138008749355,13.222664341562737],[-7.481523811355289,13.222821307661363],[-7.481513448989332,13.223300926905246],[-7.481798275959504,13.223657568754792],[-7.481906629739904,13.223891911712933],[-7.481993649992462,13.223944798439653],[-7.482033242168885,13.224050386004857],[-7.482417958745928,13.22450050129149],[-7.482437934374735,13.224673445007381],[-7.482543993204727,13.224820014034139],[-7.4827767841400314,13.225527226469822],[-7.4827551100174015,13.22556900633093],[-7.482497330244946,13.225587810352275],[-7.482201337436876,13.225703131882462],[-7.482156023476259,13.22586105493376],[-7.481878721693453,13.22585260970551],[-7.4814250216981915,13.225988834133787],[-7.481346204766814,13.226066890948116],[-7.48119637572461,13.226617075705098],[-7.481164233619538,13.227127247786301],[-7.481087166478866,13.227451705850308],[-7.4810796178042285,13.228071447596273],[-7.481051215256997,13.228179705528074],[-7.480747538241043,13.228634083583355],[-7.480575937595958,13.228709772958888],[-7.480213632845383,13.228735828604357],[-7.479321083110001,13.228649572329417],[-7.478725837850799,13.22845537068776],[-7.47861409104969,13.228535425386296],[-7.4784765053219004,13.22854168702084],[-7.478279597591875,13.228636730515325],[-7.478083448999979,13.228894092359702],[-7.477851951334564,13.228979696486581],[-7.4777002901754805,13.229097709258912],[-7.47722348324404,13.229056734056321],[-7.476772163666512,13.228853711626066],[-7.476679325248983,13.228743699954453],[-7.476212462604731,13.228727011243398],[-7.475921650306033,13.228641324000083],[-7.475748196494316,13.228475457002409],[-7.475932344907462,13.227708662713516],[-7.476539277154796,13.227201835604703],[-7.476631238989114,13.22704451901586],[-7.476964052696386,13.22671124927957],[-7.47711619201386,13.22670077659463],[-7.477181744507924,13.226578743419804],[-7.477479104180324,13.226513553231614],[-7.477519999584947,13.226464580456343]]]}},{"id":"433","type":"Feature","properties":{"id":"321","date_realisation":"2026/01/30","commune":"Sirakorola","village":"DOKALA","surface_ha":23.0606,"technologie":"Cordon pierreux","type_beneficiaire":"Propriétaire individuel (appartenant à un ménage)"},"geometry":{"type":"Polygon","coordinates":[[[-7.495606700005051,13.226566700001019],[-7.494678300005086,13.226693300001033],[-7.494358300005087,13.226661700001063],[-7.493938300005089,13.226531700001035],[-7.4937450000051,13.226563300001038],[-7.493688300005096,13.22648830000102],[-7.493690000005096,13.225341700001],[-7.493495000005106,13.224335000001014],[-7.493415000005109,13.22318670000103],[-7.493278300005107,13.22234500000104],[-7.494438300005084,13.222308300001018],[-7.494506700005095,13.222943300001036],[-7.49456000000509,13.223021700001057],[-7.494938300005085,13.22293830000102],[-7.4950683000050695,13.222935000001051],[-7.4951383000050695,13.223001700001033],[-7.4957533000050685,13.222956700001038],[-7.495821700005053,13.22288670000104],[-7.495736700005069,13.222538300001046],[-7.495616700005068,13.222561700001025],[-7.495536700005075,13.222508300000996],[-7.495478300005064,13.22203670000106],[-7.495513300005061,13.221950000001048],[-7.495893300005062,13.221835000001041],[-7.496148300005055,13.22179670000105],[-7.496525000005044,13.221940000001057],[-7.497556700005017,13.222031700001054],[-7.49825500000502,13.22223670000103],[-7.498486700005009,13.22290500000106],[-7.498490000005013,13.223128300001028],[-7.497728300005004,13.22398330000104],[-7.4974717000050175,13.224396700001037],[-7.497460000005031,13.224510000001047],[-7.497501700005028,13.224605000001047],[-7.497691700005021,13.224731700001028],[-7.497795000005019,13.225040000001039],[-7.497838300005003,13.225595000001041],[-7.497950000005012,13.226018300001018],[-7.497928300005019,13.226676700001029],[-7.49736330000503,13.226710000001024],[-7.497021700005035,13.226631700001036],[-7.495606700005051,13.226566700001019]]]}},{"id":"434","type":"Feature","properties":{"id":"322","date_realisation":"2026/01/30","commune":"Sirakorola","village":"DOKALA","surface_ha":9.863,"technologie":"Cordon pierreux","type_beneficiaire":"Propriétaire individuel (appartenant à un ménage)"},"geometry":{"type":"Polygon","coordinates":[[[-7.489428559743456,13.224668011653224],[-7.48956631924494,13.224669160018697],[-7.489647268828844,13.224563221335911],[-7.4896549378903,13.224291294548363],[-7.489465119364118,13.224077561420483],[-7.489514519890219,13.223979196898997],[-7.48989576665776,13.223730510896216],[-7.49000236287675,13.223491540768295],[-7.490052674811334,13.2230774260142],[-7.490265867087991,13.222673902718762],[-7.4902168373624045,13.222024138000794],[-7.490432930757732,13.221709568279076],[-7.490567192203602,13.221344539193467],[-7.49116731284728,13.2216329500125],[-7.491307326144643,13.221942786176264],[-7.491538426155534,13.222137825608858],[-7.491541787117637,13.22229397788621],[-7.4917054133234355,13.222425137312186],[-7.4919485723855725,13.222241286242209],[-7.492381523045869,13.222287568032879],[-7.492494809542841,13.222251508260182],[-7.492437937359639,13.222463877199004],[-7.492492593073569,13.222837964774147],[-7.492275785778532,13.223247272703425],[-7.492233229476774,13.223828765217355],[-7.492125185824579,13.224026072002363],[-7.492127762609682,13.224233209019499],[-7.491748366326779,13.224669422015008],[-7.491641620579299,13.224996944561363],[-7.491651281492974,13.225089201930043],[-7.491451426682506,13.225408842203139],[-7.491442242982288,13.225668344386685],[-7.491244627246548,13.225548379156255],[-7.491051005372942,13.22560631280778],[-7.490769854648857,13.225551398286477],[-7.490683474372792,13.225472333735722],[-7.490594601364677,13.22526455738408],[-7.4902632979690855,13.225330652764594],[-7.490103188413502,13.225490705367957],[-7.489855007945925,13.22554449186996],[-7.489678080190956,13.225462893269805],[-7.4895769503591065,13.225233759731703],[-7.489358189258518,13.225208116778463],[-7.489297981882286,13.225139245318044],[-7.48917191679365,13.225273989790962],[-7.489026641549674,13.225173643013694],[-7.489087727983177,13.224906009930246],[-7.489257789638869,13.224850829896491],[-7.489428559743456,13.224668011653224]]]}},{"id":"435","type":"Feature","properties":{"id":"323","date_realisation":"2026/01/30","commune":"Sirakorola","village":"DOKALA","surface_ha":27.5905,"technologie":"Cordon pierreux","type_beneficiaire":"Propriétaire individuel (appartenant à un ménage)"},"geometry":{"type":"Polygon","coordinates":[[[-7.486697118118447,13.227934820758263],[-7.4869483000052375,13.227910000001026],[-7.4874150000052415,13.227965000001038],[-7.487716700005229,13.228091700000999],[-7.48772181800258,13.228148267393612],[-7.489113670577926,13.227969375853132],[-7.4894384674417465,13.227819198920526],[-7.489945559470677,13.227951184725653],[-7.4902508580526606,13.227918073244808],[-7.490369622202692,13.227818803467718],[-7.4906573043541895,13.227753741733624],[-7.490842491034479,13.227635934211367],[-7.491106598764718,13.227187561308474],[-7.4915720383488615,13.227088045881096],[-7.491901503717325,13.226941353494784],[-7.49226654140994,13.226877748283815],[-7.492361747486057,13.226717292574019],[-7.49269561223477,13.226718752039714],[-7.492746639642253,13.226750897797153],[-7.492755816393998,13.22704027478663],[-7.492830299339075,13.227298837741454],[-7.492949795799824,13.227395602650498],[-7.493092972249166,13.227641081538907],[-7.493252298339081,13.22822329585611],[-7.493469995448254,13.228349583724517],[-7.4934866323605,13.228596857745886],[-7.493678049829589,13.228738545366182],[-7.493940278203091,13.228804401704922],[-7.494368129940853,13.228823652399296],[-7.494556326287291,13.22891947266962],[-7.494796029540923,13.229387071968832],[-7.494819655376728,13.229542492860453],[-7.49494654602577,13.22967814080064],[-7.494237720745257,13.229897097825619],[-7.493708055477988,13.230556747134868],[-7.493596026955804,13.230859226451651],[-7.493432468998808,13.23082577911356],[-7.493266370985346,13.230690068333896],[-7.493051581751591,13.230614520989397],[-7.4927698921963195,13.230618412881563],[-7.492432878050578,13.230735595722845],[-7.492110751731613,13.230546046895839],[-7.491970254734357,13.230555496844982],[-7.491880172889675,13.230691548773214],[-7.49164025684984,13.23067263183778],[-7.49152235239892,13.230719574640858],[-7.491515789922843,13.230931713844086],[-7.4915788407563415,13.230999210402093],[-7.491624868005132,13.231197590753881],[-7.491387955520632,13.231148125146019],[-7.490743263145759,13.231174166934526],[-7.490528362476559,13.231142225888625],[-7.490376154551746,13.23132839991041],[-7.489996892841106,13.231519148553685],[-7.48996654548682,13.231685104363958],[-7.490040656854798,13.231803680120741],[-7.489720800802489,13.231758348800438],[-7.489677770543801,13.231625883604597],[-7.4891606343821655,13.231278829789272],[-7.488989371026327,13.230838290669652],[-7.488839443632422,13.230742465449751],[-7.488422925119064,13.23068242217075],[-7.487570028201376,13.230651800747925],[-7.487502845438828,13.230605594712388],[-7.487429448787603,13.230327572292994],[-7.487277466682403,13.230142209982462],[-7.487121700005236,13.229471700001023],[-7.4869800000052305,13.229425000001054],[-7.48690670000523,13.229151700001019],[-7.486615000005257,13.228913300001041],[-7.4866404466729355,13.22799163570745],[-7.486697118118447,13.227934820758263]]]}},{"id":"436","type":"Feature","properties":{"id":"324","date_realisation":"2026/01/30","commune":"Sirakorola","village":"DOKALA","surface_ha":11.7908,"technologie":"Cordon pierreux","type_beneficiaire":"Propriétaire individuel (appartenant à un ménage)"},"geometry":{"type":"Polygon","coordinates":[[[-7.48584722714302,13.227825164451778],[-7.485770193922847,13.227661954673145],[-7.4856703855977305,13.227609006431534],[-7.485760664641873,13.227403883873905],[-7.485964838897978,13.227253511513192],[-7.485970806823859,13.227101446974578],[-7.48591318943243,13.226990465428912],[-7.485733701107353,13.226895547191312],[-7.485691778843408,13.226290781528217],[-7.485924510340139,13.226129146030862],[-7.486760187956891,13.225928591968],[-7.486891349833414,13.225731782626992],[-7.487071717187218,13.225621351274992],[-7.487114958764593,13.225438225857216],[-7.48717907541207,13.225440263661037],[-7.487181399098071,13.225652115904056],[-7.48723403493352,13.225744481233917],[-7.487442656671882,13.225862690566691],[-7.4880608595795985,13.225718105735162],[-7.488564476044841,13.225756052045003],[-7.4890365448724925,13.225510607590046],[-7.489321066399573,13.22617648518622],[-7.489695429398848,13.226156099398157],[-7.48987272243154,13.226099976250133],[-7.490221014856706,13.225886700008054],[-7.490578302486671,13.225900848109644],[-7.490905804195427,13.225708835269419],[-7.490937185247433,13.22562534509796],[-7.491005325155991,13.225626152281192],[-7.491354013130593,13.225937791700519],[-7.491377495273023,13.226454124261664],[-7.49155085902145,13.226662263977962],[-7.49176300793978,13.226732587506048],[-7.491747389868183,13.226772996529771],[-7.491592090981717,13.226793268510278],[-7.491133677631173,13.227008201124361],[-7.490561423422586,13.227033616361311],[-7.490275236881919,13.22709770917943],[-7.489566744248268,13.227521181940046],[-7.4887020861036735,13.227729138321711],[-7.4881065264829925,13.227979030775854],[-7.487625297395189,13.228003985175718],[-7.487059168794916,13.22789156410629],[-7.486489535403818,13.227845033333564],[-7.486133961763433,13.227904495154954],[-7.4860599845206774,13.228010016336803],[-7.48584722714302,13.227825164451778]]]}},{"id":"437","type":"Feature","properties":{"id":"325","date_realisation":"2026/01/30","commune":"Sirakorola","village":"DOKALA","surface_ha":64.9692,"technologie":"Cordon pierreux","type_beneficiaire":"Propriétaire individuel (appartenant à un ménage)"},"geometry":{"type":"Polygon","coordinates":[[[-7.481463968586063,13.233510990260761],[-7.481528231268211,13.233544370807902],[-7.4816018097956505,13.232967274256612],[-7.481832584899567,13.231923481520214],[-7.4821155780341355,13.231416021077727],[-7.482145057507825,13.231068925348467],[-7.4823309560674005,13.230764581619308],[-7.482535327568027,13.230247921750816],[-7.48307386943344,13.229607568092133],[-7.483332965573211,13.229377551364202],[-7.483993480792943,13.229404462183332],[-7.484691973141761,13.229263182024344],[-7.484790463580659,13.229135379348586],[-7.484895577171963,13.2287872718315],[-7.485174353260496,13.228305818107783],[-7.485302567595852,13.228196365125262],[-7.4854153949585385,13.228169125117113],[-7.4854419923586635,13.22839602602189],[-7.48557409230215,13.228565844166429],[-7.485743881625054,13.228988407073725],[-7.486084044488434,13.229239298756365],[-7.48620718796107,13.229481936518965],[-7.4866483951783245,13.22982942815281],[-7.486675279335378,13.229961089226645],[-7.486835132426203,13.230191474087082],[-7.4870258567935,13.230305056468804],[-7.487144071086928,13.230462145880232],[-7.487300057485491,13.23053143265505],[-7.48747280688629,13.2308957164306],[-7.488241306165206,13.230859839469298],[-7.4886700571876075,13.230913804012397],[-7.488751773171127,13.23098736212888],[-7.488868022708159,13.230985338848768],[-7.4889122869446325,13.231290366721382],[-7.489150886635237,13.231581512410514],[-7.489328882886087,13.23165624378349],[-7.489430808158956,13.231870808835792],[-7.489233227665287,13.23203231126478],[-7.48903783714356,13.232109100486165],[-7.488890837496726,13.232295921437965],[-7.488708789857718,13.23268229745285],[-7.488467265913734,13.232914534589353],[-7.488303802186924,13.233348678994528],[-7.488122386153683,13.23357745543361],[-7.48796453212026,13.233633009869862],[-7.487691526995857,13.233855038139655],[-7.487581933096684,13.23428301121129],[-7.487474420703817,13.234413241776195],[-7.487409239207582,13.234672323372859],[-7.4873705440476455,13.235019440658007],[-7.487435687899654,13.23536611181188],[-7.487096360207161,13.23549241946575],[-7.486960245424415,13.235594474383625],[-7.486711525793371,13.235887871857747],[-7.486634115475304,13.236098834253267],[-7.48634811216255,13.236086718642747],[-7.486158304378087,13.23602135069007],[-7.485928272722055,13.235531525961239],[-7.4857456385682575,13.235355911165787],[-7.485642531664053,13.235117429163822],[-7.485525321734554,13.235068794196458],[-7.485346917228749,13.234839627773505],[-7.484978628067761,13.23488685011043],[-7.4848243131620045,13.235005800846533],[-7.484846489564244,13.235108332863962],[-7.483853374324444,13.235166514998065],[-7.483707375210173,13.235453532432913],[-7.483709135426777,13.235851933173976],[-7.483523102033935,13.236245658079621],[-7.483522217934233,13.236549071296746],[-7.483695840615838,13.23666034681878],[-7.483748665488345,13.236758609175933],[-7.483838940773442,13.237039619449446],[-7.483896688487085,13.23745682640644],[-7.483968857159532,13.237493653535763],[-7.484047794983485,13.237907587215865],[-7.483940795531567,13.238099270637022],[-7.482891614852471,13.238078667470788],[-7.482794878001076,13.238246813044473],[-7.482771574155944,13.23906099399585],[-7.482841069845964,13.23931495847845],[-7.482602031019969,13.239549713694666],[-7.4820217780238885,13.239881621287429],[-7.481872046632132,13.240080985089318],[-7.48142252580344,13.24027901970677],[-7.481158398098736,13.240350987389956],[-7.4810615172113755,13.240323566243653],[-7.480979252280161,13.240143939531544],[-7.480566186454628,13.24013650140734],[-7.479864875870406,13.240378470120913],[-7.479446020516424,13.240396418104806],[-7.479037257362906,13.240595973310619],[-7.478820930181658,13.240587330924653],[-7.478762776929397,13.240692000970924],[-7.478646752908092,13.240514027564576],[-7.478797271899502,13.240224834720387],[-7.478980769797065,13.239068597097758],[-7.479186875268684,13.238405644375167],[-7.479300808213258,13.238214891801482],[-7.47972491978416,13.238084739439895],[-7.4798666185072555,13.237937497410392],[-7.480240926576756,13.237135033878824],[-7.48078228848268,13.237007707458945],[-7.481006298112794,13.236610126963177],[-7.481168549835339,13.235562270075679],[-7.481016352979545,13.235011051286856],[-7.480988816129014,13.234171030098363],[-7.48092507116922,13.233699673418668],[-7.480861300135724,13.233586702603455],[-7.481463968586063,13.233510990260761]]]}},{"id":"438","type":"Feature","properties":{"id":"326","date_realisation":"2026/01/30","commune":"Sirakorola","village":"DOKALA","surface_ha":32.6962,"technologie":"Cordon pierreux","type_beneficiaire":"Terres collectives/communautaires pour le village"},"geometry":{"type":"Polygon","coordinates":[[[-7.477536974413754,13.233586646577661],[-7.477453668359241,13.23342392611788],[-7.47701280199179,13.23311284526382],[-7.476764282237344,13.233003132381652],[-7.476524410815397,13.232990657117867],[-7.476202547120445,13.232850977775168],[-7.47614828267236,13.232748864804636],[-7.475870708456419,13.232631051680888],[-7.475502062831967,13.232305353599116],[-7.475206544937633,13.23221134487231],[-7.47490946109915,13.232010395516875],[-7.474878767889313,13.231957175080682],[-7.475045553451767,13.231290416931698],[-7.475740165924238,13.23072632457724],[-7.476217903239882,13.230585244817956],[-7.476804889895015,13.230540256281229],[-7.476971662547858,13.23045952374729],[-7.477340435311525,13.230409091930504],[-7.477509199052626,13.23055666588458],[-7.47778837863738,13.230686135866465],[-7.478099786598437,13.23075178827997],[-7.478228381007237,13.230680784732176],[-7.478339671911215,13.230197448709278],[-7.478300319423061,13.229894919596509],[-7.478320099427384,13.229557320097324],[-7.478225080485674,13.229255950856562],[-7.478259278111438,13.22897261759131],[-7.478293677156581,13.228965203149166],[-7.478894376927209,13.229093368675152],[-7.479081308757271,13.229168871526596],[-7.479127267408533,13.229277895499733],[-7.479424457583322,13.229409238390534],[-7.480229742378135,13.229380293622958],[-7.48060519273508,13.229447803676473],[-7.481101634970222,13.229752115012964],[-7.481426299243498,13.229804912589364],[-7.481683156855445,13.22994803734982],[-7.481705259156579,13.230871467139025],[-7.481544319032539,13.231249732811394],[-7.481449780091507,13.231729537466942],[-7.481340210726593,13.231840146614518],[-7.481155838234973,13.232367616508558],[-7.481053578098145,13.232472440233018],[-7.48077020971843,13.233031767492397],[-7.4806432055137035,13.233594135837576],[-7.480593684094562,13.233695025456283],[-7.480342491930524,13.233919734540283],[-7.48019753888645,13.234314895591103],[-7.4801773941530385,13.234983877675907],[-7.480325511069387,13.235577980588245],[-7.4802692862694755,13.236446757278625],[-7.480227205553672,13.236585883723855],[-7.480149415845438,13.23658070223528],[-7.479969666523086,13.236704368625272],[-7.479661908247346,13.236983928951906],[-7.479614675901038,13.237123138271732],[-7.479368366808335,13.237234248528079],[-7.478870650960894,13.237213436184382],[-7.478799896687728,13.237125191327097],[-7.478481221471282,13.23697278097792],[-7.478215831083451,13.236757257426492],[-7.478268912740958,13.235667004288686],[-7.478428448604405,13.23435481949398],[-7.478324033927268,13.234057433530598],[-7.478226975824223,13.233955136465498],[-7.477956595277351,13.233765420417322],[-7.477800190414905,13.233760176949772],[-7.477682601599929,13.233636595620723],[-7.477536974413754,13.233586646577661]]]}},{"id":"439","type":"Feature","properties":{"id":"327","date_realisation":"2026/01/30","commune":"Sirakorola","village":"DOKALA","surface_ha":8.5142,"technologie":"Cordon pierreux","type_beneficiaire":"Propriétaire individuel (appartenant à un ménage)"},"geometry":{"type":"Polygon","coordinates":[[[-7.482567020583638,13.226747620500058],[-7.482641041699379,13.226678872285616],[-7.4830553142459015,13.226613748053865],[-7.483392572648283,13.227630028247589],[-7.483561343519678,13.227799679363835],[-7.483889769061762,13.227968764579655],[-7.484126942178824,13.228504109371153],[-7.483982757145419,13.228725856277263],[-7.483590902299591,13.2290764287293],[-7.4830416497116286,13.229240609264876],[-7.482773596086402,13.229431830490237],[-7.481742887436784,13.229843751898073],[-7.481363762467934,13.229722300106632],[-7.480728472071915,13.229323571394003],[-7.48074263941497,13.229208682785023],[-7.4809165046586505,13.228944522405962],[-7.480869577524588,13.228620359786959],[-7.481040125813753,13.228398209643059],[-7.481113448142093,13.22820913790684],[-7.48119716607048,13.227062305223162],[-7.481316441028273,13.226862296297561],[-7.481731847144761,13.226892662844033],[-7.482264203377874,13.226830649064823],[-7.482406166226968,13.226701215046871],[-7.482567020583638,13.226747620500058]]]}},{"id":"440","type":"Feature","properties":{"id":"328","date_realisation":"2026/01/30","commune":"Sirakorola","village":"SIKOUNA","surface_ha":20.5161,"technologie":"Cordon pierreux","type_beneficiaire":"Propriétaire individuel (appartenant à un ménage)"},"geometry":{"type":"Polygon","coordinates":[[[-7.523536700004464,13.300735000001097],[-7.524470000004444,13.300688300001092],[-7.524539963769597,13.300746243593291],[-7.524553591111886,13.301077566805764],[-7.524601656850056,13.301160111924197],[-7.525325563451575,13.301129616900742],[-7.5254837203043765,13.301140801308568],[-7.525554573591251,13.301224287073671],[-7.52554084561733,13.302444370473715],[-7.525897419540061,13.304599514442671],[-7.52525560693211,13.30475514169263],[-7.523406005020441,13.305069734658726],[-7.523457407357796,13.30525843657843],[-7.523343747107098,13.305302126592004],[-7.521756090108738,13.305574914035088],[-7.521706700004486,13.305375000001094],[-7.521705000004486,13.304515000001079],[-7.521590000004496,13.303303300001112],[-7.521580000004496,13.302821700001129],[-7.521660000004501,13.3022467000011],[-7.521613300004504,13.3009667000011],[-7.5216467000045055,13.300880000001088],[-7.522583300004476,13.300800000001122],[-7.523033300004467,13.30070670000107],[-7.523536700004464,13.300735000001097]]]}},{"id":"441","type":"Feature","properties":{"id":"329","date_realisation":"2026/01/31","commune":"Sirakorola","village":"SIKOUNA","surface_ha":15.6284,"technologie":"RNA","type_beneficiaire":"Propriétaire individuel (appartenant à un ménage)"},"geometry":{"type":"Polygon","coordinates":[[[-7.523575000004469,13.300656700001078],[-7.522548300004475,13.30070830000109],[-7.522070000004489,13.300830000001094],[-7.5218833000044905,13.300785000001083],[-7.521696700004505,13.300818300001083],[-7.521560000004503,13.300943300001105],[-7.521600000004497,13.301738300001094],[-7.521555000004498,13.30202170000108],[-7.521603300004497,13.302625000001095],[-7.521546700004506,13.30295330000109],[-7.521578300004506,13.303378300001125],[-7.521536700004509,13.303705000001125],[-7.521440000004508,13.30371670000109],[-7.521186700004515,13.303631700001086],[-7.520603300004511,13.303300000001105],[-7.519973300004535,13.303233300001077],[-7.519243300004538,13.302971700001093],[-7.518485000004556,13.302646700001096],[-7.518233300004573,13.302413300001108],[-7.518196700004577,13.302200000001083],[-7.518225000004564,13.30173330000111],[-7.518150000004563,13.301251700001083],[-7.518021700004561,13.30107500000108],[-7.518041700004581,13.300826700001082],[-7.518776700004551,13.300450000001078],[-7.519963300004536,13.300033300001079],[-7.52037000000453,13.299925000001092],[-7.521245000004507,13.299843300001116],[-7.522808300004484,13.299555000001108],[-7.523978300004458,13.299416700001089],[-7.524021700004465,13.299510000001085],[-7.523998300004451,13.299760000001097],[-7.524095000004459,13.300503300001068],[-7.5240733000044555,13.300620000001098],[-7.523633300004469,13.3006933000011],[-7.523575000004469,13.300656700001078]]]}},{"id":"442","type":"Feature","properties":{"id":"330","date_realisation":"2026/01/31","commune":"Sirakorola","village":"SIKOUNA","surface_ha":36.1001,"technologie":"Cordon pierreux","type_beneficiaire":"Propriétaire individuel (appartenant à un ménage)"},"geometry":{"type":"Polygon","coordinates":[[[-7.50899170000475,13.294391700001094],[-7.508983300004744,13.29444330000108],[-7.508401700004763,13.294333300001076],[-7.507483300004789,13.294368300001105],[-7.506526700004786,13.294096700001093],[-7.505963300004802,13.294063300001088],[-7.505748300004811,13.294005000001103],[-7.505701700004821,13.293923300001062],[-7.505716700004817,13.293505000001081],[-7.505630000004817,13.293350000001077],[-7.505986700004826,13.292391700001088],[-7.506071700004822,13.291981700001106],[-7.50628830000481,13.291336700001072],[-7.50637330000479,13.29094000000107],[-7.506361700004795,13.29051500000107],[-7.506423300004808,13.290268300001067],[-7.506500000004806,13.290196700001092],[-7.506635000004797,13.290188300001093],[-7.507183300004787,13.290231700001073],[-7.5082017000047765,13.290170000001096],[-7.509123300004746,13.290003300001091],[-7.510075000004729,13.289923300001082],[-7.511168300004718,13.289726700001081],[-7.512273300004697,13.289660000001085],[-7.512656700004681,13.289563300001076],[-7.512721700004687,13.28964330000107],[-7.512956700004679,13.290761700001067],[-7.513606700004653,13.29179000000108],[-7.51337670000467,13.292223300001073],[-7.51275830000468,13.293071700001086],[-7.5121100000047,13.293750000001092],[-7.511610000004687,13.294086700001106],[-7.511613300004705,13.29418830000108],[-7.51113830000471,13.294598300001098],[-7.510738300004721,13.294665000001073],[-7.510091700004724,13.294540000001072],[-7.509710000004723,13.29459670000106],[-7.509341700004741,13.294500000001099],[-7.509095000004738,13.29448670000107],[-7.50899170000475,13.294391700001094]]]}},{"id":"443","type":"Feature","properties":{"id":"331","date_realisation":"2026/01/31","commune":"Sirakorola","village":"SIKOUNA","surface_ha":9.8307,"technologie":"Cordon pierreux Demi-lune + Demi-lune + Cordon pierreux","type_beneficiaire":"Propriétaire individuel (appartenant à un ménage)"},"geometry":{"type":"Polygon","coordinates":[[[-7.499996700004932,13.296251700001076],[-7.4988921349072895,13.296549515938736],[-7.498828196479258,13.296650914873927],[-7.498646409867139,13.29677604064623],[-7.498489661110512,13.296998556796007],[-7.49831672817607,13.297103315205149],[-7.497941891348343,13.297462613560832],[-7.497598616973935,13.297698187205853],[-7.497567099423048,13.297667216296343],[-7.49756792222291,13.297358519607947],[-7.497911231664667,13.296743394028661],[-7.497818929394321,13.29663755338701],[-7.497904810464811,13.29612471160404],[-7.497885751344635,13.29608811605985],[-7.497588790430863,13.296153793652879],[-7.497471322210342,13.296102911647132],[-7.497337487417369,13.29553217828188],[-7.497336426900624,13.294959089875508],[-7.497242643087689,13.294737874228653],[-7.497290827596015,13.294533200461933],[-7.497459810530956,13.294487794270934],[-7.497655103278093,13.294267936109796],[-7.497762170290479,13.29425527774455],[-7.497856393141036,13.294178486387306],[-7.4994737331872825,13.293778973380173],[-7.499830877609163,13.293640572165296],[-7.499937607938701,13.293528972810405],[-7.500059523492325,13.293494652230578],[-7.500087944281191,13.293841546146547],[-7.500185000004924,13.2942233000011],[-7.500715000004913,13.295225000001052],[-7.500781700004921,13.295480000001067],[-7.500628300004922,13.295818300001077],[-7.499996700004932,13.296251700001076]]]}},{"id":"444","type":"Feature","properties":{"id":"332","date_realisation":"2026/01/31","commune":"Sirakorola","village":"MPIABOUGOU","surface_ha":11.0277,"technologie":"RNA","type_beneficiaire":"Propriétaire individuel (appartenant à un ménage)"},"geometry":{"type":"Polygon","coordinates":[[[-7.462273300005766,13.286955000001052],[-7.460400000005815,13.286970000001036],[-7.459765000005817,13.287061700001033],[-7.4596333000058195,13.286823300001075],[-7.4593817000058085,13.285868300001038],[-7.45897330000585,13.284963300001046],[-7.458935000005832,13.284848300001059],[-7.458978300005844,13.284768300001032],[-7.459966700005819,13.284496700001055],[-7.461048300005774,13.284403300001049],[-7.461966700005769,13.28424330000106],[-7.462473300005756,13.284101700001058],[-7.462563300005743,13.284125000001026],[-7.462810000005744,13.284945000001054],[-7.462971700005731,13.286266700001045],[-7.463101700005744,13.28673670000107],[-7.462273300005766,13.286955000001052]]]}},{"id":"445","type":"Feature","properties":{"id":"333","date_realisation":"2026/01/31","commune":"Sirakorola","village":"MPIEBOUGOU","surface_ha":31.9054,"technologie":"Cordon pierreux","type_beneficiaire":"Propriétaire individuel (appartenant à un ménage)"},"geometry":{"type":"Polygon","coordinates":[[[-7.505881700004807,13.27581670000106],[-7.505667715879465,13.275568959958804],[-7.5055257179790384,13.275477441352226],[-7.50495636843676,13.275306238927667],[-7.505290382375707,13.275087770536766],[-7.50591810183673,13.274797841884935],[-7.506449076354115,13.274426436338016],[-7.507131144070128,13.273784232966623],[-7.50756553554671,13.27323850768159],[-7.508063535877887,13.272859780478216],[-7.508572054282121,13.272629689453854],[-7.509068358200629,13.272292827769883],[-7.509364643749253,13.272059495062337],[-7.509494048773171,13.271896566057881],[-7.509705592206421,13.271768523523113],[-7.509831931961109,13.271620433954865],[-7.509837201109425,13.27154523320282],[-7.510129110653579,13.271420950885473],[-7.510451419959438,13.271092970554182],[-7.510659830469997,13.271036044234437],[-7.511135075210963,13.270697388921105],[-7.511437824083195,13.270285371124999],[-7.511731965878687,13.270080675039466],[-7.511788536711454,13.269991714849727],[-7.511879725479601,13.26996730563167],[-7.512000614931759,13.26984816194063],[-7.512251347826225,13.270031395709712],[-7.5123337919027815,13.270395541065371],[-7.512286726589762,13.270502707985402],[-7.512329187941042,13.271059342196569],[-7.512288039269655,13.271293696219308],[-7.5121535019956305,13.271503264388],[-7.5118234710490235,13.27164021177216],[-7.511764269954973,13.271797027196154],[-7.511809125739236,13.272106535293073],[-7.5120782333679355,13.272287040248168],[-7.512238901396592,13.272451876804428],[-7.512252819535867,13.272537319706021],[-7.512141733488064,13.272640358314161],[-7.511651949678264,13.272668064170654],[-7.511450928230148,13.272771407888872],[-7.511463259842593,13.273201813469653],[-7.511175318598153,13.273320433089008],[-7.510963603981463,13.273486298572578],[-7.510928326476094,13.273754166465944],[-7.511038460607997,13.273887245543651],[-7.511420976216228,13.273862158167281],[-7.51197820115234,13.273704753693169],[-7.512474778298182,13.273692319599949],[-7.512546858348795,13.273793437301501],[-7.512611246585075,13.274302931036846],[-7.512420499655709,13.274510307790848],[-7.512186205910954,13.274922624919682],[-7.511522866612175,13.27525804560031],[-7.5112907839839735,13.275316542586786],[-7.5112343854019805,13.275392369858302],[-7.511102529484687,13.275436193860155],[-7.510434681141115,13.275900559409006],[-7.510355913243009,13.27607583871456],[-7.510163976326065,13.276123087024464],[-7.509840546824151,13.27635880656888],[-7.509217820623875,13.276471126322747],[-7.508999521143241,13.276727628207432],[-7.50898322506472,13.276838063120143],[-7.508902260114506,13.276897617617841],[-7.508810676814046,13.276891615125576],[-7.50877221713531,13.276982563672089],[-7.508717451062398,13.276952086459241],[-7.508594073076633,13.277091608223822],[-7.508513430567174,13.277116259094562],[-7.50818952005027,13.277570271133275],[-7.508051231447599,13.277162534561525],[-7.507966975003039,13.27710149615983],[-7.506791700004812,13.277596700001062],[-7.50598330000481,13.277771700001052],[-7.505988300004817,13.277660000001084],[-7.506101700004824,13.277413300001067],[-7.506303300004822,13.277208300001066],[-7.506340000004814,13.277093300001072],[-7.506140000004831,13.276763300001084],[-7.50573500000482,13.276398300001045],[-7.505881700004807,13.27581670000106]]]}},{"id":"446","type":"Feature","properties":{"id":"334","date_realisation":"2026/01/31","commune":"Sirakorola","village":"MPIEBOUGOU","surface_ha":6.1682,"technologie":"Cordon pierreux","type_beneficiaire":"Terres collectives/communautaires pour le village"},"geometry":{"type":"Polygon","coordinates":[[[-7.514528300004655,13.277145000001088],[-7.514230000004653,13.276968300001073],[-7.514180000004662,13.276875000001104],[-7.514183300004654,13.276480000001078],[-7.5139083000046645,13.275990000001087],[-7.514166700004666,13.275231700001074],[-7.514131700004658,13.275018300001069],[-7.513743300004667,13.274235000001086],[-7.513728300004676,13.274113300001058],[-7.513766700004668,13.2739917000011],[-7.513986700004665,13.273746700001094],[-7.514358300004649,13.273666700001069],[-7.515030000004648,13.27431170000107],[-7.5152350000046235,13.274271700001055],[-7.5154233000046435,13.274115000001089],[-7.515705000004636,13.274103300001086],[-7.515835000004635,13.274145000001083],[-7.515925000004629,13.274386700001084],[-7.516113300004626,13.274560000001044],[-7.516368300004626,13.274668300001103],[-7.5165033000046115,13.274633300001064],[-7.51659330000462,13.274730000001075],[-7.516545000004614,13.27483500000109],[-7.515855000004631,13.275233300001092],[-7.51553000000464,13.275680000001058],[-7.515406700004636,13.275741700001072],[-7.515363300004637,13.2758500000011],[-7.515480000004648,13.276115000001079],[-7.515435000004634,13.27624830000109],[-7.515038300004637,13.276613300001069],[-7.515196700004637,13.27725330000106],[-7.514528300004655,13.277145000001088]]]}},{"id":"447","type":"Feature","properties":{"id":"335","date_realisation":"2026/01/31","commune":"Sirakorola","village":"KOROKA","surface_ha":16.0705,"technologie":"Cordon pierreux Demi-lune + Demi-lune + Cordon pierreux","type_beneficiaire":"Terres collectives/communautaires pour le village"},"geometry":{"type":"Polygon","coordinates":[[[-7.667951700002382,13.259330000001126],[-7.667663300002392,13.259128300001096],[-7.667425000002399,13.259146700001118],[-7.666981700002395,13.25907670000114],[-7.666761700002398,13.25896000000112],[-7.666485000002413,13.258715000001118],[-7.666133300002405,13.258581700001118],[-7.666030000002402,13.258565000001115],[-7.6658033000024055,13.258626700001114],[-7.665503300002413,13.258860000001137],[-7.665086700002415,13.258748300001136],[-7.66502830000242,13.258638300001135],[-7.665146700002428,13.258285000001123],[-7.665158300002418,13.257918300001103],[-7.665368300002416,13.257676700001161],[-7.6654917000024225,13.257666700001138],[-7.665640000002421,13.257506700001132],[-7.666365000002408,13.257100000001145],[-7.666395000002406,13.256851700001112],[-7.666708300002396,13.256635000001133],[-7.667070000002387,13.256286700001159],[-7.667450000002398,13.256221700001138],[-7.667608300002402,13.256405000001122],[-7.667855258436748,13.25645249655835],[-7.668215984069017,13.256339915081876],[-7.668414762841761,13.256115706569357],[-7.668600129175738,13.256199611507052],[-7.66888670989727,13.256199076819728],[-7.668951545243099,13.25609445813758],[-7.66894211669609,13.255912130488827],[-7.668833006769806,13.255829072056859],[-7.668807830913277,13.25574844954639],[-7.6685950117419095,13.255677010628307],[-7.668469943379818,13.25554897821438],[-7.668473776987124,13.255359184194619],[-7.669063160944944,13.255513408923003],[-7.669290452724239,13.255818127753958],[-7.669445163184704,13.25586723844556],[-7.669491586460211,13.255973873172485],[-7.669756926170754,13.256155369278366],[-7.669869437111761,13.2561824982815],[-7.669939980000463,13.256149254843343],[-7.6701007508911765,13.256365027683207],[-7.670437176895595,13.256284651831782],[-7.6705330899088136,13.256287451530422],[-7.670579132297396,13.25635648170493],[-7.670682203500367,13.256297299594092],[-7.6708737849472675,13.256335305943871],[-7.671272262244384,13.256231357025603],[-7.6712916377075775,13.256318348785346],[-7.671416237960712,13.256379611224958],[-7.671403969802412,13.25656692795756],[-7.671565619749678,13.256582535834358],[-7.671722496257818,13.256714282631293],[-7.671769518560872,13.25686778535469],[-7.6718390187802905,13.256923181084833],[-7.671753589132642,13.257143016117475],[-7.671457077537227,13.257225498879903],[-7.671241802414332,13.257442485742548],[-7.670499181138509,13.257534215940568],[-7.670351586197249,13.2577227608812],[-7.670305309333472,13.257864148851167],[-7.67009537924515,13.257805560798115],[-7.6697681851703114,13.258061787842834],[-7.669746405212466,13.258155179565101],[-7.669853542707074,13.25829954101304],[-7.669782857443571,13.258366540727614],[-7.669746380302187,13.258631355592254],[-7.669621782020542,13.258823505942452],[-7.669624699291176,13.258916777246597],[-7.66942761559494,13.258824046965794],[-7.668963417873074,13.258801823684411],[-7.668925000002377,13.258621700001129],[-7.668815000002386,13.25858000000111],[-7.66870670000237,13.258673300001139],[-7.668700000002379,13.258796700001133],[-7.668295000002393,13.259168300001125],[-7.667951700002382,13.259330000001126]]]}},{"id":"448","type":"Feature","properties":{"id":"336","date_realisation":"2026/02/01","commune":"Sirakorola","village":"KOROKA","surface_ha":158.3421,"technologie":"Cordon pierreux","type_beneficiaire":"Terres collectives/communautaires pour le village"},"geometry":{"type":"Polygon","coordinates":[[[-7.68555500000219,13.281030000001149],[-7.685540542849473,13.281465100912989],[-7.685594312780242,13.281811499361103],[-7.685770532060661,13.282348881264703],[-7.685888739783595,13.283111862014998],[-7.685830807686386,13.283408211206913],[-7.685588348817057,13.283433141147986],[-7.6852438175839,13.283877705267448],[-7.684907516681918,13.283874210808078],[-7.684522986236346,13.28375158039012],[-7.684130346250968,13.283778932876274],[-7.683887869021865,13.283647449851523],[-7.683664522965645,13.28366730358287],[-7.683255666782677,13.283550943208198],[-7.683142839150617,13.2835583688764],[-7.683020186726152,13.283458978176297],[-7.682245974080927,13.283366522400955],[-7.682132039684613,13.28337105680661],[-7.681883125819449,13.28351807797825],[-7.681739261226188,13.283520391819035],[-7.681346808147454,13.283743387511155],[-7.680766942117874,13.283751452643264],[-7.680098427464813,13.283673120395024],[-7.67966323878501,13.28369530997424],[-7.679459916671804,13.283818979812267],[-7.679226212167597,13.28382029644873],[-7.678930872735233,13.28414149706008],[-7.678278787766722,13.284348660418658],[-7.678187514268044,13.284454105640515],[-7.678183108858916,13.284606034063243],[-7.678119485736114,13.284728098547536],[-7.67793096218412,13.284973899603315],[-7.67752651953628,13.285262280012148],[-7.677375213079174,13.2852622310675],[-7.6772433212258235,13.285439458724916],[-7.676594368503242,13.28551868501425],[-7.6761660481083815,13.285444570502955],[-7.675804159215995,13.28529582156991],[-7.675638037564026,13.285101664448774],[-7.6754889342556885,13.285065876347945],[-7.675037226375504,13.284725537860165],[-7.674738407765821,13.28418744870669],[-7.674558322651741,13.28419252695076],[-7.6744253382140215,13.284075053158789],[-7.674198208461557,13.283999601047599],[-7.674096308139703,13.28368689362743],[-7.674161380896754,13.282683299577602],[-7.674121874613619,13.282546379304264],[-7.674015604500605,13.282480739908278],[-7.673778547843631,13.28214186221713],[-7.6736426248378935,13.281712438741605],[-7.673803417682916,13.281311369721962],[-7.6739255346419215,13.281219190343155],[-7.67424258722579,13.281122851004753],[-7.674605283221496,13.280868635400568],[-7.674702477131176,13.280743700629042],[-7.674840432107928,13.280496860224263],[-7.674857820445767,13.280344943174605],[-7.675120880948244,13.279579041306345],[-7.675186182964497,13.279545663734218],[-7.675307791940616,13.27909286477174],[-7.675346671783116,13.278725159349257],[-7.675155333951697,13.278485987857552],[-7.675117920618471,13.278213282285202],[-7.675034749864828,13.278056918621454],[-7.674681376533008,13.277801045583223],[-7.674496847304356,13.277747736658885],[-7.6743387722849805,13.277537986899276],[-7.6743262356074755,13.277409476109387],[-7.67456274452655,13.276719420413368],[-7.674697262492938,13.276549590955517],[-7.6747672368197355,13.276327341532609],[-7.674703254365984,13.276198594504509],[-7.674731526410695,13.276077336449244],[-7.674684321398592,13.275881128597772],[-7.6746395164507835,13.275832383365048],[-7.67472537843882,13.275503676792342],[-7.6748079066024975,13.27544616808829],[-7.674916997594434,13.275187168582418],[-7.675003645360826,13.275139771870043],[-7.675724122182571,13.275057125307448],[-7.6758891250159005,13.274969655317346],[-7.676423127528354,13.274520098790441],[-7.676606974422703,13.274519223156133],[-7.6769684458594565,13.274406142579945],[-7.67732860847478,13.274109461294541],[-7.677648590794709,13.273937157570582],[-7.6784798443428945,13.273937036397705],[-7.679011944390555,13.273696916719125],[-7.6791624094268895,13.273696950482229],[-7.679628342697376,13.273920920263114],[-7.679727476335611,13.274104374841475],[-7.679826530930004,13.274133158041248],[-7.67988674553421,13.274275237859941],[-7.6801454993696385,13.274316136134239],[-7.680628936278581,13.2742483339171],[-7.680704899791585,13.274343639336074],[-7.680845113041466,13.274316301442006],[-7.680915401334739,13.274371178825271],[-7.6810925982615865,13.274318643383069],[-7.6810709406534095,13.274143808031663],[-7.681203535878866,13.273522839248471],[-7.681456178212054,13.273211106663851],[-7.681674554882753,13.273175206443277],[-7.681781303837921,13.27323596934378],[-7.682006164184478,13.27325863891112],[-7.682148368683304,13.273176159272294],[-7.682848311452712,13.273026772059756],[-7.683194261671231,13.273017724705204],[-7.683228742531977,13.273079842712677],[-7.683623542454007,13.272984350255987],[-7.6841351295901905,13.27223981220192],[-7.684319811691694,13.271375608948293],[-7.684232459522558,13.271058325765079],[-7.684149710311943,13.270998584361692],[-7.684305813154659,13.270552637848352],[-7.684542171550326,13.270234450114023],[-7.684801309919173,13.270093534084419],[-7.684904511187871,13.270099446241028],[-7.684951740431223,13.27018173068137],[-7.684958074720177,13.270453300152877],[-7.685085404613877,13.270423426798871],[-7.6853336982685585,13.270136582230913],[-7.685697109254898,13.270131626128506],[-7.685811875765987,13.270205112745778],[-7.685793975716939,13.270297172868185],[-7.685688812304857,13.270440675064977],[-7.6854880380502,13.270495343651305],[-7.685436073994227,13.270586678649922],[-7.685427907279092,13.270795893446389],[-7.685562130664564,13.270929646649217],[-7.685686145231886,13.270972267787256],[-7.685808683102182,13.270953958358234],[-7.685896853357743,13.271008909158363],[-7.68609222809878,13.270996453655385],[-7.686115889514121,13.270958661580748],[-7.686214026574148,13.271000560153391],[-7.686455979805253,13.270424803678246],[-7.686650268405518,13.270412167088542],[-7.686806706541228,13.270206127984425],[-7.687430810075977,13.27032986010161],[-7.6875818951667805,13.27021369619463],[-7.687721157501247,13.269949976326405],[-7.6879385173179235,13.270000290812174],[-7.688027329849356,13.270088962186586],[-7.688062295628918,13.270252285087084],[-7.688009500961814,13.270324404216579],[-7.688128089090302,13.270561249297094],[-7.6885600000021785,13.270531700001156],[-7.688848300002171,13.27039830000116],[-7.688940000002164,13.270300000001129],[-7.689038300002179,13.270061700001149],[-7.689475000002166,13.269601700001138],[-7.689780000002154,13.269303300001145],[-7.690145000002156,13.26907500000113],[-7.6902306176209905,13.268876476833869],[-7.6902480528107215,13.268625845390543],[-7.690324890758866,13.268498719774795],[-7.690343679762855,13.268070854544742],[-7.69042540861553,13.26781518570908],[-7.69057269002704,13.26772757589288],[-7.690697171389284,13.267564211072617],[-7.69079098479575,13.267551282121135],[-7.690952344478639,13.267648720583875],[-7.690953688463994,13.267744886569844],[-7.691223655911699,13.267966870010579],[-7.691444983428986,13.267933483270909],[-7.691646201481097,13.267818038701776],[-7.691656844731073,13.26774580813761],[-7.6918722827233985,13.267715561287027],[-7.69196372927057,13.26763153545236],[-7.692048586623562,13.267647314175166],[-7.692072067393128,13.267574131482656],[-7.692235448084851,13.26758560501433],[-7.692527707616215,13.26748045816885],[-7.692639961030645,13.267542846051127],[-7.692772707181538,13.267532910927377],[-7.692853474703619,13.26762744258775],[-7.692728481768574,13.26773302040073],[-7.692719091874297,13.267848988165266],[-7.692516018160123,13.26791152105372],[-7.6925002976042185,13.268037414583425],[-7.692423001218519,13.268146247948637],[-7.692315928416045,13.268175752512429],[-7.692172808141301,13.268312395818025],[-7.6921266461520785,13.26845271907195],[-7.691829088311941,13.268673126902117],[-7.691738714020881,13.268977115370607],[-7.6915375254185925,13.269104829483991],[-7.691501801417141,13.269198839175788],[-7.69142074078021,13.269238769100522],[-7.69132644426786,13.269180402329729],[-7.691201363351685,13.269198513080948],[-7.6906604366833,13.269384998192187],[-7.690456700002148,13.269535000001124],[-7.690136700002169,13.269650000001146],[-7.6900100000021645,13.269865000001154],[-7.689695000002161,13.270045000001153],[-7.6896867000021585,13.270170000001139],[-7.689470000002157,13.270648300001133],[-7.689141700002171,13.270943300001145],[-7.688886700002169,13.271046700001143],[-7.688801700002159,13.271128300001156],[-7.688701700002163,13.271111700001141],[-7.688233300002188,13.271326700001145],[-7.688138300002168,13.271418300001137],[-7.688133300002168,13.271525000001136],[-7.688018300002184,13.27171000000114],[-7.687803300002186,13.271781700001132],[-7.6876283000021655,13.27191000000114],[-7.687343300002185,13.272285000001139],[-7.687220000002182,13.272693300001158],[-7.687185000002182,13.273145000001128],[-7.687261700002191,13.273495000001134],[-7.687195000002187,13.273803300001177],[-7.686966700002173,13.274063300001128],[-7.686653300002184,13.274298300001131],[-7.686411700002179,13.274676700001155],[-7.68643000000219,13.274863300001131],[-7.686605000002181,13.275265000001166],[-7.6865733000021885,13.275545000001156],[-7.68647830000219,13.275825000001134],[-7.686276700002189,13.27593830000114],[-7.68579670000219,13.276415000001151],[-7.685513300002207,13.276866700001158],[-7.685466700002198,13.277115000001157],[-7.685395000002205,13.277238300001164],[-7.685595000002196,13.277483300001135],[-7.685646700002203,13.277816700001138],[-7.685546700002195,13.278146700001162],[-7.685435000002205,13.278215000001158],[-7.685391700002191,13.278458300001166],[-7.685570000002205,13.279028300001142],[-7.685530000002198,13.279255000001141],[-7.685738300002211,13.280216700001132],[-7.68555500000219,13.281030000001149]]]}},{"id":"449","type":"Feature","properties":{"id":"337","date_realisation":"2026/02/01","commune":"Sirakorola","village":"KOROKA","surface_ha":24.4127,"technologie":"Cordon pierreux","type_beneficiaire":"Propriétaire individuel (appartenant à un ménage)"},"geometry":{"type":"Polygon","coordinates":[[[-7.688470000002164,13.26972500000113],[-7.6883117000021635,13.269518300001147],[-7.688248300002176,13.268790000001145],[-7.688090000002184,13.268443300001145],[-7.687955724879929,13.268350582608825],[-7.687421389729361,13.268502713505104],[-7.687227106176583,13.268793763141243],[-7.687134502387868,13.269129950442096],[-7.687147235412213,13.269630963686025],[-7.6869929255824605,13.26962197252753],[-7.686800640398316,13.269395986049258],[-7.686349539576034,13.269231235920929],[-7.686155852152383,13.269501064438066],[-7.686182495731726,13.269825921604752],[-7.685859814491931,13.269666311856792],[-7.685764984647799,13.269547523418014],[-7.685449956098405,13.2696506401355],[-7.6850854224381875,13.269922662553785],[-7.685000431091377,13.269923910455462],[-7.68468169458734,13.270084225970072],[-7.684362734096748,13.270325227781752],[-7.6840188873114545,13.270844199308884],[-7.683748076309704,13.271016576347037],[-7.683538976060504,13.270790637682063],[-7.683372492053735,13.27071619061556],[-7.683322360706562,13.270643401212643],[-7.683303689400322,13.270369677397818],[-7.683199087341938,13.27034070578784],[-7.683069869041499,13.270027807879012],[-7.682734360583767,13.269934088617466],[-7.682660914391188,13.269678412623827],[-7.6826736034890315,13.269633344372826],[-7.6828255617202075,13.269714847553601],[-7.683093987510268,13.269695339515197],[-7.683306100153694,13.269770993608768],[-7.683667732137392,13.269799306274464],[-7.68384554104362,13.269903321802177],[-7.684039624744431,13.26993341434557],[-7.6841101840841874,13.26990491563003],[-7.68420808640564,13.269619846010194],[-7.6844606274823155,13.269644593968009],[-7.684528911265066,13.269724918507656],[-7.684832667194031,13.269607220818024],[-7.684968489436678,13.269436125603521],[-7.684978237680287,13.269303084741777],[-7.684860262312445,13.269108312119249],[-7.685044592154713,13.26868841291079],[-7.685007763099874,13.268605061223711],[-7.6848478142886885,13.268490612015752],[-7.684874074753897,13.268277063435082],[-7.684957302216418,13.268117161365097],[-7.685082946249107,13.268058888707333],[-7.685101818598737,13.268002324879369],[-7.6854679613114705,13.267960080640076],[-7.6856210209280755,13.267740526539885],[-7.685731938923124,13.267466878635698],[-7.685753139930048,13.267276367970208],[-7.685700080586207,13.267066176220975],[-7.685329146357984,13.266822105224016],[-7.685334398257737,13.266783718769355],[-7.685709143819804,13.266623062540528],[-7.686000534990354,13.266623058095302],[-7.686304299972683,13.266536406742661],[-7.686709079624621,13.26657610562299],[-7.687147810538957,13.266349641865943],[-7.687405372145561,13.265953290952343],[-7.687831119592117,13.265569340151485],[-7.688007075257388,13.265144859401461],[-7.688178263553534,13.264998053905222],[-7.688353799330626,13.26493130491197],[-7.688381915139478,13.264834572897088],[-7.688587669428918,13.264660466162868],[-7.688840648465733,13.26427342285595],[-7.689002992795903,13.264248852074058],[-7.689196334423334,13.264299767393808],[-7.689435814004367,13.264594883531037],[-7.689596702194477,13.2649835295115],[-7.6902147785432,13.26543424119744],[-7.6903662566074305,13.26561003203957],[-7.690717542632319,13.265608810450905],[-7.690841313250538,13.265536349561135],[-7.691092409469346,13.265708564727337],[-7.690966096663575,13.266186150970347],[-7.691063117028074,13.266424480095344],[-7.691192351067528,13.266527430646281],[-7.691122832001468,13.266661617721448],[-7.691048056530673,13.266671524515555],[-7.690890476232793,13.266861389727453],[-7.690886145889102,13.266946607953429],[-7.690790982651429,13.267086131413356],[-7.690628634821604,13.267103937711376],[-7.690205460429944,13.267362210973998],[-7.690178224944127,13.267494906072255],[-7.690097418732409,13.267529499565967],[-7.6899070110930605,13.267805141987191],[-7.6899068131942885,13.26798262728002],[-7.689800000002155,13.268056700001145],[-7.689990000002152,13.268221700001146],[-7.690080000002152,13.268468300001153],[-7.69005330000216,13.268596700001142],[-7.689895000002154,13.26878330000115],[-7.689816700002158,13.269113300001157],[-7.689038300002172,13.269428300001131],[-7.688470000002164,13.26972500000113]]]}},{"id":"450","type":"Feature","properties":{"id":"338","date_realisation":"2026/02/01","commune":"Sirakorola","village":"KOROKA","surface_ha":58.7902,"technologie":"Cordon pierreux","type_beneficiaire":"Terres collectives/communautaires pour le village"},"geometry":{"type":"Polygon","coordinates":[[[-7.667936700002391,13.260686700001147],[-7.667818300002396,13.26051670000113],[-7.6677200000023955,13.260458300001117],[-7.667363300002387,13.260523300001148],[-7.66700830000239,13.260495000001134],[-7.666945000002408,13.260571700001128],[-7.666886700002395,13.260823300001142],[-7.666711700002398,13.260973300001128],[-7.666378300002413,13.260941700001121],[-7.666311700002397,13.260723300001144],[-7.6665267000024135,13.260321700001155],[-7.666421700002398,13.260108300001134],[-7.666435000002389,13.260016700001124],[-7.666595000002404,13.259866700001124],[-7.667258300002402,13.259513300001116],[-7.667585000002403,13.259428300001142],[-7.667893300002386,13.259615000001126],[-7.668118300002378,13.25965330000114],[-7.6685883000023765,13.259485000001131],[-7.669358300002356,13.259510000001116],[-7.6695483000023605,13.259635000001142],[-7.669495000002378,13.259755000001121],[-7.669583300002364,13.25983670000112],[-7.669694464210966,13.260082625080894],[-7.669813107935306,13.260094338958837],[-7.669977413689561,13.260096035293607],[-7.670256813885065,13.259981971706098],[-7.670424551308427,13.259807258713641],[-7.670776071937996,13.259794026316515],[-7.671469678558782,13.259587980219388],[-7.671496473484695,13.259539114781388],[-7.671704700366121,13.259555341960045],[-7.672045490957521,13.25989713072848],[-7.672461993351706,13.259923277849095],[-7.6726873034989564,13.259879225685427],[-7.6730520880564255,13.260063387426028],[-7.674007796837465,13.260041263950788],[-7.674093754895283,13.260020666921164],[-7.674136859457642,13.259951561892473],[-7.674307362172112,13.259910837196408],[-7.6751477183247605,13.259893378937326],[-7.675342693080827,13.259678016474712],[-7.675422815057343,13.259646618546174],[-7.675456489135898,13.259492995564825],[-7.67567660985871,13.259335104486178],[-7.675707225978109,13.258964080072897],[-7.675595896023605,13.25880628013877],[-7.675649508034143,13.258601077680282],[-7.675996413224309,13.258622147054544],[-7.676260286832193,13.258500822719972],[-7.676580895578414,13.258562117508562],[-7.676654962390115,13.258489343580948],[-7.676838942385822,13.258426963756085],[-7.676957480858342,13.258481930623281],[-7.676958944743874,13.258667243920662],[-7.677036514137949,13.258933389583463],[-7.677172370783545,13.259294206889498],[-7.677285939172931,13.259464081740965],[-7.677313308734028,13.259666029435536],[-7.677402060996171,13.259832380129408],[-7.677475570626775,13.260313925708278],[-7.677646119322621,13.260525640363184],[-7.677674549132216,13.260654817493492],[-7.67758433495221,13.260881452489343],[-7.677603142022238,13.26098892307068],[-7.67752132100262,13.261143818599074],[-7.677430548819228,13.261163628143871],[-7.677301674285673,13.261414577584272],[-7.6772065288226266,13.261980747251544],[-7.6769388585179135,13.262461178439027],[-7.6769603708572784,13.262685620718097],[-7.676822119520357,13.262961273061801],[-7.6766877177135475,13.263108924751462],[-7.676246191377518,13.263067062618909],[-7.6761070949545696,13.263497631541663],[-7.676003555937511,13.263578119276229],[-7.675892064829808,13.263578114113198],[-7.675293051408042,13.264498551895695],[-7.675075146788472,13.26464691949324],[-7.6750476766055415,13.264792968091808],[-7.674960934497863,13.264792965209512],[-7.674705216728951,13.264999237150548],[-7.674245889383866,13.264998559156725],[-7.673981497323142,13.265095342126768],[-7.673804853832841,13.26510512018826],[-7.673433069978249,13.265068605820176],[-7.673138752623654,13.265179840380851],[-7.673017306180015,13.265179832207771],[-7.672816685053406,13.265273123303762],[-7.672674575003934,13.265414622321098],[-7.672269898828973,13.265487083690275],[-7.6721219122356645,13.265673582007866],[-7.672035117490626,13.26587672145197],[-7.671726414010483,13.26595099238887],[-7.671718806747243,13.266066940506283],[-7.671650381527253,13.266148645240321],[-7.67155023402931,13.266158608252484],[-7.671456521243544,13.266236489132233],[-7.671023850753019,13.266169511724785],[-7.670938295967273,13.265987367132864],[-7.670883750993077,13.265671592993023],[-7.670578235137151,13.265481334153613],[-7.6704553492102185,13.265451957480126],[-7.670371661477562,13.265531333831284],[-7.6701667831196145,13.26551160253359],[-7.669970486756852,13.265846784761356],[-7.669593102663659,13.265731354871775],[-7.669506018817632,13.26576772162123],[-7.669389205609821,13.265254286744108],[-7.669075113650533,13.264478293353465],[-7.668837502304755,13.263361694834192],[-7.6686355317519395,13.263063784767605],[-7.668477132359898,13.2629764613726],[-7.668274938294992,13.262655177213077],[-7.6680696189136786,13.262496430522472],[-7.6680222797315665,13.262341842793571],[-7.667814283399215,13.262170549238983],[-7.667928160916661,13.26186680111807],[-7.668045304395732,13.261826027869342],[-7.6682354642129855,13.261483418962413],[-7.66814000000237,13.260851700001131],[-7.667936700002391,13.260686700001147]]]}},{"id":"451","type":"Feature","properties":{"id":"339","date_realisation":"2026/02/01","commune":"Sirakorola","village":"TAMA","surface_ha":10.0352,"technologie":"Cordon pierreux RNA + RNA","type_beneficiaire":"Propriétaire individuel (appartenant à un ménage)"},"geometry":{"type":"Polygon","coordinates":[[[-7.661393300002466,13.227025000001115],[-7.66130170000248,13.227180000001095],[-7.661009739184102,13.228173334210188],[-7.660812353116641,13.22847360746091],[-7.660674138891757,13.22858149825717],[-7.6605224026486765,13.228936497308359],[-7.660520589189622,13.229606955068434],[-7.660438309484092,13.229753151022965],[-7.660404772735797,13.229994784163743],[-7.660260937700838,13.230362282396248],[-7.659965690661721,13.230674643046845],[-7.659126285587166,13.231082057266015],[-7.658670883172626,13.231453388937474],[-7.658484394724121,13.231445475266039],[-7.658356879190358,13.231377032785028],[-7.65822894968984,13.231243580341827],[-7.658142287886903,13.230922975962063],[-7.658567869845182,13.22982241651267],[-7.658680892829966,13.229190617453222],[-7.6588025620467794,13.22889727767149],[-7.658921294191842,13.228807851352789],[-7.659236619343383,13.228735523986312],[-7.659427067793515,13.228595290825083],[-7.659587739423615,13.228558272617851],[-7.6597729338662095,13.228329779816258],[-7.659950345360387,13.22790157245652],[-7.659973300002489,13.22732500000111],[-7.660210000002492,13.226526700001095],[-7.660333300002485,13.225716700001072],[-7.660411700002479,13.225660000001087],[-7.6607583000024775,13.225675000001097],[-7.661325000002479,13.225606700001102],[-7.661758300002463,13.225611700001114],[-7.66185000000247,13.225651700001102],[-7.661393300002466,13.227025000001115]]]}},{"id":"452","type":"Feature","properties":{"id":"340","date_realisation":"2026/02/01","commune":"Sirakorola","village":"TAMA","surface_ha":7.1251,"technologie":"RNA + Cordon pierreux","type_beneficiaire":"Terres collectives/communautaires pour le village"},"geometry":{"type":"Polygon","coordinates":[[[-7.658788300002492,13.227800000001105],[-7.658733300002505,13.227915000001104],[-7.657861700002505,13.228046700001096],[-7.656998300002526,13.228050000001117],[-7.656728300002525,13.227373300001112],[-7.6566850000025175,13.226883300001093],[-7.656600000002509,13.226535000001137],[-7.6566083000025325,13.226035000001097],[-7.656526700002532,13.225758300001097],[-7.65656500000252,13.225675000001116],[-7.657193300002505,13.225538300001103],[-7.657551700002514,13.225566700001115],[-7.657611700002508,13.225653300001099],[-7.6576933000025225,13.226118300001108],[-7.659168300002487,13.226310000001135],[-7.659770000002493,13.22623830000112],[-7.65987500000249,13.226295000001118],[-7.659881700002502,13.2269417000011],[-7.659815000002491,13.22758170000114],[-7.659615000002495,13.227676700001098],[-7.658788300002492,13.227800000001105]]]}},{"id":"453","type":"Feature","properties":{"id":"341","date_realisation":"2026/02/01","commune":"Sirakorola","village":"TAMA","surface_ha":79.5078,"technologie":"RNA + Cordon pierreux","type_beneficiaire":"Terres collectives/communautaires pour le village"},"geometry":{"type":"Polygon","coordinates":[[[-7.661701700002454,13.246451700001113],[-7.661606700002449,13.246018300001113],[-7.66166170000245,13.245550000001133],[-7.661998300002463,13.245490000001135],[-7.662245000002448,13.245555000001117],[-7.662595000002458,13.24548170000113],[-7.662690000002452,13.245015000001127],[-7.662846700002451,13.244666700001137],[-7.662943300002453,13.243991700001107],[-7.663036700002432,13.243950000001124],[-7.663318300002439,13.243970000001143],[-7.663566402002438,13.244103383001152],[-7.663631844002436,13.244029474001131],[-7.663662753002442,13.243704352001107],[-7.663537477002435,13.24345492100111],[-7.663430816002439,13.243083575001119],[-7.663586142002434,13.242650923001117],[-7.663609670002457,13.242458923001132],[-7.663771686002442,13.242068787001092],[-7.663943001002436,13.241882402001126],[-7.664128252002428,13.24156022800113],[-7.664295915002443,13.241378350001098],[-7.664567312002424,13.241243422001128],[-7.6657680440024025,13.240857374001113],[-7.665919689002416,13.240769101001122],[-7.666076709002401,13.240592618001111],[-7.6666371120023955,13.240245031001114],[-7.666927362002395,13.240160339001129],[-7.667184371002387,13.239988862001113],[-7.66768687300239,13.239821289001133],[-7.667828532002399,13.239821626001104],[-7.66832226500238,13.239999892001116],[-7.668463636002391,13.240129587001103],[-7.668927932002378,13.240130503001145],[-7.669071134002381,13.240173472001125],[-7.669541553002379,13.240469430001134],[-7.669904737002359,13.240564462001114],[-7.670348920002366,13.240833177001132],[-7.670678598002363,13.240880378001114],[-7.670980059002358,13.241062111001145],[-7.6717622230023474,13.24098575900112],[-7.672143044002346,13.241356425001147],[-7.672092321002334,13.242962722001108],[-7.671863868002346,13.243951215001124],[-7.67140693900235,13.245186831001131],[-7.670721515002361,13.24622475500114],[-7.669883743002374,13.246620171001137],[-7.669622532002366,13.247032213001129],[-7.669449398002371,13.24709986800115],[-7.669261598002377,13.24730703000111],[-7.668884619002373,13.247322450001123],[-7.668719364002386,13.247572501001116],[-7.668498429002384,13.247738474001125],[-7.668151164002377,13.247820641001116],[-7.667517904002395,13.247868107001135],[-7.667164174002405,13.247957670001126],[-7.667001900002395,13.248060731001134],[-7.6654200000024115,13.248560000001104],[-7.664740000002425,13.248953300001135],[-7.664010000002431,13.249210000001108],[-7.6629400000024495,13.249143300001123],[-7.662548300002461,13.249008300001119],[-7.6615700000024685,13.248821700001134],[-7.661508300002458,13.248743300001097],[-7.661396700002473,13.247775000001107],[-7.661408300002465,13.247210000001148],[-7.661500000002469,13.246603300001107],[-7.66159330000246,13.246571700001109],[-7.661701700002454,13.246451700001113]]]}},{"id":"454","type":"Feature","properties":{"id":"342","date_realisation":"2026/02/01","commune":"Sirakorola","village":"SIRADO","surface_ha":9.7533,"technologie":"RNA","type_beneficiaire":"Terres collectives/communautaires pour le village"},"geometry":{"type":"Polygon","coordinates":[[[-7.640863300002709,13.24946170000112],[-7.641108300002692,13.249246700001112],[-7.6415117000027015,13.248991700001113],[-7.641595000002679,13.249043300001127],[-7.641681700002688,13.24886170000111],[-7.641996700002691,13.24866500000111],[-7.643041700002677,13.248281700001105],[-7.643635000002653,13.248228300001145],[-7.64372670000267,13.248541700001129],[-7.643755000002658,13.248850000001125],[-7.643776700002663,13.250153300001097],[-7.643881700002652,13.250573300001127],[-7.643785000002675,13.250756700001114],[-7.643536700002673,13.251005000001111],[-7.642540000002689,13.251758300001107],[-7.642443300002671,13.251783300001133],[-7.641446700002691,13.25164830000114],[-7.641323300002696,13.251376700001126],[-7.6409633000026975,13.251165000001112],[-7.640870000002694,13.250966700001122],[-7.640915000002713,13.250861700001101],[-7.640875000002707,13.250771700001122],[-7.64093830000271,13.250705000001119],[-7.640871700002697,13.24981830000111],[-7.6408117000027005,13.249621700001127],[-7.640863300002709,13.24946170000112]]]}},{"id":"455","type":"Feature","properties":{"id":"343","date_realisation":"2026/02/01","commune":"Sirakorola","village":"SIRADO","surface_ha":18.2397,"technologie":"RNA","type_beneficiaire":"Terres collectives/communautaires pour le village"},"geometry":{"type":"Polygon","coordinates":[[[-7.637961700002744,13.250968300001103],[-7.637611700002757,13.251040000001145],[-7.636946700002739,13.251086700001121],[-7.63642670000275,13.250235000001116],[-7.635623300002763,13.249533300001112],[-7.635396700002766,13.249380000001102],[-7.634658300002774,13.2490700000011],[-7.634141700002782,13.248936700001126],[-7.634053300002803,13.248866700001102],[-7.633890000002798,13.248233300001091],[-7.633878300002781,13.247248300001118],[-7.633965000002786,13.247196700001096],[-7.635006700002773,13.24712000000112],[-7.636371700002764,13.246850000001096],[-7.63649670000275,13.247000000001112],[-7.6365067000027596,13.2471900000011],[-7.6365850000027535,13.247386700001114],[-7.637050000002758,13.247455000001105],[-7.637246700002758,13.247560000001116],[-7.637793300002751,13.24767000000113],[-7.638483300002741,13.247348300001114],[-7.638703300002738,13.247310000001088],[-7.63880670000273,13.247488300001098],[-7.638773300002731,13.247696700001127],[-7.638805000002715,13.247926700001106],[-7.638940000002728,13.248116700001082],[-7.638966700002721,13.248448300001108],[-7.6391733000027235,13.249168300001118],[-7.639106700002727,13.250236700001121],[-7.6392150000027295,13.250886700001118],[-7.639070000002732,13.251156700001122],[-7.638816700002729,13.251348300001107],[-7.638235000002736,13.251046700001112],[-7.637961700002744,13.250968300001103]]]}},{"id":"456","type":"Feature","properties":{"id":"344","date_realisation":"2026/02/01","commune":"Sirakorola","village":"SIRADO","surface_ha":3.8107,"technologie":"RNA","type_beneficiaire":"Terres collectives/communautaires pour le village"},"geometry":{"type":"Polygon","coordinates":[[[-7.63635330000276,13.254103300001134],[-7.6360350000027495,13.254003300001113],[-7.635846700002769,13.25354830000113],[-7.63559670000277,13.25313830000112],[-7.635480000002762,13.252820000001124],[-7.6354633000027565,13.25212830000112],[-7.636408300002766,13.25200500000109],[-7.636618300002756,13.251918300001098],[-7.636936700002749,13.251955000001088],[-7.637165000002752,13.251888300001145],[-7.637255000002751,13.251948300001136],[-7.637356700002742,13.252393300001136],[-7.637533300002732,13.252725000001115],[-7.637543300002737,13.25284170000113],[-7.637363300002742,13.253148300001115],[-7.637126700002746,13.253420000001121],[-7.63635330000276,13.254103300001134]]]}},{"id":"457","type":"Feature","properties":{"id":"345","date_realisation":"2026/02/01","commune":"Sirakorola","village":"SIRADO","surface_ha":23.2286,"technologie":"Cordon pierreux","type_beneficiaire":"Terres collectives/communautaires pour le village"},"geometry":{"type":"Polygon","coordinates":[[[-7.6413433000026885,13.259801700001136],[-7.64102024844092,13.259735138202807],[-7.640997162728867,13.259694361273644],[-7.641086048902786,13.259173066295393],[-7.641065651211733,13.258607643568713],[-7.6409101926555065,13.25832538801858],[-7.640890252225688,13.258179809598003],[-7.640618672432329,13.258130341520523],[-7.6408202627740005,13.257784306734997],[-7.640939000211653,13.257207423962635],[-7.641008530654367,13.257074493772512],[-7.641358033792217,13.256901037171987],[-7.641946894512055,13.25669762273785],[-7.642684652925152,13.256788663942105],[-7.643154802784567,13.256921031149128],[-7.643374303066171,13.256933548745092],[-7.64401298574858,13.256819220173536],[-7.644987931580269,13.256974261141794],[-7.6454869250144935,13.257208787003155],[-7.645761277446619,13.2576233533593],[-7.646291359493684,13.257968233285172],[-7.6464928789474795,13.258259459245668],[-7.646578434499291,13.258470460251669],[-7.647098570905946,13.258717861035398],[-7.647373031043977,13.258946688157227],[-7.647357593912794,13.25902584051337],[-7.646873884024013,13.259100234753207],[-7.6465759507413065,13.259245758072796],[-7.64557447587928,13.259839604870194],[-7.645130330186195,13.259845368391295],[-7.6448039304800455,13.259940142575731],[-7.644618300002662,13.26045330000111],[-7.644438300002654,13.260646700001095],[-7.644275000002661,13.260976700001152],[-7.644131700002672,13.26150330000111],[-7.643905000002666,13.261830000001126],[-7.643808300002673,13.262308300001125],[-7.643391700002673,13.262641700001144],[-7.643276700002666,13.26261830000113],[-7.643256700002678,13.26248670000116],[-7.643290000002662,13.262221700001112],[-7.643378300002668,13.262018300001115],[-7.643325000002677,13.261748300001107],[-7.6432200000026755,13.261543300001124],[-7.642801700002667,13.261073300001106],[-7.6427017000026884,13.260835000001112],[-7.642616700002678,13.260388300001145],[-7.642445000002686,13.260126700001122],[-7.641656700002682,13.259980000001116],[-7.6413433000026885,13.259801700001136]]]}},{"id":"458","type":"Feature","properties":{"id":"346","date_realisation":"2026/02/01","commune":"Sirakorola","village":"SIRADO","surface_ha":8.1385,"technologie":"Cordon pierreux","type_beneficiaire":"Propriétaire individuel (appartenant à un ménage)"},"geometry":{"type":"Polygon","coordinates":[[[-7.631170212223199,13.260040094645177],[-7.630931749379835,13.259484955329675],[-7.630491339671623,13.259337303281027],[-7.630489157113928,13.259286682814146],[-7.630832917522373,13.25905958786908],[-7.631825941963852,13.258714327238213],[-7.632042284052118,13.258421750228692],[-7.632149421962972,13.25836792858842],[-7.632192579048334,13.25846757358514],[-7.632188486474383,13.258717012472365],[-7.6323059806083124,13.259019442750844],[-7.6325401420407255,13.259118518505987],[-7.632610319727321,13.259204110228328],[-7.632690801091114,13.259511433643745],[-7.632894694794885,13.259905035629044],[-7.632905426098794,13.260149358238948],[-7.633101420587384,13.260353330288877],[-7.633300051183577,13.260760218720069],[-7.633457884605318,13.261517776247501],[-7.6331080541587,13.261740992727969],[-7.632175237073446,13.261704408478634],[-7.631557516445481,13.261915057815875],[-7.631116809760479,13.261882934668517],[-7.630588089552599,13.261370582910638],[-7.63054028414823,13.261225011864223],[-7.630409085592087,13.261140957142933],[-7.6302776284583445,13.260855243580673],[-7.6303726333872195,13.260626688574513],[-7.6306039066303555,13.260458393039245],[-7.63073902010427,13.260437306251893],[-7.6308890432124,13.26030140180451],[-7.63095232375544,13.260145698136864],[-7.631170212223199,13.260040094645177]]]}},{"id":"459","type":"Feature","properties":{"id":"347","date_realisation":"2026/02/01","commune":"Sirakorola","village":"SIRADO","surface_ha":1.7843,"technologie":"Cordon pierreux","type_beneficiaire":"Propriétaire individuel (appartenant à un ménage)"},"geometry":{"type":"Polygon","coordinates":[[[-7.632708300002805,13.256356700001104],[-7.632635000002797,13.256825000001113],[-7.632581700002801,13.25691000000111],[-7.631921700002809,13.256808300001138],[-7.631860000002813,13.2567300000011],[-7.631808300002815,13.256811700001139],[-7.63179500000281,13.257340000001117],[-7.631680000002814,13.257406700001109],[-7.630981700002823,13.25743170000113],[-7.630963300002819,13.257321700001121],[-7.631056700002828,13.25679330000111],[-7.631343300002822,13.256491700001103],[-7.6317333000028205,13.256248300001127],[-7.632091700002809,13.256081700001111],[-7.632813300002794,13.25589830000112],[-7.632875000002807,13.255971700001107],[-7.632708300002805,13.256356700001104]]]}},{"id":"460","type":"Feature","properties":{"id":"348","date_realisation":"2026/02/01","commune":"Sirakorola","village":"SIRADO","surface_ha":1.6316,"technologie":"Cordon pierreux","type_beneficiaire":"Propriétaire individuel (appartenant à un ménage)"},"geometry":{"type":"Polygon","coordinates":[[[-7.6302850000028295,13.257448300001123],[-7.63003330000283,13.258071700001112],[-7.629945000002838,13.258161700001136],[-7.6296833000028395,13.258171700001109],[-7.629005000002846,13.257818300001118],[-7.6288850000028425,13.25779500000111],[-7.628851700002855,13.2575383000011],[-7.6288850000028665,13.25741330000113],[-7.629203300002834,13.257170000001144],[-7.630121700002825,13.256808300001119],[-7.63025000000282,13.256813300001099],[-7.630321700002833,13.256898300001126],[-7.630320000002829,13.257181700001127],[-7.6302850000028295,13.257448300001123]]]}},{"id":"461","type":"Feature","properties":{"id":"349","date_realisation":"2026/02/01","commune":"Sirakorola","village":"SIRADO","surface_ha":5.7596,"technologie":"Cordon pierreux","type_beneficiaire":"Propriétaire individuel (appartenant à un ménage)"},"geometry":{"type":"Polygon","coordinates":[[[-7.624701700002912,13.25987830000111],[-7.62466170000289,13.259938300001119],[-7.625343300002886,13.25989000000111],[-7.625343300002892,13.260255000001134],[-7.625548300002875,13.260583300001123],[-7.6254733000028905,13.2608483000011],[-7.625356700002878,13.26092330000114],[-7.6251117000029,13.26096830000111],[-7.6246367000029105,13.261231700001135],[-7.62308670000292,13.261643300001097],[-7.622118154481481,13.261672320829037],[-7.622069830295377,13.261504555524748],[-7.622132652801751,13.261196872951077],[-7.62203354379765,13.260820308171258],[-7.622058318881854,13.260438562015565],[-7.621987061624262,13.260123300383848],[-7.622032206806937,13.260034776591493],[-7.62268000000293,13.259941700001098],[-7.623340000002914,13.260065000001124],[-7.623918300002914,13.260073300001125],[-7.62449500000289,13.259991700001116],[-7.624701700002912,13.25987830000111]]]}},{"id":"462","type":"Feature","properties":{"id":"350","date_realisation":"2026/02/01","commune":"Sirakorola","village":"SIRADO","surface_ha":5.7897,"technologie":"Cordon pierreux","type_beneficiaire":"Propriétaire individuel (appartenant à un ménage)"},"geometry":{"type":"Polygon","coordinates":[[[-7.624713300002904,13.25968000000113],[-7.624766700002893,13.259755000001116],[-7.625230000002904,13.25970670000111],[-7.625336700002891,13.25976000000113],[-7.6252633000029,13.259821700001101],[-7.6239833000029185,13.259963300001102],[-7.623595000002924,13.25993330000111],[-7.622958300002927,13.259768300001108],[-7.622581700002929,13.25973500000111],[-7.622143300002931,13.259818300001106],[-7.621875952624918,13.259818969737077],[-7.621792426715565,13.258744093049751],[-7.621842149605334,13.257768632279076],[-7.621912718764539,13.257694136677049],[-7.622811700002924,13.257885000001119],[-7.623190000002919,13.258001700001108],[-7.62365000000291,13.258246700001111],[-7.62468830000291,13.259150000001148],[-7.62462330000289,13.25958170000113],[-7.624651700002905,13.259686700001128],[-7.624713300002904,13.25968000000113]]]}},{"id":"463","type":"Feature","properties":{"id":"351","date_realisation":"2026/02/01","commune":"Sirakorola","village":"KOKENI","surface_ha":85.7769,"technologie":"Cordon pierreux","type_beneficiaire":"Terres collectives/communautaires pour le village"},"geometry":{"type":"Polygon","coordinates":[[[-7.69971500000205,13.304211700001183],[-7.699705000002055,13.304023300001168],[-7.699538300002053,13.30372670000116],[-7.699373300002059,13.303636700001173],[-7.699155000002042,13.303391700001166],[-7.6989417000020595,13.303333300001166],[-7.698540000002062,13.303058300001178],[-7.6983033000020695,13.30301330000116],[-7.697986700002073,13.303165000001153],[-7.697628300002066,13.303260000001169],[-7.697368300002073,13.303198300001164],[-7.697351700002063,13.303098300001151],[-7.6972483000020775,13.303030000001156],[-7.697204727523358,13.302907684008836],[-7.696746023097353,13.302976506633259],[-7.696689033048966,13.302976071260302],[-7.69661769845429,13.302879806915685],[-7.696439693907313,13.302836816516216],[-7.695939898214505,13.302900869767036],[-7.695842685527855,13.302872782080412],[-7.695789407347405,13.302725519758544],[-7.695678539773134,13.302605207829195],[-7.695398230432471,13.30250536756652],[-7.695123229774808,13.302510927295119],[-7.695138678116695,13.302307105032465],[-7.695411176077879,13.301789580574741],[-7.695699565028314,13.300709927473397],[-7.6955686130639185,13.300386220790134],[-7.695589268758991,13.299730892459342],[-7.695457686156893,13.299452949532785],[-7.695258105694052,13.299259176651677],[-7.6955287336073885,13.298552178758278],[-7.695675042001416,13.298419054807031],[-7.6957241188234935,13.29826782028326],[-7.695904479131841,13.298274087553938],[-7.695994370560969,13.29815096136738],[-7.6961636200946435,13.298113233394183],[-7.696303928633614,13.298276460005772],[-7.696401680478234,13.298321258235617],[-7.696423658152049,13.298394215988884],[-7.696620580896644,13.298469412010137],[-7.696666997518751,13.298601074392298],[-7.696601325450173,13.299045189278148],[-7.696651719245292,13.299128089284736],[-7.696634661455838,13.299506431810187],[-7.696688590121582,13.29947198449006],[-7.696806513844558,13.299510523835828],[-7.697236543575122,13.299474930912812],[-7.696964218068924,13.300345474918673],[-7.697160000002083,13.300503300001159],[-7.697276700002071,13.300698300001187],[-7.697616700002069,13.300813300001176],[-7.697871700002071,13.300805000001159],[-7.698455000002059,13.300650000001191],[-7.698688300002064,13.300395000001183],[-7.698900000002064,13.300315000001197],[-7.698988300002057,13.300225000001156],[-7.699363300002058,13.30015670000117],[-7.700191700002042,13.299598300001163],[-7.700570000002061,13.299456700001182],[-7.700926700002045,13.299416700001162],[-7.701438300002034,13.29902170000119],[-7.702216700002028,13.29866170000115],[-7.7025033000020375,13.298435000001161],[-7.703128300002031,13.298193300001158],[-7.703755000002008,13.298091700001166],[-7.704258300001993,13.29795170000117],[-7.704420000002016,13.29775170000115],[-7.704521700002003,13.297695000001168],[-7.704871700002009,13.297633300001173],[-7.7051618275959255,13.297533235811228],[-7.705231347528514,13.297464595431617],[-7.705615313432029,13.29749822253648],[-7.70606363438413,13.297612869674678],[-7.706271624425115,13.297879303884601],[-7.706422569554287,13.297906941634324],[-7.706589768055378,13.298043346200913],[-7.706717563726085,13.298079489519363],[-7.70697449446035,13.298372149875583],[-7.70698964242504,13.298537446731583],[-7.707153930754305,13.298824315730702],[-7.7071992005039425,13.299200019447225],[-7.7074430485175975,13.299250401085239],[-7.70787873614854,13.299224354855216],[-7.708033771683303,13.299122647094798],[-7.708169333845602,13.298827429468695],[-7.708241761427712,13.298488608081875],[-7.708212618131892,13.298219093495629],[-7.70804315579061,13.29770225853712],[-7.707940448345009,13.297584183951038],[-7.707895915553012,13.297267025027297],[-7.707960979120633,13.297042814128181],[-7.7079250540328506,13.296588060574312],[-7.708060706063247,13.296087805958878],[-7.707986470091524,13.295686808065442],[-7.708043950820885,13.295541498299023],[-7.708231939795601,13.295451015876106],[-7.7085342093645846,13.295469305052459],[-7.70859511426272,13.295569022898002],[-7.70871307296661,13.295626056087912],[-7.708934459206322,13.295520890421097],[-7.70908286451475,13.295255630127423],[-7.709182905155973,13.295327625709882],[-7.709445293969773,13.295906844857507],[-7.709454403732885,13.296306090542963],[-7.709703394769891,13.296430357665093],[-7.709833212519009,13.296608689044774],[-7.709912293390029,13.296874837007119],[-7.709874899072763,13.29705652099773],[-7.709908351202808,13.297330339632692],[-7.709832681112771,13.29753432699509],[-7.709966647028067,13.2980232111411],[-7.7097020277455535,13.29811779599294],[-7.709519487340582,13.298314937666616],[-7.709560768851918,13.298709658679432],[-7.709634332510851,13.298879200915918],[-7.7099207808449055,13.299087665809367],[-7.710004938212149,13.299429598096763],[-7.710172674065027,13.299719114349262],[-7.710558131409733,13.299800227502478],[-7.710594671991423,13.29990945427897],[-7.710372553319424,13.300035688792523],[-7.710478139584194,13.300103738127508],[-7.71051968163223,13.300200357355013],[-7.710462175104137,13.300236761247836],[-7.710422418833257,13.3003668145936],[-7.71017508392649,13.300340302733781],[-7.709955999598053,13.300400014382545],[-7.709621431144872,13.300380513721809],[-7.709504632253412,13.300507690355039],[-7.7094154477076895,13.300730353248124],[-7.709247350241737,13.300774924722253],[-7.709232577750603,13.300831680181375],[-7.70914238768021,13.300849804066699],[-7.709024642058433,13.300959827523261],[-7.70893853318869,13.301101430648773],[-7.708822234759745,13.301139318749515],[-7.7089594600684626,13.301522082354861],[-7.7089051797632155,13.301746538224336],[-7.708747833741598,13.301961629559035],[-7.708547399386432,13.302102386872427],[-7.708441304992029,13.30211618298951],[-7.7083496119522845,13.302351764584948],[-7.708175575022218,13.302555747700529],[-7.707826960863063,13.302740153349111],[-7.7077898655949095,13.302806548050945],[-7.707256343325778,13.302691186515782],[-7.707006390186721,13.302693421509195],[-7.7068680171942505,13.302760597310535],[-7.706900104112322,13.302998588522584],[-7.706962808568257,13.303092654533494],[-7.706920065812659,13.303366616529077],[-7.706736680853377,13.30346134530265],[-7.706673300001974,13.303600000001135],[-7.706565000001997,13.304453300001176],[-7.706356700001994,13.304750000001178],[-7.706303300001991,13.304955000001163],[-7.706053300001986,13.305075000001175],[-7.705978300001997,13.305175000001134],[-7.705720000002003,13.30519830000117],[-7.705045000001997,13.304886700001175],[-7.70465830000201,13.30458830000118],[-7.704436700002003,13.304485000001156],[-7.703990000002006,13.304418300001148],[-7.703786700002015,13.304316700001179],[-7.70333170000201,13.304195000001167],[-7.7026767000020175,13.30422500000116],[-7.702461700002029,13.304190000001157],[-7.701868300002034,13.303970000001174],[-7.701035000002036,13.303915000001176],[-7.700633300002036,13.304026700001161],[-7.700265000002042,13.30404500000116],[-7.699811700002046,13.304215000001168],[-7.69971500000205,13.304211700001183]]]}},{"id":"464","type":"Feature","properties":{"id":"352","date_realisation":"2026/02/02","commune":"Sirakorola","village":"KOKENI","surface_ha":55.7703,"technologie":"Cordon pierreux","type_beneficiaire":"Terres collectives/communautaires pour le village"},"geometry":{"type":"Polygon","coordinates":[[[-7.6974517000020715,13.30788330000117],[-7.697416191885407,13.306766622843313],[-7.697140482829159,13.306589525512813],[-7.696979907308941,13.306576936514645],[-7.696551064096095,13.306348110753364],[-7.696309703176183,13.306323985432707],[-7.6961849556028605,13.306227545482166],[-7.696055853434644,13.306218563619705],[-7.69597999196751,13.30609434159215],[-7.695750733772237,13.306052168310638],[-7.695614596765712,13.305935662748746],[-7.6954986508582195,13.305931910165384],[-7.695130294608181,13.305559470774785],[-7.695008971124379,13.3055576734308],[-7.694997767817319,13.305432706812564],[-7.694839885382687,13.30531530837301],[-7.69450110253321,13.3052094735622],[-7.694566824152034,13.3050232023614],[-7.694995239049152,13.304520535187192],[-7.695040206411677,13.30442295557628],[-7.694995146671538,13.304209972325697],[-7.695056446618093,13.304158436968635],[-7.695182420640773,13.304149179189709],[-7.69533076958526,13.304038959516413],[-7.695760046382834,13.303323829682773],[-7.696070129338609,13.303167304227756],[-7.6964906728620015,13.303138942233954],[-7.696880902991912,13.303187401430154],[-7.697140493699915,13.303348817133843],[-7.697525986463251,13.303399261631112],[-7.697598193793752,13.303457758782026],[-7.698317780701637,13.303154427490844],[-7.698496322213409,13.303135981229739],[-7.698662959323636,13.30332855717757],[-7.698744516755927,13.303361918963118],[-7.6988515120167005,13.303542576948356],[-7.698970003312697,13.303625746254067],[-7.699082158239196,13.30363599794248],[-7.699325736540677,13.303850554994993],[-7.699326874295107,13.30422284178596],[-7.699250891597617,13.30431614308994],[-7.699234297320949,13.30446264551504],[-7.699292379010699,13.304546519013233],[-7.699435705984381,13.304607582252022],[-7.699502374823439,13.304734422590577],[-7.699731321211328,13.304918242458172],[-7.700060202874686,13.305111100234937],[-7.700052328002936,13.30520833683657],[-7.6997022287367285,13.305488995272476],[-7.699681043685747,13.305732245417769],[-7.699750666200623,13.305967331849189],[-7.699998357438208,13.30622204188856],[-7.700232351394196,13.306282685704655],[-7.700332870309042,13.30640704196242],[-7.700428423605135,13.306422566640169],[-7.700500060887601,13.306498966542968],[-7.700668745698387,13.306505309610248],[-7.700786716674561,13.306570677979712],[-7.701068527976794,13.306492933269567],[-7.701148904888336,13.306545642177602],[-7.701317536972389,13.30654992234748],[-7.701812539578058,13.306818285763194],[-7.7023417655986925,13.306774151833622],[-7.70264097230973,13.306657528756103],[-7.702840068471063,13.306289289269097],[-7.702942350319231,13.30643003963705],[-7.703291762775727,13.306579832941017],[-7.703386554210681,13.306683391742345],[-7.703533696518717,13.306678285411602],[-7.703536562338503,13.306757852994966],[-7.703591076265788,13.306744625250325],[-7.703675974202231,13.306817017401912],[-7.703862434331594,13.307084863793412],[-7.704046953738777,13.307171052747135],[-7.7042568811012595,13.307379984667095],[-7.704379618470185,13.307427595860453],[-7.704714827269622,13.30777741854858],[-7.704993044409178,13.307910775514104],[-7.70533348612426,13.308501697689094],[-7.705390802623032,13.308552374064766],[-7.705539157995365,13.308563891947866],[-7.705787115907469,13.309007877527641],[-7.70599973675256,13.309145494296923],[-7.706218856119824,13.309505646032084],[-7.706352897425762,13.309584761500318],[-7.706370646939252,13.309693029011418],[-7.706535965263691,13.309973871247989],[-7.7067235639485805,13.31008396754565],[-7.706875123855485,13.310339291131484],[-7.707028081170117,13.310472311486691],[-7.707124350572967,13.310773275017754],[-7.707297067737141,13.310913154797408],[-7.707448820357505,13.310927345226832],[-7.707625742149038,13.31104961783847],[-7.708013096329539,13.311624927646118],[-7.707796979201004,13.311663822749157],[-7.707622817755277,13.3115001482762],[-7.707561895670545,13.311515846337727],[-7.707365777719678,13.311777724664603],[-7.706976568765869,13.311837852048727],[-7.7069166039325525,13.311803639142896],[-7.7062816516747175,13.311858643691293],[-7.7060620384293355,13.311663823499014],[-7.706024147233866,13.311500549019879],[-7.705581878229835,13.311399569702951],[-7.705384956648694,13.311266416802242],[-7.7052956971428035,13.311319586796422],[-7.705171141121025,13.311495107711242],[-7.705213290615898,13.31169489729808],[-7.705199204983981,13.311906501993686],[-7.705138559243166,13.312019436302977],[-7.705187890789615,13.312092993637322],[-7.705328427984792,13.31203064933714],[-7.7053823314722,13.312122809338232],[-7.705410506770009,13.312656105655565],[-7.705520373487826,13.312885722293895],[-7.705480058204335,13.313295014107409],[-7.705282749013343,13.313621552770336],[-7.705204616369191,13.313882549124495],[-7.705067888805904,13.314093562185649],[-7.704937272405164,13.314202178119407],[-7.704518197074112,13.314236341611387],[-7.704194811643829,13.314189064033533],[-7.704294660722427,13.313828954607821],[-7.704226739700793,13.313767283823173],[-7.704202316778697,13.313376942951468],[-7.704057187670353,13.313011783329946],[-7.7039494196506055,13.312961383393866],[-7.703887348529971,13.312669011607467],[-7.703691194726771,13.312380584189054],[-7.703458644592564,13.312416344445484],[-7.703491859943568,13.312220645023706],[-7.7036501556306725,13.312097052671684],[-7.703815869706071,13.312048447468946],[-7.703835917902803,13.311939945130165],[-7.703533802616786,13.311833550810842],[-7.70335718608141,13.311615613242608],[-7.703346560025874,13.311416887248784],[-7.7031149234881156,13.311319470943392],[-7.703032292830326,13.311215245923659],[-7.703024674646387,13.311135152113868],[-7.703090432580652,13.311062405004321],[-7.703387607492911,13.311156013082597],[-7.70335883140421,13.310967481379995],[-7.703178386217516,13.310840274157952],[-7.702920460946248,13.31080741495315],[-7.702584962605973,13.310630860958353],[-7.702539922173917,13.310470293888761],[-7.702620662168348,13.310269486550723],[-7.7025409400030735,13.310086248642486],[-7.702526700002016,13.309798300001145],[-7.7022467000020285,13.30957330000116],[-7.7013900000020366,13.309168300001156],[-7.70105830000203,13.309070000001196],[-7.699955000002053,13.30901170000115],[-7.699748300002057,13.30906830000118],[-7.699038300002061,13.308970000001159],[-7.698933300002061,13.308986700001206],[-7.69876670000207,13.309140000001191],[-7.698431700002065,13.309245000001173],[-7.698228300002065,13.309390000001162],[-7.698135000002074,13.309381700001163],[-7.698013300002074,13.308918300001196],[-7.697881700002064,13.308703300001174],[-7.697681700002062,13.30852170000118],[-7.697521700002075,13.307953300001165],[-7.6974517000020715,13.30788330000117]]]}},{"id":"465","type":"Feature","properties":{"id":"353","date_realisation":"2026/02/02","commune":"Sirakorola","village":"KOKENI","surface_ha":20.4184,"technologie":"Cordon pierreux","type_beneficiaire":"Terres collectives/communautaires pour le village"},"geometry":{"type":"Polygon","coordinates":[[[-7.695475000002093,13.309561700001158],[-7.695467984566857,13.309707041032727],[-7.6955585395419,13.309917246818959],[-7.6954021164527155,13.309961446969128],[-7.695391846189506,13.31005999528077],[-7.695339282209133,13.310001958734077],[-7.695227746508402,13.309993667102368],[-7.69486109248922,13.310182346321753],[-7.694776841842513,13.310108651900611],[-7.694587489388556,13.310127417853181],[-7.69449606469055,13.31007647772861],[-7.694427016969294,13.309696016444986],[-7.694338043075326,13.30950178441544],[-7.694057847522933,13.309516936416719],[-7.693884668311862,13.309453958703557],[-7.693760810672774,13.309565021010357],[-7.693611312618435,13.309573563906302],[-7.69346247938424,13.309471410086534],[-7.693295947733015,13.309599259743576],[-7.693069726560536,13.309508239777811],[-7.693044414427868,13.309560118210733],[-7.692670363769496,13.309735904197845],[-7.692512749246284,13.310158336853611],[-7.692415570686686,13.310637019720645],[-7.692221169713875,13.310853494231877],[-7.692104137032963,13.31086795280231],[-7.6918834806704,13.310840484400394],[-7.691812387209595,13.310687027484466],[-7.691589208438046,13.310479850906669],[-7.691500259135175,13.310333545483541],[-7.691374241727708,13.309731892955453],[-7.6914171418838375,13.309496522920337],[-7.691686498728475,13.309134861749019],[-7.691682802649848,13.308897052625893],[-7.692169916475784,13.308435410908455],[-7.692207518972006,13.307917507284468],[-7.692302974573299,13.307776410976423],[-7.692345570911117,13.30750858813901],[-7.692323694901204,13.307293895328538],[-7.692143304020347,13.307200941941485],[-7.692552430739104,13.30681287048234],[-7.692740066686486,13.306753633593768],[-7.692839840711196,13.306655989163385],[-7.693273444951092,13.306710440428311],[-7.69341824000311,13.306808864846621],[-7.693744791145208,13.306721587422823],[-7.693974267880461,13.306836567476825],[-7.69424355566882,13.30689771881617],[-7.695137281622694,13.30648261005292],[-7.695510902965469,13.30661583723834],[-7.695694496041437,13.306464818459158],[-7.695948315527449,13.306441905179298],[-7.696060695342097,13.306445849622609],[-7.696252830866644,13.30658930500432],[-7.696504586843867,13.306674342765394],[-7.697044375872841,13.306771486785982],[-7.69710730249146,13.306826627898037],[-7.697176009878097,13.307079101522264],[-7.697124295420668,13.307283072710545],[-7.697158497250983,13.307624011619103],[-7.697263786182153,13.307724347549824],[-7.697300988679786,13.30795098227437],[-7.697390000002079,13.307990000001181],[-7.69745670000208,13.308215000001173],[-7.697928300002061,13.309043300001164],[-7.6979450000020675,13.309273300001186],[-7.698031700002072,13.309480000001146],[-7.6979500000020495,13.309541700001182],[-7.697748300002065,13.309461700001156],[-7.697413300002069,13.309461700001163],[-7.6966750000020765,13.309291700001163],[-7.69619330000208,13.309350000001169],[-7.695475000002093,13.309561700001158]]]}},{"id":"466","type":"Feature","properties":{"id":"354","date_realisation":"2026/02/02","commune":"Sirakorola","village":"DIECOUMA","surface_ha":46.9108,"technologie":"Cordon pierreux RNA + RNA + Cordon pierreux","type_beneficiaire":"Terres collectives/communautaires pour le village"},"geometry":{"type":"Polygon","coordinates":[[[-7.58563830000339,13.382288300001168],[-7.58560466195205,13.382539686505481],[-7.585268617869496,13.383135194594036],[-7.585090263274261,13.383271798720244],[-7.584775630313219,13.383343786436145],[-7.584757112185572,13.383623758634856],[-7.584705869098317,13.383689143183515],[-7.584279488680264,13.383713182728485],[-7.584102862314927,13.383853603396737],[-7.583911663314633,13.383501398558078],[-7.583911056003562,13.382838716666097],[-7.583875271600839,13.38272202005149],[-7.583722571801804,13.382489587624251],[-7.583643741279469,13.382442855201747],[-7.5834072076581664,13.381736830486489],[-7.5834258947574105,13.381479968969966],[-7.583516990671188,13.381281395213273],[-7.583523703464409,13.380921823208785],[-7.583304592658234,13.380614458538645],[-7.583139459874859,13.38002869431729],[-7.582840613941167,13.379421492007452],[-7.582840802152367,13.379125203655873],[-7.5827648402382835,13.378892128469056],[-7.582849124561238,13.378585558462072],[-7.5829613005253425,13.378465684736758],[-7.58313114878184,13.378076964332175],[-7.583522854140069,13.377828159300932],[-7.583748565649994,13.377577641269031],[-7.583958097689648,13.377483403844357],[-7.584142993535404,13.377222005295152],[-7.5843778459939255,13.377076401208901],[-7.58473070247338,13.37669753798365],[-7.5853158656883055,13.376486130206862],[-7.585414518329958,13.376389631845084],[-7.586093664707603,13.376187555596713],[-7.586353630263124,13.375940582042997],[-7.5869386242333325,13.375594722637787],[-7.587518448856172,13.375538043312766],[-7.5876960671697695,13.375398226197335],[-7.588194076844486,13.375216204501708],[-7.5882537815344175,13.375270393390954],[-7.58839898791593,13.375268305233362],[-7.5886298168152,13.37536708777198],[-7.588730651609087,13.375498359726372],[-7.589057805325606,13.375595155559436],[-7.589373633655358,13.37591561606108],[-7.589497778021834,13.37595665113195],[-7.589625099112949,13.376146287320047],[-7.590003078530106,13.37644901847487],[-7.5901560705489155,13.376669115877974],[-7.59054968839305,13.377050522860603],[-7.590747835014246,13.377353594369115],[-7.590798880969047,13.377527522238406],[-7.590922624704929,13.377619390882652],[-7.591061700003312,13.378038300001199],[-7.591035000003323,13.378275000001183],[-7.591160000003308,13.378753300001165],[-7.591018300003311,13.379251700001191],[-7.591035000003315,13.379636700001162],[-7.590833300003311,13.379771700001177],[-7.590696700003319,13.37994000000119],[-7.590448300003332,13.380013300001169],[-7.590091700003336,13.379980000001188],[-7.58996330000333,13.379925000001194],[-7.5899133000033245,13.379693300001199],[-7.589820000003331,13.379590000001171],[-7.5896083000033405,13.379548300001176],[-7.58910830000334,13.379658300001147],[-7.588756700003359,13.379803300001177],[-7.588611700003348,13.379798300001175],[-7.58835170000336,13.379886700001181],[-7.588230000003364,13.379856700001168],[-7.5881333000033635,13.380170000001185],[-7.587971700003376,13.380475000001164],[-7.587905000003372,13.38057000000114],[-7.587815000003365,13.380605000001177],[-7.58765500000336,13.38087500000118],[-7.587576700003369,13.380940000001171],[-7.5874600000033645,13.38094500000115],[-7.587293300003362,13.381083300001189],[-7.586848300003379,13.381235000001181],[-7.586653300003378,13.381555000001184],[-7.586288300003377,13.381866700001204],[-7.585836700003382,13.382060000001188],[-7.585723300003397,13.382038300001183],[-7.585603300003391,13.382083300001172],[-7.58563830000339,13.382288300001168]]]}},{"id":"467","type":"Feature","properties":{"id":"355","date_realisation":"2026/02/02","commune":"Sirakorola","village":"DIECOUMA","surface_ha":46.319,"technologie":"Cordon pierreux","type_beneficiaire":"Terres collectives/communautaires pour le village"},"geometry":{"type":"Polygon","coordinates":[[[-7.578043300003513,13.385168300001178],[-7.579098300003487,13.385121700001184],[-7.579188300003485,13.385170000001194],[-7.579183300003487,13.385678300001187],[-7.579401700003491,13.385728300001167],[-7.579493117628289,13.38555418940575],[-7.579552934355794,13.385190088542997],[-7.579658539064556,13.38504722717818],[-7.579866213936568,13.384900908937702],[-7.5799454232065715,13.384766426190962],[-7.580199350161002,13.384588778403794],[-7.580495597919474,13.384514232860699],[-7.580861461966279,13.384308660238576],[-7.581575830186027,13.384311152991103],[-7.581899982913128,13.384218048106776],[-7.582071288112403,13.384285320967033],[-7.582245379945658,13.38427830185618],[-7.582671659291902,13.384057085301723],[-7.583127011424927,13.383955946452735],[-7.583576412672824,13.38399560274972],[-7.583646754164624,13.384040323825337],[-7.5836985085560045,13.384167901546215],[-7.583656999637293,13.38443325353173],[-7.583520144328906,13.384632808942873],[-7.58366366536357,13.385066650951158],[-7.583619992590781,13.385161890732544],[-7.583527934329235,13.385218905090044],[-7.583458038849098,13.385385944809032],[-7.58350776273818,13.385705881177449],[-7.583475654165933,13.385749587110036],[-7.5830960005759875,13.385808903428693],[-7.5826234356605235,13.38620018382888],[-7.582422033986977,13.386257022761184],[-7.5819894029655615,13.386545467902682],[-7.581595724277262,13.387011710946982],[-7.581607095865151,13.387486443522729],[-7.581558427528524,13.387697831500368],[-7.581128680702192,13.388051475195057],[-7.581076043904944,13.388188375629007],[-7.581088952560735,13.388293577727497],[-7.581188279780729,13.388410817740969],[-7.581762420084653,13.388890562952113],[-7.581812278862021,13.389047393489426],[-7.582321521540527,13.389308908166134],[-7.582412201790906,13.389743270167518],[-7.582311700610996,13.389785268140228],[-7.581767153687638,13.389759649421393],[-7.581614751102708,13.38985544534774],[-7.581569488928233,13.389936393130963],[-7.581645649395818,13.390219226384303],[-7.581486865688329,13.390305373872183],[-7.581399831529779,13.390430845460116],[-7.581302214565433,13.390447050434233],[-7.581188536964322,13.390436615137586],[-7.580862234496061,13.390251940812124],[-7.580817858418741,13.390061398987363],[-7.580513505660836,13.38991978272975],[-7.5804305600323145,13.390000003473157],[-7.580402532348055,13.390519784640938],[-7.580320362338269,13.390705226314424],[-7.579960841259141,13.390993290880074],[-7.579556637894623,13.391158614012765],[-7.579462392110504,13.39135602093269],[-7.579305152006057,13.391456955239839],[-7.579307422880774,13.392039123450731],[-7.579357073880999,13.392155122106937],[-7.579356965485036,13.392354619294919],[-7.579165652919429,13.392432175250772],[-7.578816784592252,13.392733637029385],[-7.578524280302211,13.39283160838144],[-7.578467595756027,13.393105154869279],[-7.578413918265036,13.393138817519993],[-7.578207590568805,13.39305777232986],[-7.57806753387352,13.39278979214733],[-7.578074752367406,13.392444978628657],[-7.5779759696303275,13.392213650935814],[-7.5776641557907185,13.391812727223362],[-7.577269081221127,13.391804982601432],[-7.576955204012947,13.391962819184931],[-7.576469974126282,13.391940268545522],[-7.576241504125506,13.3918534258925],[-7.576336767516811,13.391607623635513],[-7.576582015078976,13.39142729578935],[-7.57708650990723,13.391244674751063],[-7.577477081211584,13.391252822166331],[-7.578176287956665,13.391016346461816],[-7.578135173115582,13.390332211196323],[-7.577959162776963,13.390010353243236],[-7.577854494129181,13.389594217581354],[-7.577965000003514,13.38951000000121],[-7.577791700003508,13.389370000001191],[-7.577596700003503,13.389398300001154],[-7.577450000003509,13.389098300001164],[-7.576988300003507,13.38918000000116],[-7.576873300003509,13.389145000001182],[-7.576786700003526,13.389043300001191],[-7.57631000000353,13.38894000000121],[-7.575715000003541,13.388601700001164],[-7.575461700003541,13.388555000001148],[-7.575263300003539,13.388415000001185],[-7.575235000003555,13.387933300001178],[-7.574928300003563,13.387785000001182],[-7.574956700003552,13.387660000001173],[-7.575161700003553,13.387608300001176],[-7.575113300003555,13.387363300001176],[-7.574873300003551,13.387310000001161],[-7.574775000003564,13.387225000001148],[-7.574603300003553,13.386611700001161],[-7.574545000003561,13.386511700001183],[-7.5743617000035615,13.38641330000119],[-7.5744217000035565,13.386056700001173],[-7.574383300003568,13.385831700001155],[-7.574608300003553,13.385736700001182],[-7.575103300003548,13.38566500000117],[-7.575695000003543,13.385638300001201],[-7.575760000003542,13.385708300001161],[-7.575760000003547,13.386035000001161],[-7.575818300003533,13.386108300001167],[-7.576308300003535,13.386210000001187],[-7.576970000003527,13.386158300001181],[-7.576971700003536,13.385696700001182],[-7.577036700003527,13.385608300001184],[-7.57724830000351,13.38556000000118],[-7.577685000003503,13.385583300001164],[-7.577941700003514,13.385451700001182],[-7.577988300003521,13.385243300001177],[-7.578043300003513,13.385168300001178]]]}},{"id":"468","type":"Feature","properties":{"id":"356","date_realisation":"2026/02/02","commune":"Sirakorola","village":"DIECOUMA","surface_ha":7.7533,"technologie":"Cordon pierreux","type_beneficiaire":"Propriétaire individuel (appartenant à un ménage)"},"geometry":{"type":"Polygon","coordinates":[[[-7.58124170000346,13.380795000001186],[-7.581318300003462,13.38165670000118],[-7.5816055749973765,13.382874324849169],[-7.581591781509239,13.383031957122267],[-7.581706968835638,13.383290303469852],[-7.582085056617585,13.38374188983806],[-7.581958751222711,13.38389009205231],[-7.58176493787139,13.383912091742149],[-7.5807998510913785,13.383896633418104],[-7.580596644672742,13.383841605997546],[-7.580368246609021,13.384091069464985],[-7.580129500154805,13.384162423548963],[-7.579930392692288,13.384150396681894],[-7.57971373538081,13.383619999431952],[-7.579675796522732,13.383327219295133],[-7.579558444237609,13.383124001912904],[-7.579540287418072,13.382727263440799],[-7.57941004382285,13.382442047702334],[-7.579214833447072,13.38151104060562],[-7.579105082950877,13.381190952022573],[-7.579173300003504,13.381115000001156],[-7.580866700003465,13.380713300001169],[-7.581008300003466,13.38070500000116],[-7.58124170000346,13.380795000001186]]]}},{"id":"469","type":"Feature","properties":{"id":"357","date_realisation":"2026/02/02","commune":"Sirakorola","village":"DIECOUMA","surface_ha":14.4839,"technologie":"Zaï","type_beneficiaire":"Terres collectives/communautaires pour le village"},"geometry":{"type":"Polygon","coordinates":[[[-7.575483300003541,13.384921700001188],[-7.5756413291903,13.38445659067459],[-7.5757353052142955,13.384401926653675],[-7.575739853728224,13.384112269204834],[-7.575661401310506,13.38394588032429],[-7.57507024665169,13.383268038180022],[-7.574668656013254,13.382696561835996],[-7.574550230962821,13.382328107880378],[-7.574630688684832,13.382052286927768],[-7.574697922046822,13.381974818215813],[-7.5750625168833485,13.381994071286242],[-7.575148525692133,13.381916885436349],[-7.575689402899336,13.381742616731888],[-7.57647746142517,13.381213849967784],[-7.576873683290063,13.381156234137158],[-7.577411758690637,13.380940072685611],[-7.577826680195784,13.380889305166042],[-7.578248943698221,13.380689682844606],[-7.578320041195803,13.380709522126168],[-7.578367307075932,13.380845854785498],[-7.578349807000452,13.380978421393404],[-7.578252374339931,13.381303820428545],[-7.5781309638787,13.382256407359067],[-7.578065147131347,13.38237901026699],[-7.5780658592574355,13.382695440013126],[-7.577992225270129,13.38290064336328],[-7.5780841338247305,13.383580356614473],[-7.578020867643152,13.383954324373365],[-7.577936471630879,13.384104260634386],[-7.577936361577173,13.38447400528539],[-7.5778862571169014,13.38453203276245],[-7.577814836334476,13.385050639760218],[-7.577200000003518,13.38496670000119],[-7.576996700003513,13.385023300001206],[-7.57691670000352,13.385115000001164],[-7.576860000003518,13.38530000000119],[-7.576883300003522,13.385616700001178],[-7.576821700003517,13.385826700001202],[-7.576878300003534,13.38599670000117],[-7.576716700003518,13.386115000001164],[-7.576303300003538,13.386168300001204],[-7.57604170000354,13.386038300001168],[-7.575828300003547,13.38603830000117],[-7.575771700003537,13.38556670000117],[-7.575590000003549,13.385316700001171],[-7.575483300003541,13.384921700001188]]]}},{"id":"470","type":"Feature","properties":{"id":"358","date_realisation":"2026/02/02","commune":"Sirakorola","village":"DIECOUMA","surface_ha":13.5098,"technologie":"Cordon pierreux","type_beneficiaire":"Propriétaire individuel (appartenant à un ménage)"},"geometry":{"type":"Polygon","coordinates":[[[-7.575375000003539,13.380865000001176],[-7.575124341794341,13.380910083813037],[-7.5749976880632,13.381118188903782],[-7.574463160302659,13.381429106206163],[-7.573998666449985,13.381467129638137],[-7.573698389352637,13.381363378402675],[-7.573368906724947,13.380722810882451],[-7.573309085703983,13.380693609194154],[-7.573338588310461,13.380181496190582],[-7.574134624020496,13.379895286405084],[-7.57412573437186,13.379609974424444],[-7.574219194685027,13.379443661788823],[-7.574183432996122,13.37893507806376],[-7.574147546346347,13.378501841186575],[-7.5737940226110085,13.377661150881448],[-7.573684323799363,13.37753244606851],[-7.573612311903081,13.376613512134409],[-7.573544058789027,13.376495232506242],[-7.573097022082394,13.376307811232829],[-7.572912429121933,13.37586264860923],[-7.573503171685605,13.375892671437862],[-7.57391152290301,13.375832947306504],[-7.574281644537647,13.375897649879317],[-7.574528373681818,13.376003688208252],[-7.574645904529617,13.376206341722101],[-7.574720327514076,13.376516789565915],[-7.57493072317997,13.376754700682364],[-7.574992116306079,13.376915529837055],[-7.575257348330963,13.377065575855527],[-7.575306459179487,13.377158223926383],[-7.575277977815862,13.377636397900346],[-7.575916622583204,13.378099752249087],[-7.576276067137372,13.378539951498023],[-7.576496633458671,13.378715158938624],[-7.576567801438125,13.378920247284796],[-7.5763338763571095,13.379618627536646],[-7.576372042887879,13.379791872552797],[-7.576581361783162,13.380367952112257],[-7.5769121266779145,13.380339394912557],[-7.577046700003541,13.380673300001138],[-7.576980000003515,13.380736700001176],[-7.576705000003513,13.380803300001189],[-7.576158300003532,13.380816700001168],[-7.575685000003541,13.380901700001187],[-7.575375000003539,13.380865000001176]]]}},{"id":"471","type":"Feature","properties":{"id":"359","date_realisation":"2026/02/02","commune":"Sirakorola","village":"HAMARIBOUGOU","surface_ha":24.5203,"technologie":"Demi-lune","type_beneficiaire":"Terres collectives/communautaires pour le village"},"geometry":{"type":"MultiPolygon","coordinates":[[[[-7.656620000002482,13.391016700001192],[-7.656615002909643,13.391037017298581],[-7.6566161972958255,13.39102561817404],[-7.656620000002482,13.391016700001192]]],[[[-7.656526700002475,13.39127830000121],[-7.656409141292578,13.391966267876823],[-7.656529664195913,13.392631373615915],[-7.656262226544122,13.39330702117988],[-7.655998581459879,13.393854020278427],[-7.65543629042989,13.394213078404142],[-7.6552648354302155,13.394408655078305],[-7.655072282722161,13.394493175250847],[-7.654761776650513,13.394543446832882],[-7.654413922251887,13.394222004894665],[-7.654220283170526,13.393879764041921],[-7.654224231028871,13.393683574822713],[-7.654180789624542,13.393599543213377],[-7.653918560172177,13.3935930159655],[-7.6534653384426745,13.393368355003634],[-7.653169123145856,13.393364329107849],[-7.652927435703185,13.393214151823804],[-7.652742492190074,13.392962000443768],[-7.65262025086397,13.392505645398877],[-7.652395776127931,13.392460967467674],[-7.652274624905053,13.392281985844042],[-7.652135935701465,13.39220088408109],[-7.6521859358378945,13.392055720134035],[-7.652416566579776,13.391861421673598],[-7.652607516600265,13.391582956298764],[-7.6536859308481375,13.39102483471425],[-7.6540405348429035,13.390688270207521],[-7.654174247491778,13.39066940207088],[-7.654371911923791,13.390499774009928],[-7.654757992816668,13.389927964427695],[-7.654951194535884,13.389723237516241],[-7.655154982586632,13.389604200910648],[-7.655236902917294,13.389444211566643],[-7.655359098903694,13.389338994890783],[-7.656154852276073,13.388933785405134],[-7.656323374888313,13.388717207752297],[-7.656644231286086,13.388445025490674],[-7.656722933248046,13.388097073727813],[-7.656782627878246,13.38803511051491],[-7.6569097763835945,13.388072269651504],[-7.657293118543471,13.388425085128189],[-7.657400580532329,13.388442365788082],[-7.657762923379058,13.388683985186951],[-7.657812176815047,13.388841978346834],[-7.6577925995915885,13.388984395244115],[-7.657619043229052,13.389102422760246],[-7.657518081678828,13.389316369564579],[-7.657544591065068,13.389409226603947],[-7.657693714449072,13.389416755209133],[-7.65815401166327,13.389245201512585],[-7.6585779331433,13.388996907900708],[-7.6590335361658655,13.388937365215062],[-7.659282429525647,13.388852309256233],[-7.659412152833902,13.388745693420704],[-7.659692951492664,13.388315744549514],[-7.659805766378183,13.38822398948996],[-7.65989231889089,13.3880119728332],[-7.660087975157374,13.38782935281264],[-7.660357556506188,13.387820402006238],[-7.6605719948066415,13.387668874691535],[-7.660980824908669,13.387568183552718],[-7.66054719720733,13.388231735170296],[-7.6605228500383475,13.38862017395638],[-7.660240132741461,13.389548269418935],[-7.65999921736539,13.389843655979886],[-7.6599550001537136,13.38996871723179],[-7.659258101798684,13.389930807723369],[-7.658714737333786,13.390000017041313],[-7.658611175588855,13.390045741883704],[-7.658472848232297,13.390367471987124],[-7.65838865729891,13.390374329887454],[-7.658326212877499,13.390238381377497],[-7.658152111639749,13.390239038294386],[-7.658153350165152,13.390470868915473],[-7.65808361093149,13.390530692980406],[-7.657887766987149,13.390443139853918],[-7.657665418388489,13.390160083684615],[-7.657591498130221,13.39012592981713],[-7.657472231489214,13.389843944741738],[-7.65713451300887,13.389819716346233],[-7.657149582182431,13.390033077679877],[-7.657480134981476,13.390267243391376],[-7.657515415662965,13.39044784231498],[-7.657170032700849,13.390361277546123],[-7.657025526784191,13.39047001462129],[-7.656944643313622,13.390745166915654],[-7.656645553883397,13.390936832742343],[-7.656526700002475,13.39127830000121]]],[[[-7.656616056844825,13.391057759569113],[-7.656600051580069,13.391097806739959],[-7.656615002909643,13.391037017298581],[-7.656616056844825,13.391057759569113]]]]}},{"id":"472","type":"Feature","properties":{"id":"360","date_realisation":"2026/02/02","commune":"Sirakorola","village":"KOKENI","surface_ha":100.4958,"technologie":"Cordon pierreux","type_beneficiaire":"Terres collectives/communautaires pour le village"},"geometry":{"type":"Polygon","coordinates":[[[-7.691645000002125,13.314021700001163],[-7.691415000002122,13.31428000000117],[-7.691746700002125,13.314405000001162],[-7.692405000002126,13.314351700001197],[-7.692815000002123,13.314423300001188],[-7.692858300002114,13.314945000001163],[-7.69295170000212,13.315055000001161],[-7.693141700002105,13.315650000001163],[-7.693290000002112,13.31579330000118],[-7.693455000002111,13.316098300001162],[-7.693436700002113,13.316211700001165],[-7.693080000002112,13.31654000000117],[-7.692180000002114,13.317240000001165],[-7.692081700002119,13.317301700001183],[-7.691978300002131,13.31729670000116],[-7.691691700002126,13.31694000000119],[-7.691680000002128,13.31673170000117],[-7.691503300002138,13.316786700001158],[-7.691426700002138,13.316698300001164],[-7.69092170000214,13.316445000001154],[-7.689690000002149,13.316240000001194],[-7.689436700002144,13.315980000001183],[-7.689058300002157,13.315805000001166],[-7.688810000002156,13.315808300001171],[-7.688706700002152,13.31586170000115],[-7.688595000002158,13.316030000001176],[-7.687776700002163,13.316466700001206],[-7.687651700002166,13.316483300001172],[-7.687258300002175,13.316218300001173],[-7.6870233000021795,13.316240000001157],[-7.686920000002168,13.316195000001175],[-7.686325000002187,13.316513300001201],[-7.686180000002192,13.316700000001171],[-7.685946700002186,13.316885000001163],[-7.685866700002179,13.317081700001182],[-7.685523300002175,13.317438300001164],[-7.685213300002197,13.317556700001186],[-7.684733300002195,13.317858300001161],[-7.684156700002206,13.31798670000114],[-7.684061700002195,13.318046700001169],[-7.6839033000022035,13.318235000001188],[-7.683690000002205,13.318683300001153],[-7.683473300002214,13.318816700001157],[-7.683241427517386,13.318880586682406],[-7.683057803208567,13.319153607341134],[-7.682797006501159,13.319262078231814],[-7.682605869405186,13.319528366585217],[-7.682400032000301,13.31965984691172],[-7.682149517319723,13.320276754088697],[-7.681753529425704,13.320531746951666],[-7.681770769922343,13.320742188317736],[-7.681476115305262,13.321468816119845],[-7.681450665232923,13.321907685748352],[-7.681254698875509,13.32215621245569],[-7.6811544637721925,13.322189163794867],[-7.68097130347771,13.32255221289906],[-7.6805475943328965,13.322517378477688],[-7.6799822834367495,13.322388843954178],[-7.679802252032142,13.322278717464517],[-7.679394415301535,13.322137288898956],[-7.678912933059169,13.322098619063098],[-7.6786033272267,13.32196908392852],[-7.67810156248742,13.32146875219238],[-7.67784787430005,13.321352013736064],[-7.677665398127377,13.321195162183384],[-7.6774893467916625,13.321153229816163],[-7.676867430840081,13.320553449995575],[-7.6765993729316575,13.320372978707635],[-7.6764563127895205,13.320024648740887],[-7.6763927712022735,13.320015276346817],[-7.67623791188064,13.31977296286671],[-7.676244327738511,13.319639603745895],[-7.676072274770058,13.31933930383695],[-7.676088309084601,13.319060114793956],[-7.676292236015894,13.318871242780157],[-7.676284482930406,13.318789220223511],[-7.67616097509204,13.318658090086853],[-7.6761879433591345,13.318368046797609],[-7.676130707915809,13.318223204459702],[-7.676005291364261,13.318197138760572],[-7.676001596312135,13.317940085138575],[-7.675845909893067,13.317689851021301],[-7.675807161417298,13.316847783806681],[-7.675604834885297,13.316502239813216],[-7.675510105756409,13.316425107120647],[-7.675231446375872,13.315753108626401],[-7.675262819266785,13.315654083470662],[-7.67540904817342,13.31549347112834],[-7.675536855654231,13.315466799759836],[-7.675542658842271,13.315256375562807],[-7.675435456595542,13.315143495053782],[-7.6754571004615775,13.314974831330616],[-7.676138324865505,13.314968284367461],[-7.676586058026843,13.314516819994004],[-7.676893730474268,13.314384558158572],[-7.677173547107919,13.314198854326914],[-7.677505721874005,13.313763142828952],[-7.677549560302146,13.313344483913363],[-7.677612480582495,13.313232794076457],[-7.678044555008187,13.313296197240104],[-7.678760698441202,13.313103459112922],[-7.679407516873892,13.313082768850448],[-7.679499094673447,13.31302681128206],[-7.679783450102503,13.313089286872794],[-7.679863844639131,13.313183745769821],[-7.680312980846451,13.313153275623693],[-7.680480487331471,13.313009634399364],[-7.680911274549968,13.312988485294483],[-7.681226539360331,13.31306807727392],[-7.6814928137114435,13.313062778132243],[-7.681588839981196,13.312986463919804],[-7.682256083608201,13.312923149705755],[-7.682312745165166,13.312850761912234],[-7.682322399175345,13.312628598856293],[-7.682393540668556,13.312558205202732],[-7.682501017690649,13.312584479921583],[-7.682640679486829,13.312886788807885],[-7.682970161970459,13.313188752221985],[-7.682987091676257,13.31346768134867],[-7.683394574933091,13.313511725109176],[-7.683889568530239,13.313434510207887],[-7.68405119057536,13.313357634461573],[-7.684288961488947,13.3134181122318],[-7.684480418584051,13.313251256736704],[-7.6845752039579045,13.31303533396673],[-7.6848509143309505,13.31296693112682],[-7.684923036739576,13.312996430033182],[-7.685390259936102,13.313805452108403],[-7.685420328386396,13.314081867954334],[-7.6856416467615345,13.3142794959147],[-7.685780341024866,13.314323337009894],[-7.686199611186027,13.314192854933864],[-7.686350404921087,13.314202183766726],[-7.686587721855854,13.314321616467263],[-7.686978526043365,13.3143581531446],[-7.6873100555743425,13.314312165393089],[-7.687458307764267,13.314172569781062],[-7.687756360079195,13.314147797577524],[-7.687902335074961,13.314209924422277],[-7.687954477367474,13.314302672601464],[-7.688266203883431,13.314513355364513],[-7.688591599973297,13.314603281904663],[-7.68892237419491,13.315002294090714],[-7.689150000002161,13.31504670000116],[-7.689450000002141,13.314916700001174],[-7.689633300002143,13.314771700001193],[-7.689983300002145,13.314715000001158],[-7.6900600000021475,13.31462830000117],[-7.690633300002134,13.314290000001181],[-7.6914383000021305,13.314108300001168],[-7.691645000002125,13.314021700001163]]]}},{"id":"473","type":"Feature","properties":{"id":"361","date_realisation":"2026/02/02","commune":"Sirakorola","village":"ZANA","surface_ha":13.0838,"technologie":"Cordon pierreux","type_beneficiaire":"Propriétaire individuel (appartenant à un ménage)"},"geometry":{"type":"Polygon","coordinates":[[[-7.671933300002328,13.348833300001173],[-7.6716250000023285,13.348683300001186],[-7.671460000002322,13.348513300001196],[-7.671340000002334,13.348336700001182],[-7.671221700002332,13.348000000001177],[-7.671173300002337,13.347238300001177],[-7.671340000002326,13.346945000001181],[-7.671430000002327,13.34690500000117],[-7.671550000002333,13.346935000001192],[-7.671880789049779,13.34709567628378],[-7.6721035005642015,13.347045037279587],[-7.672219050682488,13.346968615205917],[-7.672248630790044,13.3467149704924],[-7.672447370348743,13.34639268495159],[-7.67272140736949,13.346409551462054],[-7.67312287955068,13.346628134190517],[-7.673424904847665,13.346623867980048],[-7.673896254044485,13.346266777416266],[-7.674070626533969,13.346243785594469],[-7.674190676469335,13.346403845557589],[-7.674285817664306,13.346420106937659],[-7.674345552487944,13.346345472419548],[-7.674674249151712,13.346284789036886],[-7.6748065363416265,13.346188997406184],[-7.675089741337268,13.346187932495226],[-7.675232907272903,13.34627159358833],[-7.675717889374532,13.34687101881719],[-7.675721002505578,13.346977317515647],[-7.675627444163995,13.34705855178146],[-7.675627631040688,13.347298516170394],[-7.675566490014549,13.347434407957067],[-7.675570402319558,13.347778005934577],[-7.675695848063588,13.34805591185302],[-7.675663644745395,13.348183525893031],[-7.675436016698375,13.348278561165941],[-7.6749597650603905,13.348250995081717],[-7.674728163605712,13.348439971666023],[-7.674563658139177,13.34847347905077],[-7.674548583446545,13.34856938596824],[-7.674487504884652,13.348604045683764],[-7.674560191393137,13.348820842035419],[-7.674561613642683,13.349009511846056],[-7.67473070742038,13.349054379198947],[-7.675081281790615,13.349359203759942],[-7.675097817880167,13.349501652513485],[-7.674964704910973,13.349658191880561],[-7.674610681606135,13.349716128145872],[-7.674524064910192,13.349665295779833],[-7.674319321557525,13.349703226063195],[-7.674179535731575,13.34967967659289],[-7.674103174369969,13.349602745879677],[-7.673704184416602,13.349561487500905],[-7.673523563547178,13.349477010315887],[-7.6729434263001215,13.349466196741576],[-7.67283736984413,13.349386291045139],[-7.672645000002323,13.3489533000012],[-7.671933300002328,13.348833300001173]]]}},{"id":"474","type":"Feature","properties":{"id":"362","date_realisation":"2026/02/03","commune":"Sirakorola","village":"ZANA","surface_ha":9.0694,"technologie":"Cordon pierreux","type_beneficiaire":"Propriétaire individuel (appartenant à un ménage)"},"geometry":{"type":"Polygon","coordinates":[[[-7.671710000002326,13.352330000001206],[-7.6715833000023075,13.352320000001205],[-7.671301700002329,13.352443300001186],[-7.671233300002329,13.352375000001206],[-7.670931700002322,13.35159000000118],[-7.6709500000023265,13.351500000001185],[-7.671313300002334,13.351315000001184],[-7.671373300002318,13.351230000001184],[-7.671468300002314,13.350778300001206],[-7.671536700002322,13.350695000001203],[-7.671608300002309,13.350633300001192],[-7.672036700002313,13.350588300001219],[-7.672116700002312,13.350510000001204],[-7.67231278836761,13.35050385077078],[-7.6723328295467335,13.350331112851837],[-7.6725316914935675,13.350021648870257],[-7.672790208082025,13.349837144769408],[-7.673031348483216,13.34981957640363],[-7.673230176590818,13.349924831205877],[-7.673570965161999,13.349898911939524],[-7.673680338646843,13.349838185013772],[-7.67381464119326,13.349868908820493],[-7.674106839366679,13.350246093251414],[-7.674275954056926,13.350567484696171],[-7.674564783315853,13.351511228688237],[-7.6743383877713915,13.351815268849366],[-7.674043950812606,13.351791120153074],[-7.673988510752356,13.351824161214973],[-7.673917884380048,13.352041481984799],[-7.673861289134342,13.352593055634623],[-7.673411754590892,13.352666891831856],[-7.673138741226589,13.352538188028955],[-7.672915794377509,13.352553857381242],[-7.67273688078131,13.352737746588941],[-7.672699136183773,13.35315725380589],[-7.672561636224526,13.353314311871815],[-7.672498732097053,13.353500141005593],[-7.6722897907235375,13.353288239899996],[-7.671710000002326,13.352330000001206]]]}},{"id":"475","type":"Feature","properties":{"id":"363","date_realisation":"2026/02/03","commune":"Sirakorola","village":"ZANA","surface_ha":11.1672,"technologie":"Cordon pierreux","type_beneficiaire":"Propriétaire individuel (appartenant à un ménage)"},"geometry":{"type":"Polygon","coordinates":[[[-7.672560000002321,13.354828300001195],[-7.673241668024789,13.354893719639572],[-7.673577375874491,13.35483969902501],[-7.673605891375797,13.354771498297241],[-7.67348111437911,13.354551686990565],[-7.673362839984635,13.353479175750872],[-7.673591422893991,13.352954055036687],[-7.6737614023455345,13.352764950581395],[-7.673870180465158,13.352672314451986],[-7.67417331216235,13.352700004371863],[-7.675023786542149,13.35329225603292],[-7.675204715480748,13.35354348631494],[-7.675213718710376,13.353679730754221],[-7.675097542933082,13.35383973398542],[-7.67515030471958,13.353997597060902],[-7.6750534205145495,13.354178131237783],[-7.675037201113264,13.354477126986788],[-7.675315391851181,13.355039649476707],[-7.675635051754936,13.3551642672047],[-7.675837200665808,13.355486957042137],[-7.675859376094382,13.355977164231831],[-7.675758152623139,13.356398965088006],[-7.675781767910143,13.356683567214668],[-7.675575182802593,13.356632727203058],[-7.675342308966441,13.356713412394718],[-7.675246230250926,13.356854095657468],[-7.675017995593684,13.356943287719494],[-7.6746164827450505,13.356953417038822],[-7.674464723007486,13.357067541158136],[-7.674060908738066,13.35709089028315],[-7.673936276430756,13.356959409944327],[-7.673397355778778,13.35600478006042],[-7.673325372282719,13.355975715412871],[-7.672551700002324,13.356101700001185],[-7.672238300002315,13.355556700001191],[-7.672140000002326,13.355256700001188],[-7.67198830000232,13.35514000000116],[-7.671895000002326,13.354975000001177],[-7.6717850000023144,13.354970000001204],[-7.671753300002322,13.354763300001183],[-7.671816700002324,13.354683300001186],[-7.671910000002306,13.354668300001185],[-7.672560000002321,13.354828300001195]]]}},{"id":"476","type":"Feature","properties":{"id":"364","date_realisation":"2026/02/03","commune":"Sirakorola","village":"ZANA","surface_ha":4.4679,"technologie":"Cordon pierreux","type_beneficiaire":"Propriétaire individuel (appartenant à un ménage)"},"geometry":{"type":"Polygon","coordinates":[[[-7.675156700002276,13.360773300001206],[-7.674909257111938,13.360271004837006],[-7.674928602623153,13.359988384272125],[-7.675089513609901,13.359818614740481],[-7.675172897985536,13.359814986395195],[-7.675212644880864,13.359709444131942],[-7.675157052260222,13.359611180551363],[-7.674754924261996,13.359373154255048],[-7.674625929992776,13.359065492060294],[-7.674645409670705,13.358861277469634],[-7.674728376057166,13.358717500074954],[-7.674828104355493,13.35872018580554],[-7.6749931393025514,13.35886363960837],[-7.675175211880149,13.359191097144958],[-7.675311791601226,13.359295206203825],[-7.6754524450446535,13.359559096572287],[-7.675741269943702,13.359880817039516],[-7.675772348635818,13.359986219810674],[-7.676823390614431,13.360934548242026],[-7.677131591764724,13.361348479579032],[-7.677767657941859,13.36172353156086],[-7.678063149363308,13.3619787191686],[-7.678112143804856,13.3620852221082],[-7.677950250903551,13.3621516995695],[-7.677598096636193,13.362131714271882],[-7.677326204086737,13.362052151974419],[-7.676801105650117,13.361991276853967],[-7.676649800517427,13.362068427201685],[-7.676497131718916,13.362068417339412],[-7.676225414526902,13.3618552277178],[-7.67575654875637,13.361740283826716],[-7.675645538149841,13.361657311873516],[-7.675627822057067,13.361579491099961],[-7.675773402631854,13.361469724159917],[-7.675798035017147,13.361379604157321],[-7.675203300002278,13.36099670000119],[-7.675156700002276,13.360773300001206]]]}},{"id":"477","type":"Feature","properties":{"id":"365","date_realisation":"2026/02/03","commune":"Sirakorola","village":"ZANA","surface_ha":25.4724,"technologie":"Cordon pierreux","type_beneficiaire":"Propriétaire individuel (appartenant à un ménage)"},"geometry":{"type":"Polygon","coordinates":[[[-7.678726700002243,13.362393300001212],[-7.678533376250532,13.362320356067197],[-7.677871724589576,13.361699557226848],[-7.677479290828024,13.36151960051602],[-7.67693941173694,13.360967597919029],[-7.676763177215807,13.360689177231873],[-7.67655428420265,13.36053472684455],[-7.676331433514899,13.36024170370681],[-7.676176588493912,13.36018859318052],[-7.675898901346576,13.359932700590122],[-7.675754720190831,13.359717481854043],[-7.675549111630662,13.359579602515884],[-7.675606552038564,13.359197226210888],[-7.675791696766302,13.359002098356912],[-7.67604647117225,13.358986068817426],[-7.676117070993853,13.359097780971204],[-7.676216072596449,13.359123263020674],[-7.676324239730773,13.359229408154906],[-7.676341772586564,13.359300464016158],[-7.676597592919081,13.35948266649029],[-7.677025852773081,13.359525041370553],[-7.677243864986224,13.359617763577637],[-7.677367343624426,13.359749210215677],[-7.677819191178426,13.359889764049832],[-7.677916234899935,13.35987535134351],[-7.6780410478365315,13.359990783655403],[-7.678163478035764,13.359929588064823],[-7.6782938577349515,13.360076734994845],[-7.678622935848573,13.360092021500158],[-7.678968284536184,13.360357116002064],[-7.67984294809851,13.360308932778201],[-7.680172323137459,13.360122997761167],[-7.680397458804867,13.360110014163508],[-7.680766624821058,13.360392393881694],[-7.681225218666796,13.3603154527686],[-7.68151286498712,13.360161038931627],[-7.681695721387918,13.360143530817721],[-7.682364734998321,13.360249070076259],[-7.682745798462643,13.360041845793004],[-7.683057287514853,13.360023120876884],[-7.683214767778198,13.359897311228705],[-7.683515509960538,13.359911633188345],[-7.683819279235596,13.359813615470612],[-7.68404588005696,13.35980017662485],[-7.6843482417393,13.359869369724125],[-7.6844467831345655,13.359936034654956],[-7.684758426081344,13.359956254413882],[-7.68483084686249,13.360009387513355],[-7.685213378198936,13.360078139313032],[-7.686029073437613,13.359912067235191],[-7.686091106376259,13.359914101687806],[-7.686266678801335,13.360068972204251],[-7.686046526643719,13.360410894605947],[-7.685926845965599,13.360909297138384],[-7.685581840955556,13.361355803824486],[-7.68495068649455,13.36180972779999],[-7.684643878189645,13.362199069831272],[-7.684486750799691,13.36230633414483],[-7.684150593208374,13.362411921956719],[-7.6838670809791,13.362489229765258],[-7.683452432187729,13.362480567454615],[-7.68312016336756,13.362403079468834],[-7.682384910281933,13.362340835253345],[-7.682031431661398,13.362192019564741],[-7.681350000002225,13.362286700001178],[-7.68050500000223,13.36292330000119],[-7.680331700002228,13.363205000001207],[-7.68009000000224,13.363235000001184],[-7.679960000002222,13.36322500000117],[-7.679358300002243,13.362948300001191],[-7.678726700002243,13.362393300001212]]]}},{"id":"478","type":"Feature","properties":{"id":"366","date_realisation":"2026/02/03","commune":"Sirakorola","village":"ZANA","surface_ha":26.2331,"technologie":"Cordon pierreux","type_beneficiaire":"Propriétaire individuel (appartenant à un ménage)"},"geometry":{"type":"Polygon","coordinates":[[[-7.677002354850166,13.362824620423877],[-7.677668640265341,13.362944743551443],[-7.677989948568563,13.363160745402396],[-7.678360907088952,13.363249351526209],[-7.67898476622154,13.363180295996568],[-7.679475000002243,13.363306700001203],[-7.67976170000224,13.363553300001195],[-7.680273300002228,13.363876700001194],[-7.6806317000022295,13.364358300001207],[-7.680555000002238,13.36442830000119],[-7.679698300002242,13.364743300001233],[-7.679320000002226,13.364983300001214],[-7.679055000002243,13.365221700001198],[-7.6785233000022455,13.365365000001184],[-7.67816170000225,13.366396700001186],[-7.67819265301756,13.366617285403494],[-7.6786154040276235,13.36687412973447],[-7.678786586273467,13.36708453517601],[-7.678865617171947,13.36727841335713],[-7.67911801735097,13.367488064016035],[-7.679378115464,13.367607649279629],[-7.679615338177649,13.368021547177324],[-7.679653201908034,13.368411255804409],[-7.679630299179337,13.36856116402609],[-7.679564240545988,13.368651258963123],[-7.67958598618837,13.368891822106471],[-7.67941116430132,13.369266430818938],[-7.679127526203099,13.36955740159262],[-7.679096405250778,13.369752945029097],[-7.67918830271902,13.369984491190554],[-7.679287588144183,13.370065238334949],[-7.67964186494974,13.37011580444877],[-7.680024287162872,13.370706326777153],[-7.680115869542942,13.370704697429131],[-7.680231349484479,13.370611331764932],[-7.680419354291832,13.370634487816256],[-7.680548036127625,13.371098990448623],[-7.680728978490758,13.371187513465916],[-7.680715062111521,13.37148600249614],[-7.680573208127646,13.371633598094599],[-7.680268734245609,13.371856230188454],[-7.679776289351691,13.371907004520889],[-7.679743718242546,13.37210345744905],[-7.679629786331532,13.37222328220354],[-7.679140327993388,13.37223004451751],[-7.678825207592107,13.372177928557992],[-7.678362882289692,13.371901465607566],[-7.678225505983415,13.371553194219224],[-7.678020932368517,13.370597477058654],[-7.677600703845842,13.370006965659067],[-7.677211416323082,13.369309651024817],[-7.6770731222382045,13.369199080087206],[-7.676992704952455,13.369007313970053],[-7.676940085737,13.368600425115858],[-7.676783629027315,13.36827403914438],[-7.677044891233668,13.367622480845123],[-7.676981885480553,13.36728000446253],[-7.676830102963608,13.367103046400292],[-7.676780000002272,13.366701700001192],[-7.676823300002259,13.366620000001191],[-7.677170000002262,13.366570000001206],[-7.677243300002261,13.366515000001206],[-7.6772567000022685,13.366128300001185],[-7.67689500000226,13.365998300001205],[-7.676553300002268,13.366030000001217],[-7.676391700002263,13.365548300001212],[-7.6762867000022625,13.364873300001195],[-7.676396700002274,13.363790000001185],[-7.676361984270799,13.363386239396785],[-7.676589170498466,13.36294833681569],[-7.677002354850166,13.362824620423877]]]}},{"id":"479","type":"Feature","properties":{"id":"367","date_realisation":"2026/02/03","commune":"Sirakorola","village":"ZANA","surface_ha":8.6935,"technologie":"Cordon pierreux","type_beneficiaire":"Propriétaire individuel (appartenant à un ménage)"},"geometry":{"type":"Polygon","coordinates":[[[-7.689576700002121,13.366860000001218],[-7.689016073068512,13.366823037426865],[-7.688880498929003,13.367068195750946],[-7.6887408059252405,13.36718034898144],[-7.6887337439200705,13.367263925814127],[-7.688617184406336,13.367430130936944],[-7.688487680200034,13.367505667668878],[-7.688164688676865,13.367419171598796],[-7.68787176781414,13.367157558751135],[-7.687533429082035,13.36704631341336],[-7.687077652543722,13.367097680693018],[-7.686917721504356,13.367217084614143],[-7.686373087993734,13.367359724870411],[-7.686386632171654,13.366935851730478],[-7.686309015992958,13.366757109620284],[-7.685349218966036,13.366951541647598],[-7.685149388678241,13.367065606192646],[-7.6848844736902056,13.366761786901764],[-7.684851697950395,13.366462996575414],[-7.685073761594279,13.36632027343255],[-7.686121224539905,13.366029557880026],[-7.686264955248846,13.365646693731025],[-7.686494384870137,13.36545965743429],[-7.686804652328381,13.365499423016384],[-7.686911789336243,13.365652128476485],[-7.687019624214011,13.36569466071239],[-7.687197640076693,13.36560992106839],[-7.6874477746588505,13.365368766767816],[-7.688420701692008,13.365124890664868],[-7.689063300002132,13.365025000001216],[-7.689120000002142,13.365115000001202],[-7.689248300002127,13.365841700001194],[-7.689966700002138,13.365888300001215],[-7.690003300002127,13.365971700001232],[-7.690081700002133,13.366703300001191],[-7.689906700002132,13.366821700001193],[-7.689576700002121,13.366860000001218]]]}},{"id":"480","type":"Feature","properties":{"id":"368","date_realisation":"2026/02/03","commune":"Sirakorola","village":"ZANA","surface_ha":7.4179,"technologie":"Cordon pierreux","type_beneficiaire":"Propriétaire individuel (appartenant à un ménage)"},"geometry":{"type":"Polygon","coordinates":[[[-7.707326700001951,13.362993300001198],[-7.707205574627565,13.362593282092103],[-7.706852167326315,13.362297267278576],[-7.706731487362627,13.362240213476067],[-7.706541679406739,13.36224562512226],[-7.706061008251661,13.361938510586157],[-7.706081613382706,13.361619567136849],[-7.706148134837276,13.361520223031285],[-7.706277401455826,13.361482105534304],[-7.706566107955817,13.36119656797367],[-7.70664780086813,13.360783057824074],[-7.706821190529231,13.360766943009146],[-7.70693202328708,13.360663674439273],[-7.707062712611523,13.36016943568434],[-7.707066216773657,13.359935971106706],[-7.707167080241072,13.359776945114117],[-7.7073726701748875,13.359738316802542],[-7.70802701794366,13.359798333806072],[-7.708081181246121,13.359531883867025],[-7.708285423805512,13.359391110593677],[-7.708413877206419,13.359418790798149],[-7.70852864385231,13.359485884353852],[-7.708662170750555,13.359747057943427],[-7.708522592410695,13.359885671868307],[-7.708472264117887,13.360016343210768],[-7.708572904981042,13.36042057318297],[-7.7085191592092,13.36091462104388],[-7.708567748270304,13.360988386329488],[-7.708748720371403,13.361036683228921],[-7.708805082550769,13.36110758402836],[-7.7086767003527825,13.361206510920972],[-7.708675768974618,13.361379101095197],[-7.708454287764968,13.361434571717103],[-7.708405342401046,13.36164691610518],[-7.708876018376362,13.361890276178714],[-7.70894566732187,13.362295148065973],[-7.708608066633431,13.362625319016326],[-7.708218252216634,13.362890897548882],[-7.708038300001959,13.362891700001207],[-7.7077217000019616,13.362996700001213],[-7.707326700001951,13.362993300001198]]]}},{"id":"481","type":"Feature","properties":{"id":"369","date_realisation":"2026/02/03","commune":"Sirakorola","village":"ZANA","surface_ha":30.757,"technologie":"Cordon pierreux","type_beneficiaire":"Propriétaire individuel (appartenant à un ménage)"},"geometry":{"type":"Polygon","coordinates":[[[-7.6900500000021275,13.357011700001191],[-7.690045571977698,13.356855938776729],[-7.689569656177205,13.356881591939198],[-7.6894989561761955,13.356823911421163],[-7.689144709958809,13.356768039066203],[-7.688919317829128,13.356644236229862],[-7.688605942700957,13.35609399854203],[-7.688321506088928,13.355839068125292],[-7.688057103982228,13.355500163055392],[-7.687939294037476,13.355192300730279],[-7.688078886607936,13.354689404499185],[-7.688464600482361,13.354181358340934],[-7.68889324275926,13.35397134390374],[-7.689369835686119,13.354024384910291],[-7.689707857913891,13.353973163687009],[-7.689775258274513,13.353564318487312],[-7.6898355594149725,13.35335801986943],[-7.689891560848701,13.35332476606148],[-7.690075422518709,13.353274255260118],[-7.690372533958268,13.353275780251849],[-7.690651168336748,13.35336092212743],[-7.690829741617452,13.353493530937444],[-7.691194359580507,13.353534264540016],[-7.69130089062674,13.353700992317663],[-7.691331374411384,13.354074745380954],[-7.691422208949523,13.354286048067529],[-7.691928448509707,13.354196571035361],[-7.6925351425017405,13.354179640823002],[-7.692897143438255,13.354393938903744],[-7.693217734120456,13.354374676906758],[-7.693546596029103,13.354252422965946],[-7.693703170295586,13.354037395285653],[-7.693828429500474,13.354001961842613],[-7.693855507390223,13.353878187745567],[-7.694148050057267,13.353900028825894],[-7.694350928938174,13.353990633071547],[-7.694482252618391,13.35399621556324],[-7.694647112429873,13.353986178057854],[-7.694835626475364,13.353867779687716],[-7.695055913413066,13.353928807752885],[-7.695295861302543,13.354258710659414],[-7.695530217464301,13.355299924639025],[-7.69562227075797,13.355509088971292],[-7.695537280841229,13.35593832350804],[-7.695403261904881,13.356052851727346],[-7.69529785390305,13.356072580724506],[-7.6950883038952504,13.356318415418515],[-7.694759880502017,13.356483574146418],[-7.694386264876356,13.356497003696239],[-7.694068530702378,13.356353062711465],[-7.693901387797562,13.356357268833026],[-7.693755747309074,13.356460677280037],[-7.69357657374837,13.356928982254976],[-7.693571750323571,13.357119636635066],[-7.693705940599022,13.357682522035745],[-7.693679049068436,13.3577540120467],[-7.6937821681921825,13.35789529252096],[-7.6939479415128424,13.358486545261334],[-7.694145318643497,13.358841157538128],[-7.694162063135546,13.35916675575547],[-7.693980911340482,13.359362785350894],[-7.693923344726488,13.359499689414607],[-7.69380159830926,13.35953930333241],[-7.693633480429742,13.359708860878],[-7.693497167138404,13.359706099687587],[-7.693328408002868,13.359602778579346],[-7.692838582423576,13.35888874907629],[-7.692321443737364,13.358396519839351],[-7.691818941619997,13.358168122737345],[-7.691687131260898,13.358167432052966],[-7.691152000013838,13.357823208131345],[-7.69079765712867,13.35769619901163],[-7.690670000002116,13.357551700001206],[-7.690326700002133,13.357610000001213],[-7.690193300002132,13.357416700001192],[-7.6900500000021275,13.357011700001191]]]}},{"id":"482","type":"Feature","properties":{"id":"370","date_realisation":"2026/02/03","commune":"Sirakorola","village":"ZANA","surface_ha":26.5402,"technologie":"Cordon pierreux","type_beneficiaire":"Propriétaire individuel (appartenant à un ménage)"},"geometry":{"type":"Polygon","coordinates":[[[-7.687987260898744,13.362236117523258],[-7.68737601840993,13.362291285297186],[-7.687237585067279,13.36237910729871],[-7.687042239265641,13.362424153269489],[-7.686864976756647,13.362560081506842],[-7.686678264464816,13.36259247762025],[-7.686531678535204,13.362504461691902],[-7.68640641337508,13.362519372033539],[-7.6862538629449935,13.362467572228256],[-7.685773949607288,13.362516985973766],[-7.68503638164477,13.362497862058374],[-7.685019443587023,13.362404520262364],[-7.685117513224,13.362250753767825],[-7.685515667140364,13.361937677692014],[-7.685884775955239,13.361344698166668],[-7.687120168662251,13.359728855070905],[-7.6877278842194245,13.359184661115817],[-7.688340800641033,13.358780862629112],[-7.688494974605816,13.358420451163774],[-7.688613424045083,13.35792645314767],[-7.688758971909662,13.357707690832939],[-7.689087056959466,13.357708890707174],[-7.6892400713208895,13.35784422317467],[-7.6893966001420875,13.357794762469368],[-7.689542265224037,13.357880977215968],[-7.689573917253885,13.357971146270792],[-7.689844299492724,13.35824848723891],[-7.690037278523985,13.35826681684981],[-7.690117281341884,13.358216040213424],[-7.690446958589384,13.358182502905658],[-7.691063308765827,13.358230643143326],[-7.691533580778352,13.358529519362534],[-7.6918894041564245,13.358604812755015],[-7.692172443703843,13.358723649687773],[-7.6924766615482545,13.35888560576801],[-7.692814124391223,13.359216951095494],[-7.692915573071641,13.359456386330114],[-7.693095421078347,13.359703337397153],[-7.693309759482323,13.360529810225069],[-7.693011443538665,13.360634034107298],[-7.692761169040095,13.360794512264135],[-7.692477441968694,13.360768633442108],[-7.69229447484031,13.360858186363824],[-7.692120383702811,13.360854508436859],[-7.691875884562225,13.36119847573965],[-7.691676689073885,13.361191379649433],[-7.691553022862264,13.36128305108929],[-7.6914205344858795,13.36154014733052],[-7.690511090559768,13.361566275077127],[-7.690284195788778,13.361764927726888],[-7.690163441616055,13.361797030925059],[-7.690086644289851,13.361951118990762],[-7.689763180548062,13.361983867432077],[-7.689679698336323,13.362117829616139],[-7.689583057391292,13.362162911587307],[-7.689421080367354,13.362151595201063],[-7.689314221307064,13.362325247910725],[-7.689091557462813,13.362313420515111],[-7.688850821411129,13.362506434082091],[-7.68860150812754,13.362326599637159],[-7.688329330577483,13.362320708645198],[-7.687987260898744,13.362236117523258]]]}},{"id":"483","type":"Feature","properties":{"id":"371","date_realisation":"2026/02/03","commune":"Sirakorola","village":"ZANA","surface_ha":9.473,"technologie":"Cordon pierreux","type_beneficiaire":"Propriétaire individuel (appartenant à un ménage)"},"geometry":{"type":"Polygon","coordinates":[[[-7.702213300002004,13.368415000001185],[-7.702389555380799,13.368324666111842],[-7.702771446784638,13.368358706614682],[-7.703072427708619,13.368676671172844],[-7.70311137245895,13.368775926296758],[-7.703269635121872,13.368711715552765],[-7.703740062492653,13.368654696626281],[-7.703913957961852,13.368958524234834],[-7.703841203430569,13.369245772560543],[-7.7034005654752145,13.369145974520187],[-7.702982776017495,13.369189568277731],[-7.702788829750171,13.369291304146932],[-7.70262519992743,13.36929130832538],[-7.7025177825556135,13.369387757044466],[-7.702229889463747,13.369339289812691],[-7.7018842392409095,13.36949404496319],[-7.701821981177169,13.369630808490943],[-7.701758430722329,13.369667093852902],[-7.701772039592323,13.369864403972755],[-7.701657841752401,13.370130790857132],[-7.701344787893724,13.370332639833547],[-7.700997695843667,13.370381119388684],[-7.700750314047608,13.370528849983522],[-7.700630386538439,13.370541888580966],[-7.699824168311508,13.370430870273854],[-7.699366671462838,13.37029408938725],[-7.699164663770145,13.369872910911093],[-7.698977325230377,13.36968739477316],[-7.698997129180477,13.36957624363683],[-7.699133348188446,13.369509509826697],[-7.699396616326954,13.369445509429786],[-7.699676351765395,13.369452122323754],[-7.700110088843293,13.369326893383239],[-7.7002183943702995,13.369229593206432],[-7.7000701407641,13.369007102747288],[-7.699927157441347,13.368975290962203],[-7.699489532281227,13.368570455560642],[-7.6990552145457345,13.368397985341403],[-7.699066248787064,13.368271916560154],[-7.699249324549214,13.368143025874575],[-7.699505002319448,13.368103459988282],[-7.699610066525457,13.367942860538362],[-7.700213115914574,13.367878617817837],[-7.700350439475096,13.367719528870554],[-7.700525262612629,13.36769331291079],[-7.700679199629683,13.367494087589185],[-7.701044133234399,13.367334192516987],[-7.701262244005258,13.367332706403948],[-7.701483840464523,13.367447247779099],[-7.701677493862846,13.367658277542457],[-7.7017584595292785,13.36802543677777],[-7.701701379623849,13.368155278989938],[-7.701732910375248,13.368253699529374],[-7.701951700002012,13.368433300001197],[-7.702213300002004,13.368415000001185]]]}},{"id":"484","type":"Feature","properties":{"id":"372","date_realisation":"2026/02/03","commune":"Sirakorola","village":"ZANA","surface_ha":23.0265,"technologie":"Cordon pierreux","type_beneficiaire":"Propriétaire individuel (appartenant à un ménage)"},"geometry":{"type":"Polygon","coordinates":[[[-7.692520000002101,13.3708817000012],[-7.692055000002103,13.370850000001202],[-7.6916983000021135,13.370751700001216],[-7.691501700002102,13.370595000001211],[-7.691476700002111,13.370331700001206],[-7.691523300002118,13.370218300001216],[-7.691043300002103,13.370310000001213],[-7.690631700002123,13.370266700001213],[-7.690505000002129,13.370210000001208],[-7.690345000002118,13.369846700001208],[-7.690075000002134,13.369538300001215],[-7.689738300002127,13.368958300001177],[-7.689683300002136,13.368541700001202],[-7.689973300002128,13.368261700001199],[-7.690431700002124,13.367496700001201],[-7.690523300002129,13.367436700001221],[-7.690920000002126,13.367483300001187],[-7.6912250000021185,13.36725000000123],[-7.69146330000212,13.367146700001191],[-7.691506700002125,13.36704500000121],[-7.691490000002128,13.366658300001212],[-7.691606700002115,13.3664900000012],[-7.691828300002116,13.36649330000118],[-7.6919417000021095,13.366548300001195],[-7.692029828998967,13.366668786897405],[-7.692428008525008,13.36666213802691],[-7.693119895914555,13.366583135194391],[-7.693405020665044,13.366219273802098],[-7.693632911569388,13.366231200367306],[-7.693852018068476,13.366173560515271],[-7.694486922211883,13.366201078843286],[-7.694669758109013,13.366497140823885],[-7.694702986312355,13.366733182213661],[-7.694896951286232,13.367172152944267],[-7.695187120566767,13.367646447813351],[-7.695238882084204,13.368084830284534],[-7.695277568766464,13.368134408621918],[-7.695460320120058,13.368116840429648],[-7.695512146778818,13.368183185248157],[-7.695904873330786,13.368378505872275],[-7.695982455463402,13.368495391083751],[-7.696192456781374,13.36863784096117],[-7.696260359415323,13.368794785780569],[-7.6965405413565655,13.369111994027582],[-7.696805024481237,13.369642434172242],[-7.696566664164122,13.369731845079091],[-7.696187775749933,13.369617257348784],[-7.695258752622635,13.369606009112507],[-7.695035143852489,13.369650702714248],[-7.694478773963695,13.369873815751067],[-7.693575859412706,13.369822443130728],[-7.693086824061773,13.369670491613423],[-7.692937314396292,13.369836660132279],[-7.692906352802002,13.370067139864412],[-7.692946551472967,13.370405573852155],[-7.692723638397891,13.370571901441037],[-7.6926508106072315,13.370747835015274],[-7.692520000002101,13.3708817000012]]]}},{"id":"485","type":"Feature","properties":{"id":"373","date_realisation":"2026/02/03","commune":"Sirakorola","village":"ZANA","surface_ha":8.7034,"technologie":"Cordon pierreux","type_beneficiaire":"Propriétaire individuel (appartenant à un ménage)"},"geometry":{"type":"Polygon","coordinates":[[[-7.692683300002093,13.370898300001215],[-7.692898255528324,13.370929719744343],[-7.6930460181755285,13.370800584656639],[-7.693418313980558,13.370609766905813],[-7.69356241466157,13.370601692718196],[-7.694010319466921,13.370388461271487],[-7.6943166813321335,13.370341865882661],[-7.694440461390779,13.370368288023984],[-7.694586068258561,13.370290482772326],[-7.694915559558338,13.370336133532767],[-7.695110516039115,13.370477837232963],[-7.69524059778327,13.370727677208711],[-7.695516882460268,13.37080075648695],[-7.695693456625134,13.37099545591797],[-7.695824971653407,13.371704556127002],[-7.695792125470211,13.372322301480498],[-7.69561372095721,13.372524090287085],[-7.695476699526315,13.372535037395549],[-7.695309195540699,13.372819869887017],[-7.694956908964074,13.372904683077067],[-7.694834703410795,13.372847258057654],[-7.694494392003894,13.37284407222436],[-7.694100518220544,13.372682190140383],[-7.693706184057745,13.372753821759002],[-7.693610271396235,13.372700514115273],[-7.693612045243028,13.372485535216606],[-7.6935683000020845,13.372420000001192],[-7.692858300002104,13.37252500000119],[-7.692786700002099,13.372173300001197],[-7.692690000002107,13.372138300001208],[-7.692300000002102,13.372193300001202],[-7.692158300002115,13.3720533000012],[-7.691831700002111,13.372061700001197],[-7.6917100000021135,13.3717517000012],[-7.691745000002113,13.37166330000121],[-7.6918500000021055,13.371608300001192],[-7.691973300002097,13.371400000001227],[-7.692155000002106,13.371231700001227],[-7.692216700002102,13.371011700001212],[-7.692276700002097,13.370931700001172],[-7.692683300002093,13.370898300001215]]]}},{"id":"486","type":"Feature","properties":{"id":"374","date_realisation":"2026/02/03","commune":"Sirakorola","village":"ZANA","surface_ha":21.289,"technologie":"Cordon pierreux","type_beneficiaire":"Propriétaire individuel (appartenant à un ménage)"},"geometry":{"type":"Polygon","coordinates":[[[-7.688431700002148,13.370421700001206],[-7.6884033000021335,13.370783300001216],[-7.688296700002137,13.371045000001194],[-7.688081798651268,13.37195641772889],[-7.687878006961664,13.372504556575954],[-7.687627285439589,13.372730949011705],[-7.687492279042582,13.37314522558562],[-7.687485622190438,13.373278884623412],[-7.687550239310841,13.37342786085927],[-7.6877031539097125,13.37356275674755],[-7.687905643290155,13.373634968217411],[-7.687911407135595,13.373684302780955],[-7.687653901085078,13.373696553791662],[-7.687386977052316,13.373814352558798],[-7.6872677995322505,13.37392845427208],[-7.687253234615731,13.37427136688445],[-7.687416251985927,13.374368089972823],[-7.687435245007147,13.374516369821828],[-7.687379497679935,13.374623764524623],[-7.687219928270657,13.374735585208779],[-7.687018818496875,13.374700512236172],[-7.686547959959403,13.374460146696881],[-7.686191091942684,13.374396966839285],[-7.685981533319487,13.374237679384427],[-7.685589014482651,13.374125848475657],[-7.685465628215924,13.37396720970402],[-7.685233457650261,13.373811449410578],[-7.684749500183107,13.373890364936173],[-7.68448856206058,13.374032086785574],[-7.684017548165079,13.373987926925631],[-7.683797321702846,13.373856399154803],[-7.6836284508332575,13.37359765158414],[-7.683519326233951,13.373526073257935],[-7.683452954112614,13.373275963012485],[-7.683151693397572,13.372680865834447],[-7.682850908562391,13.372443237574277],[-7.682624199873924,13.372351778820548],[-7.682440123203131,13.372056951920204],[-7.682461025616909,13.371897791388351],[-7.682695457699301,13.371855430990378],[-7.6828161467861085,13.371683443310522],[-7.682949914311411,13.37166897650041],[-7.683062300803262,13.371679617981489],[-7.683290733208242,13.371855124199426],[-7.683619498221201,13.37199356843274],[-7.683933247922066,13.371972398082267],[-7.68407830000219,13.371685000001218],[-7.68437500000218,13.371493300001216],[-7.684253300002188,13.371300000001206],[-7.6847017000021856,13.370731700001194],[-7.685101700002174,13.370440000001194],[-7.686020000002178,13.370066700001185],[-7.686090000002168,13.369946700001208],[-7.6864200000021725,13.369641700001203],[-7.687045000002155,13.369651700001235],[-7.6873800000021575,13.369531700001213],[-7.6877367000021515,13.369800000001213],[-7.6881217000021405,13.369710000001207],[-7.688210000002153,13.369753300001195],[-7.688470000002142,13.369960000001218],[-7.688556700002146,13.370280000001205],[-7.688431700002148,13.370421700001206]]]}},{"id":"487","type":"Feature","properties":{"id":"375","date_realisation":"2026/02/03","commune":"Sirakorola","village":"KOYO","surface_ha":0.5885,"technologie":"RNA","type_beneficiaire":"Propriétaire individuel (appartenant à un ménage)"},"geometry":{"type":"MultiPolygon","coordinates":[[[[-7.623173300002972,13.382344295872102],[-7.623053300002876,13.381425000001201],[-7.623463300002863,13.381326700001173],[-7.623553300002871,13.381375000001192],[-7.62361330000288,13.381600000001184],[-7.623686700002877,13.3822100000012],[-7.623630000002869,13.38229000000119],[-7.623173300002972,13.382344295872102]]],[[[-7.623173300002866,13.38235000000119],[-7.6231700000028875,13.382345000001198],[-7.623173300002972,13.382344295872102],[-7.623173300002866,13.38235000000119]]]]}},{"id":"488","type":"Feature","properties":{"id":"376","date_realisation":"2026/02/04","commune":"Sirakorola","village":"ZANA","surface_ha":0.3423,"technologie":"Cordon pierreux","type_beneficiaire":"Propriétaire individuel (appartenant à un ménage)"},"geometry":{"type":"Polygon","coordinates":[[[-7.683433223087253,13.366862126191315],[-7.683348300002198,13.36629330000121],[-7.683897366719389,13.366234987145841],[-7.683940862416301,13.366633267183218],[-7.683641700002199,13.366803300001212],[-7.683433223087253,13.366862126191315]]]}},{"id":"489","type":"Feature","properties":{"id":"206","date_realisation":"2026-01-19","commune":"Meguetan","village":"Mafèya","surface_ha":3.1745,"technologie":"Cordon pierreux","type_beneficiaire":"Propriétaire individuel (appartenant à un ménage)"},"geometry":{"type":"Polygon","coordinates":[[[-7.609982657428421,12.965283057432096],[-7.609822910793753,12.965290318642761],[-7.609477524155822,12.965463011961722],[-7.6092686996769805,12.965727859611576],[-7.608982033892171,12.965718328647219],[-7.608512486658468,12.965363772572791],[-7.608426243289011,12.965162538044064],[-7.607950600000001,12.964912899999998],[-7.607750700000001,12.964672700000001],[-7.608771216766835,12.964204278383443],[-7.609049112068414,12.964003043854714],[-7.609327007369992,12.963926383081866],[-7.609547407091935,12.964050956837749],[-7.609898300000001,12.9640601],[-7.6102915,12.9649858],[-7.609982657428421,12.965283057432096]]]}},{"id":"490","type":"Feature","properties":{"id":"123","date_realisation":"2025-10-02","commune":"Doumba","village":"Dibaro","surface_ha":2.2438,"technologie":"Demi-lune","type_beneficiaire":"Propriétaire individuel (appartenant à un ménage)"},"geometry":{"type":"Polygon","coordinates":[[[-7.621945513076837,13.064956965568832],[-7.621081083417689,13.065224376538827],[-7.620795245119561,13.065466232179443],[-7.620582333334334,13.065571245343888],[-7.620305445746348,13.065624492956966],[-7.619826217228684,13.065592544389121],[-7.619201177084236,13.06566291395737],[-7.61940492581571,13.065255416494422],[-7.619690493407158,13.064845689080604],[-7.620167001952359,13.064623437831171],[-7.620411940972498,13.064740582579937],[-7.620995507395254,13.064647416491022],[-7.621081083417689,13.064572537471392],[-7.621621178644992,13.064367673764483],[-7.621863290298611,13.06462220140034],[-7.621945513076837,13.064956965568832]]]}},{"id":"491","type":"Feature","properties":{"id":"190","date_realisation":"2025-10-25","commune":"Koula","village":"Sokindiarababougou","surface_ha":0.4579,"technologie":"Cordon pierreux","type_beneficiaire":"Propriétaire individuel (appartenant à un ménage)"},"geometry":{"type":"Polygon","coordinates":[[[-7.744518553779899,13.113580452096896],[-7.744019985266596,13.113546650841759],[-7.743866663720897,13.113134599187692],[-7.743981654880171,13.112933364658963],[-7.744636140557273,13.113013032728194],[-7.744518553779899,13.113580452096896]]]}},{"id":"492","type":"Feature","properties":{"id":"190","date_realisation":"2025-10-25","commune":"Koula","village":"Sokindiarababougou","surface_ha":0.037,"technologie":"Cordon pierreux","type_beneficiaire":"Propriétaire individuel (appartenant à un ménage)"},"geometry":{"type":"Polygon","coordinates":[[[-7.743981654880171,13.112933364658963],[-7.7445470280799364,13.112923782062355],[-7.744656206695177,13.112916202833233],[-7.744636140557273,13.113013032728194],[-7.743981654880171,13.112933364658963]]]}},{"id":"493","type":"Feature","properties":{"id":"224","date_realisation":"2026-02-14","commune":"Doumba","village":"Fani","surface_ha":0.6258,"technologie":"Cordon pierreux","type_beneficiaire":"Propriétaire individuel (appartenant à un ménage)"},"geometry":{"type":"Polygon","coordinates":[[[-7.554139818726885,13.191830100093675],[-7.5541833,13.1925292],[-7.553464439554521,13.19258382709226],[-7.553404333845582,13.192463615674383],[-7.553358370656394,13.191943878073557],[-7.554139818726885,13.191830100093675]]]}}]}