{
"type": "FeatureCollection",
"name": "sens_drainage",
"crs": { "type": "name", "properties": { "name": "urn:ogc:def:crs:OGC:1.3:CRS84" } },
"features": [
{ "type": "Feature", "properties": { "OBJECTID": 1, "arcid": 1, "from_node": 10, "to_node": 7, "Shape_Leng": 2741.5675271300001, "HydroID": 202, "GridID": 4, "NextDownID": -1, "DrainID": 4 }, "geometry": { "type": "LineString", "coordinates": [ [ -6.545289065729225, 13.908498699208598 ], [ -6.548965631609794, 13.911815961229163 ], [ -6.548885582359439, 13.91941159386675 ], [ -6.5474571876429, 13.920778390385124 ], [ -6.547424403935469, 13.923885690168261 ], [ -6.545995970955844, 13.925252471720595 ], [ -6.54352171909034, 13.925227532899253 ], [ -6.542794713061454, 13.927119300466908 ] ] } },
{ "type": "Feature", "properties": { "OBJECTID": 2, "arcid": 2, "from_node": 11, "to_node": 5, "Shape_Leng": 2647.3793832699998, "HydroID": 203, "GridID": 3, "NextDownID": -1, "DrainID": 3 }, "geometry": { "type": "LineString", "coordinates": [ [ -7.213634209052591, 13.913447117896029 ], [ -7.212905783664461, 13.916205176290614 ], [ -7.215713425232458, 13.918989138715734 ], [ -7.215343912004782, 13.921058982294475 ], [ -7.217452348173561, 13.922801537181437 ], [ -7.217439107403216, 13.924528564696384 ], [ -7.218492021535973, 13.925572540776999 ], [ -7.218478785739737, 13.927299569784815 ], [ -7.221273400029464, 13.931810519690048 ], [ -7.221264145313359, 13.933019441059072 ] ] } },
{ "type": "Feature", "properties": { "OBJECTID": 3, "arcid": 3, "from_node": 12, "to_node": 6, "Shape_Leng": 3759.2278879300002, "HydroID": 204, "GridID": 7, "NextDownID": -1, "DrainID": 7 }, "geometry": { "type": "LineString", "coordinates": [ [ -6.817163996945193, 13.905558280612508 ], [ -6.816272140314906, 13.906413674911196 ], [ -6.816586767954229, 13.91056070247696 ], [ -6.814095975425908, 13.912265140156395 ], [ -6.813375968430829, 13.913640084410503 ], [ -6.813349999609978, 13.916402652942159 ], [ -6.809435278419842, 13.919130298821202 ], [ -6.809062234387655, 13.921199039314317 ], [ -6.806921541723234, 13.923251875110857 ], [ -6.811124856364441, 13.927433864770403 ], [ -6.812542246546236, 13.927101247816418 ], [ -6.813578484166455, 13.929700674029696 ] ] } },
{ "type": "Feature", "properties": { "OBJECTID": 4, "arcid": 4, "from_node": 13, "to_node": 1, "Shape_Leng": 7064.2372610100001, "HydroID": 205, "GridID": 10, "NextDownID": -1, "DrainID": 10 }, "geometry": { "type": "LineString", "coordinates": [ [ -8.923170272665875, 13.891641363340513 ], [ -8.924938416184046, 13.893369785696525 ], [ -8.927414721705805, 13.893024959777499 ], [ -8.929890604288689, 13.894062406030216 ], [ -8.932366809831839, 13.894063104258267 ], [ -8.93448839775375, 13.897173853266638 ], [ -8.933778740277646, 13.904776296311473 ], [ -8.932717160458056, 13.905812728102596 ], [ -8.932716860932816, 13.906849450961115 ], [ -8.934838762630607, 13.909269045497364 ], [ -8.935545243439577, 13.913070546869651 ], [ -8.935543712015873, 13.918599728449784 ], [ -8.934482077615735, 13.919636167409065 ], [ -8.934481298976744, 13.922400756967473 ], [ -8.944384931306839, 13.932424852051561 ], [ -8.945445769226961, 13.934844106000497 ], [ -8.944737048415814, 13.939509185915828 ] ] } },
{ "type": "Feature", "properties": { "OBJECTID": 5, "arcid": 5, "from_node": 14, "to_node": 4, "Shape_Leng": 8846.8302956099997, "HydroID": 206, "GridID": 2, "NextDownID": -1, "DrainID": 2 }, "geometry": { "type": "LineString", "coordinates": [ [ -7.937761073472575, 13.879151089893728 ], [ -7.937731966125323, 13.885543122553928 ], [ -7.938786687190053, 13.886929793355872 ], [ -7.936659928810172, 13.887957113088527 ], [ -7.936298374237039, 13.889683148499925 ], [ -7.934168421098193, 13.891401471865866 ], [ -7.93380368004687, 13.893818530202388 ], [ -7.933781547880242, 13.898655732478101 ], [ -7.935189988098595, 13.900043965341862 ], [ -7.935177352740433, 13.902808080882002 ], [ -7.928810837195493, 13.90278022289694 ], [ -7.926323823637971, 13.905187938095606 ], [ -7.927002557780694, 13.911410288962069 ], [ -7.925579751598256, 13.913131627074289 ], [ -7.923777640352135, 13.920379597623706 ], [ -7.920219577210718, 13.924855615178734 ], [ -7.915965185961642, 13.926909841959775 ], [ -7.910276352747522, 13.933103793406659 ], [ -7.909215136720225, 13.933099043584226 ], [ -7.907793685871606, 13.934474745346117 ], [ -7.908488994239403, 13.937069244632191 ] ] } },
{ "type": "Feature", "properties": { "OBJECTID": 6, "arcid": 6, "from_node": 15, "to_node": 3, "Shape_Leng": 10804.026649400001, "HydroID": 207, "GridID": 1, "NextDownID": -1, "DrainID": 1 }, "geometry": { "type": "LineString", "coordinates": [ [ -8.439664138090363, 13.871313866068304 ], [ -8.440364895945033, 13.874079955130304 ], [ -8.441423505783648, 13.875119057645202 ], [ -8.441420197890356, 13.876501291908726 ], [ -8.44000042113133, 13.878571407390263 ], [ -8.44247469437699, 13.879268183918276 ], [ -8.449532483881747, 13.886195392620387 ], [ -8.450947346646609, 13.886198575696879 ], [ -8.454829332983598, 13.890008437756075 ], [ -8.451994687198459, 13.892075460103372 ], [ -8.451990625372167, 13.893803253612219 ], [ -8.450572457959671, 13.895182310078457 ], [ -8.450564310771371, 13.898637896051124 ], [ -8.451269339008618, 13.899676163378583 ], [ -8.449496575856097, 13.901399974417952 ], [ -8.448080802473585, 13.901742337750754 ], [ -8.448071795382985, 13.905543478539105 ], [ -8.44700645850244, 13.907268867299949 ], [ -8.449831539123478, 13.909348613755148 ], [ -8.449827455989405, 13.911076405098772 ], [ -8.455133758403168, 13.911088313843036 ], [ -8.455839649964833, 13.911781009759093 ], [ -8.456544739847422, 13.912819262157113 ], [ -8.455835610684803, 13.913508802499464 ], [ -8.455825914164677, 13.917655502808918 ], [ -8.459001753369066, 13.921118172297696 ], [ -8.458997734759462, 13.922845963721713 ], [ -8.467118652904141, 13.929775060806859 ], [ -8.469231880990172, 13.933926398654187 ], [ -8.473819796029527, 13.938946979178571 ] ] } },
{ "type": "Feature", "properties": { "OBJECTID": 7, "arcid": 7, "from_node": 17, "to_node": 11, "Shape_Leng": 24605.586838200001, "HydroID": 208, "GridID": 9, "NextDownID": 203, "DrainID": 9 }, "geometry": { "type": "LineString", "coordinates": [ [ -7.358819066043441, 13.835359664044391 ], [ -7.354242882425853, 13.832565388142132 ], [ -7.352138877929164, 13.83013311264232 ], [ -7.349661944845938, 13.830461904489367 ], [ -7.347531193635314, 13.831829347434853 ], [ -7.347519002194479, 13.833556506953128 ], [ -7.339339398029939, 13.840410174679587 ], [ -7.337215864809174, 13.840741220855101 ], [ -7.335791982783432, 13.842113339076592 ], [ -7.328007259013127, 13.843096675856174 ], [ -7.320180317120354, 13.849952009980875 ], [ -7.320172871297169, 13.850988289175383 ], [ -7.31838784986136, 13.853394140039319 ], [ -7.319089939535846, 13.854089847583936 ], [ -7.319401236933922, 13.859964520665448 ], [ -7.32150758177835, 13.86205163742839 ], [ -7.320066080513309, 13.865841619667272 ], [ -7.320008908221576, 13.873786416440938 ], [ -7.3160848519099, 13.878595614042437 ], [ -7.316074878404882, 13.879977314374363 ], [ -7.317827776337012, 13.882062040001104 ], [ -7.316757087949901, 13.883436435526843 ], [ -7.316724671262165, 13.887926959663426 ], [ -7.314944282548348, 13.889641893595629 ], [ -7.314904321932864, 13.895168683898058 ], [ -7.313477454499071, 13.896886038788546 ], [ -7.314167144451002, 13.899308892063525 ], [ -7.307752192775516, 13.906173307187697 ], [ -7.302422904847591, 13.909590677000661 ], [ -7.29923283390037, 13.910604771505504 ], [ -7.296406466662956, 13.91023960775199 ], [ -7.29570430337916, 13.90954382648421 ], [ -7.291460988296111, 13.909514141439438 ], [ -7.290761379867282, 13.908472928355753 ], [ -7.287222766719618, 13.908793545011452 ], [ -7.278390271253258, 13.907695061323482 ], [ -7.277688173950133, 13.906999235113732 ], [ -7.274503191835302, 13.907322163853006 ], [ -7.271341288704132, 13.90453630490712 ], [ -7.270267663999866, 13.90625586739726 ], [ -7.262842074104318, 13.906203108261289 ], [ -7.259992631503804, 13.908946262223186 ], [ -7.260335906846018, 13.91033044079197 ], [ -7.256797277849196, 13.910650607629384 ], [ -7.253250867526231, 13.912006959561509 ], [ -7.251482839226701, 13.911994289929796 ], [ -7.250780821407513, 13.911298394345096 ], [ -7.23698507619735, 13.91188991606866 ], [ -7.235932124270194, 13.910846017200113 ], [ -7.232749719978577, 13.910822978600182 ], [ -7.224630111265886, 13.909036876644246 ], [ -7.223561415702508, 13.910065375634478 ], [ -7.216492133512765, 13.909668360066656 ], [ -7.213634209052591, 13.913447117896029 ] ] } },
{ "type": "Feature", "properties": { "OBJECTID": 8, "arcid": 8, "from_node": 16, "to_node": 17, "Shape_Leng": 35634.054873200002, "HydroID": 209, "GridID": 12, "NextDownID": 208, "DrainID": 12 }, "geometry": { "type": "LineString", "coordinates": [ [ -7.585414703587824, 13.839535891582306 ], [ -7.586117635305619, 13.840230912433723 ], [ -7.585732753805475, 13.845410925967549 ], [ -7.58819100443214, 13.848188964826248 ], [ -7.588184747134124, 13.849225376678334 ], [ -7.586400199126961, 13.851978940785443 ], [ -7.586385575295078, 13.8543972311393 ], [ -7.584954540187277, 13.857152819344231 ], [ -7.582830969257772, 13.857486016107133 ], [ -7.577499938719131, 13.861946344738 ], [ -7.571137521292567, 13.861563798387758 ], [ -7.566217029338155, 13.856698309833899 ], [ -7.564464003636349, 13.854269682317295 ], [ -7.565183870213738, 13.852201026177891 ], [ -7.559914385634378, 13.846642434898293 ], [ -7.553552457571945, 13.846259474116083 ], [ -7.54933118899792, 13.842779738642154 ], [ -7.545120786841011, 13.837572621443673 ], [ -7.542648133748229, 13.837212455723497 ], [ -7.540876112833789, 13.837892866155679 ], [ -7.537015208770687, 13.83337866452278 ], [ -7.532770614882495, 13.833698775358384 ], [ -7.53101160758299, 13.832306342185696 ], [ -7.529243940614871, 13.832295745519188 ], [ -7.526426547979261, 13.830551456634749 ], [ -7.523598309146653, 13.830534445097854 ], [ -7.518982761736825, 13.833615874419094 ], [ -7.519270718659681, 13.843981815653104 ], [ -7.518196939488621, 13.846048162202502 ], [ -7.51818380616428, 13.848120920031207 ], [ -7.515335623964169, 13.851212926043354 ], [ -7.510034439274286, 13.850835257583116 ], [ -7.507541890329238, 13.853583850721044 ], [ -7.505424937576276, 13.852879994925287 ], [ -7.503299151946233, 13.853557952387014 ], [ -7.502596455919356, 13.852862713942931 ], [ -7.501173356657624, 13.854235889203165 ], [ -7.499051986658358, 13.854222893453873 ], [ -7.494077646315566, 13.857992510823385 ], [ -7.489834854206186, 13.857966371087246 ], [ -7.485932205518219, 13.860015071150508 ], [ -7.484517933291281, 13.860006317764084 ], [ -7.483450503112191, 13.861036109511337 ], [ -7.477435331810365, 13.861689693116286 ], [ -7.476012040941917, 13.863062700494115 ], [ -7.473890615568799, 13.863049478540692 ], [ -7.469260237665835, 13.868202539472172 ], [ -7.455824329562676, 13.868118088793755 ], [ -7.45406560164059, 13.866725125921585 ], [ -7.450529874733298, 13.866702756290719 ], [ -7.445547669206012, 13.87150761766102 ], [ -7.433172451239829, 13.871428643138032 ], [ -7.43105563737975, 13.870724152056971 ], [ -7.42859456399862, 13.868635593435391 ], [ -7.427166314491057, 13.87069916986187 ], [ -7.423979483138584, 13.87136957135095 ], [ -7.421488107411468, 13.873771712101938 ], [ -7.418303566210985, 13.874096590523049 ], [ -7.415465561241075, 13.875460045600688 ], [ -7.411929768546409, 13.87543710406778 ], [ -7.411217907126634, 13.876123392512723 ], [ -7.400610538352093, 13.876054227163451 ], [ -7.396042519987763, 13.871878843837452 ], [ -7.394628236709629, 13.871869563365289 ], [ -7.394310303490762, 13.866685658755081 ], [ -7.395378112426972, 13.865656301605785 ], [ -7.395411335948155, 13.860820152145424 ], [ -7.394367292582978, 13.858395121045955 ], [ -7.392599542376884, 13.858383518128406 ], [ -7.391201991778876, 13.855956155691677 ], [ -7.380311503366038, 13.845866209475572 ], [ -7.37253629059671, 13.845469224674565 ], [ -7.370429570732267, 13.843382510245192 ], [ -7.36866436493097, 13.843025311882204 ], [ -7.364792523403517, 13.840581346322807 ], [ -7.358819066043441, 13.835359664044391 ] ] } },
{ "type": "Feature", "properties": { "OBJECTID": 9, "arcid": 9, "from_node": 19, "to_node": 2, "Shape_Leng": 33056.225583899999, "HydroID": 210, "GridID": 8, "NextDownID": -1, "DrainID": 8 }, "geometry": { "type": "LineString", "coordinates": [ [ -8.631960665395518, 13.832456645302029 ], [ -8.636374499919445, 13.836782856347652 ], [ -8.638497466716734, 13.836094855686321 ], [ -8.639203700344256, 13.836787036122461 ], [ -8.639199971778353, 13.839206021840878 ], [ -8.638136338434521, 13.840932304671282 ], [ -8.63919570968347, 13.841970576233743 ], [ -8.640963999005974, 13.841973173023836 ], [ -8.645201084246665, 13.846471756127675 ], [ -8.646615744745926, 13.846473800570331 ], [ -8.648028324635447, 13.84785811508509 ], [ -8.648024684238978, 13.850277100953244 ], [ -8.648730988495787, 13.850969254844053 ], [ -8.648372638688269, 13.854078871060032 ], [ -8.649785274976322, 13.855463175926564 ], [ -8.652614705461733, 13.855467206268308 ], [ -8.657219118551117, 13.850981280520552 ], [ -8.662523206583579, 13.851679786696886 ], [ -8.673840766611802, 13.851695119079334 ], [ -8.67596568278093, 13.849624513364622 ], [ -8.679149196119583, 13.849283132772046 ], [ -8.680919905247727, 13.847557589257114 ], [ -8.683749249997364, 13.8475612577964 ], [ -8.685519912615849, 13.845835680688683 ], [ -8.695068885780449, 13.845847750300354 ], [ -8.695775318396436, 13.84653977158318 ], [ -8.69895832170802, 13.846543703109653 ], [ -8.701082972519979, 13.844472872994336 ], [ -8.704260269713119, 13.848969163391679 ], [ -8.704257210655534, 13.851388162540578 ], [ -8.707436389896248, 13.854502126882199 ], [ -8.70742946913035, 13.860031265922887 ], [ -8.711668178782068, 13.864528727369036 ], [ -8.711664339640786, 13.867638867805915 ], [ -8.713077438358198, 13.8690228147467 ], [ -8.71342859518276, 13.871096655614151 ], [ -8.71519838322736, 13.870062008256067 ], [ -8.716259073265961, 13.870408812279933 ], [ -8.718730836248495, 13.873867382469562 ], [ -8.722975344340801, 13.873872227036056 ], [ -8.724745927567092, 13.872146367193256 ], [ -8.725807046926796, 13.872147558997918 ], [ -8.72722025876638, 13.873531426736797 ], [ -8.733234098294146, 13.872846916471156 ], [ -8.737473930149935, 13.876998367457594 ], [ -8.737466153850608, 13.883909796290471 ], [ -8.738172827376147, 13.884601698520328 ], [ -8.73816972387977, 13.887366268779736 ], [ -8.739228595915341, 13.889440831254811 ], [ -8.737103858842273, 13.891511982795036 ], [ -8.737101520571228, 13.893585409425317 ], [ -8.748410367146228, 13.903618896205799 ], [ -8.749116016620654, 13.905347480052558 ], [ -8.743094130759502, 13.912598210465484 ], [ -8.743088790111464, 13.917436199051629 ], [ -8.743794820386988, 13.9188192259879 ], [ -8.745208417931979, 13.920202990379973 ], [ -8.746976942961844, 13.920550402878368 ], [ -8.751227854249967, 13.915371210492163 ], [ -8.756185381861897, 13.910883788640284 ], [ -8.75936927805177, 13.910886949692523 ], [ -8.760431643462091, 13.909851280928915 ], [ -8.767861739415009, 13.908821747501666 ], [ -8.77317122084119, 13.905716593985883 ], [ -8.777063230301675, 13.905029036381833 ], [ -8.77883037907502, 13.906758504760907 ], [ -8.778828737938985, 13.908486362750397 ], [ -8.778120223042748, 13.909522435956749 ], [ -8.774935004969834, 13.910901805617696 ], [ -8.774578561169619, 13.913666050840822 ], [ -8.775285435480431, 13.914357847245775 ], [ -8.778115611585754, 13.914360438192293 ], [ -8.78271109992933, 13.918165865227733 ], [ -8.783062622175802, 13.920585180656365 ], [ -8.785890330801537, 13.923352254202818 ], [ -8.785177012696225, 13.929571916224226 ], [ -8.788004854527614, 13.93233896513849 ], [ -8.790835562814346, 13.931995840415315 ], [ -8.791542542004299, 13.932687589251232 ], [ -8.791188120933716, 13.933378428583186 ], [ -8.791894485493327, 13.934761319568059 ], [ -8.788001386890777, 13.936140248553357 ], [ -8.788353303476786, 13.938213982124259 ], [ -8.787644580981555, 13.939422864793995 ] ] } },
{ "type": "Feature", "properties": { "OBJECTID": 10, "arcid": 10, "from_node": 20, "to_node": 13, "Shape_Leng": 9590.4039570500008, "HydroID": 211, "GridID": 16, "NextDownID": 205, "DrainID": 16 }, "geometry": { "type": "LineString", "coordinates": [ [ -8.882519922884136, 13.832531879311974 ], [ -8.88817601264279, 13.837372584449554 ], [ -8.886052385893814, 13.840827363558121 ], [ -8.886051712819143, 13.842209665019132 ], [ -8.890293258820858, 13.847395233076631 ], [ -8.890292448379238, 13.849123110109291 ], [ -8.892060186593579, 13.850506197375138 ], [ -8.89205811267192, 13.854998674832771 ], [ -8.892765163542878, 13.855690136629535 ], [ -8.894887274577485, 13.855691056768215 ], [ -8.897009994731373, 13.854309657166013 ], [ -8.899484884998996, 13.856384137528803 ], [ -8.899484141957908, 13.858112013807004 ], [ -8.900897871187798, 13.860531616678628 ], [ -8.900896552032954, 13.86364179216312 ], [ -8.905493358655505, 13.866753786008397 ], [ -8.908676677677191, 13.86675499480323 ], [ -8.911151670993904, 13.869174931476698 ], [ -8.911150750571363, 13.871593956131154 ], [ -8.912210839784906, 13.87435893823201 ], [ -8.913271595050595, 13.875396041884873 ], [ -8.915393886391303, 13.87539678534108 ], [ -8.918576238138826, 13.878508039223654 ], [ -8.918575635228006, 13.880235913302178 ], [ -8.921404485426345, 13.883001437093615 ], [ -8.923170272665875, 13.891641363340513 ] ] } },
{ "type": "Feature", "properties": { "OBJECTID": 11, "arcid": 11, "from_node": 21, "to_node": 20, "Shape_Leng": 5177.9495523200003, "HydroID": 212, "GridID": 22, "NextDownID": 211, "DrainID": 22 }, "geometry": { "type": "LineString", "coordinates": [ [ -8.840616432486584, 13.826633446196832 ], [ -8.842560525940385, 13.828017002610714 ], [ -8.849987021810241, 13.828021656343644 ], [ -8.850693866479176, 13.828713239219868 ], [ -8.854937164513803, 13.829406936031809 ], [ -8.85635089675603, 13.830790069631364 ], [ -8.858119131199441, 13.830791098858075 ], [ -8.860242250851769, 13.82871886500695 ], [ -8.861303387839142, 13.828373890849356 ], [ -8.863071200397892, 13.829066035946871 ], [ -8.864132735795053, 13.828029898647284 ], [ -8.866960898123125, 13.829759327485085 ], [ -8.87297324867259, 13.829071363471209 ], [ -8.874740733043133, 13.830454574964424 ], [ -8.880752376513833, 13.831148723601775 ], [ -8.882519922884136, 13.832531879311974 ] ] } },
{ "type": "Feature", "properties": { "OBJECTID": 12, "arcid": 12, "from_node": 22, "to_node": 8, "Shape_Leng": 16897.066492499998, "HydroID": 213, "GridID": 5, "NextDownID": -1, "DrainID": 5 }, "geometry": { "type": "LineString", "coordinates": [ [ -6.329274626069253, 13.805245594507227 ], [ -6.326413415537603, 13.80832162709261 ], [ -6.326377979206576, 13.811428414642876 ], [ -6.321730742363914, 13.816211104970392 ], [ -6.322405653274688, 13.818980395743234 ], [ -6.314190058494707, 13.826831052579973 ], [ -6.31417025522971, 13.82855702624062 ], [ -6.310240828437379, 13.832311547258353 ], [ -6.30918105393536, 13.832299913236579 ], [ -6.307394903032313, 13.834006476286598 ], [ -6.30694228261933, 13.842632402103197 ], [ -6.307978254672025, 13.844715209265599 ], [ -6.299034672885169, 13.854283266081451 ], [ -6.298256222470057, 13.86048887424533 ], [ -6.297541637738149, 13.861171446425617 ], [ -6.290475692710446, 13.86109327467382 ], [ -6.288689171518587, 13.862799632396769 ], [ -6.28828775320757, 13.866937949715098 ], [ -6.286501166078928, 13.868644279595774 ], [ -6.286344545907652, 13.882106510898009 ], [ -6.283481731293159, 13.885181749693812 ], [ -6.283453566159274, 13.887598039434488 ], [ -6.285549445508701, 13.889692726049185 ], [ -6.286231997634696, 13.891771692127259 ], [ -6.28613545913942, 13.900056126005477 ], [ -6.28470593985419, 13.901421136197024 ], [ -6.284689833840527, 13.902801872318577 ], [ -6.282894838820074, 13.905198483164446 ], [ -6.282842438128946, 13.909685868574373 ], [ -6.280702061051298, 13.911388144532786 ], [ -6.280263915867391, 13.918633035710348 ], [ -6.275986956855977, 13.921692296406741 ], [ -6.276681590925172, 13.922735741716085 ], [ -6.275956613783275, 13.924281153827964 ] ] } },
{ "type": "Feature", "properties": { "OBJECTID": 13, "arcid": 13, "from_node": 23, "to_node": 15, "Shape_Leng": 12428.313154400001, "HydroID": 214, "GridID": 14, "NextDownID": 207, "DrainID": 14 }, "geometry": { "type": "LineString", "coordinates": [ [ -8.365905886463928, 13.81100680903864 ], [ -8.366963878513982, 13.812046212689467 ], [ -8.366961080215356, 13.813082880538406 ], [ -8.375425385286736, 13.821397960585312 ], [ -8.376132611620376, 13.821399759420428 ], [ -8.376129851911166, 13.822436427407323 ], [ -8.380008639303545, 13.826592961280317 ], [ -8.380355861625336, 13.829012748340578 ], [ -8.383883019062939, 13.832477219365947 ], [ -8.386362957797397, 13.830755643969603 ], [ -8.392728259319693, 13.830771486944455 ], [ -8.396610156860586, 13.833891101659468 ], [ -8.398368553525684, 13.837696575490035 ], [ -8.401190593923245, 13.840467960121451 ], [ -8.402230333724278, 13.848763921548672 ], [ -8.404699768362734, 13.851188850127702 ], [ -8.405760747316551, 13.851191426502869 ], [ -8.407170130421813, 13.853268198282981 ], [ -8.40858653138417, 13.852580504243246 ], [ -8.409997691384776, 13.853966145437463 ], [ -8.409992458559786, 13.856039489788767 ], [ -8.414578884848378, 13.860542773786243 ], [ -8.418823840625169, 13.860207329596639 ], [ -8.419883147455613, 13.860900961790858 ], [ -8.434736699213921, 13.861281274544854 ], [ -8.435442382934836, 13.861974024285098 ], [ -8.435435702525957, 13.864738494583543 ], [ -8.439317083666586, 13.868548585829181 ], [ -8.439664138090363, 13.871313866068304 ] ] } },
{ "type": "Feature", "properties": { "OBJECTID": 14, "arcid": 14, "from_node": 24, "to_node": 22, "Shape_Leng": 1451.97403474, "HydroID": 215, "GridID": 23, "NextDownID": 213, "DrainID": 23 }, "geometry": { "type": "LineString", "coordinates": [ [ -6.336631350594126, 13.795140805189964 ], [ -6.329651434720564, 13.803178238245666 ], [ -6.329274626069253, 13.805245594507227 ] ] } },
{ "type": "Feature", "properties": { "OBJECTID": 15, "arcid": 15, "from_node": 25, "to_node": 22, "Shape_Leng": 2920.90380882, "HydroID": 216, "GridID": 24, "NextDownID": 213, "DrainID": 24 }, "geometry": { "type": "LineString", "coordinates": [ [ -6.325287764760333, 13.783106729600492 ], [ -6.326680873773832, 13.78484809162917 ], [ -6.326669084685566, 13.785883689473826 ], [ -6.330511045845062, 13.78972311406295 ], [ -6.33049926930874, 13.790758714747961 ], [ -6.332241739273131, 13.792849097112132 ], [ -6.331170346661974, 13.793873191390432 ], [ -6.331150717258267, 13.79559919373221 ], [ -6.329007886194522, 13.797647360540791 ], [ -6.329274626069253, 13.805245594507227 ] ] } },
{ "type": "Feature", "properties": { "OBJECTID": 16, "arcid": 16, "from_node": 26, "to_node": 25, "Shape_Leng": 81.073752261099997, "HydroID": 217, "GridID": 27, "NextDownID": 216, "DrainID": 27 }, "geometry": { "type": "LineString", "coordinates": [ [ -6.324763879134608, 13.782583167153092 ], [ -6.325287764760333, 13.783106729600492 ] ] } },
{ "type": "Feature", "properties": { "OBJECTID": 17, "arcid": 17, "from_node": 27, "to_node": 20, "Shape_Leng": 5772.4901958299997, "HydroID": 218, "GridID": 21, "NextDownID": 211, "DrainID": 21 }, "geometry": { "type": "LineString", "coordinates": [ [ -8.875469218697727, 13.790540880258218 ], [ -8.875468394279677, 13.792095976504806 ], [ -8.877235616842723, 13.793479171964787 ], [ -8.876881301267426, 13.794861302398113 ], [ -8.878295315097345, 13.795553159736958 ], [ -8.879001079492484, 13.798318121952768 ], [ -8.876170833678545, 13.801081325422917 ], [ -8.875110210501607, 13.800735212263465 ], [ -8.872633871840611, 13.802807400747998 ], [ -8.87263255895693, 13.805226435388677 ], [ -8.874046252129983, 13.806609470324554 ], [ -8.874045324515361, 13.80833735117433 ], [ -8.876519163105778, 13.811103217954521 ], [ -8.876517343559851, 13.814558980284083 ], [ -8.879344903389557, 13.817324995610134 ], [ -8.879338853681176, 13.829074577236137 ], [ -8.882519922884136, 13.832531879311974 ] ] } },
{ "type": "Feature", "properties": { "OBJECTID": 18, "arcid": 18, "from_node": 28, "to_node": 9, "Shape_Leng": 21874.087895799999, "HydroID": 219, "GridID": 6, "NextDownID": -1, "DrainID": 6 }, "geometry": { "type": "LineString", "coordinates": [ [ -5.753774641747238, 13.765528142801625 ], [ -5.753726996197797, 13.768978346588058 ], [ -5.753011495411731, 13.769659070140435 ], [ -5.7561597924127, 13.771771107308615 ], [ -5.756837199019845, 13.773850544661725 ], [ -5.747525658741652, 13.783389851437143 ], [ -5.747124848502172, 13.78683535590687 ], [ -5.744973303908194, 13.789222426030616 ], [ -5.745288033509908, 13.791987237512306 ], [ -5.744209835193876, 13.793353269014457 ], [ -5.743460694386879, 13.796449053871097 ], [ -5.743407994476613, 13.800244230240212 ], [ -5.7398297498489, 13.803647522384933 ], [ -5.739428725681293, 13.807092977782892 ], [ -5.736561195808018, 13.810160554450571 ], [ -5.736644962770193, 13.82948598388035 ], [ -5.734120499779182, 13.833248185161434 ], [ -5.734053045750198, 13.838078349339023 ], [ -5.732616614779017, 13.839784565487607 ], [ -5.732171883632523, 13.846335060520509 ], [ -5.731456045056997, 13.847015651475475 ], [ -5.731785010041849, 13.848745420103588 ], [ -5.730711236245521, 13.849766300709296 ], [ -5.730943599837059, 13.858396272085569 ], [ -5.72915871230388, 13.859752701781639 ], [ -5.731248399075302, 13.861851092302631 ], [ -5.73150969760689, 13.868411003684884 ], [ -5.732902874992209, 13.869809931459283 ], [ -5.732883544898337, 13.871189973192555 ], [ -5.735321657142903, 13.873638090197199 ], [ -5.73707285336326, 13.874696713237196 ], [ -5.743066574287275, 13.875466852969531 ], [ -5.74445986973108, 13.876865738571988 ], [ -5.746931877952846, 13.876898673886542 ], [ -5.756699946345657, 13.885655622744721 ], [ -5.758460952992881, 13.886024095234514 ], [ -5.759854409878907, 13.887422925853697 ], [ -5.763032899641981, 13.887465097964242 ], [ -5.764426396647713, 13.888863911064487 ], [ -5.76548590310603, 13.888877954612871 ], [ -5.769318126648602, 13.892724654138863 ], [ -5.769990976731372, 13.895149162486286 ], [ -5.769231945544665, 13.898935052052412 ], [ -5.769914375434741, 13.90066951915834 ], [ -5.764177008731725, 13.906804970260454 ], [ -5.764124208221991, 13.91060019085417 ], [ -5.765517819382267, 13.911999026160299 ], [ -5.76547942156244, 13.914759189723048 ], [ -5.76440539136101, 13.915780179906807 ], [ -5.765799029503899, 13.917179021137937 ], [ -5.765787027495452, 13.918041571189526 ] ] } },
{ "type": "Feature", "properties": { "OBJECTID": 19, "arcid": 19, "from_node": 18, "to_node": 30, "Shape_Leng": 26098.921434399999, "HydroID": 220, "GridID": 17, "NextDownID": 225, "DrainID": 17 }, "geometry": { "type": "LineString", "coordinates": [ [ -9.267828061470109, 13.838288513842567 ], [ -9.270835332294308, 13.839321927992073 ], [ -9.274017841270052, 13.838972818539533 ], [ -9.276141817413807, 13.840698298654317 ], [ -9.277556453559329, 13.840696700840699 ], [ -9.281097192988931, 13.844148389929918 ], [ -9.282158185539535, 13.844147170587698 ], [ -9.283570746834567, 13.842417678023253 ], [ -9.29099720252559, 13.842063400719242 ], [ -9.29488529117682, 13.840330892672645 ], [ -9.297357822413549, 13.837908900939535 ], [ -9.297353433093534, 13.83445318482379 ], [ -9.298766264187938, 13.833069178268394 ], [ -9.300534054433841, 13.832721446162553 ], [ -9.304783205720108, 13.836863066550707 ], [ -9.306905572266434, 13.83720599072949 ], [ -9.307968803252139, 13.838932516846372 ], [ -9.315042371692401, 13.839269099702268 ], [ -9.31645886324902, 13.840649561643756 ], [ -9.323178831708363, 13.840986364641999 ], [ -9.326010501257537, 13.842710469919538 ], [ -9.338388606134897, 13.842693691510041 ], [ -9.339094925021246, 13.842001573978671 ], [ -9.341923690158364, 13.841652073322017 ], [ -9.353948583606506, 13.841980572907874 ], [ -9.357136254084287, 13.845086079653644 ], [ -9.35961348703, 13.846119167140762 ], [ -9.37269905494056, 13.846099612220184 ], [ -9.375176363378271, 13.847132539399837 ], [ -9.377301699012925, 13.8492026916628 ], [ -9.385082396291212, 13.849190584316975 ], [ -9.388625965659696, 13.85333181447665 ], [ -9.390747432034573, 13.852982870261066 ], [ -9.394278921640828, 13.849867092233451 ], [ -9.395695933982426, 13.851247082067488 ], [ -9.40029424151972, 13.851585178580498 ], [ -9.402765771041894, 13.849162148602684 ], [ -9.404887773454004, 13.84915865054208 ], [ -9.406300039585089, 13.847774039826362 ], [ -9.407361034565167, 13.847772277958626 ], [ -9.414421472967692, 13.840503507462815 ], [ -9.419365809557634, 13.836693849451624 ], [ -9.419360857664213, 13.833929313223766 ], [ -9.418296840497415, 13.832203289249451 ], [ -9.418269080573255, 13.816652756698861 ], [ -9.416848468355461, 13.813199484705352 ], [ -9.417905609794532, 13.811124275793082 ], [ -9.417884070161048, 13.799029397210129 ], [ -9.419647082789844, 13.796261839526315 ], [ -9.41964152518295, 13.793151726227546 ], [ -9.422818162385088, 13.790036161850399 ], [ -9.422801997123491, 13.781051386082943 ] ] } },
{ "type": "Feature", "properties": { "OBJECTID": 20, "arcid": 20, "from_node": 29, "to_node": 23, "Shape_Leng": 11727.8281659, "HydroID": 221, "GridID": 31, "NextDownID": 214, "DrainID": 31 }, "geometry": { "type": "LineString", "coordinates": [ [ -8.289431314910438, 13.784880921185994 ], [ -8.291024382060369, 13.784194409258664 ], [ -8.291029593819486, 13.782466652990408 ], [ -8.292804611844426, 13.780052880415447 ], [ -8.299522993728431, 13.779726540574661 ], [ -8.302715143598705, 13.77628005493295 ], [ -8.305539379502779, 13.777670259799532 ], [ -8.305530193141491, 13.780780231097447 ], [ -8.306943361521357, 13.781129771263291 ], [ -8.309410070998448, 13.783901149605901 ], [ -8.317191224876938, 13.782886199503837 ], [ -8.321071299048516, 13.786006942419037 ], [ -8.325327856456628, 13.781180863374866 ], [ -8.326742051885136, 13.781184736657162 ], [ -8.327800721743523, 13.781878743909518 ], [ -8.327796768806465, 13.783260959042799 ], [ -8.330259815792013, 13.787414356499722 ], [ -8.329899358359954, 13.789832270815493 ], [ -8.333777761705973, 13.793643932293042 ], [ -8.335545601733223, 13.793648716157199 ], [ -8.339424161043921, 13.797460293469998 ], [ -8.341192032753595, 13.797465038025393 ], [ -8.344365517140174, 13.800583537472374 ], [ -8.345426254698566, 13.800586365034123 ], [ -8.346484107099457, 13.801625852650039 ], [ -8.349665379419619, 13.801979849572643 ], [ -8.350370629775085, 13.802672829676128 ], [ -8.357442292157131, 13.802691423596697 ], [ -8.365905886463928, 13.81100680903864 ] ] } },
{ "type": "Feature", "properties": { "OBJECTID": 21, "arcid": 21, "from_node": 31, "to_node": 28, "Shape_Leng": 2060.7543417100001, "HydroID": 222, "GridID": 30, "NextDownID": 219, "DrainID": 30 }, "geometry": { "type": "LineString", "coordinates": [ [ -5.755236121221674, 13.749155931438779 ], [ -5.75325441667805, 13.752063030847577 ], [ -5.753516924925263, 13.758623076631686 ], [ -5.752801461254811, 13.759303806867203 ], [ -5.752744294759709, 13.763444050068765 ], [ -5.753774641747238, 13.765528142801625 ] ] } },
{ "type": "Feature", "properties": { "OBJECTID": 22, "arcid": 22, "from_node": 33, "to_node": 13, "Shape_Leng": 21367.7408827, "HydroID": 223, "GridID": 11, "NextDownID": 205, "DrainID": 11 }, "geometry": { "type": "LineString", "coordinates": [ [ -8.932234352539998, 13.740454248938175 ], [ -8.933471303153844, 13.741664111306099 ], [ -8.933470815582613, 13.743392005188344 ], [ -8.939125650550512, 13.748922723973276 ], [ -8.939123328718763, 13.757907764149181 ], [ -8.937001174898617, 13.76136301340569 ], [ -8.937707712721334, 13.763436662482496 ], [ -8.937000065056969, 13.765509951631108 ], [ -8.937703228706813, 13.780369981122284 ], [ -8.93876367499537, 13.781406980014083 ], [ -8.938763314893386, 13.782789291012158 ], [ -8.942298221969363, 13.78624592123076 ], [ -8.94229745817529, 13.789356118607163 ], [ -8.944771987902152, 13.791775728998427 ], [ -8.945123881063841, 13.799032931843358 ], [ -8.946537966952551, 13.800415552763541 ], [ -8.947244704992869, 13.802489168677006 ], [ -8.944769061400109, 13.804216510546722 ], [ -8.944061351636392, 13.806289811999187 ], [ -8.945121375880538, 13.809745821414806 ], [ -8.946535919901846, 13.809400556577575 ], [ -8.947242762418552, 13.811128593421119 ], [ -8.950778219912829, 13.814585096697122 ], [ -8.950070237182064, 13.818040721101417 ], [ -8.950423207989942, 13.821150983434473 ], [ -8.946886090831379, 13.824606008804635 ], [ -8.946175715515382, 13.83808333044834 ], [ -8.945114495874078, 13.839119824043097 ], [ -8.942638872126235, 13.839119257259471 ], [ -8.940869870764306, 13.841883445181487 ], [ -8.938393672064905, 13.843956291190807 ], [ -8.938747069250303, 13.844993107158269 ], [ -8.940161657871938, 13.845339032460247 ], [ -8.940161392692039, 13.846375760587488 ], [ -8.938746435851806, 13.847412138118008 ], [ -8.938745983349795, 13.849140017341359 ], [ -8.939453155461953, 13.849831344456351 ], [ -8.942636245593212, 13.849832110529675 ], [ -8.942988152628013, 13.857089282240036 ], [ -8.944402657247092, 13.858126334787146 ], [ -8.945109629728133, 13.859854371407136 ], [ -8.945109061489568, 13.862273399710205 ], [ -8.942632513775877, 13.865037434885418 ], [ -8.942985454203459, 13.868147695922364 ], [ -8.93980131283085, 13.871257109904414 ], [ -8.937678965717998, 13.871602153425759 ], [ -8.936617555767628, 13.872638606610229 ], [ -8.933080443340915, 13.87263766444752 ], [ -8.929188467998467, 13.876437893318842 ], [ -8.929541767473875, 13.877820295542064 ], [ -8.926357424373125, 13.880583955994881 ], [ -8.926002385090907, 13.884730746230481 ], [ -8.925294705097953, 13.885421680063693 ], [ -8.925294151648169, 13.887149553444223 ], [ -8.923171069770003, 13.889222341908253 ], [ -8.923170272665875, 13.891641363340513 ] ] } },
{ "type": "Feature", "properties": { "OBJECTID": 23, "arcid": 23, "from_node": 34, "to_node": 23, "Shape_Leng": 10323.675859499999, "HydroID": 224, "GridID": 25, "NextDownID": 214, "DrainID": 25 }, "geometry": { "type": "LineString", "coordinates": [ [ -8.357616403139867, 13.73893628496071 ], [ -8.357260561094302, 13.73979925759425 ], [ -8.353725673372912, 13.739790024855516 ], [ -8.351960130655877, 13.739094275238928 ], [ -8.350189836942539, 13.74012629803293 ], [ -8.350185075311058, 13.741854080605531 ], [ -8.348407111801718, 13.745650540478838 ], [ -8.349460926785316, 13.748072234650486 ], [ -8.352986446283902, 13.751537099473545 ], [ -8.35509423906538, 13.756380448843412 ], [ -8.358621846440826, 13.759154126751676 ], [ -8.358617139829112, 13.760881910449454 ], [ -8.360380048992942, 13.762614289064663 ], [ -8.361431244578556, 13.766072607264864 ], [ -8.361070209262182, 13.768836143567333 ], [ -8.363886325666838, 13.773335702448961 ], [ -8.362467483522906, 13.775059827684302 ], [ -8.359988927472402, 13.77643563194084 ], [ -8.358567209866852, 13.77919640032365 ], [ -8.359978580658758, 13.780236750365427 ], [ -8.360309557019091, 13.788531016112051 ], [ -8.361367426390075, 13.789570441200409 ], [ -8.361362729159126, 13.791298221567285 ], [ -8.36242061438027, 13.79233764172902 ], [ -8.363468205409069, 13.797178174354924 ], [ -8.364173485469372, 13.797871116265924 ], [ -8.364162253544867, 13.802017787852451 ], [ -8.36592549927685, 13.803750136128997 ], [ -8.365905886463928, 13.81100680903864 ] ] } },
{ "type": "Feature", "properties": { "OBJECTID": 24, "arcid": 24, "from_node": 30, "to_node": 36, "Shape_Leng": 13036.434460099999, "HydroID": 225, "GridID": 32, "NextDownID": 230, "DrainID": 32 }, "geometry": { "type": "LineString", "coordinates": [ [ -9.422801997123491, 13.781051386082943 ], [ -9.430919387198259, 13.773089212643699 ], [ -9.432686507271427, 13.772740544350436 ], [ -9.434451068955289, 13.771009590537606 ], [ -9.441167826164129, 13.770652079844023 ], [ -9.443992289662337, 13.768573589834999 ], [ -9.458109142075617, 13.755761700409916 ], [ -9.460935979235373, 13.755065293686181 ], [ -9.471873718974697, 13.744331981668827 ], [ -9.477880515140811, 13.742938146296149 ], [ -9.485646201398886, 13.73739389428861 ], [ -9.489181149398364, 13.737386913088422 ], [ -9.49377223789382, 13.735304365285385 ], [ -9.495896816915225, 13.737027943378813 ], [ -9.4990804542416, 13.738058228855932 ], [ -9.507560612765849, 13.736313098718854 ], [ -9.510030573650271, 13.734234605422328 ], [ -9.51497941476857, 13.734224330938737 ], [ -9.519212150442387, 13.730068665325142 ] ] } },
{ "type": "Feature", "properties": { "OBJECTID": 25, "arcid": 25, "from_node": 35, "to_node": 36, "Shape_Leng": 1484.7603536900001, "HydroID": 226, "GridID": 35, "NextDownID": 230, "DrainID": 35 }, "geometry": { "type": "LineString", "coordinates": [ [ -9.507019605716657, 13.731303487076287 ], [ -9.508612893967014, 13.732509694921799 ], [ -9.51108729656756, 13.732504584921234 ], [ -9.51320370367311, 13.730426794023028 ], [ -9.519212150442387, 13.730068665325142 ] ] } },
{ "type": "Feature", "properties": { "OBJECTID": 26, "arcid": 26, "from_node": 37, "to_node": 32, "Shape_Leng": 15260.2283797, "HydroID": 227, "GridID": 33, "NextDownID": -1, "DrainID": 33 }, "geometry": { "type": "LineString", "coordinates": [ [ -5.365500212787744, 13.696627588242954 ], [ -5.361941039917568, 13.698644969201069 ], [ -5.357986534511671, 13.703416107988962 ], [ -5.355148660410619, 13.704409119604422 ], [ -5.349419528698402, 13.709843770465051 ], [ -5.347303063044244, 13.709812471272514 ], [ -5.341568286041933, 13.715591731028415 ], [ -5.341178093926824, 13.718000599907475 ], [ -5.337650564033083, 13.717948276490052 ], [ -5.336576238501807, 13.71896717790713 ], [ -5.335528695148971, 13.718261727972397 ], [ -5.331637705571427, 13.718893814041135 ], [ -5.33092147382157, 13.719573059253905 ], [ -5.324213836571607, 13.719818176759841 ], [ -5.32134342658359, 13.722879892723535 ], [ -5.318152498776913, 13.723867118029393 ], [ -5.316361791852718, 13.72556509351848 ], [ -5.313550540406269, 13.724833211811433 ], [ -5.312123345827344, 13.725846699558428 ], [ -5.3085958133898, 13.725793931837497 ], [ -5.305014236690957, 13.729189680628613 ], [ -5.301133928320804, 13.729131507815035 ], [ -5.295044943906525, 13.734903981097281 ], [ -5.281287392301641, 13.734696818146972 ], [ -5.279138182732524, 13.736733956283404 ], [ -5.276316131798372, 13.736691336164016 ], [ -5.274519626622964, 13.738733749072601 ], [ -5.273108594976577, 13.738712413576126 ], [ -5.267718854791776, 13.744839484211161 ], [ -5.263485691331031, 13.744775309043344 ], [ -5.261038264879351, 13.74335848400384 ], [ -5.258921709950418, 13.743326351533527 ], [ -5.25683805692405, 13.741225176962089 ], [ -5.254710560603344, 13.741882686997499 ], [ -5.252086859651683, 13.740463112699791 ] ] } },
{ "type": "Feature", "properties": { "OBJECTID": 27, "arcid": 27, "from_node": 38, "to_node": 37, "Shape_Leng": 7074.4027924599995, "HydroID": 228, "GridID": 37, "NextDownID": 227, "DrainID": 37 }, "geometry": { "type": "LineString", "coordinates": [ [ -5.42469174717004, 13.690418890759423 ], [ -5.420933091528102, 13.693986781604652 ], [ -5.418442941703615, 13.695330624416828 ], [ -5.417031942518139, 13.695310175427425 ], [ -5.414526062650544, 13.697688668670361 ], [ -5.409940295960484, 13.697622096323448 ], [ -5.408866317219044, 13.69864141371966 ], [ -5.404633311073089, 13.698579864330183 ], [ -5.403201307730429, 13.699938913690142 ], [ -5.396851809827901, 13.699846408581722 ], [ -5.395425027983872, 13.700860506591795 ], [ -5.377787734500845, 13.70060257584147 ], [ -5.373960516885316, 13.697096821453847 ], [ -5.365500212787744, 13.696627588242954 ] ] } },
{ "type": "Feature", "properties": { "OBJECTID": 28, "arcid": 28, "from_node": 39, "to_node": 40, "Shape_Leng": 351.31949885099999, "HydroID": 229, "GridID": 39, "NextDownID": 239, "DrainID": 39 }, "geometry": { "type": "LineString", "coordinates": [ [ -9.702055345215474, 13.702490315861091 ], [ -9.70434594209704, 13.700237684996583 ] ] } },
{ "type": "Feature", "properties": { "OBJECTID": 29, "arcid": 29, "from_node": 36, "to_node": 41, "Shape_Leng": 9061.9019442699991, "HydroID": 230, "GridID": 36, "NextDownID": 232, "DrainID": 36 }, "geometry": { "type": "LineString", "coordinates": [ [ -9.519212150442387, 13.730068665325142 ], [ -9.531555999859716, 13.717602018199452 ], [ -9.532969849867005, 13.717598973082319 ], [ -9.541788183364085, 13.709631780962861 ], [ -9.550270980459629, 13.709613048387176 ], [ -9.552741086836846, 13.707879711023054 ], [ -9.554508321274271, 13.707875754612967 ], [ -9.556625746958392, 13.706488736607039 ], [ -9.570409233932699, 13.706111765707021 ], [ -9.574996430040953, 13.70299106258388 ], [ -9.583832378720588, 13.702970366297722 ], [ -9.589121029367629, 13.697774370798667 ] ] } },
{ "type": "Feature", "properties": { "OBJECTID": 30, "arcid": 30, "from_node": 43, "to_node": 11, "Shape_Leng": 37584.460541200002, "HydroID": 231, "GridID": 15, "NextDownID": 203, "DrainID": 15 }, "geometry": { "type": "LineString", "coordinates": [ [ -7.148585576625084, 13.664780043636272 ], [ -7.149804302113495, 13.667034370854005 ], [ -7.150133257877878, 13.670145606121814 ], [ -7.15153536830115, 13.671537747492215 ], [ -7.151503030424495, 13.675682547383387 ], [ -7.150435249364406, 13.676710837229033 ], [ -7.150421763240557, 13.678437835715508 ], [ -7.151473377935774, 13.67948194524892 ], [ -7.150748024679765, 13.681894469046595 ], [ -7.154962677481953, 13.685034690055646 ], [ -7.156332606651529, 13.690571623493915 ], [ -7.157734864255793, 13.691963747496061 ], [ -7.157718725861712, 13.694036151482903 ], [ -7.164034498221979, 13.699609840922415 ], [ -7.162966642750953, 13.700638176224492 ], [ -7.162955907599609, 13.702019782334466 ], [ -7.164360949415671, 13.703066479481564 ], [ -7.164334124749093, 13.706520495131191 ], [ -7.166087118334326, 13.708260613522167 ], [ -7.166068352108942, 13.71067842618892 ], [ -7.164641794309743, 13.712394944517895 ], [ -7.164221380157282, 13.721027351404999 ], [ -7.159590774948082, 13.725828774377408 ], [ -7.160993235283388, 13.727220905790713 ], [ -7.162053163800983, 13.727228798551758 ], [ -7.162037020143958, 13.729301201689765 ], [ -7.160618384237758, 13.729981475465527 ], [ -7.158862600449497, 13.728586705697753 ], [ -7.15850659388855, 13.728929471038413 ], [ -7.155650401045951, 13.732707760977673 ], [ -7.155267365023379, 13.736504509826405 ], [ -7.152044151141355, 13.742007086520438 ], [ -7.145667924935739, 13.744031735258977 ], [ -7.145249332207915, 13.75231859787973 ], [ -7.143112930616685, 13.754375011783743 ], [ -7.143096587142974, 13.756447388143263 ], [ -7.14203381384941, 13.756784793072667 ], [ -7.140247965576688, 13.75918923254897 ], [ -7.139864584844356, 13.762985912955203 ], [ -7.138084127535802, 13.76469953657935 ], [ -7.135963963906623, 13.764683498014225 ], [ -7.135251768782398, 13.765368936868832 ], [ -7.135232604536188, 13.767786696107759 ], [ -7.136284489371467, 13.768830905202254 ], [ -7.136621438491766, 13.770905946179081 ], [ -7.133772552910341, 13.773647680840007 ], [ -7.133756103339251, 13.775720042918669 ], [ -7.133043864914941, 13.776405468838705 ], [ -7.135851712302872, 13.778844658837658 ], [ -7.135788686410738, 13.786788716820785 ], [ -7.134010744851945, 13.78815688891317 ], [ -7.133210578270149, 13.79989488680634 ], [ -7.131785929044567, 13.801265711308766 ], [ -7.131774928416996, 13.80264728170407 ], [ -7.133177601338596, 13.804039599535551 ], [ -7.133517279211312, 13.805769249470346 ], [ -7.133152861493785, 13.807148134245438 ], [ -7.131018558246823, 13.808858964936402 ], [ -7.131719907153419, 13.809555129417797 ], [ -7.131319679656445, 13.815424105558522 ], [ -7.132722415940772, 13.816816434865148 ], [ -7.132711407955775, 13.818198003352455 ], [ -7.130574234937212, 13.820254208128794 ], [ -7.131275611992022, 13.820950376518358 ], [ -7.130546673923495, 13.823708124728769 ], [ -7.134757799464836, 13.827539729007993 ], [ -7.141404900051417, 13.836225554694842 ], [ -7.143868227822882, 13.837625880013302 ], [ -7.145635586980028, 13.837639259135333 ], [ -7.147392010340695, 13.83903420415033 ], [ -7.149496468102487, 13.841122598343807 ], [ -7.149488271403214, 13.842158782580714 ], [ -7.154749599618698, 13.847379710207026 ], [ -7.157931000608897, 13.847403658788775 ], [ -7.160739898457098, 13.849842689909512 ], [ -7.163214355554898, 13.849861262886634 ], [ -7.164968271237398, 13.851601502469386 ], [ -7.169566444686028, 13.851290501839005 ], [ -7.170268032490416, 13.851986583041667 ], [ -7.170259921153157, 13.853022778502948 ], [ -7.172364718581132, 13.855111014871589 ], [ -7.172332298788462, 13.859255801787636 ], [ -7.173033916721904, 13.859951878600659 ], [ -7.173009602951324, 13.863060468413021 ], [ -7.173711234043674, 13.863756545647044 ], [ -7.173686922347684, 13.866865135674246 ], [ -7.175082111511477, 13.869293483592845 ], [ -7.175049705456159, 13.87343827202222 ], [ -7.177505549478202, 13.875874526951716 ], [ -7.181747990958501, 13.875906118761574 ], [ -7.183151381495678, 13.877298234209443 ], [ -7.183140621946937, 13.878679836138613 ], [ -7.186991998177704, 13.883544328763227 ], [ -7.186981256348052, 13.884925932036497 ], [ -7.193642550920501, 13.892229134117633 ], [ -7.195410372606413, 13.89224220471959 ], [ -7.197164836272696, 13.893982276037256 ], [ -7.198913985795817, 13.896413143220105 ], [ -7.199254207914389, 13.898142766398767 ], [ -7.20100874268573, 13.899882817245611 ], [ -7.204539193987488, 13.900599661435242 ], [ -7.20591359374719, 13.905791122317941 ], [ -7.213634209052591, 13.913447117896029 ] ] } },
{ "type": "Feature", "properties": { "OBJECTID": 31, "arcid": 31, "from_node": 41, "to_node": 40, "Shape_Leng": 17548.469172500001, "HydroID": 232, "GridID": 41, "NextDownID": 239, "DrainID": 41 }, "geometry": { "type": "LineString", "coordinates": [ [ -9.589121029367629, 13.697774370798667 ], [ -9.590175283278912, 13.695352911714991 ], [ -9.594758527007608, 13.690849612083099 ], [ -9.594747240598481, 13.68635731031565 ], [ -9.596507337110824, 13.683588566607268 ], [ -9.602502082250084, 13.678390602619558 ], [ -9.602499445914624, 13.677353918381948 ], [ -9.603557000154765, 13.676314654222844 ], [ -9.604970585722457, 13.676311207392192 ], [ -9.609201570351265, 13.672499644845857 ], [ -9.615206514385845, 13.671448125081788 ], [ -9.618026414688511, 13.668676606092896 ], [ -9.620146719737976, 13.668671311920784 ], [ -9.622617685317376, 13.667628431339368 ], [ -9.639225696744019, 13.667240611464582 ], [ -9.646648569419071, 13.667912487609069 ], [ -9.652672218790416, 13.673771241141939 ], [ -9.652701732828286, 13.684483544063619 ], [ -9.653414264854604, 13.686555028194912 ], [ -9.654831721989078, 13.687933524912156 ], [ -9.65484797497289, 13.693808006246531 ], [ -9.667250773393228, 13.705523895784454 ], [ -9.681034749443482, 13.705486324554785 ], [ -9.683501799497295, 13.703060612667761 ], [ -9.691629692642838, 13.702692462555696 ], [ -9.693744188805566, 13.700613197619187 ], [ -9.70434594209704, 13.700237684996583 ] ] } },
{ "type": "Feature", "properties": { "OBJECTID": 32, "arcid": 32, "from_node": 44, "to_node": 15, "Shape_Leng": 31890.8906541, "HydroID": 233, "GridID": 13, "NextDownID": 207, "DrainID": 13 }, "geometry": { "type": "LineString", "coordinates": [ [ -8.558898027004201, 13.662488621797028 ], [ -8.558892242666012, 13.665598759144874 ], [ -8.557472234852893, 13.669051947354891 ], [ -8.557463848044062, 13.673544364979065 ], [ -8.548613672234264, 13.681476543907332 ], [ -8.547548152408796, 13.684239167965657 ], [ -8.543654571683911, 13.687342161366754 ], [ -8.543640579781535, 13.694599118156511 ], [ -8.545051651783156, 13.695983997465538 ], [ -8.545046335322963, 13.698748552323149 ], [ -8.54433746139285, 13.699783958780289 ], [ -8.544310817909672, 13.713606717647414 ], [ -8.542540837789062, 13.714985727606393 ], [ -8.542535484286029, 13.717750276349125 ], [ -8.540055159980184, 13.720855800120116 ], [ -8.53828712734501, 13.721198071939604 ], [ -8.536870529721144, 13.722577697909832 ], [ -8.531921213171819, 13.722913939203298 ], [ -8.531212892197237, 13.723603735088636 ], [ -8.526971885827184, 13.723250081781325 ], [ -8.523077386265106, 13.72635271246369 ], [ -8.520250259248932, 13.726001668726868 ], [ -8.519889049109244, 13.729802220162536 ], [ -8.508198158443459, 13.742219652085097 ], [ -8.508192391172992, 13.74498418183577 ], [ -8.506774029543461, 13.747054753713135 ], [ -8.506065562590477, 13.747744471290707 ], [ -8.499348878299692, 13.747730928188489 ], [ -8.498640388271157, 13.748420622688082 ], [ -8.496504556284579, 13.755327607243391 ], [ -8.494732504221657, 13.757397380983617 ], [ -8.494710994593472, 13.767418762502508 ], [ -8.495769389380095, 13.768457630002722 ], [ -8.49576198324278, 13.771913277743609 ], [ -8.496467595860809, 13.772605853864318 ], [ -8.496092572893243, 13.782626501897695 ], [ -8.490066278477995, 13.789870962584482 ], [ -8.490410854291744, 13.79401846159878 ], [ -8.48863694115612, 13.796779300032982 ], [ -8.483323316642498, 13.801260532249037 ], [ -8.482262549760915, 13.801258299753963 ], [ -8.469504446862752, 13.814016955113129 ], [ -8.466316474212469, 13.816428991597641 ], [ -8.460299520712736, 13.818834780161501 ], [ -8.448953804783592, 13.831595380070075 ], [ -8.449648886677773, 13.836780373302854 ], [ -8.452116283853966, 13.840241521986167 ], [ -8.452465887306605, 13.841970113166825 ], [ -8.452793667134372, 13.853028828476869 ], [ -8.456321483699332, 13.856837866311814 ], [ -8.456312640883196, 13.860639027201865 ], [ -8.452060411443934, 13.864085160276938 ], [ -8.444279408675513, 13.864067614857593 ], [ -8.440734318603992, 13.867515147780507 ], [ -8.440728525710957, 13.869934059758608 ], [ -8.439664138090363, 13.871313866068304 ] ] } },
{ "type": "Feature", "properties": { "OBJECTID": 33, "arcid": 33, "from_node": 45, "to_node": 37, "Shape_Leng": 14333.0113031, "HydroID": 234, "GridID": 38, "NextDownID": 227, "DrainID": 38 }, "geometry": { "type": "LineString", "coordinates": [ [ -5.447472534611347, 13.630029470883978 ], [ -5.444083492760623, 13.632568355502372 ], [ -5.444011161909883, 13.637397131982507 ], [ -5.441495902632879, 13.640465947026984 ], [ -5.442165054842267, 13.642890444966083 ], [ -5.440017914162973, 13.644929550885191 ], [ -5.438560571118795, 13.648013490014872 ], [ -5.435739075185983, 13.647972951107468 ], [ -5.433591836065549, 13.650011975792447 ], [ -5.428643819514547, 13.650630715221544 ], [ -5.426854393151534, 13.652329835538035 ], [ -5.423674991013309, 13.652628967493355 ], [ -5.422959205791931, 13.65330859814725 ], [ -5.413431425627934, 13.653515901961212 ], [ -5.408067974314331, 13.658267877697563 ], [ -5.405241218846189, 13.658571859328243 ], [ -5.402030349742063, 13.660940062098954 ], [ -5.39920357145333, 13.661243964841159 ], [ -5.398129765217561, 13.662263267230466 ], [ -5.397729865941209, 13.665362187138241 ], [ -5.392081469177728, 13.665624940056929 ], [ -5.388512441032803, 13.668332661510178 ], [ -5.382869286184065, 13.668250294325015 ], [ -5.381795387244272, 13.669269499962192 ], [ -5.376157530826828, 13.668842088618884 ], [ -5.374030804069759, 13.669500879184914 ], [ -5.372235623925887, 13.671544354127809 ], [ -5.371835348539865, 13.674643142300027 ], [ -5.370045394362167, 13.676341703012749 ], [ -5.36957625334177, 13.683923956719736 ], [ -5.370271095905382, 13.684624076085829 ], [ -5.370117523427953, 13.694625683254209 ], [ -5.365500212787744, 13.696627588242954 ] ] } },
{ "type": "Feature", "properties": { "OBJECTID": 34, "arcid": 34, "from_node": 46, "to_node": 17, "Shape_Leng": 27623.627804600001, "HydroID": 235, "GridID": 20, "NextDownID": 208, "DrainID": 20 }, "geometry": { "type": "LineString", "coordinates": [ [ -7.373223562848856, 13.643555629394283 ], [ -7.373205813855151, 13.646146440566154 ], [ -7.37635651829859, 13.650312556032919 ], [ -7.376325794468712, 13.654803300635045 ], [ -7.382985590515949, 13.662446873176446 ], [ -7.382957320143288, 13.666592184785038 ], [ -7.38364970790869, 13.668669448444319 ], [ -7.381869240949769, 13.670730579075855 ], [ -7.382563985544752, 13.672462403137883 ], [ -7.381497100047368, 13.673491810156355 ], [ -7.381480581104101, 13.675909905212153 ], [ -7.385343050351399, 13.679389687918826 ], [ -7.387090627948898, 13.682164739159413 ], [ -7.385656293118937, 13.685264515245684 ], [ -7.385635089513548, 13.688373497714016 ], [ -7.384212483207357, 13.689746047382011 ], [ -7.384200689533721, 13.69147325850799 ], [ -7.381711069207967, 13.69387519285743 ], [ -7.38345868857932, 13.696650273763678 ], [ -7.382747354685217, 13.697336539267347 ], [ -7.382733181094497, 13.699409189634689 ], [ -7.381310486068709, 13.700781711324773 ], [ -7.383409095123768, 13.703904550977118 ], [ -7.385175676049483, 13.703916092830777 ], [ -7.38692575715983, 13.706345717723739 ], [ -7.380518652816315, 13.713212966206374 ], [ -7.380499705352327, 13.715976493052741 ], [ -7.379785929261877, 13.717008182177455 ], [ -7.380096604145045, 13.723228430999724 ], [ -7.377964670245463, 13.724941716763874 ], [ -7.378659497342725, 13.726673559009523 ], [ -7.381469706996412, 13.7291101889972 ], [ -7.381462597810065, 13.730146510459534 ], [ -7.382866546681267, 13.731537537098378 ], [ -7.382847600415183, 13.734301063073062 ], [ -7.379643615973587, 13.737734605317813 ], [ -7.381047592016789, 13.739125644385219 ], [ -7.379963748684687, 13.74257308662269 ], [ -7.38242313796075, 13.74466196245494 ], [ -7.381690288164233, 13.74845716831507 ], [ -7.382743321166282, 13.749500444884259 ], [ -7.380966904625931, 13.750870608208873 ], [ -7.380596893814971, 13.75328636596441 ], [ -7.382691134075634, 13.757100128486629 ], [ -7.384102346157612, 13.757454843282511 ], [ -7.385141208546566, 13.760570757016433 ], [ -7.384766471285592, 13.763677402481727 ], [ -7.384054916026934, 13.764363646305229 ], [ -7.38402881830816, 13.768163487064253 ], [ -7.384726154960394, 13.769549885454722 ], [ -7.384349011096115, 13.773001965716889 ], [ -7.38114683196939, 13.776090021489926 ], [ -7.381125422524526, 13.779198975093619 ], [ -7.381818010466588, 13.78127625956949 ], [ -7.383587544756978, 13.780942437264134 ], [ -7.385342836237362, 13.7826812407607 ], [ -7.384251651875868, 13.787164993181536 ], [ -7.38636043380668, 13.788906115507332 ], [ -7.384483860500174, 13.804784718498379 ], [ -7.385527620835533, 13.807209764657573 ], [ -7.384089935805348, 13.810654854144696 ], [ -7.383703120393196, 13.815488668953474 ], [ -7.382279650344209, 13.816861108092338 ], [ -7.382623600401375, 13.818245190641862 ], [ -7.379781373246811, 13.820299164308901 ], [ -7.379762263321898, 13.823062666168846 ], [ -7.37798283389745, 13.82477817418892 ], [ -7.37656884894897, 13.824768820511736 ], [ -7.369818770817164, 13.829560381731291 ], [ -7.369799530024987, 13.83232386779428 ], [ -7.368719753858155, 13.835080298114637 ], [ -7.36730089310818, 13.835761755262144 ], [ -7.358819066043441, 13.835359664044391 ] ] } },
{ "type": "Feature", "properties": { "OBJECTID": 35, "arcid": 35, "from_node": 47, "to_node": 16, "Shape_Leng": 32913.653554999997, "HydroID": 236, "GridID": 19, "NextDownID": 209, "DrainID": 19 }, "geometry": { "type": "LineString", "coordinates": [ [ -7.626065322043829, 13.628845240896283 ], [ -7.627252791323487, 13.637316386212673 ], [ -7.630062906393784, 13.640095845742797 ], [ -7.629352397694639, 13.64078291238355 ], [ -7.629336448878692, 13.643546770502624 ], [ -7.63109282172974, 13.64528392631544 ], [ -7.632088920352541, 13.656345205547108 ], [ -7.635244639788525, 13.660508506671116 ], [ -7.635238676155998, 13.661544955021443 ], [ -7.639111029254663, 13.663984690537943 ], [ -7.638724009407795, 13.669855961259904 ], [ -7.64118328997304, 13.672287912660627 ], [ -7.641177346968552, 13.673324362597572 ], [ -7.643634709740816, 13.676101777963755 ], [ -7.643978138301323, 13.677831128269741 ], [ -7.64609015457505, 13.679224657248177 ], [ -7.64608027985867, 13.680952075716554 ], [ -7.647134331648079, 13.68199431808493 ], [ -7.644291902993795, 13.684742729048205 ], [ -7.645340030553318, 13.686821430161132 ], [ -7.64320815401447, 13.688882720583104 ], [ -7.64390492675646, 13.690614008031881 ], [ -7.642836987806267, 13.691990129627101 ], [ -7.644244409044597, 13.69303432483756 ], [ -7.6442305507012, 13.695452705717404 ], [ -7.645284651981713, 13.696494960015524 ], [ -7.643837585168602, 13.70236042476019 ], [ -7.640637522536384, 13.705797790028997 ], [ -7.640274225380322, 13.707523257909887 ], [ -7.639208170152146, 13.708553871210551 ], [ -7.638148077388792, 13.708548034267221 ], [ -7.635658573604364, 13.711298247440274 ], [ -7.635650593697163, 13.712680172836281 ], [ -7.634584494772967, 13.713710761726894 ], [ -7.634572512972579, 13.715783647974236 ], [ -7.636329410999697, 13.71752081062944 ], [ -7.63313502151292, 13.71992160281459 ], [ -7.633799794334099, 13.727180606066304 ], [ -7.63131203049373, 13.729585268334924 ], [ -7.631306018267854, 13.730621708301122 ], [ -7.625980937477353, 13.734738013980827 ], [ -7.626320252947317, 13.737158335812092 ], [ -7.623836337806771, 13.738871945597428 ], [ -7.619567134020964, 13.743684949163441 ], [ -7.61496666826163, 13.744695626127303 ], [ -7.609990338151726, 13.74950446298115 ], [ -7.602891190951039, 13.754646642694368 ], [ -7.601812446721501, 13.75774990569353 ], [ -7.593683519031751, 13.757703648616685 ], [ -7.592972528392894, 13.758390560749374 ], [ -7.588373775827912, 13.759055229024476 ], [ -7.585885224989976, 13.761459351024175 ], [ -7.585870695177447, 13.76387765862192 ], [ -7.58692478980627, 13.76492016111589 ], [ -7.586918566034357, 13.765956579410476 ], [ -7.583363343760325, 13.769390994730525 ], [ -7.583355021566491, 13.770772882833828 ], [ -7.582643960428282, 13.771459757742418 ], [ -7.580523261779184, 13.771447539674716 ], [ -7.577317138855519, 13.775574829731392 ], [ -7.575202687967194, 13.774526149994555 ], [ -7.573424941663807, 13.776243265589892 ], [ -7.570929752925576, 13.779683609879996 ], [ -7.570896140414686, 13.785211124940666 ], [ -7.5666313340751, 13.788986602712681 ], [ -7.56380354563855, 13.788970103487454 ], [ -7.561672128861807, 13.790685048496121 ], [ -7.558456917173926, 13.796193898074403 ], [ -7.558446310015617, 13.797921235352492 ], [ -7.562982395004158, 13.807621249555911 ], [ -7.562963344618021, 13.81073045907493 ], [ -7.563666125368798, 13.811425531082802 ], [ -7.566140676716429, 13.811439994096053 ], [ -7.569654679698757, 13.814915299394945 ], [ -7.570715219530642, 13.8149214765461 ], [ -7.572120857370501, 13.816311580956169 ], [ -7.572438599327649, 13.82218660912876 ], [ -7.575601420264827, 13.825314323369986 ], [ -7.575586714226362, 13.827732607615374 ], [ -7.576641016974445, 13.828775172213987 ], [ -7.578408693582736, 13.828785424691734 ], [ -7.580165899518397, 13.8305230135977 ], [ -7.580500587514215, 13.833634287884081 ], [ -7.584366584411901, 13.837456946168963 ], [ -7.584360315227293, 13.83849335630534 ], [ -7.585414703587824, 13.839535891582306 ] ] } },
{ "type": "Feature", "properties": { "OBJECTID": 36, "arcid": 36, "from_node": 42, "to_node": 48, "Shape_Leng": 67308.225852300005, "HydroID": 237, "GridID": 34, "NextDownID": 238, "DrainID": 34 }, "geometry": { "type": "LineString", "coordinates": [ [ -6.857758258605757, 13.680051377936589 ], [ -6.855782965582385, 13.683660608172072 ], [ -6.847659887684199, 13.683590124679109 ], [ -6.846590933605365, 13.684616916403462 ], [ -6.845484241688283, 13.689787719947716 ], [ -6.842296130874653, 13.690796028208736 ], [ -6.842277232074726, 13.692868031603862 ], [ -6.841205059053816, 13.694240123155222 ], [ -6.841895684642839, 13.695972954569017 ], [ -6.839767061672843, 13.696990458156389 ], [ -6.835881928363473, 13.696956498275858 ], [ -6.831334750394194, 13.69208164727611 ], [ -6.822151965555933, 13.692000995735032 ], [ -6.820401960774706, 13.690258802221431 ], [ -6.817932888763271, 13.689891687265428 ], [ -6.816882911254842, 13.688846357939727 ], [ -6.813328805579941, 13.691232470311384 ], [ -6.813312844939585, 13.692959106612564 ], [ -6.81117777478022, 13.694667003056127 ], [ -6.806586386677002, 13.694626338439575 ], [ -6.803786575373862, 13.691838672219664 ], [ -6.802405938447004, 13.688372881650238 ], [ -6.80242517973629, 13.686300932661622 ], [ -6.793679641629844, 13.677243995554594 ], [ -6.791563938621785, 13.676879788259528 ], [ -6.788414584285256, 13.673743532547537 ], [ -6.785595862158449, 13.673027653945388 ], [ -6.77683203936435, 13.666042200971775 ], [ -6.775063131731345, 13.666371677136949 ], [ -6.775027468571499, 13.67017018577492 ], [ -6.774314703387963, 13.670854480327229 ], [ -6.767951693166248, 13.671487937727202 ], [ -6.765103776826548, 13.673879687533324 ], [ -6.743212423110244, 13.673335892830201 ], [ -6.73644014662234, 13.679835563669499 ], [ -6.736413733868646, 13.68259803870796 ], [ -6.730004088878157, 13.688064764980622 ], [ -6.727888478133823, 13.687700014478553 ], [ -6.725762919436464, 13.688371166437356 ], [ -6.724710097413152, 13.687670816073615 ], [ -6.710463723350037, 13.699971453407008 ], [ -6.705519383726226, 13.699925627958239 ], [ -6.696606114696464, 13.70847603033144 ], [ -6.693773960020914, 13.709140278552342 ], [ -6.67738184871188, 13.723835789415014 ], [ -6.675615873778543, 13.723819170094226 ], [ -6.673476279611691, 13.725870967730305 ], [ -6.668884723434958, 13.725827652398358 ], [ -6.663902376104696, 13.729579105127154 ], [ -6.658251182668359, 13.729525548634244 ], [ -6.656468034822661, 13.731235227744245 ], [ -6.653289230312099, 13.731205018834556 ], [ -6.651862678102874, 13.732572729288497 ], [ -6.647977464695815, 13.732535725742441 ], [ -6.643340996921486, 13.736980622575835 ], [ -6.638718193116745, 13.740044266946866 ], [ -6.636595474391614, 13.740369250286562 ], [ -6.634133407994747, 13.739309695871706 ], [ -6.631335509865971, 13.736520318091268 ], [ -6.631349386317415, 13.735139189276545 ], [ -6.630300196940553, 13.734093168306165 ], [ -6.625002229502499, 13.734042225544536 ], [ -6.62045596701148, 13.729509349976357 ], [ -6.619413822868788, 13.727772734797821 ], [ -6.61943821164763, 13.725355779211782 ], [ -6.615941274487656, 13.721868910533077 ], [ -6.615951737965161, 13.720833074105391 ], [ -6.60895819714673, 13.713859239661783 ], [ -6.607202879618734, 13.712806313829223 ], [ -6.604377596776998, 13.712778935748434 ], [ -6.599122323348822, 13.708584218684452 ], [ -6.592765597259495, 13.708522383550104 ], [ -6.591367075866995, 13.707127529660696 ], [ -6.58960133603764, 13.70711031600918 ], [ -6.58820284429737, 13.705715447612887 ], [ -6.586437119145465, 13.705698213108867 ], [ -6.58294099153675, 13.702210999450759 ], [ -6.580822161492291, 13.702190276652351 ], [ -6.572777998743059, 13.694514769534523 ], [ -6.571019469827461, 13.693806902259686 ], [ -6.562548105442596, 13.693378278426248 ], [ -6.560764701169908, 13.695087202927418 ], [ -6.559348649460128, 13.695418534996969 ], [ -6.557229917502053, 13.695397620300055 ], [ -6.556181257456462, 13.694351364256166 ], [ -6.553716563828551, 13.693636404631851 ], [ -6.55018538706986, 13.693601460842267 ], [ -6.548762183916076, 13.694623256371854 ], [ -6.546286775961505, 13.694944011208186 ], [ -6.539930665872387, 13.694880879498541 ], [ -6.539559587148511, 13.696603666480994 ], [ -6.534925850620906, 13.700701058602688 ], [ -6.532807111212072, 13.700679926862739 ], [ -6.527211322486346, 13.695444640125485 ], [ -6.525099868518572, 13.694732938537106 ], [ -6.525110708139736, 13.693697169938661 ], [ -6.522314760930679, 13.690906849716512 ], [ -6.522340073064091, 13.688490061743236 ], [ -6.514302157831932, 13.680467787272049 ], [ -6.512897060697602, 13.679763098094606 ], [ -6.509366200865913, 13.679727607276593 ], [ -6.503775079053334, 13.674146702639971 ], [ -6.50200970157567, 13.674128905668747 ], [ -6.500611974935159, 13.672733658962729 ], [ -6.496728180568248, 13.672694443466741 ], [ -6.494234766436884, 13.674740947425301 ], [ -6.490350958198303, 13.674701626355469 ], [ -6.486856865999362, 13.671213361556488 ], [ -6.485815986113526, 13.669476383927851 ], [ -6.485878253383078, 13.663607194126877 ], [ -6.48413129979864, 13.661863053491833 ], [ -6.483454512884823, 13.659093918140806 ], [ -6.481361896337241, 13.656655691519097 ], [ -6.481387559725018, 13.654238972704835 ], [ -6.480339441387232, 13.653192480159342 ], [ -6.480012074054645, 13.650772176860889 ], [ -6.476867807641496, 13.647632682471386 ], [ -6.476540473994089, 13.645212381076849 ], [ -6.473399995960492, 13.641727617561688 ], [ -6.472013649149064, 13.639296537201414 ], [ -6.472028349513063, 13.637915563665544 ], [ -6.46678470960711, 13.633028206582276 ], [ -6.466806794585132, 13.630956752675377 ], [ -6.465056520120909, 13.629557780406552 ], [ -6.465078614304167, 13.627486329608235 ], [ -6.461589214805835, 13.623652640633395 ], [ -6.458761615031118, 13.62396902375481 ], [ -6.454540541018464, 13.622544720478015 ], [ -6.450304721651982, 13.622501306208331 ], [ -6.448900193852847, 13.621796342642444 ], [ -6.43336531996491, 13.621981694819247 ], [ -6.428780337610895, 13.621589038528651 ], [ -6.428081851153849, 13.620891271191713 ], [ -6.423846150158415, 13.620847411554303 ], [ -6.423504396019217, 13.619808060988442 ], [ -6.409190473235078, 13.605158113374705 ], [ -6.406366899439132, 13.605128700493189 ], [ -6.403922626244326, 13.60268635601509 ], [ -6.400404516724019, 13.601613841046275 ] ] } },
{ "type": "Feature", "properties": { "OBJECTID": 37, "arcid": 37, "from_node": 48, "to_node": 25, "Shape_Leng": 31759.472328200001, "HydroID": 238, "GridID": 26, "NextDownID": 216, "DrainID": 26 }, "geometry": { "type": "LineString", "coordinates": [ [ -6.400404516724019, 13.601613841046275 ], [ -6.397584777204536, 13.601239111878886 ], [ -6.396886448264753, 13.600541282803324 ], [ -6.387357191143372, 13.600441448618353 ], [ -6.383789928788838, 13.603856585292114 ], [ -6.383038514723538, 13.607991806301406 ], [ -6.381968292072706, 13.609016325810947 ], [ -6.381194013498964, 13.615222847928628 ], [ -6.379080094376494, 13.614855318315811 ], [ -6.374814187042563, 13.617572384542502 ], [ -6.371998172081932, 13.616852121869911 ], [ -6.363968224584904, 13.608826250697085 ], [ -6.361497648574872, 13.608800060584228 ], [ -6.357653645348405, 13.605306724832881 ], [ -6.353771390779873, 13.605265469937573 ], [ -6.352025931734949, 13.603520639591887 ], [ -6.350265131805262, 13.603156646400144 ], [ -6.34567708342794, 13.603107755567757 ], [ -6.343893198872296, 13.604814975770214 ], [ -6.34345935933398, 13.61206059907734 ], [ -6.344498912543853, 13.613797951323136 ], [ -6.344479645894918, 13.615523997498375 ], [ -6.344061166629122, 13.621388781068427 ], [ -6.342630064998643, 13.623099733378568 ], [ -6.342246234761841, 13.625857625461247 ], [ -6.342502675937616, 13.634491605938393 ], [ -6.344585773247366, 13.637621136861055 ], [ -6.345889618575079, 13.647302079826158 ], [ -6.349737832850567, 13.650450470052863 ], [ -6.35040527055834, 13.653910109956762 ], [ -6.355627183000727, 13.660525632401843 ], [ -6.355611779742037, 13.66190647595117 ], [ -6.350254795113091, 13.667373281892097 ], [ -6.35022390825131, 13.670134957062306 ], [ -6.350922242286944, 13.670832926250162 ], [ -6.35480555825073, 13.670874420578935 ], [ -6.35655144399844, 13.672619315866548 ], [ -6.356823554897807, 13.679872512948624 ], [ -6.35610975736941, 13.680555395830702 ], [ -6.356040336347074, 13.686769184687153 ], [ -6.354593381229678, 13.689860983197738 ], [ -6.352094927985651, 13.692251011125977 ], [ -6.351986664867199, 13.701916863617891 ], [ -6.353034290437596, 13.702963834005516 ], [ -6.353014955030032, 13.704689879792356 ], [ -6.351598768932982, 13.705019959736571 ], [ -6.349457057035875, 13.707068499563432 ], [ -6.346985487012331, 13.70704197917024 ], [ -6.343415856965385, 13.710456112523659 ], [ -6.343384789060318, 13.713217761842664 ], [ -6.339454130735779, 13.717318422181295 ], [ -6.337331673054539, 13.717640793707583 ], [ -6.334832730557973, 13.720030557040554 ], [ -6.334817136003072, 13.721411371499695 ], [ -6.332675130978075, 13.723459708840513 ], [ -6.332985303037451, 13.727260755896534 ], [ -6.33403291924953, 13.728307810184154 ], [ -6.334366519337268, 13.730037640638338 ], [ -6.334268934230157, 13.738667715901142 ], [ -6.332797822550113, 13.743830478866636 ], [ -6.331012607262993, 13.745537377478975 ], [ -6.331314888706946, 13.750028824174478 ], [ -6.330600780320903, 13.750711577862541 ], [ -6.330161500404477, 13.758302179765465 ], [ -6.32659075326147, 13.761715871317952 ], [ -6.326567214424956, 13.763787071540248 ], [ -6.32549595944334, 13.764811162798466 ], [ -6.325366364456382, 13.776202745696478 ], [ -6.324652148040335, 13.776885462319633 ], [ -6.325338859481174, 13.778619140507539 ], [ -6.325287764760333, 13.783106729600492 ] ] } },
{ "type": "Feature", "properties": { "OBJECTID": 38, "arcid": 38, "from_node": 40, "to_node": 49, "Shape_Leng": 27619.3205347, "HydroID": 239, "GridID": 40, "NextDownID": -1, "DrainID": 40 }, "geometry": { "type": "LineString", "coordinates": [ [ -9.70434594209704, 13.700237684996583 ], [ -9.709292855078967, 13.699877996126428 ], [ -9.711054782280835, 13.698145157525207 ], [ -9.713526647548012, 13.697446928984569 ], [ -9.718110619653585, 13.693978109410514 ], [ -9.718106425184805, 13.692595896909515 ], [ -9.719868233117323, 13.690863000361803 ], [ -9.7230446988848, 13.689471519945169 ], [ -9.723037310967717, 13.687052650401277 ], [ -9.726216886601039, 13.686697790691854 ], [ -9.729750917052582, 13.686687401672918 ], [ -9.733290296127558, 13.688404722598541 ], [ -9.740004990218983, 13.688384746122697 ], [ -9.74780281411606, 13.695617954002854 ], [ -9.754164276500195, 13.69559865067772 ], [ -9.755934660039214, 13.696629909234872 ], [ -9.764063212236749, 13.696604945990089 ], [ -9.765126809393433, 13.697638317536034 ], [ -9.773608795212777, 13.697611945934812 ], [ -9.77607476949535, 13.695185360977872 ], [ -9.793745322281865, 13.695129320229874 ], [ -9.799381206607487, 13.689582376681269 ], [ -9.802561818472457, 13.689572087054724 ], [ -9.814889222861762, 13.677437592985664 ], [ -9.815595986562279, 13.677435267687125 ], [ -9.818412300348301, 13.674316038419944 ], [ -9.819824612349732, 13.673965821606895 ], [ -9.824402878661635, 13.669458498991782 ], [ -9.824390863853599, 13.66600304879144 ], [ -9.82579950725666, 13.664616165431681 ], [ -9.827214159509545, 13.66495699968138 ], [ -9.826789771184757, 13.644571011274369 ], [ -9.819692128709823, 13.635610235197914 ], [ -9.819682596095516, 13.63284586413018 ], [ -9.821091083311176, 13.631459013396794 ], [ -9.821066029942733, 13.624202537815574 ], [ -9.818230103634004, 13.621447479056842 ], [ -9.817514008963736, 13.618685426799439 ], [ -9.815741615572097, 13.61696348919499 ], [ -9.81501373762902, 13.610745952724175 ], [ -9.818182598021382, 13.607625596735726 ], [ -9.815702552188407, 13.605560426305578 ], [ -9.8156990027473, 13.604523783126867 ], [ -9.817807968246814, 13.601406904169199 ], [ -9.817802039290456, 13.599679166427816 ], [ -9.81921035324511, 13.598292334058424 ], [ -9.821329936576014, 13.598285354947178 ], [ -9.823796811145447, 13.596549454294946 ], [ -9.828743662829783, 13.596878599191069 ], [ -9.829447779930234, 13.596185155103093 ], [ -9.832979169780396, 13.595827823698439 ], [ -9.837556969432088, 13.591665876739368 ], [ -9.838267119071903, 13.592700139794237 ], [ -9.839503507760339, 13.592695977939934 ] ] } },
{ "type": "Feature", "properties": { "OBJECTID": 39, "arcid": 39, "from_node": 50, "to_node": 16, "Shape_Leng": 67524.808428999997, "HydroID": 240, "GridID": 18, "NextDownID": 209, "DrainID": 18 }, "geometry": { "type": "LineString", "coordinates": [ [ -7.956247064567344, 13.577930199360496 ], [ -7.952905956680372, 13.574633645100237 ], [ -7.949375419405176, 13.574273271447328 ], [ -7.948672052314338, 13.573579246007691 ], [ -7.933487411423693, 13.572823746941342 ], [ -7.932784097894856, 13.572129680326244 ], [ -7.919362531947723, 13.572071921380278 ], [ -7.914752114801032, 13.576198250811347 ], [ -7.912279689079887, 13.576187483428399 ], [ -7.908378652331382, 13.579625718690984 ], [ -7.880473726852664, 13.57984755324779 ], [ -7.878699584805515, 13.581567203827085 ], [ -7.874811047719187, 13.582240737915598 ], [ -7.86949328698943, 13.586362964032627 ], [ -7.866314368125193, 13.586348528564578 ], [ -7.86489494044103, 13.58772416042717 ], [ -7.86206922196943, 13.587711277518713 ], [ -7.860294895732821, 13.58943078202701 ], [ -7.845106613841707, 13.589360871155224 ], [ -7.840854603388987, 13.592105292228078 ], [ -7.835203115318779, 13.592078941138816 ], [ -7.832718752349208, 13.594485949014642 ], [ -7.83095095392676, 13.594823179566069 ], [ -7.82953128351014, 13.59619858878289 ], [ -7.827058723448909, 13.596186960181274 ], [ -7.824929169009467, 13.598250031858734 ], [ -7.823168159735514, 13.597205165783288 ], [ -7.821045400193333, 13.597886163597751 ], [ -7.819639346325577, 13.596497436347603 ], [ -7.817520014683673, 13.596487386127347 ], [ -7.814318673137634, 13.600963887932599 ], [ -7.811839185760562, 13.602334136329633 ], [ -7.807243743024445, 13.603003199878058 ], [ -7.802980676259248, 13.607819957719521 ], [ -7.801214492325494, 13.607811458774126 ], [ -7.797307952758949, 13.61193879003314 ], [ -7.795894983843553, 13.611931957658564 ], [ -7.794475017662755, 13.613307140153511 ], [ -7.790230827692961, 13.614323083473606 ], [ -7.789165820327989, 13.615354443192007 ], [ -7.775387477554831, 13.615632522193295 ], [ -7.772575772832217, 13.612854574924039 ], [ -7.770456331600498, 13.612844112071674 ], [ -7.766590381192081, 13.609024360171926 ], [ -7.763768099158631, 13.608319338333587 ], [ -7.75849482987073, 13.603455952418161 ], [ -7.754962587653147, 13.603438316408607 ], [ -7.750345303345541, 13.608252315813234 ], [ -7.750325357902636, 13.612052814798593 ], [ -7.748899703196224, 13.614464213416607 ], [ -7.744283895668525, 13.618932568362741 ], [ -7.74356645854308, 13.621001993725372 ], [ -7.735046247884167, 13.628905463292091 ], [ -7.734325015063695, 13.63166584499154 ], [ -7.727942250699384, 13.636124833377107 ], [ -7.727929303878649, 13.638543306849659 ], [ -7.724030320880027, 13.640941846695542 ], [ -7.723305200131707, 13.644393170865106 ], [ -7.72223978257977, 13.645424204872578 ], [ -7.722206312751232, 13.651643116663671 ], [ -7.723260610683078, 13.652685056991254 ], [ -7.723212271937141, 13.661667927904253 ], [ -7.723915166422734, 13.662362554069851 ], [ -7.723902152670355, 13.664781018637985 ], [ -7.721060758128767, 13.667530413020653 ], [ -7.721051438399225, 13.669257885370596 ], [ -7.722107665616638, 13.669954340311326 ], [ -7.724934214262465, 13.669968895309962 ], [ -7.726691527899965, 13.671705451645304 ], [ -7.726678533234707, 13.674123917018159 ], [ -7.727381473309364, 13.67481853679762 ], [ -7.727346206985994, 13.681382942065095 ], [ -7.726635818735685, 13.682070299582307 ], [ -7.726940851311818, 13.691054978594391 ], [ -7.723742063314507, 13.694493543633977 ], [ -7.724078647499627, 13.69760481190826 ], [ -7.725135003664038, 13.698301265131716 ], [ -7.725123829392025, 13.700374229003268 ], [ -7.723702913805308, 13.701748916617367 ], [ -7.723317830017906, 13.707620485892649 ], [ -7.72507724994414, 13.709011578255168 ], [ -7.726490758234358, 13.709018863186184 ], [ -7.727191931210922, 13.710058984546194 ], [ -7.727177042532618, 13.712822937701391 ], [ -7.72858313747126, 13.714212188807553 ], [ -7.728914212066084, 13.718359936483079 ], [ -7.730318491366969, 13.720094674955861 ], [ -7.730303627962233, 13.722858629238354 ], [ -7.731706085612619, 13.724938856556777 ], [ -7.732024216875631, 13.731505061815986 ], [ -7.729892586855728, 13.733567124418228 ], [ -7.730580821113681, 13.737025698512902 ], [ -7.728804410380731, 13.738744070037246 ], [ -7.720675715522662, 13.738702058355916 ], [ -7.716782448210324, 13.739718347325031 ], [ -7.714648732323736, 13.742125750182922 ], [ -7.710401962864315, 13.743140088142288 ], [ -7.707555609909182, 13.746580194380083 ], [ -7.707888200314676, 13.750382441091256 ], [ -7.705758090594689, 13.752098768756669 ], [ -7.701526349358457, 13.750349018263426 ], [ -7.700460324427268, 13.751379899374287 ], [ -7.698341611517746, 13.751023223109106 ], [ -7.696925956272071, 13.751361243602627 ], [ -7.696213345932927, 13.752393972965507 ], [ -7.694446157050079, 13.752384620298455 ], [ -7.689115750933706, 13.757538800600546 ], [ -7.68910036176641, 13.760302700571774 ], [ -7.686257345719928, 13.763051536363106 ], [ -7.680592426511152, 13.764748743180158 ], [ -7.679522370645425, 13.766470491137875 ], [ -7.679510736799523, 13.768543405978903 ], [ -7.675247819274549, 13.772320963035421 ], [ -7.678065830985069, 13.77406359107583 ], [ -7.676280987299243, 13.777163460755043 ], [ -7.670625436033737, 13.777132976795484 ], [ -7.665692523713648, 13.774342326827462 ], [ -7.663915376818132, 13.776060158336549 ], [ -7.659320284783354, 13.776035171131429 ], [ -7.656482669706628, 13.77774716326075 ], [ -7.651883596516768, 13.778412998418396 ], [ -7.648682500165842, 13.781850362144249 ], [ -7.647268599344421, 13.781842592220006 ], [ -7.64620220305602, 13.782873201466415 ], [ -7.643723880284655, 13.783550534328377 ], [ -7.643364419561132, 13.784585025907864 ], [ -7.638050228743113, 13.786628603908701 ], [ -7.637692741206619, 13.787317604893845 ], [ -7.632037035667432, 13.78728621169328 ], [ -7.62743572945147, 13.788297043362775 ], [ -7.624589668256569, 13.791390540982015 ], [ -7.622468751692018, 13.791378667351028 ], [ -7.619980140288313, 13.793783128732326 ], [ -7.61645339390425, 13.792381354410194 ], [ -7.614318204884318, 13.794787740822917 ], [ -7.614279455974231, 13.801351780050352 ], [ -7.606101768423019, 13.809251701142136 ], [ -7.606081233538778, 13.812706443310127 ], [ -7.598647095828635, 13.814391547369537 ], [ -7.595804475581777, 13.816793694709247 ], [ -7.595442674851566, 13.818173562031461 ], [ -7.592244375997752, 13.820919107905308 ], [ -7.590830272658337, 13.820910991221393 ], [ -7.585851726615142, 13.825719110081646 ], [ -7.585414703587824, 13.839535891582306 ] ] } },
{ "type": "Feature", "properties": { "OBJECTID": 40, "arcid": 40, "from_node": 52, "to_node": 51, "Shape_Leng": 31922.3184998, "HydroID": 241, "GridID": 46, "NextDownID": -1, "DrainID": 46 }, "geometry": { "type": "LineString", "coordinates": [ [ -9.620699222293009, 13.541674930694917 ], [ -9.623708138202835, 13.544259191206276 ], [ -9.625120934795419, 13.544255663144586 ], [ -9.632205000498622, 13.551840293352672 ], [ -9.633968302774365, 13.550799130079419 ], [ -9.64032419739747, 13.550091797500544 ], [ -9.641381039080912, 13.549052392516252 ], [ -9.643146136118608, 13.548702292495085 ], [ -9.648105040342116, 13.553872951204964 ], [ -9.651283945602726, 13.55386468594955 ], [ -9.652346407585584, 13.554898607356003 ], [ -9.663294083451818, 13.554178658415804 ], [ -9.665760790183873, 13.552098718312688 ], [ -9.668949325534319, 13.555545834230553 ], [ -9.672478536971944, 13.554499672062109 ], [ -9.679175805589987, 13.549643682822328 ], [ -9.682707837485205, 13.549634060479956 ], [ -9.686956196137464, 13.553078040235668 ], [ -9.688369027758245, 13.553074152344065 ], [ -9.694006313309043, 13.54822069791738 ], [ -9.69399929804864, 13.545801785710143 ], [ -9.695058887308557, 13.54579884222831 ], [ -9.696466645616333, 13.544067117432254 ], [ -9.69823463094732, 13.544753309358406 ], [ -9.704237920072311, 13.54439091175847 ], [ -9.705652732835098, 13.545078044583111 ], [ -9.709891065840777, 13.545066046799368 ], [ -9.713068784503415, 13.544711443922893 ], [ -9.71518484675231, 13.543668718649977 ], [ -9.719776338240573, 13.543655544110454 ], [ -9.721889233974531, 13.541576094395671 ], [ -9.722949841669521, 13.541918590386892 ], [ -9.727175509409493, 13.537759622901554 ], [ -9.729647783935018, 13.537752423924035 ], [ -9.732836996596866, 13.541198693425029 ], [ -9.733893379594265, 13.540158918638182 ], [ -9.733885965744236, 13.537740025984865 ], [ -9.735301874752791, 13.538772545007699 ], [ -9.739542203802154, 13.539451162298553 ], [ -9.740604961947218, 13.540484693486277 ], [ -9.744136811359695, 13.54047421009084 ], [ -9.74589950579252, 13.539432284706484 ], [ -9.756140713113581, 13.539055976812854 ], [ -9.757549066527766, 13.537669484780135 ], [ -9.762848958675775, 13.538344492766097 ], [ -9.763549810588321, 13.536614569324081 ], [ -9.768480989253163, 13.532452787441583 ], [ -9.768477663929547, 13.53141612631978 ], [ -9.770948737598994, 13.531062969442614 ], [ -9.770936508273079, 13.527261882442152 ], [ -9.772696752727089, 13.52552867106975 ], [ -9.777994156812662, 13.525512265323387 ], [ -9.779756583359108, 13.524470113823439 ], [ -9.787879216601628, 13.524444685441617 ], [ -9.790713595787022, 13.527200193851915 ], [ -9.796009865229793, 13.526837853614412 ], [ -9.797419056996166, 13.525796703359113 ], [ -9.798126525760228, 13.526140003723413 ], [ -9.798470476250797, 13.523374467751559 ], [ -9.801992777926976, 13.520598773211889 ], [ -9.805181577076887, 13.523698531418084 ], [ -9.810832053311875, 13.523680297259684 ], [ -9.814018656248777, 13.526088833922774 ], [ -9.817902210517724, 13.52573062292362 ], [ -9.821069968316099, 13.522610275260831 ], [ -9.824247146543781, 13.522254284423045 ], [ -9.82779536262268, 13.527080317463477 ], [ -9.828166435959476, 13.532262377533133 ], [ -9.829585080838132, 13.533985440296881 ], [ -9.829589868147373, 13.535367632934465 ], [ -9.831007344361856, 13.53674513757923 ], [ -9.831013340109321, 13.538472877346427 ], [ -9.829957409278549, 13.539513040045595 ], [ -9.831389315604797, 13.545037114801167 ], [ -9.833872440542667, 13.548138809588158 ], [ -9.83493200542614, 13.548135272750141 ], [ -9.836702780742208, 13.549511557510298 ], [ -9.83811191049214, 13.548470182320781 ], [ -9.839350494770827, 13.549157129226506 ] ] } },
{ "type": "Feature", "properties": { "OBJECTID": 41, "arcid": 41, "from_node": 53, "to_node": 44, "Shape_Leng": 26115.587325699998, "HydroID": 242, "GridID": 42, "NextDownID": 233, "DrainID": 42 }, "geometry": { "type": "LineString", "coordinates": [ [ -8.474813653883905, 13.492304137458564 ], [ -8.477634178656242, 13.494383462731264 ], [ -8.480459236530974, 13.494389328489595 ], [ -8.482221919796341, 13.49577526532396 ], [ -8.485400130611268, 13.49578180461458 ], [ -8.487515990272925, 13.49716842876027 ], [ -8.50020303335951, 13.509634683713029 ], [ -8.500200154487574, 13.511016972796831 ], [ -8.507251250322229, 13.516905690404188 ], [ -8.510773050507392, 13.521750626818607 ], [ -8.511107898258546, 13.530736196750032 ], [ -8.513222811054316, 13.532813760969225 ], [ -8.513206655763227, 13.540761919583511 ], [ -8.514968467431801, 13.542838783192908 ], [ -8.522384409379717, 13.543544204150301 ], [ -8.52591168829106, 13.545969933322294 ], [ -8.538252731524144, 13.557051404991988 ], [ -8.539307754414203, 13.559472371186565 ], [ -8.544948274032539, 13.56535747143133 ], [ -8.54494564167039, 13.566739763418084 ], [ -8.541406584976729, 13.570189026282637 ], [ -8.541403931146457, 13.57157131704996 ], [ -8.542456397117055, 13.575374559829426 ], [ -8.545277172607987, 13.578144306764887 ], [ -8.545270589475155, 13.581600032616038 ], [ -8.544560763652001, 13.58332660496967 ], [ -8.54596988569506, 13.585402616370033 ], [ -8.545605425528029, 13.591276702744336 ], [ -8.546310667943953, 13.591969134088879 ], [ -8.546305408001199, 13.594733711641705 ], [ -8.548068552627898, 13.596464782864329 ], [ -8.548064621715532, 13.598538216071626 ], [ -8.547356730312501, 13.599228077238736 ], [ -8.547701494417758, 13.603721155727852 ], [ -8.543098026530947, 13.609241918765527 ], [ -8.543801326916009, 13.610971073021849 ], [ -8.542384775714631, 13.61269633583351 ], [ -8.542024153036841, 13.616496971926297 ], [ -8.542726801269218, 13.618571699858451 ], [ -8.539894236224448, 13.621676628772583 ], [ -8.541650867295454, 13.626863457144323 ], [ -8.542708867640131, 13.627902122630003 ], [ -8.542705545122189, 13.629629977259558 ], [ -8.54164354081046, 13.630664738572976 ], [ -8.542701557489682, 13.631703403401696 ], [ -8.54162554812827, 13.639995150866362 ], [ -8.546209208176935, 13.645187146448967 ], [ -8.545140527588019, 13.649677625760541 ], [ -8.547609476515987, 13.652101139197914 ], [ -8.547949681182796, 13.65901319436631 ], [ -8.549361230407017, 13.660052477821548 ], [ -8.551838162042095, 13.658329105210678 ], [ -8.556432085732837, 13.65833736034137 ], [ -8.55819576213538, 13.660068367737864 ], [ -8.558898027004201, 13.662488621797028 ] ] } },
{ "type": "Feature", "properties": { "OBJECTID": 42, "arcid": 42, "from_node": 56, "to_node": 30, "Shape_Leng": 80713.691025799999, "HydroID": 243, "GridID": 28, "NextDownID": 225, "DrainID": 28 }, "geometry": { "type": "LineString", "coordinates": [ [ -8.970979737871364, 13.446370663695079 ], [ -8.97097880191464, 13.454146370705098 ], [ -8.972743928742679, 13.456911262959791 ], [ -8.969918546470614, 13.462094743064224 ], [ -8.969918287501653, 13.46416826219259 ], [ -8.971330451171355, 13.466241946928486 ], [ -8.972742872948299, 13.466242104037518 ], [ -8.973802077417622, 13.467278976866057 ], [ -8.978039362054009, 13.467279382757397 ], [ -8.991810058219247, 13.481449249696473 ], [ -8.992869441609656, 13.481449282010935 ], [ -8.995341290259741, 13.483868443160441 ], [ -8.996047507516208, 13.486633144768666 ], [ -8.999225714716481, 13.490780205997064 ], [ -9.008760841425115, 13.499074114513117 ], [ -9.00876103053994, 13.504257898920006 ], [ -9.01123317682409, 13.504603385782481 ], [ -9.013705409119705, 13.506331190724811 ], [ -9.017590217948221, 13.506330948251316 ], [ -9.032071855098488, 13.520498509116393 ], [ -9.037369634301049, 13.520497774696247 ], [ -9.038782487584111, 13.521188730635579 ], [ -9.048320396953418, 13.530517863498574 ], [ -9.047614340614976, 13.532245921739674 ], [ -9.049380709738358, 13.533973502988587 ], [ -9.049380923464438, 13.535010256420948 ], [ -9.047615164933823, 13.536392937443463 ], [ -9.048321860892585, 13.53777514055281 ], [ -9.053620640005937, 13.540538736564724 ], [ -9.059625290782224, 13.540537377198865 ], [ -9.061745113843473, 13.54261036916558 ], [ -9.067043960355264, 13.5446825095988 ], [ -9.070576982774751, 13.547446210668202 ], [ -9.073402887105038, 13.547790981814819 ], [ -9.074462886161344, 13.54882742022337 ], [ -9.074463208813377, 13.549864171932995 ], [ -9.080116945332263, 13.556082934734496 ], [ -9.081883133023956, 13.556082362151514 ], [ -9.082942485479121, 13.555045261626429 ], [ -9.091773648422745, 13.555733341394683 ], [ -9.092479854618448, 13.555041913751998 ], [ -9.105196190213855, 13.554691299282668 ], [ -9.109436910251665, 13.558836480916112 ], [ -9.112969648818744, 13.559526074930652 ], [ -9.115090100524373, 13.561598607431264 ], [ -9.119682634870554, 13.562287616193192 ], [ -9.130639122718083, 13.572995198442731 ], [ -9.129933351215204, 13.574377898711282 ], [ -9.13770934315996, 13.581630964127742 ], [ -9.142301912494297, 13.581628386185628 ], [ -9.145836346424637, 13.584391003638821 ], [ -9.148662360144964, 13.584043751832048 ], [ -9.151489461343914, 13.585424379926666 ], [ -9.151848461193138, 13.594409296885456 ], [ -9.153616041117751, 13.596136122634901 ], [ -9.1536169318499, 13.597518450077782 ], [ -9.152204843232555, 13.599247226373224 ], [ -9.153972015444333, 13.600282885471778 ], [ -9.154326436196895, 13.602010575264307 ], [ -9.156447397774024, 13.603737160800025 ], [ -9.156448078521143, 13.604773904947375 ], [ -9.157862228210277, 13.60615533929456 ], [ -9.157157203238595, 13.608574856169426 ], [ -9.162106894865936, 13.613409821834672 ], [ -9.161756156626602, 13.617211443475007 ], [ -9.164231591261281, 13.620320051828958 ], [ -9.164234930879068, 13.625158183967692 ], [ -9.166356413215301, 13.627230259352309 ], [ -9.165650210448741, 13.627921892309528 ], [ -9.165652617755983, 13.631377699331745 ], [ -9.172725350427111, 13.639321237597898 ], [ -9.172727862733412, 13.642777040187813 ], [ -9.174143095419307, 13.645195113943721 ], [ -9.172378260186022, 13.647960986943247 ], [ -9.172380016347553, 13.650380046859693 ], [ -9.173440901442873, 13.651416047863297 ], [ -9.173796050856769, 13.653834859776275 ], [ -9.175564234049096, 13.655561515394174 ], [ -9.177331152740109, 13.655560259131017 ], [ -9.179806671117436, 13.657977536697507 ], [ -9.17874807188285, 13.660051780377707 ], [ -9.186528092511594, 13.666957642779293 ], [ -9.187944159189433, 13.670066788481561 ], [ -9.189712567525197, 13.671793337284601 ], [ -9.190427158639014, 13.681469003940347 ], [ -9.193257072352692, 13.684577022930673 ], [ -9.196791051348598, 13.684228661702033 ], [ -9.200676979504774, 13.682152071402687 ], [ -9.203150939092033, 13.682150054956836 ], [ -9.204917156181423, 13.681111863690061 ], [ -9.206688786269451, 13.686294070708049 ], [ -9.206336261004276, 13.68733110071515 ], [ -9.21058080643107, 13.691128889185045 ], [ -9.209875773370358, 13.693202957743832 ], [ -9.210231975626359, 13.696312859146504 ], [ -9.211292924637574, 13.697003112567765 ], [ -9.215180501675643, 13.696654184961451 ], [ -9.21694962406394, 13.698726107642912 ], [ -9.216952793887691, 13.70218188457665 ], [ -9.219782339544262, 13.704252853838582 ], [ -9.22649765974508, 13.703901218500517 ], [ -9.227559021180673, 13.704936976766527 ], [ -9.227564011126734, 13.710120634557114 ], [ -9.228979206655179, 13.71150163794622 ], [ -9.232868693879288, 13.712880313604131 ], [ -9.242765083498234, 13.712179639616837 ], [ -9.24418252182334, 13.715634012845838 ], [ -9.245242936800727, 13.715632962966394 ], [ -9.247361234825782, 13.713211814027881 ], [ -9.250896281843239, 13.713553829110872 ], [ -9.254435433085677, 13.717697131093866 ], [ -9.256911634552424, 13.719422452211251 ], [ -9.265748558981118, 13.719413106585455 ], [ -9.269639960799235, 13.72217350000064 ], [ -9.273174768698786, 13.722169616835743 ], [ -9.273882532549434, 13.722859984967855 ], [ -9.276003422279475, 13.722857624602456 ], [ -9.27741572549472, 13.721473739613744 ], [ -9.278830868397764, 13.722508873856468 ], [ -9.283071811741499, 13.721812899764441 ], [ -9.284133499528847, 13.722848407862051 ], [ -9.296505343488802, 13.722833869050099 ], [ -9.297213175295537, 13.723524169839143 ], [ -9.300394513080903, 13.723520321844603 ], [ -9.303225475101909, 13.725935889128889 ], [ -9.304285932000802, 13.725934584982195 ], [ -9.306404601956944, 13.724204090393908 ], [ -9.309234726925508, 13.725928438769166 ], [ -9.311353815352607, 13.724543476700958 ], [ -9.313827737524875, 13.724194771371739 ], [ -9.313829575028247, 13.725577067803677 ], [ -9.317369530939592, 13.729373866204165 ], [ -9.317724881990568, 13.730755707877952 ], [ -9.319138851108461, 13.730753884375554 ], [ -9.320908660943587, 13.732479462023345 ], [ -9.321267803670464, 13.736625887154092 ], [ -9.32268369767697, 13.738006337345604 ], [ -9.322687007644673, 13.740425352113338 ], [ -9.321627902499419, 13.741463456882208 ], [ -9.321629316706733, 13.742500176985587 ], [ -9.325520784746537, 13.744568517167014 ], [ -9.324111011302477, 13.747680539359548 ], [ -9.326942505653419, 13.750095818466539 ], [ -9.326594254331706, 13.753897589913032 ], [ -9.321293239504314, 13.755286850885318 ], [ -9.320234061864989, 13.756324950020751 ], [ -9.320942064331696, 13.757015176383865 ], [ -9.324831386775125, 13.757355654910352 ], [ -9.334376251291976, 13.756997317754342 ], [ -9.339686692054691, 13.762173652199678 ], [ -9.339690182799595, 13.764592658059914 ], [ -9.341814948979085, 13.767008728878949 ], [ -9.341817960850124, 13.769082161358451 ], [ -9.343588227496683, 13.770807561512038 ], [ -9.343591255860707, 13.77288099296692 ], [ -9.342885154608751, 13.773573122186329 ], [ -9.34324577126935, 13.778410634526708 ], [ -9.3457232513472, 13.7801350288608 ], [ -9.348547675042555, 13.777366467119853 ], [ -9.349961919507143, 13.777364460461214 ], [ -9.354209336023331, 13.78046853315208 ], [ -9.357044158306765, 13.784611299076712 ], [ -9.359165587878051, 13.784608211228093 ], [ -9.360936098441037, 13.786333477696747 ], [ -9.363764156275588, 13.785983740642918 ], [ -9.365529335048848, 13.784253267351891 ], [ -9.366590047748389, 13.784251689171215 ], [ -9.370836711593649, 13.786664324053326 ], [ -9.374725475782114, 13.786312859061798 ], [ -9.375433726681099, 13.78700292202757 ], [ -9.375081807235711, 13.78804017177173 ], [ -9.377912638507958, 13.789418122945232 ], [ -9.386398507043895, 13.789404937532451 ], [ -9.389231135645453, 13.791819464469944 ], [ -9.39240932438052, 13.789395420731189 ], [ -9.398064803638295, 13.788349621226581 ], [ -9.400182725566786, 13.786272763277546 ], [ -9.404072020793208, 13.786266405558182 ], [ -9.405130949562889, 13.785227954177399 ], [ -9.40831308366184, 13.785222693364711 ], [ -9.410077920938315, 13.783491908230175 ], [ -9.411491587120484, 13.783143978302355 ], [ -9.420684326489631, 13.783128432737508 ], [ -9.422801997123491, 13.781051386082943 ] ] } },
{ "type": "Feature", "properties": { "OBJECTID": 43, "arcid": 43, "from_node": 57, "to_node": 41, "Shape_Leng": 54734.585039500002, "HydroID": 244, "GridID": 45, "NextDownID": 232, "DrainID": 45 }, "geometry": { "type": "LineString", "coordinates": [ [ -9.313105852277067, 13.443585748663253 ], [ -9.307112511684855, 13.450504784185529 ], [ -9.308173068861098, 13.451540234953555 ], [ -9.310291542378341, 13.451537631671561 ], [ -9.316654678726875, 13.457404602992783 ], [ -9.317717129905439, 13.459822337650211 ], [ -9.320898169209563, 13.462237372208614 ], [ -9.321254489878044, 13.464655989935777 ], [ -9.324436558972272, 13.467762138344529 ], [ -9.324090435863633, 13.472946307795681 ], [ -9.322679849715506, 13.474330449547789 ], [ -9.32268541124744, 13.478477418747749 ], [ -9.320569466477087, 13.480553616653697 ], [ -9.320923510505558, 13.481244326921704 ], [ -9.319515153986929, 13.484356355404335 ], [ -9.319873338006074, 13.488157292359748 ], [ -9.322703035116151, 13.491609481409096 ], [ -9.322353143015846, 13.494028997928806 ], [ -9.323768034860603, 13.495755079921299 ], [ -9.323774090229669, 13.500247622516484 ], [ -9.324481323524132, 13.50093787056389 ], [ -9.324484125307226, 13.503011350124718 ], [ -9.323073369114507, 13.504395494711749 ], [ -9.323075694389271, 13.506123395039561 ], [ -9.321312677661222, 13.508199144614464 ], [ -9.321670471149234, 13.511654490621318 ], [ -9.320965062432744, 13.51234655578668 ], [ -9.326977391005659, 13.518559227296459 ], [ -9.326980689405495, 13.520978283656854 ], [ -9.328748960001841, 13.522703868071398 ], [ -9.328750855537425, 13.524086185733632 ], [ -9.329811835826314, 13.525121529734921 ], [ -9.330178831175536, 13.535142858443463 ], [ -9.329473380072981, 13.535834947292797 ], [ -9.329476232592338, 13.537908420953745 ], [ -9.331598334673091, 13.539979093687242 ], [ -9.334423999060176, 13.539975331645698 ], [ -9.33548507531323, 13.54101064809513 ], [ -9.339017170162231, 13.541005885313748 ], [ -9.340078270478067, 13.542041181619432 ], [ -9.340082689265563, 13.545151387509524 ], [ -9.339024511860316, 13.546189561162567 ], [ -9.339027449400946, 13.548263031081124 ], [ -9.337969252955325, 13.549301200442278 ], [ -9.337974623338491, 13.553102561319074 ], [ -9.341866050583986, 13.557244212197469 ], [ -9.342223240763611, 13.560008351402184 ], [ -9.345402874942925, 13.56034955307206 ], [ -9.346818834284383, 13.562421061058631 ], [ -9.349294043989033, 13.564145501733494 ], [ -9.351414010914048, 13.564488106218917 ], [ -9.351415535429346, 13.565524837894483 ], [ -9.353537562427325, 13.567249732370612 ], [ -9.353904634756304, 13.576579812933138 ], [ -9.354260972657414, 13.578652772222092 ], [ -9.355322308580652, 13.579687995949541 ], [ -9.356382106766059, 13.579686484087233 ], [ -9.359211873617141, 13.582101466798289 ], [ -9.363804373794419, 13.582094810113292 ], [ -9.365920809693163, 13.580018250989497 ], [ -9.368042535946694, 13.581397438170523 ], [ -9.371221409975162, 13.581047149447045 ], [ -9.372279594439986, 13.580008841893987 ], [ -9.375812250432769, 13.580003544580304 ], [ -9.377575845349845, 13.578272997134764 ], [ -9.380405252333285, 13.580342158963202 ], [ -9.384997707557234, 13.580335112931394 ], [ -9.387114499377185, 13.578603954349589 ], [ -9.388527551749869, 13.578601757612608 ], [ -9.392065856357574, 13.58205198458065 ], [ -9.394185463721582, 13.582048643574813 ], [ -9.396307365972051, 13.58342758438708 ], [ -9.401255465609363, 13.584801975541719 ], [ -9.40762143633718, 13.588938556300752 ], [ -9.411154210463385, 13.588932754737977 ], [ -9.41539654507873, 13.590653596494946 ], [ -9.421050848021107, 13.591680834366853 ], [ -9.424936936379307, 13.59167423925201 ], [ -9.428829859740958, 13.595468890061692 ], [ -9.429896572882912, 13.599268369552107 ], [ -9.442284226482593, 13.611341758872372 ], [ -9.442640104957674, 13.612723419188248 ], [ -9.448657463448802, 13.618587386380256 ], [ -9.451835369847483, 13.617544916215163 ], [ -9.453603276073213, 13.618232845509528 ], [ -9.469501918268531, 13.617857778244559 ], [ -9.470559820371603, 13.616819064019202 ], [ -9.479746721144034, 13.617147091810706 ], [ -9.482224132257546, 13.619215731584656 ], [ -9.487167763291005, 13.617823814536296 ], [ -9.492114191201507, 13.617814079939771 ], [ -9.493528889157943, 13.618502420260743 ], [ -9.494939282380416, 13.617117334482431 ], [ -9.498118392730204, 13.616765419627191 ], [ -9.500938362379403, 13.613649622379111 ], [ -9.504824032249681, 13.613296200375052 ], [ -9.506588370287014, 13.612255903363494 ], [ -9.509416305037531, 13.612941272782784 ], [ -9.513310887099413, 13.616734541398012 ], [ -9.515090169355483, 13.622605551962833 ], [ -9.517570189267779, 13.625710530923568 ], [ -9.517573949113407, 13.62743837029906 ], [ -9.518282113029356, 13.628128034798877 ], [ -9.517579965956855, 13.630202914607507 ], [ -9.51794233289338, 13.634348991965215 ], [ -9.518650520094813, 13.635038654260068 ], [ -9.518319039566792, 13.645060851423304 ], [ -9.525044245404938, 13.650230253251641 ], [ -9.528577869963128, 13.650222754691031 ], [ -9.529635643797747, 13.649183794721015 ], [ -9.538116293760986, 13.649165558216547 ], [ -9.545551147436985, 13.655369546950736 ], [ -9.546964623540113, 13.65536643565995 ], [ -9.55192303856399, 13.660193395453129 ], [ -9.552286873865942, 13.664684954713595 ], [ -9.552995250021086, 13.665374509439607 ], [ -9.553012176942088, 13.67263137059606 ], [ -9.568598828424651, 13.688146553195432 ], [ -9.568601318468648, 13.6891832437421 ], [ -9.575332216868572, 13.695733425416732 ], [ -9.586997021908756, 13.696397162736519 ], [ -9.589121029367629, 13.697774370798667 ] ] } },
{ "type": "Feature", "properties": { "OBJECTID": 44, "arcid": 44, "from_node": 55, "to_node": 58, "Shape_Leng": 6775.1154350899997, "HydroID": 245, "GridID": 49, "NextDownID": -1, "DrainID": 49 }, "geometry": { "type": "LineString", "coordinates": [ [ -5.291803827271307, 13.433209240269422 ], [ -5.288160288638205, 13.429533681182154 ], [ -5.287861063317619, 13.426079903090153 ], [ -5.284364614953486, 13.424303641271452 ], [ -5.282587185249212, 13.425312207045865 ], [ -5.282565925677385, 13.426691631295798 ], [ -5.280777834941183, 13.428389888248226 ], [ -5.2783117235182, 13.428353434048091 ], [ -5.277270790940165, 13.427303241705573 ], [ -5.274810026942022, 13.426921902210026 ], [ -5.271943671577134, 13.429983844198228 ], [ -5.267006134517992, 13.430255580190599 ], [ -5.266322893835508, 13.42886572810923 ], [ -5.268468693776382, 13.426827974192561 ], [ -5.268132406021046, 13.425788200241016 ], [ -5.262575867972034, 13.420531848790329 ], [ -5.262271653982898, 13.417422985071735 ], [ -5.25880231991459, 13.413922212207689 ], [ -5.25811380994283, 13.412877208569475 ], [ -5.258492797895708, 13.411158204533942 ], [ -5.257270550143633, 13.410450201512731 ] ] } },
{ "type": "Feature", "properties": { "OBJECTID": 45, "arcid": 45, "from_node": 61, "to_node": 65, "Shape_Leng": 5803.91832935, "HydroID": 246, "GridID": 55, "NextDownID": 250, "DrainID": 55 }, "geometry": { "type": "LineString", "coordinates": [ [ -5.455146917245209, 13.37346467309226 ], [ -5.452185288397931, 13.371180647219646 ], [ -5.444087805146617, 13.37072184725927 ], [ -5.442321330252483, 13.371041977314899 ], [ -5.439824943434319, 13.373076758548542 ], [ -5.431737685992762, 13.371927722457242 ], [ -5.420817092775814, 13.371773281398724 ], [ -5.419030224721492, 13.373472879571482 ], [ -5.417268843337223, 13.373447910202911 ], [ -5.416196704837086, 13.374467650026977 ], [ -5.412714806251754, 13.371658392653462 ], [ -5.408492669587892, 13.371253441837457 ], [ -5.407451206276346, 13.370203701602835 ] ] } },
{ "type": "Feature", "properties": { "OBJECTID": 46, "arcid": 46, "from_node": 62, "to_node": 67, "Shape_Leng": 5714.5999563400001, "HydroID": 247, "GridID": 53, "NextDownID": 248, "DrainID": 53 }, "geometry": { "type": "LineString", "coordinates": [ [ -8.523909833652219, 13.397368555058081 ], [ -8.521263072353225, 13.397017974787842 ], [ -8.519142374760944, 13.39839625706187 ], [ -8.51879144190999, 13.397358855562794 ], [ -8.516674177878295, 13.397009235637608 ], [ -8.514904372336682, 13.399424884334611 ], [ -8.511021426183724, 13.39941739602807 ], [ -8.509604545438195, 13.401833687935403 ], [ -8.507133557051771, 13.401828876855239 ], [ -8.506426150184986, 13.402518648494864 ], [ -8.50395515599179, 13.402513806069104 ], [ -8.503250576870538, 13.401821267734821 ], [ -8.501131876380176, 13.402162667205022 ], [ -8.497256791628814, 13.398353640731161 ], [ -8.497259662407318, 13.396971339916497 ], [ -8.49867591813355, 13.394900694776084 ], [ -8.487041974003169, 13.38796581532071 ] ] } },
{ "type": "Feature", "properties": { "OBJECTID": 47, "arcid": 47, "from_node": 67, "to_node": 53, "Shape_Leng": 16860.5360482, "HydroID": 248, "GridID": 48, "NextDownID": 242, "DrainID": 48 }, "geometry": { "type": "LineString", "coordinates": [ [ -8.487041974003169, 13.38796581532071 ], [ -8.485625663069991, 13.390036394271439 ], [ -8.483508520746568, 13.389686500123831 ], [ -8.482447368170492, 13.39072105772556 ], [ -8.480328742577935, 13.391062285418883 ], [ -8.478213089607467, 13.390021197680506 ], [ -8.476443710126281, 13.392090992466226 ], [ -8.476085494244225, 13.394509279339337 ], [ -8.475025787805574, 13.394852654862808 ], [ -8.472201897966881, 13.394846770803005 ], [ -8.469381794938055, 13.393112987414822 ], [ -8.465851961675826, 13.393105549496545 ], [ -8.463378016084123, 13.394482606488763 ], [ -8.457023512042477, 13.394814603223685 ], [ -8.451364003572236, 13.399985989382051 ], [ -8.450637618216215, 13.408969335307239 ], [ -8.451694284077618, 13.410008354653167 ], [ -8.451689582764834, 13.412081788012765 ], [ -8.450628197432234, 13.413116201288531 ], [ -8.449910379031861, 13.418298242486673 ], [ -8.450572392661719, 13.437651795367314 ], [ -8.461845250544318, 13.448734486062003 ], [ -8.462545216963074, 13.451500568855556 ], [ -8.461804342013068, 13.467049776231431 ], [ -8.469555599457701, 13.474668862628008 ], [ -8.469550266644751, 13.477087862771553 ], [ -8.47095737184932, 13.479509841618562 ], [ -8.471299846321079, 13.484348584506389 ], [ -8.468467270788718, 13.487798330669452 ], [ -8.472695638690359, 13.491954123070739 ], [ -8.474813653883905, 13.492304137458564 ] ] } },
{ "type": "Feature", "properties": { "OBJECTID": 48, "arcid": 48, "from_node": 64, "to_node": 68, "Shape_Leng": 6355.0413589299997, "HydroID": 249, "GridID": 54, "NextDownID": 251, "DrainID": 54 }, "geometry": { "type": "LineString", "coordinates": [ [ -9.731158877410415, 13.39572230075359 ], [ -9.734506883749988, 13.393984772249192 ], [ -9.736634170652405, 13.397088644064263 ], [ -9.739104995957579, 13.397081425919646 ], [ -9.740160751608698, 13.396041646884427 ], [ -9.742988779500989, 13.397415594341151 ], [ -9.744749401706297, 13.396028159496229 ], [ -9.74862996567844, 13.39532556451749 ], [ -9.752153239201009, 13.39324172732695 ], [ -9.756035888950148, 13.393230138390912 ], [ -9.759203932579318, 13.390456147271243 ], [ -9.762380603959784, 13.390446583155716 ], [ -9.763788098936423, 13.389060087972133 ], [ -9.766964748602499, 13.389050467215135 ], [ -9.771889684746965, 13.383852063678946 ], [ -9.780007595754267, 13.383827147224407 ] ] } },
{ "type": "Feature", "properties": { "OBJECTID": 49, "arcid": 49, "from_node": 65, "to_node": 69, "Shape_Leng": 7797.5090806099997, "HydroID": 250, "GridID": 58, "NextDownID": 252, "DrainID": 58 }, "geometry": { "type": "LineString", "coordinates": [ [ -5.407451206276346, 13.370203701602835 ], [ -5.405710336801504, 13.36879903665864 ], [ -5.40007411849611, 13.368718822404837 ], [ -5.395898274730809, 13.365209562198123 ], [ -5.393080233202547, 13.365169372027665 ], [ -5.39200806564384, 13.366188993929519 ], [ -5.386361707509832, 13.366798285828654 ], [ -5.384932110239128, 13.368157729623791 ], [ -5.383170832854338, 13.368132532675403 ], [ -5.382476621297982, 13.367432656740505 ], [ -5.374374822230706, 13.367316577255099 ], [ -5.373659998968045, 13.367996258179133 ], [ -5.370489744857207, 13.367950754230987 ], [ -5.368008490173171, 13.368950007487932 ], [ -5.364485993848811, 13.368899362891002 ], [ -5.362403569596586, 13.366799619558179 ], [ -5.357824397002476, 13.366733681052125 ], [ -5.352618617265232, 13.361484218390933 ], [ -5.350873025265452, 13.360424155664171 ], [ -5.348407410517482, 13.360388564901577 ], [ -5.347734120752989, 13.358309091149472 ], [ -5.345620761957324, 13.358278564787041 ] ] } },
{ "type": "Feature", "properties": { "OBJECTID": 50, "arcid": 50, "from_node": 68, "to_node": 66, "Shape_Leng": 8723.9299577000002, "HydroID": 251, "GridID": 60, "NextDownID": -1, "DrainID": 60 }, "geometry": { "type": "LineString", "coordinates": [ [ -9.780007595754267, 13.383827147224407 ], [ -9.785318677261559, 13.38899409895035 ], [ -9.78920122757787, 13.388982004124941 ], [ -9.793423153021195, 13.384822076107502 ], [ -9.792710465615897, 13.382750957929838 ], [ -9.793414101940231, 13.382057631881906 ], [ -9.795530658516411, 13.381705422363703 ], [ -9.796586094416609, 13.380665423055792 ], [ -9.800116696508388, 13.380999834588479 ], [ -9.803996812302362, 13.380296410455866 ], [ -9.808248285387016, 13.385120669031339 ], [ -9.808252896367078, 13.386502885401498 ], [ -9.809669330077178, 13.387880583530849 ], [ -9.813554161350083, 13.388559222783648 ], [ -9.818866026824567, 13.393725421418972 ], [ -9.823101584624508, 13.393711657124486 ], [ -9.824518142447701, 13.395089263963975 ], [ -9.825577037260944, 13.395085805510421 ], [ -9.828743073902768, 13.391965432774265 ], [ -9.829440709365098, 13.38954425061536 ], [ -9.832967894505561, 13.388841537417878 ], [ -9.836146873097274, 13.389522150443108 ], [ -9.837902089176076, 13.386751892580204 ], [ -9.838785664242566, 13.38709451728219 ] ] } },
{ "type": "Feature", "properties": { "OBJECTID": 51, "arcid": 51, "from_node": 69, "to_node": 70, "Shape_Leng": 10747.9203466, "HydroID": 252, "GridID": 62, "NextDownID": -1, "DrainID": 62 }, "geometry": { "type": "LineString", "coordinates": [ [ -5.345620761957324, 13.358278564787041 ], [ -5.343502207823625, 13.358592902531781 ], [ -5.341399263647859, 13.35787257849414 ], [ -5.340684407660039, 13.358552148881838 ], [ -5.338571063468439, 13.358521563146494 ], [ -5.337141330163883, 13.359880680564144 ], [ -5.330449082812252, 13.359783662401336 ], [ -5.325901561223769, 13.357647930148184 ], [ -5.322778674070081, 13.354497998013111 ], [ -5.320670639143827, 13.354122399088787 ], [ -5.31962970673654, 13.353072412309945 ], [ -5.313994395477027, 13.352990375827718 ], [ -5.310114895400624, 13.353278772166281 ], [ -5.30939999154105, 13.353958234906079 ], [ -5.30411692791775, 13.35388111102535 ], [ -5.303402010484377, 13.354560552826857 ], [ -5.299543560600178, 13.353469316874275 ], [ -5.294607497064933, 13.353742011505243 ], [ -5.292152649740317, 13.353016167038765 ], [ -5.28860958010981, 13.354343969625008 ], [ -5.286496397038706, 13.354312958936061 ], [ -5.282211893307984, 13.35804432190292 ], [ -5.280477342005328, 13.356294142974049 ], [ -5.276250986498879, 13.356231959462555 ], [ -5.272776736522629, 13.353076398140935 ], [ -5.266085164640897, 13.352977728364616 ], [ -5.262253626836257, 13.350161721923447 ], [ -5.258219510513618, 13.349067320804449 ] ] } },
{ "type": "Feature", "properties": { "OBJECTID": 52, "arcid": 52, "from_node": 71, "to_node": 28, "Shape_Leng": 114559.334303, "HydroID": 253, "GridID": 29, "NextDownID": 219, "DrainID": 29 }, "geometry": { "type": "LineString", "coordinates": [ [ -6.446007626593821, 13.362808187592083 ], [ -6.438166524899326, 13.370670330231642 ], [ -6.438108137564401, 13.376194197505441 ], [ -6.436326779870531, 13.377902527798389 ], [ -6.43629755215906, 13.380664456651441 ], [ -6.4345015159057, 13.38375372744258 ], [ -6.434835859632794, 13.385483510460656 ], [ -6.437307938121469, 13.385163321184393 ], [ -6.438005896362137, 13.385860957707955 ], [ -6.43550089732281, 13.389288316604308 ], [ -6.436547842397109, 13.390334779481121 ], [ -6.437958399808355, 13.390349093733441 ], [ -6.439350697293293, 13.392089607048229 ], [ -6.433671815959046, 13.395484726207007 ], [ -6.433275214012106, 13.399624016718121 ], [ -6.424359656747376, 13.408855600974642 ], [ -6.42294900567286, 13.408841191303813 ], [ -6.41653466273115, 13.414990476165933 ], [ -6.414054891311844, 13.416000867680829 ], [ -6.404079959746168, 13.425220618269631 ], [ -6.401221343704987, 13.428643830478077 ], [ -6.401210190406815, 13.429679521170728 ], [ -6.402606073405016, 13.431074995604146 ], [ -6.40258749046869, 13.432801147676567 ], [ -6.400449020719217, 13.434850687984397 ], [ -6.40043041693797, 13.436576836574009 ], [ -6.397579043547424, 13.439309513343405 ], [ -6.390146212288449, 13.441649405443211 ], [ -6.388364008596566, 13.443357239446506 ], [ -6.385508683280369, 13.446434964448107 ], [ -6.385478718242545, 13.449196766001448 ], [ -6.38155763154448, 13.452953868041638 ], [ -6.381535113137411, 13.455025211858754 ], [ -6.380101706112729, 13.457081854467143 ], [ -6.375110930249404, 13.461863447655292 ], [ -6.368052647813864, 13.462134879252755 ], [ -6.367339645855163, 13.462817929541329 ], [ -6.367958245626522, 13.470765375728574 ], [ -6.366532177562823, 13.472131460834124 ], [ -6.366854678394308, 13.474896914398041 ], [ -6.364025167387343, 13.475557739699402 ], [ -6.360816376189356, 13.478631343947274 ], [ -6.36008813411629, 13.48069522863296 ], [ -6.357239567173407, 13.483082042703153 ], [ -6.353363098645884, 13.482695929580663 ], [ -6.349080584638416, 13.487139029380728 ], [ -6.348022317201116, 13.487127843646698 ], [ -6.344183983115995, 13.483289451568455 ], [ -6.342772987371132, 13.483274512914925 ], [ -6.338850702643663, 13.487030714079092 ], [ -6.336385261658159, 13.486659295480175 ], [ -6.334287903617548, 13.484910764658828 ], [ -6.331818666178991, 13.484884516418228 ], [ -6.329015873000295, 13.483128446419105 ], [ -6.325841177616028, 13.483094631950078 ], [ -6.324771417743765, 13.484118972853771 ], [ -6.31736380341969, 13.484039879198807 ], [ -6.314165973720921, 13.486077140379127 ], [ -6.311018321054417, 13.483626707873208 ], [ -6.306785449091011, 13.483581307964931 ], [ -6.298757835263896, 13.47589969435348 ], [ -6.29811056135104, 13.470714103902814 ], [ -6.296017541206867, 13.468620128813567 ], [ -6.290385800700961, 13.467523715872076 ], [ -6.287944066947563, 13.465080689215235 ], [ -6.286909299593447, 13.462998082204207 ], [ -6.287641934383488, 13.460589317601592 ], [ -6.282409900597341, 13.455354222598725 ], [ -6.280634756406465, 13.45637073872718 ], [ -6.278518612364048, 13.456347837060983 ], [ -6.274611672453975, 13.458722159764642 ], [ -6.272138914291029, 13.459040568440463 ], [ -6.2640270152021, 13.458952391115576 ], [ -6.261236910595109, 13.456160141845647 ], [ -6.258070609431605, 13.455435160964926 ], [ -6.241141948676156, 13.455249944382667 ], [ -6.238657373655866, 13.456603571877231 ], [ -6.233723843623978, 13.456204099628426 ], [ -6.210519925097069, 13.480113005508967 ], [ -6.207674225932758, 13.482152665990506 ], [ -6.204143144490507, 13.482458562330081 ], [ -6.173100393428467, 13.512489088484449 ], [ -6.172711013362224, 13.515591564505948 ], [ -6.168781886751779, 13.51968964206602 ], [ -6.16804782797007, 13.522097783526212 ], [ -6.166259562010498, 13.524148775326804 ], [ -6.165127746567245, 13.530349656846761 ], [ -6.163339384528831, 13.532400609514625 ], [ -6.163314841430315, 13.534471562185221 ], [ -6.161526427470084, 13.536522492142581 ], [ -6.16039846761741, 13.542378153688512 ], [ -6.158605858949897, 13.5447742019486 ], [ -6.157867472064659, 13.547527430559153 ], [ -6.145018741139883, 13.559808099903723 ], [ -6.144263613047924, 13.563941854463833 ], [ -6.139976176409937, 13.56838032292155 ], [ -6.138527683621825, 13.571470489573558 ], [ -6.13776822850609, 13.575949341309029 ], [ -6.137054296509895, 13.576631537877413 ], [ -6.136971432473972, 13.583534528682089 ], [ -6.134829539907956, 13.585581087871972 ], [ -6.134812946585173, 13.586961682150303 ], [ -6.133027994694493, 13.588667126053632 ], [ -6.132650238445609, 13.590733952463573 ], [ -6.132392537330611, 13.612133102687718 ], [ -6.130964385651456, 13.613497409605117 ], [ -6.129855777288578, 13.617626950207923 ], [ -6.124844474162561, 13.623437323278555 ], [ -6.124437298122277, 13.627920118216297 ], [ -6.123008996449889, 13.629284350943385 ], [ -6.119711540738068, 13.639256686108325 ], [ -6.117543780423342, 13.643373811115545 ], [ -6.101829993868054, 13.65837898490903 ], [ -6.098960055732097, 13.662142453546499 ], [ -6.09821614112038, 13.665240409371448 ], [ -6.095350280265221, 13.668658672068888 ], [ -6.094253331017186, 13.671752460795508 ], [ -6.093181765211586, 13.672775437729268 ], [ -6.093160581768435, 13.674501104866991 ], [ -6.091731801643132, 13.67586506122827 ], [ -6.09170212224614, 13.678280992323716 ], [ -6.094832178535184, 13.682114761712546 ], [ -6.094815229613054, 13.683495296438251 ], [ -6.087398636148794, 13.683753305969089 ], [ -6.083477703919883, 13.686813754134485 ], [ -6.083069399368026, 13.69129628286769 ], [ -6.080555943538663, 13.694718425271526 ], [ -6.080160331669293, 13.698165546752369 ], [ -6.067290061609363, 13.711129889935636 ], [ -6.065516471424094, 13.711799176854919 ], [ -6.061986447544444, 13.711757215493611 ], [ -6.056631190832173, 13.716525874954399 ], [ -6.052748117826, 13.71647955949005 ], [ -6.050608520470548, 13.718179866896298 ], [ -6.04954949706341, 13.718167214134779 ], [ -6.046682246701768, 13.721584629530248 ], [ -6.044206844417351, 13.721900169840483 ], [ -6.04313483484794, 13.722922836825093 ], [ -6.026543378901455, 13.722723520976531 ], [ -6.020276432836956, 13.715744701473948 ], [ -6.018864456607517, 13.715727659784916 ], [ -6.016424035696954, 13.713282058033215 ], [ -6.013966207003559, 13.712216872717498 ], [ -6.002810818117768, 13.701036720228286 ], [ -6.001751918612727, 13.701023878389552 ], [ -5.997555790358833, 13.697866539705611 ], [ -5.996496910166756, 13.697853678291644 ], [ -5.988828519916619, 13.690167015900553 ], [ -5.984275434001173, 13.687350327580953 ], [ -5.980040158090167, 13.687298666372786 ], [ -5.976872534112219, 13.686569679949566 ], [ -5.97582695895936, 13.685521451749732 ], [ -5.970890301286127, 13.685115917069927 ], [ -5.969844764131691, 13.684067670283374 ], [ -5.965971383447818, 13.683329915572907 ], [ -5.963170105294614, 13.681569821746214 ], [ -5.954704385797062, 13.681120658675106 ], [ -5.952207270317777, 13.683160783819694 ], [ -5.948678039960108, 13.683117293828534 ], [ -5.946533786283948, 13.685161697970971 ], [ -5.944769164028788, 13.685139915706015 ], [ -5.943723766814373, 13.684091581572144 ], [ -5.939135788737235, 13.684034873900112 ], [ -5.937706239758859, 13.685397745261328 ], [ -5.929222705841775, 13.686328016055558 ], [ -5.926720877588101, 13.688712905595693 ], [ -5.924250416621377, 13.688682201484415 ], [ -5.920680755398521, 13.691744001643501 ], [ -5.908667811204467, 13.692629535901728 ], [ -5.90509792654353, 13.695691054679363 ], [ -5.895921876503412, 13.695576028208935 ], [ -5.894139124822861, 13.696934147607417 ], [ -5.892021578194851, 13.696907537019266 ], [ -5.880595953243893, 13.706772193496008 ], [ -5.880930658455958, 13.708156908485172 ], [ -5.880215667154121, 13.708838125449597 ], [ -5.878450979132594, 13.708815832964619 ], [ -5.877025540469892, 13.709833180318999 ], [ -5.876998154554001, 13.711903561671972 ], [ -5.873766846769537, 13.716004124945787 ], [ -5.869485722584291, 13.719401072227459 ], [ -5.867720973825437, 13.719378686281615 ], [ -5.867005911596893, 13.72005984809069 ], [ -5.862064621772872, 13.71999708323931 ], [ -5.856733630071637, 13.722690177937849 ], [ -5.850380539440303, 13.722609182841826 ], [ -5.847886848272345, 13.724302908607424 ], [ -5.838347994500166, 13.724871099938985 ], [ -5.836560115081618, 13.726573731390156 ], [ -5.831614198195746, 13.726855376067336 ], [ -5.830183851739484, 13.728217432602667 ], [ -5.826988734414105, 13.729556782908515 ], [ -5.824123295529506, 13.73262585623957 ], [ -5.820208218461065, 13.734991138350813 ], [ -5.817375250764893, 13.73564479688042 ], [ -5.812791493799323, 13.735240489739926 ], [ -5.811370340371247, 13.735912319054869 ], [ -5.807487844693447, 13.73586208113611 ], [ -5.796424351615551, 13.7446911039497 ], [ -5.793953615234414, 13.744658971701867 ], [ -5.791812341119166, 13.746356579638025 ], [ -5.787920333770222, 13.746996062418724 ], [ -5.786847317918151, 13.748017352177062 ], [ -5.784367144134005, 13.748675178941761 ], [ -5.778362043741552, 13.748941815282608 ], [ -5.775142838052713, 13.752005506381177 ], [ -5.773730974255833, 13.751987016689055 ], [ -5.770878846081616, 13.754020173379663 ], [ -5.768408074184411, 13.753987763736848 ], [ -5.766977244454957, 13.755349333564309 ], [ -5.763094599415193, 13.755298326771932 ], [ -5.758801961371273, 13.759382882973963 ], [ -5.758782943024569, 13.760762972755334 ], [ -5.757704995252634, 13.762129114521864 ], [ -5.754141910376815, 13.764497736684863 ], [ -5.753774641747238, 13.765528142801625 ] ] } },
{ "type": "Feature", "properties": { "OBJECTID": 53, "arcid": 53, "from_node": 63, "to_node": 48, "Shape_Leng": 108317.896632, "HydroID": 254, "GridID": 44, "NextDownID": 238, "DrainID": 44 }, "geometry": { "type": "LineString", "coordinates": [ [ -7.183162538893042, 13.390765090105287 ], [ -7.181936757950997, 13.389547258022246 ], [ -7.173469224790092, 13.389486181036213 ], [ -7.168208388848885, 13.38530293054956 ], [ -7.164688185462852, 13.384241100576981 ], [ -7.159748942251629, 13.384205183629438 ], [ -7.156947544444726, 13.381421344232299 ], [ -7.152713974935613, 13.381390440946321 ], [ -7.150254944244082, 13.379990750707533 ], [ -7.140379376929145, 13.379572873288906 ], [ -7.139328956814517, 13.378528868245059 ], [ -7.135448269444336, 13.378500278602912 ], [ -7.133700281162334, 13.376414835828799 ], [ -7.130164431468792, 13.377424985540209 ], [ -7.117466839574753, 13.376985344355967 ], [ -7.114315971841974, 13.373853077456147 ], [ -7.111841145013222, 13.374525454378448 ], [ -7.110082637757564, 13.373821477958188 ], [ -7.108332225574773, 13.372081292808547 ], [ -7.108353780566667, 13.369318093998363 ], [ -7.104823380264252, 13.369637091500591 ], [ -7.103070335638509, 13.36824227618216 ], [ -7.103078439389737, 13.36720608023353 ], [ -7.102028247635051, 13.366161947544766 ], [ -7.09954266002002, 13.368215802262105 ], [ -7.096367759229948, 13.368191933743834 ], [ -7.095317597507672, 13.367147777465043 ], [ -7.092137284076776, 13.367814650721405 ], [ -7.089648886485269, 13.370213790327769 ], [ -7.087526832747064, 13.370888588198437 ], [ -7.080471477271375, 13.370835147580484 ], [ -7.077982945104635, 13.373234152072069 ], [ -7.068458184006892, 13.373161589101539 ], [ -7.062778025270024, 13.37760849506151 ], [ -7.058197514996766, 13.376882536621808 ], [ -7.052892082673817, 13.378568784225582 ], [ -7.049700454238224, 13.380616637578505 ], [ -7.047583807714456, 13.38060029798757 ], [ -7.044392114743038, 13.382648074130213 ], [ -7.039806026078563, 13.382612547750359 ], [ -7.038739310617554, 13.383640493721551 ], [ -7.034850364579366, 13.384646502156935 ], [ -7.032011308470436, 13.386696842504927 ], [ -7.021425126029795, 13.386959571803578 ], [ -7.020375261943737, 13.385915138535642 ], [ -7.006966978711267, 13.386155138434148 ], [ -7.000975538307281, 13.385417009186153 ], [ -6.986864747690325, 13.385304985993766 ], [ -6.984045479811371, 13.384937113431937 ], [ -6.981590501974166, 13.383190536377436 ], [ -6.974899549966465, 13.381755430795689 ], [ -6.968549877122788, 13.381704476405863 ], [ -6.967850153351233, 13.381008064680969 ], [ -6.95127063018653, 13.380874227225624 ], [ -6.949492246437944, 13.38258675616447 ], [ -6.947375711937998, 13.382569575341982 ], [ -6.945597291415227, 13.384282071781454 ], [ -6.9441217554956, 13.391868625836258 ], [ -6.941628884705233, 13.394611427802639 ], [ -6.937730743421699, 13.396651947868408 ], [ -6.934908555462118, 13.39662888115139 ], [ -6.934197111991246, 13.397313835294952 ], [ -6.931730647767625, 13.39694825533271 ], [ -6.927823531488761, 13.400024688311721 ], [ -6.927103181332307, 13.401745699289906 ], [ -6.92212274495833, 13.406540124902627 ], [ -6.910122142334099, 13.407131775702888 ], [ -6.906923179865966, 13.40986830597862 ], [ -6.904818436329384, 13.40846931038822 ], [ -6.900895835459863, 13.413272019723411 ], [ -6.89874306062046, 13.417398643610793 ], [ -6.898351204577638, 13.421885305578776 ], [ -6.899023756451846, 13.425690082356189 ], [ -6.894753932803207, 13.429798983165526 ], [ -6.894744895777477, 13.430835041567329 ], [ -6.886612048861664, 13.432839196079788 ], [ -6.885188682611355, 13.434208753020744 ], [ -6.883424599495122, 13.434193932487275 ], [ -6.882369182115987, 13.433839684319182 ], [ -6.880626336597279, 13.431407396503623 ], [ -6.878862279177199, 13.43139254706197 ], [ -6.875714337156649, 13.428257648245395 ], [ -6.869704457143906, 13.429588394367132 ], [ -6.860105211276539, 13.437795939810922 ], [ -6.856211959769944, 13.439144299871588 ], [ -6.849094020399009, 13.445990956928826 ], [ -6.84202206554486, 13.447657240217893 ], [ -6.839530612273323, 13.450053423778881 ], [ -6.837060808615619, 13.450032199499626 ], [ -6.832433655529491, 13.454482115998575 ], [ -6.831022318955274, 13.454469947073461 ], [ -6.826757160821907, 13.457886761639489 ], [ -6.823928220115222, 13.458553018120828 ], [ -6.817523933181853, 13.464368651722767 ], [ -6.804115878954954, 13.464251849099295 ], [ -6.801283684032553, 13.465263160682138 ], [ -6.787875727649572, 13.465145484336686 ], [ -6.785742808626289, 13.466853473982917 ], [ -6.783978603114112, 13.466837920190356 ], [ -6.782554513411084, 13.46820677269519 ], [ -6.74833244451236, 13.467557040465277 ], [ -6.747283642688577, 13.466511598346145 ], [ -6.747293339052908, 13.465475644033296 ], [ -6.745885253487821, 13.465117669896834 ], [ -6.743787700452394, 13.463026767586783 ], [ -6.7406090337195, 13.463343556104501 ], [ -6.738116545256482, 13.465738550045081 ], [ -6.719763064275415, 13.466263347020311 ], [ -6.71691426293557, 13.469000199893554 ], [ -6.708799251007886, 13.468926316589226 ], [ -6.706306430941336, 13.471320934148016 ], [ -6.702425324106305, 13.471285461505268 ], [ -6.695675306613832, 13.476058323476572 ], [ -6.690029994734201, 13.476006450419129 ], [ -6.688605394046284, 13.477374675690301 ], [ -6.674492151672319, 13.477244345888513 ], [ -6.669505692344416, 13.482032725110985 ], [ -6.66844718830311, 13.482022894029445 ], [ -6.661686231009579, 13.487830570025565 ], [ -6.650287249159017, 13.498774472954961 ], [ -6.649228685061457, 13.498764548788435 ], [ -6.644957173590441, 13.502523020212974 ], [ -6.64070929580146, 13.503864359039342 ], [ -6.637886421340787, 13.503837767081004 ], [ -6.635399397722641, 13.505540920965059 ], [ -6.631517934164965, 13.505504262178571 ], [ -6.629380306339269, 13.507555969107836 ], [ -6.62479310619156, 13.507512522170746 ], [ -6.619092501109053, 13.512983498171794 ], [ -6.618712200048133, 13.515742423676283 ], [ -6.616927249773299, 13.517797345612216 ], [ -6.616916951234818, 13.518833198733704 ], [ -6.611935414052597, 13.522929520535865 ], [ -6.60769740908279, 13.523234360805205 ], [ -6.605950260107816, 13.521491081143981 ], [ -6.605967506326889, 13.519764672551625 ], [ -6.602469852773987, 13.516623372455689 ], [ -6.595056169069747, 13.516897583941887 ], [ -6.585081982810315, 13.526124945860882 ], [ -6.583321076629578, 13.525762634182021 ], [ -6.581542748369223, 13.527126688612492 ], [ -6.576253073719013, 13.52673019359969 ], [ -6.57554033132952, 13.527413903049831 ], [ -6.576176189739165, 13.534326217258595 ], [ -6.573335589846165, 13.536025203361271 ], [ -6.571218253965537, 13.536004645616948 ], [ -6.566588578095087, 13.540103295416504 ], [ -6.564093718241016, 13.542496128706768 ], [ -6.563705657572813, 13.545945391709662 ], [ -6.562279975657619, 13.54731270293458 ], [ -6.557332285798082, 13.547954986912973 ], [ -6.555193689787528, 13.550005882399049 ], [ -6.551668175365649, 13.549626051887429 ], [ -6.551618671936513, 13.554459788193506 ], [ -6.550189334446873, 13.556172276372234 ], [ -6.550870391217964, 13.558596066098845 ], [ -6.549444560424172, 13.559963278411178 ], [ -6.548917974934051, 13.576877834179584 ], [ -6.546422520483106, 13.579270389334267 ], [ -6.545278395064, 13.587546311749231 ], [ -6.544565367230107, 13.588229884008005 ], [ -6.541763056734414, 13.586130460037968 ], [ -6.540704191011335, 13.586120012030914 ], [ -6.538208554477309, 13.588512452827294 ], [ -6.530447083678538, 13.588090345777049 ], [ -6.529759059811864, 13.586357046617357 ], [ -6.527659246044898, 13.584609745934525 ], [ -6.524129759413666, 13.584574706005629 ], [ -6.519516300162716, 13.586945882534453 ], [ -6.517751548776665, 13.586928308209684 ], [ -6.51134079502543, 13.592389022227961 ], [ -6.509576014363629, 13.592371383112626 ], [ -6.505660981279657, 13.595439816176077 ], [ -6.502837310112288, 13.595411517036847 ], [ -6.501058034010287, 13.596774823911685 ], [ -6.497881397928749, 13.59674292338576 ], [ -6.492183177676869, 13.601519611341867 ], [ -6.492150454026882, 13.60462685988314 ], [ -6.490010801439314, 13.606677005050152 ], [ -6.485418530735597, 13.606975924883011 ], [ -6.484705293482281, 13.607659285094918 ], [ -6.483886180566767, 13.6183548177275 ], [ -6.476830115821415, 13.617938029897582 ], [ -6.475046867006982, 13.619646337197874 ], [ -6.473987907253727, 13.61963557993719 ], [ -6.467354693092234, 13.612662488460375 ], [ -6.463824954519974, 13.612626522356015 ], [ -6.458934943124239, 13.60774271491319 ], [ -6.444816432798253, 13.607598124300731 ], [ -6.440614315189102, 13.604447467970022 ], [ -6.437790679707989, 13.604418412894239 ], [ -6.434294622784772, 13.601274940436415 ], [ -6.418066590386953, 13.600416604048558 ], [ -6.417368192589043, 13.599718821258017 ], [ -6.41525054597964, 13.599696842750891 ], [ -6.412423272727712, 13.600012739350996 ], [ -6.410643558018182, 13.601375300992165 ], [ -6.401827574606372, 13.600592905437784 ], [ -6.400404516724019, 13.601613841046275 ] ] } },
{ "type": "Feature", "properties": { "OBJECTID": 54, "arcid": 54, "from_node": 72, "to_node": 71, "Shape_Leng": 1358.3482818299999, "HydroID": 255, "GridID": 66, "NextDownID": 253, "DrainID": 66 }, "geometry": { "type": "LineString", "coordinates": [ [ -6.452105187299141, 13.35302911622604 ], [ -6.446756431882285, 13.358672373527819 ], [ -6.446720098993365, 13.362124816617333 ], [ -6.446007626593821, 13.362808187592083 ] ] } },
{ "type": "Feature", "properties": { "OBJECTID": 55, "arcid": 55, "from_node": 74, "to_node": 69, "Shape_Leng": 8179.8304202899999, "HydroID": 256, "GridID": 64, "NextDownID": 252, "DrainID": 64 }, "geometry": { "type": "LineString", "coordinates": [ [ -5.401902842905164, 13.328555020545741 ], [ -5.39850834530758, 13.331784084110916 ], [ -5.396747305097702, 13.33175904863462 ], [ -5.393531366984875, 13.334818069332377 ], [ -5.392127646604635, 13.334453108801855 ], [ -5.389616046824409, 13.33752208794783 ], [ -5.38609905421945, 13.337126961566698 ], [ -5.383674655198862, 13.33433259125456 ], [ -5.379448190330648, 13.334272227251489 ], [ -5.377666599500463, 13.335626636782873 ], [ -5.37625777715856, 13.335606487954763 ], [ -5.371254777389962, 13.340364408668993 ], [ -5.368773837063594, 13.341363745081809 ], [ -5.367370155232137, 13.34099864699453 ], [ -5.361289563814882, 13.347120686550527 ], [ -5.357435900213069, 13.345685411816229 ], [ -5.349578310740433, 13.352816369214525 ], [ -5.345620761957324, 13.358278564787041 ] ] } },
{ "type": "Feature", "properties": { "OBJECTID": 56, "arcid": 56, "from_node": 54, "to_node": 75, "Shape_Leng": 20713.526194400001, "HydroID": 257, "GridID": 59, "NextDownID": 262, "DrainID": 59 }, "geometry": { "type": "LineString", "coordinates": [ [ -5.869532318055867, 13.460733179595007 ], [ -5.864498762916442, 13.454630766822504 ], [ -5.864516736774251, 13.453250500521646 ], [ -5.862080330209092, 13.45080424398996 ], [ -5.862107303047469, 13.448733849115278 ], [ -5.854102365586397, 13.440696071101858 ], [ -5.854115876294305, 13.439660880394088 ], [ -5.85133168428875, 13.436865100803086 ], [ -5.850662687121606, 13.434095779029626 ], [ -5.846477548385788, 13.430592201158325 ], [ -5.840923157243103, 13.423965358639611 ], [ -5.8367383396558, 13.420461686322179 ], [ -5.835680848248502, 13.420448405832701 ], [ -5.831862248029738, 13.415913937526149 ], [ -5.8312975738168, 13.405208319869304 ], [ -5.833796530418844, 13.402823906013964 ], [ -5.833832682762742, 13.400063444756498 ], [ -5.832806920680365, 13.397634770087805 ], [ -5.830023402362745, 13.394838908622928 ], [ -5.830068617360025, 13.3913883426477 ], [ -5.82764216493287, 13.388251845719255 ], [ -5.82766477945557, 13.386526565517192 ], [ -5.825581789035943, 13.384084602669493 ], [ -5.825604410927066, 13.382359325361366 ], [ -5.823159983225186, 13.380603034884134 ], [ -5.823268592657766, 13.372321720211488 ], [ -5.81974889974864, 13.371932349250612 ], [ -5.814160076979598, 13.368065770176456 ], [ -5.811688647149644, 13.368379725086989 ], [ -5.80884208703645, 13.370414457397988 ], [ -5.805322491376603, 13.370024896537879 ], [ -5.804644960613363, 13.36794569598697 ], [ -5.801170951723427, 13.364105610129119 ], [ -5.798351730317006, 13.364069935454271 ], [ -5.795930510686741, 13.360588234354507 ], [ -5.795948744066668, 13.359208050738903 ], [ -5.794205015286692, 13.357805547105336 ], [ -5.794305305731299, 13.350214543567525 ], [ -5.791527310494108, 13.347073425633431 ], [ -5.792964157771132, 13.345021010080819 ], [ -5.785655689781758, 13.338026328394282 ], [ -5.785376364657964, 13.332501168405731 ], [ -5.786447107319438, 13.331479441935942 ], [ -5.783312480521965, 13.328678877576463 ] ] } },
{ "type": "Feature", "properties": { "OBJECTID": 57, "arcid": 57, "from_node": 77, "to_node": 75, "Shape_Leng": 26362.0471492, "HydroID": 258, "GridID": 65, "NextDownID": 262, "DrainID": 65 }, "geometry": { "type": "LineString", "coordinates": [ [ -5.982446484707369, 13.328020912709878 ], [ -5.978527075590542, 13.331425820336062 ], [ -5.971122078098308, 13.331682610168532 ], [ -5.962560670876818, 13.339863853391995 ], [ -5.960789926009265, 13.340532923256944 ], [ -5.956913281854098, 13.340486387436862 ], [ -5.951927424044065, 13.344568252394771 ], [ -5.950165296486603, 13.344547039197913 ], [ -5.948742588929696, 13.345565350552548 ], [ -5.94552734431519, 13.348978075222607 ], [ -5.941298192299937, 13.348927019720527 ], [ -5.936320647840875, 13.352318294253177 ], [ -5.934214777084556, 13.351602508188567 ], [ -5.927518626899529, 13.351521323254413 ], [ -5.925377831215152, 13.353566184882391 ], [ -5.923615683274285, 13.35354477299987 ], [ -5.922188458365391, 13.354907986830314 ], [ -5.920426305072724, 13.354886550640556 ], [ -5.919034111229313, 13.353489044879876 ], [ -5.911276337321524, 13.353739632020902 ], [ -5.909492235071792, 13.355443542087926 ], [ -5.90981829062751, 13.357518349320838 ], [ -5.908747807749029, 13.358540686512328 ], [ -5.902747673854536, 13.359157579288697 ], [ -5.900963477620574, 13.360861406757405 ], [ -5.887566704748308, 13.361042067745377 ], [ -5.886852989528429, 13.361723547028106 ], [ -5.883681134016215, 13.361684491124716 ], [ -5.882253677171782, 13.363047420006422 ], [ -5.878024534583762, 13.362995254778893 ], [ -5.877310790727257, 13.363676699836233 ], [ -5.860394362344786, 13.363467276304563 ], [ -5.858650132607626, 13.362065129006119 ], [ -5.85723150926599, 13.362737751108439 ], [ -5.85370731159637, 13.362693937664789 ], [ -5.850566912348331, 13.360239013244225 ], [ -5.847738630291345, 13.360894025255714 ], [ -5.84599002201722, 13.359836873362697 ], [ -5.833312267961707, 13.358988268549927 ], [ -5.83261646544982, 13.358289328995758 ], [ -5.825920782972715, 13.358205418056116 ], [ -5.822441952123119, 13.354710633179375 ], [ -5.821438997505827, 13.350556698558982 ], [ -5.819012962628088, 13.347420226443823 ], [ -5.819758409312988, 13.344323589854724 ], [ -5.819058167972475, 13.343969683694624 ], [ -5.817630559367958, 13.345332191582747 ], [ -5.809882727535665, 13.344889598527995 ], [ -5.809187039609808, 13.344190617984184 ], [ -5.809227840305492, 13.341085158413245 ], [ -5.80679298640881, 13.338638724169536 ], [ -5.806815661933793, 13.336913473256431 ], [ -5.799854700243155, 13.330268649425038 ], [ -5.795983364782427, 13.329874643677352 ], [ -5.795287758822364, 13.329175642026099 ], [ -5.783312480521965, 13.328678877576463 ] ] } },
{ "type": "Feature", "properties": { "OBJECTID": 58, "arcid": 58, "from_node": 76, "to_node": 71, "Shape_Leng": 31548.7078201, "HydroID": 259, "GridID": 68, "NextDownID": 253, "DrainID": 68 }, "geometry": { "type": "LineString", "coordinates": [ [ -6.682184219904483, 13.337455128567665 ], [ -6.679030359158119, 13.335354261172766 ], [ -6.676591693613508, 13.332223913158399 ], [ -6.675527237124399, 13.332904826855042 ], [ -6.668478186269703, 13.332494779164549 ], [ -6.667766329757585, 13.333178898303894 ], [ -6.665650626591609, 13.333159430129921 ], [ -6.664226891824012, 13.334527647396728 ], [ -6.658575030612749, 13.335511508648464 ], [ -6.653947673700639, 13.339958015390401 ], [ -6.648658327639547, 13.339908999412726 ], [ -6.646881842729922, 13.341273824148725 ], [ -6.645471347492091, 13.341260723419119 ], [ -6.644772794076824, 13.340563576805724 ], [ -6.641951818574048, 13.340537345427732 ], [ -6.639506945460734, 13.338097301836438 ], [ -6.639140912164494, 13.33947519824522 ], [ -6.634875880142406, 13.34288868681543 ], [ -6.632750049757398, 13.343904810574104 ], [ -6.627108076446699, 13.343852036028911 ], [ -6.617156768056236, 13.351701031049949 ], [ -6.614718875853092, 13.348570195883363 ], [ -6.614359466042797, 13.349257451644045 ], [ -6.609765125216729, 13.350250093861609 ], [ -6.605855586919865, 13.353321033059288 ], [ -6.599155618787687, 13.353257594717693 ], [ -6.598443528817207, 13.353941475093515 ], [ -6.594208556590662, 13.354246586831822 ], [ -6.589624385395505, 13.354202987050503 ], [ -6.588227595080293, 13.352808428696823 ], [ -6.583992660303466, 13.353113370581191 ], [ -6.58292447223842, 13.354139115331337 ], [ -6.580110350583102, 13.353421610037636 ], [ -6.579066250760007, 13.352030379660105 ], [ -6.581558680306135, 13.349637005249914 ], [ -6.581586186644482, 13.346874764061406 ], [ -6.583376743224633, 13.344129344432162 ], [ -6.581630871194822, 13.342386120390975 ], [ -6.579522099812612, 13.341675360915287 ], [ -6.574931323538121, 13.342322092894189 ], [ -6.572801886818914, 13.343682949594605 ], [ -6.565047989559507, 13.343263243201868 ], [ -6.563274573286892, 13.344282120958656 ], [ -6.560806329395861, 13.344258370436133 ], [ -6.557646764373363, 13.342846702780887 ], [ -6.555531147730258, 13.342826301844637 ], [ -6.549941737572339, 13.337592729049028 ], [ -6.541130426000285, 13.337162104092531 ], [ -6.537925637259767, 13.340238725246257 ], [ -6.53895894151042, 13.342665884834977 ], [ -6.538599347102532, 13.343352998106798 ], [ -6.536483757287376, 13.343332437476455 ], [ -6.533638437020047, 13.345721870990769 ], [ -6.530461523428931, 13.346036222826227 ], [ -6.527968723596316, 13.348429013959345 ], [ -6.525853105694585, 13.348408356907671 ], [ -6.524076013465346, 13.349772190613395 ], [ -6.520193847296754, 13.350079506640737 ], [ -6.516646629131273, 13.352116535661779 ], [ -6.510652348201025, 13.352057677833955 ], [ -6.509231307245861, 13.353079591726692 ], [ -6.503589639692565, 13.353024031000963 ], [ -6.499347737337454, 13.354018053623198 ], [ -6.474665726749935, 13.353773069978921 ], [ -6.47253217384948, 13.355478217178478 ], [ -6.457370532183186, 13.355326390489966 ], [ -6.449181048186608, 13.36284020015121 ], [ -6.446007626593821, 13.362808187592083 ] ] } },
{ "type": "Feature", "properties": { "OBJECTID": 59, "arcid": 59, "from_node": 59, "to_node": 77, "Shape_Leng": 29760.955254600001, "HydroID": 260, "GridID": 67, "NextDownID": 258, "DrainID": 67 }, "geometry": { "type": "LineString", "coordinates": [ [ -6.191429025091508, 13.408095454978712 ], [ -6.175827414467765, 13.400326579144917 ], [ -6.164305691640499, 13.390531527727509 ], [ -6.15629009427051, 13.382501635575958 ], [ -6.146224865038336, 13.368925189906834 ], [ -6.140293053007686, 13.363680141098799 ], [ -6.131193050800884, 13.358053902682325 ], [ -6.128065467647085, 13.354221234911531 ], [ -6.126663656303138, 13.353514928637409 ], [ -6.126684085950869, 13.351789165288334 ], [ -6.125987275140801, 13.351090858548391 ], [ -6.123523931196525, 13.35071768564589 ], [ -6.122810770608547, 13.351399978083888 ], [ -6.119638360971533, 13.351363905667888 ], [ -6.11124024940279, 13.346090298859867 ], [ -6.109826225726186, 13.346419360982257 ], [ -6.107686686474147, 13.348466099523822 ], [ -6.105575914340446, 13.348096788459586 ], [ -6.102436544083972, 13.345299346225236 ], [ -6.099264272285959, 13.345263035015739 ], [ -6.098194478222265, 13.346286354398577 ], [ -6.095723026081497, 13.346603215619336 ], [ -6.091078831068314, 13.351727754285106 ], [ -6.084025088916944, 13.351991794216211 ], [ -6.080533510687899, 13.349190061963149 ], [ -6.080595753060798, 13.344012982427561 ], [ -6.077809242326541, 13.341219364838633 ], [ -6.075698629705003, 13.340849826460962 ], [ -6.072563917383383, 13.337706965627669 ], [ -6.068695249097814, 13.336971876923812 ], [ -6.067302099626715, 13.335575027078196 ], [ -6.065195736713877, 13.334860279368113 ], [ -6.063433497222464, 13.334839868133326 ], [ -6.061293772680732, 13.33688615643686 ], [ -6.058474176417506, 13.336853444345437 ], [ -6.057429366232932, 13.335805774402987 ], [ -6.0556671322322, 13.335785307793575 ], [ -6.053888164016393, 13.337145351004956 ], [ -6.050732890901013, 13.335727936299035 ], [ -6.04967136609242, 13.336060759153483 ], [ -6.048626605385405, 13.335013061417788 ], [ -6.046511947741117, 13.334988428060964 ], [ -6.045118961329204, 13.333591483845876 ], [ -6.033849362433565, 13.332769511951032 ], [ -6.031394962117528, 13.33170526073855 ], [ -6.029305668736185, 13.329609751085046 ], [ -6.025781382467281, 13.32956843372288 ], [ -6.022936605604142, 13.331606071391329 ], [ -6.02049920408744, 13.329161245911234 ], [ -6.016979185708113, 13.328774688476342 ], [ -6.01384551481673, 13.325631288748971 ], [ -6.014227588124039, 13.323219608513666 ], [ -6.011450664581898, 13.31973522995343 ], [ -6.006164539952084, 13.319672908970942 ], [ -6.001158525804785, 13.325481588675082 ], [ -5.996933824946768, 13.325086435227815 ], [ -5.993375576081175, 13.327805576856175 ], [ -5.982446484707369, 13.328020912709878 ] ] } },
{ "type": "Feature", "properties": { "OBJECTID": 60, "arcid": 60, "from_node": 78, "to_node": 65, "Shape_Leng": 26040.468569600002, "HydroID": 261, "GridID": 57, "NextDownID": 250, "DrainID": 57 }, "geometry": { "type": "LineString", "coordinates": [ [ -5.589827534082204, 13.305792786997044 ], [ -5.588037316597269, 13.307838973082461 ], [ -5.591511479540667, 13.311336050966471 ], [ -5.590729653552819, 13.316846196423704 ], [ -5.593113339279106, 13.322743915628781 ], [ -5.592042030464791, 13.3237646424079 ], [ -5.592321774927936, 13.328944011986787 ], [ -5.590898150236489, 13.329959990615034 ], [ -5.587717962485763, 13.330607275137318 ], [ -5.58628946781324, 13.331968193995626 ], [ -5.577492232053516, 13.331159469470876 ], [ -5.576420827125134, 13.332180105652602 ], [ -5.573250344731575, 13.332137254704458 ], [ -5.568685389889533, 13.3310403876878 ], [ -5.56375359603783, 13.330973568833139 ], [ -5.561610693885339, 13.333014689563377 ], [ -5.559144791970675, 13.332981218462596 ], [ -5.557001839796, 13.335022286177979 ], [ -5.551008314839231, 13.335285797295512 ], [ -5.549613926816488, 13.334231732301562 ], [ -5.548542417538886, 13.335252217535688 ], [ -5.548517913205915, 13.336977015440851 ], [ -5.544593844785198, 13.340373771838042 ], [ -5.542123001017197, 13.340685074975156 ], [ -5.541051432828647, 13.341705513413121 ], [ -5.538233220525679, 13.3416670058044 ], [ -5.537161635673059, 13.342687422645705 ], [ -5.532939245894227, 13.342284626974571 ], [ -5.531168016864969, 13.342950412629925 ], [ -5.52902477889753, 13.344991162092445 ], [ -5.52726339446477, 13.344967009123765 ], [ -5.524048453631573, 13.348028056199382 ], [ -5.518367454535803, 13.351055128523015 ], [ -5.500381346585438, 13.352187095336078 ], [ -5.498242793426321, 13.353882559127408 ], [ -5.494367737224412, 13.353828900903279 ], [ -5.491157331596552, 13.356544457742347 ], [ -5.48941091212233, 13.355485209699035 ], [ -5.485535866270477, 13.355431410038745 ], [ -5.479884449574088, 13.356387851182243 ], [ -5.479169884071665, 13.357067914068336 ], [ -5.471067572828224, 13.356955015835185 ], [ -5.469995693857694, 13.357975060370002 ], [ -5.464711602050336, 13.357901264067065 ], [ -5.462909994508317, 13.360636058702452 ], [ -5.452326667168668, 13.361522801856101 ], [ -5.448768582148344, 13.363887810795401 ], [ -5.442779939795507, 13.363803628238665 ], [ -5.438502003032407, 13.367193298961165 ], [ -5.436378209965089, 13.367853344473961 ], [ -5.428980460074499, 13.367748941304189 ], [ -5.425069851890789, 13.370108557132529 ], [ -5.421603145591568, 13.366264677347221 ], [ -5.417375949033351, 13.366204804982544 ], [ -5.412434033323662, 13.366824680750604 ], [ -5.408508009120063, 13.37021872212671 ], [ -5.407451206276346, 13.370203701602835 ] ] } },
{ "type": "Feature", "properties": { "OBJECTID": 61, "arcid": 61, "from_node": 75, "to_node": 78, "Shape_Leng": 28388.560176300001, "HydroID": 262, "GridID": 69, "NextDownID": 261, "DrainID": 69 }, "geometry": { "type": "LineString", "coordinates": [ [ -5.783312480521965, 13.328678877576463 ], [ -5.780859769633913, 13.327612446634994 ], [ -5.777336343971786, 13.32756768588165 ], [ -5.774842490476418, 13.329606562712252 ], [ -5.773080771617082, 13.329584143368223 ], [ -5.772366923030988, 13.330265249609143 ], [ -5.762858273201124, 13.32979890619275 ], [ -5.762144401994716, 13.330479976896852 ], [ -5.755440737719579, 13.331084443798463 ], [ -5.754012950349152, 13.332446529925093 ], [ -5.750521835973439, 13.32998616135729 ], [ -5.747003099146888, 13.329595941553286 ], [ -5.745232189852618, 13.330263387729593 ], [ -5.744189050143567, 13.329214726523386 ], [ -5.737842451734875, 13.329478222951373 ], [ -5.737147052135423, 13.328779100795835 ], [ -5.734680747956753, 13.328747345876735 ], [ -5.732589962109905, 13.326994982099849 ], [ -5.729419038762817, 13.326954098389988 ], [ -5.725585292357684, 13.323798870479354 ], [ -5.72276675002726, 13.323762462132667 ], [ -5.721371434735271, 13.322709181420148 ], [ -5.718891267478766, 13.323712349713533 ], [ -5.714672808743978, 13.322967575504732 ], [ -5.711182336918125, 13.320506785990601 ], [ -5.711210321531443, 13.318436678721826 ], [ -5.708758187412469, 13.317369643996884 ], [ -5.707325631179234, 13.319076442720501 ], [ -5.705564107466566, 13.319053572406675 ], [ -5.704850153162755, 13.319734452216656 ], [ -5.697099473298276, 13.319633651309578 ], [ -5.692096874379637, 13.32474455154645 ], [ -5.692421024183469, 13.326819215036307 ], [ -5.690631293418264, 13.328866291992423 ], [ -5.690598413486978, 13.331281365721507 ], [ -5.685614234211895, 13.335012010663165 ], [ -5.68421907793037, 13.333958549187727 ], [ -5.68280980536913, 13.333940105496922 ], [ -5.682438646272169, 13.335315523925122 ], [ -5.679220617293413, 13.338724051427402 ], [ -5.67985451722426, 13.34390838430587 ], [ -5.678412153831053, 13.346304943795703 ], [ -5.678393271219729, 13.347684967336118 ], [ -5.676607974293672, 13.349386872699501 ], [ -5.672732264685592, 13.349335959796099 ], [ -5.670994242346231, 13.347587782993804 ], [ -5.668175580291737, 13.347550703754916 ], [ -5.663309321882914, 13.342655732758086 ], [ -5.660490739181514, 13.342618581523524 ], [ -5.659419534742309, 13.343639638983586 ], [ -5.656610452295977, 13.342912445671946 ], [ -5.654839341583599, 13.343579177720198 ], [ -5.640041949975186, 13.34338327766284 ], [ -5.638994552242049, 13.342679268198374 ], [ -5.636176039713811, 13.342641846593613 ], [ -5.634090851063981, 13.340543818296052 ], [ -5.632686395854173, 13.340180097420705 ], [ -5.631619901448014, 13.34085602281354 ], [ -5.626411935143447, 13.335265886116986 ], [ -5.623241247172726, 13.335223650284972 ], [ -5.619418769302603, 13.331377137171923 ], [ -5.613077550761614, 13.331292475399396 ], [ -5.607156073648651, 13.326382638723272 ], [ -5.607233081397815, 13.320862941105258 ], [ -5.605843250788454, 13.319464164668812 ], [ -5.605867315786088, 13.317739261453301 ], [ -5.603102163691013, 13.313906762148806 ], [ -5.603821125252084, 13.312881252278805 ], [ -5.603502563117722, 13.310461677005524 ], [ -5.598638475994891, 13.305565936710114 ], [ -5.593697392139003, 13.306189777428708 ], [ -5.591260650443147, 13.304086828251348 ], [ -5.589827534082204, 13.305792786997044 ] ] } },
{ "type": "Feature", "properties": { "OBJECTID": 62, "arcid": 62, "from_node": 79, "to_node": 76, "Shape_Leng": 5650.7148933799999, "HydroID": 263, "GridID": 70, "NextDownID": 259, "DrainID": 70 }, "geometry": { "type": "LineString", "coordinates": [ [ -6.722607367811747, 13.31399271607996 ], [ -6.720828192039584, 13.315703476078179 ], [ -6.717651510913137, 13.316020282439039 ], [ -6.714093042869223, 13.319441698764273 ], [ -6.714063854708447, 13.322549524553169 ], [ -6.699838570381837, 13.335198556625929 ], [ -6.692782743511616, 13.335479784419084 ], [ -6.691362399071988, 13.336502868038657 ], [ -6.682184219904483, 13.337455128567665 ] ] } },
{ "type": "Feature", "properties": { "OBJECTID": 63, "arcid": 63, "from_node": 80, "to_node": 77, "Shape_Leng": 5229.1861700500003, "HydroID": 264, "GridID": 71, "NextDownID": 258, "DrainID": 71 }, "geometry": { "type": "LineString", "coordinates": [ [ -6.003307102226051, 13.294096917927057 ], [ -6.002551441073832, 13.298229995213131 ], [ -5.999698453240356, 13.300957641543182 ], [ -6.000021087488824, 13.30337760523537 ], [ -5.997516135185244, 13.306454483367597 ], [ -5.998891657641835, 13.309232057515533 ], [ -6.000993248825528, 13.310292385081622 ], [ -6.000971994987474, 13.312017957807644 ], [ -5.982446484707369, 13.328020912709878 ] ] } },
{ "type": "Feature", "properties": { "OBJECTID": 64, "arcid": 64, "from_node": 81, "to_node": 53, "Shape_Leng": 55102.3366112, "HydroID": 265, "GridID": 47, "NextDownID": 242, "DrainID": 47 }, "geometry": { "type": "LineString", "coordinates": [ [ -8.140004967582728, 13.307891181980807 ], [ -8.145639429724943, 13.311020192764312 ], [ -8.149527905993061, 13.30895989820635 ], [ -8.152703443225418, 13.308970505978293 ], [ -8.153758357495198, 13.310010692516343 ], [ -8.160815149511189, 13.310034095815002 ], [ -8.162939310259137, 13.307967755661856 ], [ -8.165057516492094, 13.307629165794351 ], [ -8.168928119839919, 13.310751875724087 ], [ -8.171398012585071, 13.310759942165667 ], [ -8.173509205027669, 13.312494610722759 ], [ -8.177391664066736, 13.312161652574479 ], [ -8.178446703014835, 13.313201742465935 ], [ -8.18515078422771, 13.313223334021034 ], [ -8.186213941305081, 13.311844504603197 ], [ -8.188686156784165, 13.311161291056639 ], [ -8.192201996917227, 13.314973652218681 ], [ -8.192192829644069, 13.31773810129442 ], [ -8.196416817225535, 13.320861541664627 ], [ -8.20312000921343, 13.321228227774986 ], [ -8.208054431187168, 13.322971470840921 ], [ -8.211230197746156, 13.322981357502105 ], [ -8.21510835139876, 13.324030061445258 ], [ -8.22460599087721, 13.33338941947434 ], [ -8.22529964405676, 13.337192718492426 ], [ -8.230576519461389, 13.342392212193939 ], [ -8.230560110750835, 13.347575590722151 ], [ -8.231615533720511, 13.348615478908867 ], [ -8.228789028239284, 13.349643577797679 ], [ -8.226660608887725, 13.353092705341091 ], [ -8.230533842338987, 13.355868992647526 ], [ -8.230880187826319, 13.357943413368391 ], [ -8.231583831462252, 13.358636673131521 ], [ -8.232644766067763, 13.357948765988397 ], [ -8.233702422256364, 13.358297530908077 ], [ -8.236164139336129, 13.36106946272322 ], [ -8.236159789828019, 13.362451696504845 ], [ -8.240031119018941, 13.365918967712274 ], [ -8.24002570754484, 13.367646760815042 ], [ -8.240729405311287, 13.368339997550599 ], [ -8.241786039499408, 13.36903428926529 ], [ -8.244609500705874, 13.369042732855016 ], [ -8.247777325232359, 13.37181666828959 ], [ -8.250954827076532, 13.371480532479483 ], [ -8.251656435859198, 13.372864859645336 ], [ -8.256936757353023, 13.37737274097011 ], [ -8.256576393733305, 13.379790622021675 ], [ -8.259038589099138, 13.382562352039933 ], [ -8.260450404270658, 13.382566485633228 ], [ -8.26185800879459, 13.383952851858609 ], [ -8.263974695166292, 13.384304586350805 ], [ -8.26785721957663, 13.384315860408533 ], [ -8.268919217574679, 13.38328224349114 ], [ -8.270683995552963, 13.383287340556171 ], [ -8.276667738485218, 13.388833555825656 ], [ -8.276659482505293, 13.391598043601727 ], [ -8.281234736779215, 13.396103434080427 ], [ -8.282999612992421, 13.396108449890308 ], [ -8.288630971091409, 13.401653403950126 ], [ -8.29110185827285, 13.401660353108431 ], [ -8.29215777747296, 13.402700009941524 ], [ -8.295684617611579, 13.4037465671917 ], [ -8.297444537787069, 13.405479295874828 ], [ -8.29743951975594, 13.407207106716069 ], [ -8.299903466641602, 13.409632907264886 ], [ -8.29989546298134, 13.412397405411237 ], [ -8.301306465396477, 13.412746881509763 ], [ -8.313979204076231, 13.425222020316067 ], [ -8.314325357019717, 13.42764192041216 ], [ -8.317490851163164, 13.431797299342817 ], [ -8.317479126535682, 13.435944052700941 ], [ -8.318887369400123, 13.437330126690531 ], [ -8.318877614976431, 13.440785754228351 ], [ -8.323454580021643, 13.445290445513344 ], [ -8.324513730226085, 13.44529328969557 ], [ -8.325569982498324, 13.446332818300149 ], [ -8.328394397952076, 13.446340369729231 ], [ -8.333704500300113, 13.44117098757669 ], [ -8.335822770163698, 13.441176583562145 ], [ -8.340399128688318, 13.446026545821363 ], [ -8.339690185513719, 13.447061387363501 ], [ -8.339681668378272, 13.450171463180475 ], [ -8.341444128512967, 13.451212780708859 ], [ -8.340730447480597, 13.453975444325618 ], [ -8.344251686534703, 13.457440312113809 ], [ -8.344244162131316, 13.460204824356474 ], [ -8.347061257182437, 13.462976686887288 ], [ -8.347050013504878, 13.467123455988277 ], [ -8.34810271576368, 13.469545153643264 ], [ -8.350215644190545, 13.471624024794044 ], [ -8.350211912338795, 13.473006280632159 ], [ -8.357606566277841, 13.480627765041394 ], [ -8.361840152625321, 13.482020827002108 ], [ -8.363248920257275, 13.483406671664435 ], [ -8.363246175055542, 13.484443365250312 ], [ -8.364658617215591, 13.484446943482206 ], [ -8.36641961631889, 13.486179229520783 ], [ -8.373126969057756, 13.486887202922325 ], [ -8.375250147411034, 13.485164657584797 ], [ -8.376662596157658, 13.485168168470018 ], [ -8.378077727653505, 13.484134974921407 ], [ -8.384080616964676, 13.484149772601821 ], [ -8.389716367145192, 13.489692629663869 ], [ -8.391832462875048, 13.490734472252763 ], [ -8.394657436897964, 13.49074130226834 ], [ -8.39607252853169, 13.489708004910923 ], [ -8.398897491785503, 13.489714786691303 ], [ -8.399602007072433, 13.490407610653664 ], [ -8.411609845961378, 13.489744911267898 ], [ -8.413374610013392, 13.490094611930189 ], [ -8.414431450834361, 13.491133789743509 ], [ -8.417256440275613, 13.491140365568036 ], [ -8.418313302062206, 13.492179526910501 ], [ -8.421844556677211, 13.492187687721875 ], [ -8.431709193221288, 13.501886196319958 ], [ -8.434178734309556, 13.502928492607692 ], [ -8.450740849252087, 13.518516019209212 ], [ -8.451801138106619, 13.518172771070965 ], [ -8.452510624529939, 13.5167920381563 ], [ -8.452515356832022, 13.514718621747159 ], [ -8.45853312673578, 13.508511412088186 ], [ -8.458539362922936, 13.505746852499382 ], [ -8.459959727539509, 13.502294197533777 ], [ -8.462437142404008, 13.499880516514359 ], [ -8.461383148320124, 13.497459251059619 ], [ -8.462095610503676, 13.494696202918366 ], [ -8.467047121334462, 13.491251045541233 ], [ -8.46845962881488, 13.491254041314981 ], [ -8.469516722135102, 13.492292995573999 ], [ -8.474813653883905, 13.492304137458564 ] ] } },
{ "type": "Feature", "properties": { "OBJECTID": 65, "arcid": 65, "from_node": 83, "to_node": 81, "Shape_Leng": 6902.3229650200001, "HydroID": 266, "GridID": 78, "NextDownID": 265, "DrainID": 78 }, "geometry": { "type": "LineString", "coordinates": [ [ -8.090506089080982, 13.287849619414665 ], [ -8.096306204641033, 13.29357190115779 ], [ -8.10441704016697, 13.29463724499154 ], [ -8.10617857109505, 13.295334547390507 ], [ -8.108639429462405, 13.297762058078096 ], [ -8.117811440870135, 13.298139593929145 ], [ -8.12238192338463, 13.302647618033157 ], [ -8.12485170397203, 13.302656131806931 ], [ -8.12980853048415, 13.297835372790871 ], [ -8.130866989416866, 13.297838992287289 ], [ -8.134380469907265, 13.301997643406846 ], [ -8.138254230003128, 13.304084138227514 ], [ -8.138950125135111, 13.306850943181567 ], [ -8.140004967582728, 13.307891181980807 ] ] } },
{ "type": "Feature", "properties": { "OBJECTID": 66, "arcid": 66, "from_node": 84, "to_node": 57, "Shape_Leng": 38537.6732309, "HydroID": 267, "GridID": 51, "NextDownID": 244, "DrainID": 51 }, "geometry": { "type": "LineString", "coordinates": [ [ -9.085143070528606, 13.28427668357498 ], [ -9.086378439613979, 13.285485836630404 ], [ -9.092024303233888, 13.286520632112238 ], [ -9.093436205835157, 13.287902481557195 ], [ -9.093083887491227, 13.28928497523472 ], [ -9.093789848742665, 13.289975897806414 ], [ -9.09414429671493, 13.294122858521312 ], [ -9.099439367379652, 13.299650295909769 ], [ -9.101556829897955, 13.300340640179066 ], [ -9.101557261582213, 13.301377412435187 ], [ -9.098735461527935, 13.304143248575365 ], [ -9.101912581776871, 13.307252309066193 ], [ -9.103677243048505, 13.307942775988611 ], [ -9.108973139877543, 13.314161186040177 ], [ -9.110737712951634, 13.3145060130547 ], [ -9.112503089787324, 13.316578778284303 ], [ -9.113561750705705, 13.316578307180482 ], [ -9.114620898488896, 13.317614601245641 ], [ -9.119914392133804, 13.3179577479643 ], [ -9.120619827020885, 13.317266233311496 ], [ -9.122384265710124, 13.317265389262356 ], [ -9.124149584985537, 13.318992482419246 ], [ -9.124503358340096, 13.320720258869214 ], [ -9.126621972199755, 13.323138339833642 ], [ -9.126976670657356, 13.326594059404703 ], [ -9.128389003755613, 13.327975707860462 ], [ -9.129096827235319, 13.331776833333377 ], [ -9.133687107724809, 13.336267118417849 ], [ -9.140393090740798, 13.337300263643902 ], [ -9.142158683292067, 13.339027225351829 ], [ -9.14568807908255, 13.339370811370049 ], [ -9.147100593223211, 13.340752352519321 ], [ -9.15451194066544, 13.340747944909848 ], [ -9.157689127864469, 13.342128343935839 ], [ -9.160161183817074, 13.344545915781246 ], [ -9.164043610304439, 13.344889022690849 ], [ -9.174285433527867, 13.354558662408886 ], [ -9.177461901508719, 13.35455645720797 ], [ -9.178521994754858, 13.356283652420181 ], [ -9.178524281384892, 13.359393944069817 ], [ -9.179937096881343, 13.360775295609908 ], [ -9.179938633855411, 13.362848822264338 ], [ -9.186649787959501, 13.369410130409436 ], [ -9.187708139679369, 13.368718171781262 ], [ -9.190181306686142, 13.37182661380163 ], [ -9.190188354111084, 13.380811879261419 ], [ -9.194074165159348, 13.38461038555392 ], [ -9.196192350599446, 13.38495433750516 ], [ -9.199018498969441, 13.387716823707288 ], [ -9.201842408142772, 13.387714584395507 ], [ -9.204315368697157, 13.390131704749161 ], [ -9.207492889079614, 13.390820288826704 ], [ -9.210319233874825, 13.393582645459896 ], [ -9.211730617860892, 13.392890292990868 ], [ -9.213849203915414, 13.393579682295417 ], [ -9.21279476875805, 13.398764368299146 ], [ -9.211031554722524, 13.400839365814658 ], [ -9.209976429922843, 13.405332865928793 ], [ -9.215276869640915, 13.411203364251733 ], [ -9.216689269972667, 13.411547741140561 ], [ -9.217043843886058, 13.413275365969264 ], [ -9.224462834057025, 13.419143829696761 ], [ -9.224817475371182, 13.420871441527606 ], [ -9.225877554433115, 13.421907250133829 ], [ -9.226583306011102, 13.421561031675949 ], [ -9.231530466039692, 13.426394731184546 ], [ -9.234003450591104, 13.42812037339827 ], [ -9.235768684022831, 13.428118728378903 ], [ -9.237889347800401, 13.430535830434088 ], [ -9.240008679949138, 13.431570575109168 ], [ -9.242833093364776, 13.431567869169911 ], [ -9.244599402120206, 13.432602915542615 ], [ -9.248482986253686, 13.432599115678043 ], [ -9.249543216504831, 13.433634821247287 ], [ -9.25413292426224, 13.433630233671149 ], [ -9.258017998681758, 13.435008622814747 ], [ -9.260489392351415, 13.435006079588305 ], [ -9.26295927966701, 13.433621176423886 ], [ -9.264726066279689, 13.435001663368675 ], [ -9.266491728326598, 13.435345385824796 ], [ -9.275317743410222, 13.434990311122716 ], [ -9.276375724119497, 13.433952400572402 ], [ -9.281671938961694, 13.434292118837119 ], [ -9.283082535503377, 13.432908203482157 ], [ -9.28484779797148, 13.43290621404461 ], [ -9.285905727935715, 13.431868264291003 ], [ -9.291554122665763, 13.431516208830061 ], [ -9.293669481536893, 13.429094667831023 ], [ -9.295787760833775, 13.429092190707264 ], [ -9.296492156440596, 13.427709029579178 ], [ -9.300022170623778, 13.427359268350536 ], [ -9.301080010208384, 13.426321257186505 ], [ -9.30602260080148, 13.426315305416649 ], [ -9.312385402832344, 13.432527995328446 ], [ -9.312044416140937, 13.441859152848766 ], [ -9.313105852277067, 13.443585748663253 ] ] } },
{ "type": "Feature", "properties": { "OBJECTID": 67, "arcid": 67, "from_node": 82, "to_node": 76, "Shape_Leng": 50930.347348700001, "HydroID": 268, "GridID": 56, "NextDownID": 259, "DrainID": 56 }, "geometry": { "type": "LineString", "coordinates": [ [ -6.971143582452253, 13.282251441653072 ], [ -6.967582928465574, 13.286367782211361 ], [ -6.967878025311944, 13.29327805436534 ], [ -6.962189777819182, 13.298758849290923 ], [ -6.96148450387258, 13.298753194706814 ], [ -6.959388912913381, 13.296318624126002 ], [ -6.945639195374736, 13.295862508151004 ], [ -6.944590039383958, 13.294817856169963 ], [ -6.940000053752326, 13.295471492896382 ], [ -6.93895092690563, 13.294426820461783 ], [ -6.935427595879657, 13.294052849425299 ], [ -6.931927705225782, 13.290915912068982 ], [ -6.930167540093788, 13.290556206008992 ], [ -6.926993979713597, 13.290530361023038 ], [ -6.924860651468262, 13.29258528942264 ], [ -6.91956841626733, 13.29288743774697 ], [ -6.918160886905035, 13.292530533493075 ], [ -6.91606287841496, 13.290441036828376 ], [ -6.917840688081309, 13.288728666038812 ], [ -6.917852474436169, 13.287347218874796 ], [ -6.915754505826156, 13.285257725833828 ], [ -6.915769249330932, 13.283530917781382 ], [ -6.91472028514465, 13.282486168111015 ], [ -6.914729133975484, 13.281450083408004 ], [ -6.911229709252302, 13.278312923995731 ], [ -6.91125628922529, 13.275204677350542 ], [ -6.91232882089656, 13.273486546724428 ], [ -6.908465121787261, 13.271727919695286 ], [ -6.900705279553199, 13.2720094589175 ], [ -6.899653462950073, 13.271310021383039 ], [ -6.899271185905132, 13.274760695292866 ], [ -6.896420739190956, 13.278190983996902 ], [ -6.896399914844141, 13.280608485820723 ], [ -6.89497762071395, 13.281978253055778 ], [ -6.894610131790529, 13.283702121240591 ], [ -6.88785096590857, 13.290553711119596 ], [ -6.88783900680194, 13.291935132191462 ], [ -6.885702391695179, 13.29433503537158 ], [ -6.885693410730894, 13.295371098763354 ], [ -6.889873993675372, 13.301277291353891 ], [ -6.888086934815762, 13.304025486373737 ], [ -6.888074964481928, 13.305406906197229 ], [ -6.885941209759625, 13.30746143751457 ], [ -6.885546613497197, 13.312293461048307 ], [ -6.884835336767602, 13.312978295644372 ], [ -6.884823339649632, 13.314359711586457 ], [ -6.885872273478236, 13.315404583639197 ], [ -6.885486637703622, 13.319200540902541 ], [ -6.886185940171663, 13.319897122901821 ], [ -6.886496606139975, 13.32473501586666 ], [ -6.88999323862521, 13.328217911763101 ], [ -6.888181945757057, 13.333728906747394 ], [ -6.886759255720964, 13.335098569438021 ], [ -6.88674424694143, 13.336825338266991 ], [ -6.884251474981702, 13.339567573393733 ], [ -6.885653178336642, 13.340615403982458 ], [ -6.886331505419347, 13.343729468700145 ], [ -6.88384165473042, 13.346126334460514 ], [ -6.884893705615771, 13.346825875104638 ], [ -6.885602091235013, 13.346486409858006 ], [ -6.887694201248613, 13.349266889670645 ], [ -6.885924722579531, 13.349942884543173 ], [ -6.88236465583773, 13.353712299544858 ], [ -6.87566339334377, 13.353656172566719 ], [ -6.87033052675813, 13.358446629530137 ], [ -6.866450799666956, 13.358413960899901 ], [ -6.859335840952044, 13.365261348330213 ], [ -6.859323649840464, 13.366642734706558 ], [ -6.854707847450523, 13.370057353964523 ], [ -6.85327252225636, 13.372808145599832 ], [ -6.854671177300898, 13.374201499344768 ], [ -6.854662007818338, 13.37523753614038 ], [ -6.853235819756321, 13.376952286167587 ], [ -6.849702435916905, 13.377613000225832 ], [ -6.846862219121634, 13.379661044948689 ], [ -6.843687667393089, 13.379633984260469 ], [ -6.840485418846095, 13.382714961717703 ], [ -6.836958109202241, 13.382684796130127 ], [ -6.834111564483852, 13.385423352024066 ], [ -6.828115102914092, 13.385371879919031 ], [ -6.824912599021032, 13.38845261683916 ], [ -6.809745030069063, 13.388321566919853 ], [ -6.808343479079331, 13.387273327110995 ], [ -6.806227098021458, 13.38725495848286 ], [ -6.803779912960811, 13.384816172114247 ], [ -6.788965509098947, 13.384686975906371 ], [ -6.786868109720515, 13.382596471183163 ], [ -6.786206848021735, 13.377755679823521 ], [ -6.784109526530107, 13.375665164176073 ], [ -6.779880202848223, 13.375282707011474 ], [ -6.778837907159807, 13.373546774144733 ], [ -6.771084804265295, 13.37278784691871 ], [ -6.767939115652149, 13.369651920608385 ], [ -6.767958186511004, 13.367579967502497 ], [ -6.763414591262322, 13.363050253570808 ], [ -6.758124335075321, 13.363003441581675 ], [ -6.750785223747855, 13.355685964304865 ], [ -6.750794822417047, 13.354649999318612 ], [ -6.745556093617422, 13.349077821972669 ], [ -6.745575324878715, 13.347005898311791 ], [ -6.743828078746703, 13.345263598712664 ], [ -6.742770117089671, 13.345254175606483 ], [ -6.739984223445444, 13.341430510575929 ], [ -6.738573635311493, 13.341417927621741 ], [ -6.732626968863029, 13.33618459443934 ], [ -6.730863780043125, 13.336168819439434 ], [ -6.728372731268046, 13.338563932271203 ], [ -6.725904252012414, 13.338541798583469 ], [ -6.724124886892866, 13.340252553537958 ], [ -6.716020641377813, 13.339488966080314 ], [ -6.712138370867224, 13.339799295279793 ], [ -6.711070700475311, 13.34082568133738 ], [ -6.704370568998369, 13.340765081176185 ], [ -6.701206633300212, 13.339700383757773 ], [ -6.684629587373174, 13.339894829771067 ], [ -6.682184219904483, 13.337455128567665 ] ] } },
{ "type": "Feature", "properties": { "OBJECTID": 68, "arcid": 68, "from_node": 85, "to_node": 79, "Shape_Leng": 6123.5766447100004, "HydroID": 269, "GridID": 73, "NextDownID": 263, "DrainID": 73 }, "geometry": { "type": "LineString", "coordinates": [ [ -6.72588526730523, 13.264982908427081 ], [ -6.726583912017041, 13.26567983722558 ], [ -6.726548579836458, 13.269478339628566 ], [ -6.727945897202961, 13.270872196564719 ], [ -6.727929841593728, 13.272598789736978 ], [ -6.728977846142613, 13.27364418102119 ], [ -6.729279027794946, 13.279172425406921 ], [ -6.72997771665267, 13.279869352268982 ], [ -6.72987172790538, 13.291264869184021 ], [ -6.731967899821483, 13.293355657556512 ], [ -6.731926151211667, 13.297844802493984 ], [ -6.725518469385248, 13.304349125388079 ], [ -6.725130418462803, 13.308144456034045 ], [ -6.722639655973847, 13.310539554408585 ], [ -6.722607367811747, 13.31399271607996 ] ] } },
{ "type": "Feature", "properties": { "OBJECTID": 69, "arcid": 69, "from_node": 87, "to_node": 67, "Shape_Leng": 22307.7023391, "HydroID": 270, "GridID": 61, "NextDownID": 248, "DrainID": 61 }, "geometry": { "type": "LineString", "coordinates": [ [ -8.53533180973996, 13.238768409653741 ], [ -8.536034065228042, 13.240497599559831 ], [ -8.53601573785587, 13.250173873990903 ], [ -8.536716720315294, 13.252594223612256 ], [ -8.536711488167086, 13.255358871722679 ], [ -8.534944268779528, 13.257083566637261 ], [ -8.534939671587038, 13.259502632419911 ], [ -8.535994118996024, 13.261578045393088 ], [ -8.535983629824573, 13.267107336557633 ], [ -8.533155257758969, 13.270212406421726 ], [ -8.528920223066885, 13.270895775976124 ], [ -8.527506982217226, 13.271929902964006 ], [ -8.525390117268426, 13.271925968594449 ], [ -8.521853221504411, 13.276411909019918 ], [ -8.523965411432, 13.2788349323798 ], [ -8.524307464349873, 13.284364866030296 ], [ -8.528532735413803, 13.288865279175178 ], [ -8.52958125080929, 13.294050932762735 ], [ -8.53063778608858, 13.295089626432878 ], [ -8.530623822676386, 13.302346796306299 ], [ -8.53167973264001, 13.30373106652473 ], [ -8.531674422456842, 13.306495701565394 ], [ -8.533083219577206, 13.307880616269275 ], [ -8.533080571737527, 13.309262933240349 ], [ -8.530253655288414, 13.311331206169225 ], [ -8.525667045925111, 13.310977105362625 ], [ -8.524962658965899, 13.310284629407448 ], [ -8.523196975922906, 13.310972482416178 ], [ -8.522477018722878, 13.318228309408742 ], [ -8.518589218589476, 13.321331186157295 ], [ -8.518229499067191, 13.324786299709876 ], [ -8.51434016025584, 13.328580259935364 ], [ -8.513243443926914, 13.347584998233987 ], [ -8.511826905293333, 13.350001323602745 ], [ -8.511819961045573, 13.353457094450977 ], [ -8.512874587512496, 13.355532595155742 ], [ -8.512864188295424, 13.36071625007825 ], [ -8.513920928255624, 13.361755016191946 ], [ -8.514252423230142, 13.372468574842555 ], [ -8.505410205360599, 13.38143645960111 ], [ -8.505405268679587, 13.383855491230738 ], [ -8.504344231748997, 13.384890144564912 ], [ -8.50116747193629, 13.3848838960248 ], [ -8.499757006422691, 13.384189955146715 ], [ -8.496927489037571, 13.386948955134274 ], [ -8.495164769971245, 13.38590871082631 ], [ -8.492340975404082, 13.385903055584627 ], [ -8.491632850999162, 13.386938361794739 ], [ -8.489514996884445, 13.386934093407705 ], [ -8.487041974003169, 13.38796581532071 ] ] } },
{ "type": "Feature", "properties": { "OBJECTID": 70, "arcid": 70, "from_node": 60, "to_node": 88, "Shape_Leng": 28741.431115399999, "HydroID": 271, "GridID": 52, "NextDownID": 286, "DrainID": 52 }, "geometry": { "type": "LineString", "coordinates": [ [ -7.725396688984449, 13.417405048323106 ], [ -7.721337810432699, 13.417384502034741 ], [ -7.716764195875227, 13.414597190054875 ], [ -7.693119134725894, 13.41413028599281 ], [ -7.688863278846701, 13.417908775180601 ], [ -7.681798797348987, 13.418908464158065 ], [ -7.677931555145974, 13.416124176225878 ], [ -7.677274825415555, 13.407137592898515 ], [ -7.679409349903207, 13.404039219376015 ], [ -7.679430092838682, 13.400238763620933 ], [ -7.674878143144323, 13.393650311331758 ], [ -7.674942405085059, 13.381903454514347 ], [ -7.674240410843026, 13.381208762905015 ], [ -7.674251750186283, 13.379135787381161 ], [ -7.678157959099541, 13.374664654398076 ], [ -7.677472931255672, 13.370860503627418 ], [ -7.677512482081567, 13.363605072780445 ], [ -7.678223849429979, 13.362572267552983 ], [ -7.673306478365371, 13.358400470966751 ], [ -7.674019732824237, 13.357022181035688 ], [ -7.673321580974195, 13.355636499000024 ], [ -7.671917744078342, 13.354247117438453 ], [ -7.670506357093211, 13.354239713324501 ], [ -7.668749700972635, 13.352848463345985 ], [ -7.667708222612886, 13.349733436708668 ], [ -7.667715801102723, 13.348351453011976 ], [ -7.669844175794675, 13.346289598473678 ], [ -7.670902680340066, 13.346295151814736 ], [ -7.672680065495895, 13.343885921136666 ], [ -7.672340443653169, 13.341465596754867 ], [ -7.670225364852676, 13.341109004429894 ], [ -7.669172557097887, 13.340066961976863 ], [ -7.669953774698828, 13.326250801819256 ], [ -7.669251941438286, 13.325556109809847 ], [ -7.668918028992129, 13.322099293286234 ], [ -7.668955797231789, 13.315189356633644 ], [ -7.671087612797598, 13.312436462982525 ], [ -7.672519461361423, 13.308643367709815 ], [ -7.672526988389339, 13.307261377741689 ], [ -7.671123407722636, 13.305872012330214 ], [ -7.671132824239061, 13.304144524547898 ], [ -7.672911738878132, 13.301389757672933 ], [ -7.67295121228442, 13.294134300620081 ], [ -7.671549579011328, 13.292399446172782 ], [ -7.671206227275185, 13.290670114112338 ], [ -7.672977514835439, 13.289297326892587 ], [ -7.673382827350145, 13.2796252118981 ], [ -7.67657806793595, 13.275841244436444 ], [ -7.67729288650775, 13.27411741315847 ], [ -7.677311584421606, 13.270662420992508 ], [ -7.680861222609575, 13.266534710287946 ], [ -7.681331233450247, 13.2447700192076 ], [ -7.68487668282746, 13.24133320581446 ], [ -7.684529562640771, 13.240294884900099 ], [ -7.686302243107858, 13.238576457245879 ], [ -7.68631705877097, 13.235812445662958 ] ] } },
{ "type": "Feature", "properties": { "OBJECTID": 71, "arcid": 71, "from_node": 89, "to_node": 80, "Shape_Leng": 12165.0910535, "HydroID": 272, "GridID": 76, "NextDownID": 264, "DrainID": 76 }, "geometry": { "type": "LineString", "coordinates": [ [ -6.025700401702759, 13.220492945158837 ], [ -6.023918105097946, 13.222198054736623 ], [ -6.023888778624221, 13.224613924774955 ], [ -6.01498102458897, 13.232794065143898 ], [ -6.014242802265313, 13.235546792467122 ], [ -6.01246031064087, 13.237251780913661 ], [ -6.012439258386833, 13.238977381667508 ], [ -6.009222251415841, 13.24273654837056 ], [ -6.006399654479162, 13.243048606094309 ], [ -6.002117145019843, 13.24748547484476 ], [ -6.00106023915096, 13.247473047051127 ], [ -5.999990641536602, 13.248495962718248 ], [ -5.996819922141442, 13.248458637052229 ], [ -5.994319894903366, 13.251190493336786 ], [ -5.991849520681225, 13.251506518313446 ], [ -5.991798585177301, 13.255647877476472 ], [ -5.993161142706465, 13.259460758543085 ], [ -5.994205362486885, 13.260508571435633 ], [ -5.994158675953651, 13.264304823951012 ], [ -5.9906014429052, 13.267024120132504 ], [ -5.991989504002045, 13.268766336564116 ], [ -5.991959755013911, 13.271182127025272 ], [ -5.990890000844688, 13.272204972499768 ], [ -5.988784509386024, 13.27148975044277 ], [ -5.988062821126908, 13.272861860103243 ], [ -5.996765071640166, 13.281593792501772 ], [ -6.005484890958253, 13.288945087044031 ], [ -6.006168435635324, 13.290678970677593 ], [ -6.004033044881065, 13.292379645118688 ], [ -6.003307102226051, 13.294096917927057 ] ] } },
{ "type": "Feature", "properties": { "OBJECTID": 72, "arcid": 72, "from_node": 86, "to_node": 90, "Shape_Leng": 7981.7148402599996, "HydroID": 273, "GridID": 82, "NextDownID": 274, "DrainID": 82 }, "geometry": { "type": "LineString", "coordinates": [ [ -7.761498706385343, 13.259165161453645 ], [ -7.760966999133685, 13.259680857754123 ], [ -7.759559614468523, 13.258982976457796 ], [ -7.755325207207505, 13.259307860809532 ], [ -7.754270563225781, 13.258611673352014 ], [ -7.750743366915333, 13.258594417432962 ], [ -7.750041458693907, 13.257899940660977 ], [ -7.747919845934552, 13.258926086716045 ], [ -7.74581238507055, 13.257188140863938 ], [ -7.739116119493358, 13.256118570133557 ], [ -7.73701588144479, 13.252998526756199 ], [ -7.735252334815158, 13.252989789203813 ], [ -7.733481638385372, 13.254363069711466 ], [ -7.732423506361605, 13.254357813456282 ], [ -7.731019828452585, 13.252968769367612 ], [ -7.729608995241717, 13.252961747162667 ], [ -7.728203547075361, 13.251918197180458 ], [ -7.728207136921441, 13.251227183816061 ], [ -7.722941785841996, 13.246363668967739 ], [ -7.722950793287906, 13.244636137381317 ], [ -7.721196335131026, 13.242899777443403 ], [ -7.721205352441956, 13.241172246570317 ], [ -7.718038373815025, 13.239774305014651 ], [ -7.711724508282648, 13.233177756955596 ], [ -7.709966575673545, 13.23213234350543 ], [ -7.705381796707074, 13.232109150291709 ] ] } },
{ "type": "Feature", "properties": { "OBJECTID": 73, "arcid": 73, "from_node": 90, "to_node": 88, "Shape_Leng": 2558.3903583599999, "HydroID": 274, "GridID": 83, "NextDownID": 286, "DrainID": 83 }, "geometry": { "type": "LineString", "coordinates": [ [ -7.705381796707074, 13.232109150291709 ], [ -7.701482243835374, 13.235890000676793 ], [ -7.698308127562963, 13.235873842697494 ], [ -7.696186538339659, 13.236899557890711 ], [ -7.694070455806207, 13.236888745604148 ], [ -7.693006888077266, 13.237919839669363 ], [ -7.691243480586535, 13.237910808011657 ], [ -7.690190976830623, 13.236868877573267 ], [ -7.68701316030147, 13.237543580970899 ], [ -7.68631705877097, 13.235812445662958 ] ] } },
{ "type": "Feature", "properties": { "OBJECTID": 74, "arcid": 74, "from_node": 92, "to_node": 68, "Shape_Leng": 31250.914946500001, "HydroID": 275, "GridID": 63, "NextDownID": 251, "DrainID": 63 }, "geometry": { "type": "LineString", "coordinates": [ [ -9.681446097411685, 13.226878141111394 ], [ -9.683212649378083, 13.227910137592596 ], [ -9.68532905470216, 13.227904471088893 ], [ -9.687807883918477, 13.231353518561306 ], [ -9.689571577376894, 13.23134876477018 ], [ -9.696641075237125, 13.236513136334624 ], [ -9.698404803423571, 13.236508319729214 ], [ -9.699108323048426, 13.235815255041649 ], [ -9.710397133294119, 13.236129676966577 ], [ -9.711452356242843, 13.235090033681209 ], [ -9.718506187452618, 13.234724721757265 ], [ -9.72026583360684, 13.233337492594266 ], [ -9.727319588395797, 13.232971940495794 ], [ -9.728726432504299, 13.231585660849797 ], [ -9.732605495781423, 13.231229000440585 ], [ -9.73578944448033, 13.234329956806716 ], [ -9.73755522101089, 13.235015998671303 ], [ -9.737558340071491, 13.236052690546229 ], [ -9.742159677626368, 13.241222863351826 ], [ -9.742167004844431, 13.243641808133312 ], [ -9.741111883263789, 13.244681572829487 ], [ -9.741118156478523, 13.246754954161295 ], [ -9.740064062680393, 13.248140278635875 ], [ -9.737947507887419, 13.248146407565313 ], [ -9.735485457963332, 13.250572482931615 ], [ -9.733018186080409, 13.251270717319313 ], [ -9.730555023717283, 13.253351184702437 ], [ -9.73056224321587, 13.255770133524438 ], [ -9.73162468704396, 13.257149355584563 ], [ -9.731984695272926, 13.25956729071242 ], [ -9.733046130000302, 13.26060094243889 ], [ -9.733764123111264, 13.264745676246152 ], [ -9.735182528722301, 13.267160554534076 ], [ -9.7351929192669, 13.27061618875616 ], [ -9.738377438517693, 13.273717074837611 ], [ -9.740141418579775, 13.273711955968599 ], [ -9.743324988533315, 13.276467211632053 ], [ -9.744735133963756, 13.276117526977538 ], [ -9.746845590303375, 13.27403795509206 ], [ -9.747903978147008, 13.274034849981579 ], [ -9.750012269524031, 13.271264129882931 ], [ -9.752833536712718, 13.270910244656383 ], [ -9.755678299963582, 13.278158683812761 ], [ -9.760639033165374, 13.285055200324937 ], [ -9.761710401175112, 13.289198763990024 ], [ -9.776925495712565, 13.30297527285574 ], [ -9.779050234726629, 13.305387706768141 ], [ -9.779053547410751, 13.306424382931095 ], [ -9.783300950613745, 13.310558071227181 ], [ -9.783312058716273, 13.314013654089743 ], [ -9.780147468561756, 13.317479011757493 ], [ -9.78015300284523, 13.319206804125063 ], [ -9.781572198934605, 13.321621371806087 ], [ -9.780168503005017, 13.324044620770437 ], [ -9.780184009308131, 13.328882435557732 ], [ -9.790804990355461, 13.339561939206854 ], [ -9.791175870499067, 13.345089747875123 ], [ -9.785899205497456, 13.350289571385055 ], [ -9.781665478899171, 13.350648227515942 ], [ -9.779201801320617, 13.352729181722818 ], [ -9.780269403810395, 13.355490382742552 ], [ -9.780280507648309, 13.358945956802499 ], [ -9.77816965643906, 13.361025817104579 ], [ -9.778881038582968, 13.362751432971448 ], [ -9.777823381154388, 13.363100246145287 ], [ -9.777843319427058, 13.369320277223492 ], [ -9.775380531225736, 13.371746760627627 ], [ -9.775384950129974, 13.373128990385727 ], [ -9.773273938151201, 13.375208815687055 ], [ -9.773278346233708, 13.376591045758628 ], [ -9.77187097694717, 13.377977588292756 ], [ -9.773287163888268, 13.379355504540937 ], [ -9.775758893215285, 13.379693494688386 ], [ -9.780007595754267, 13.383827147224407 ] ] } },
{ "type": "Feature", "properties": { "OBJECTID": 75, "arcid": 75, "from_node": 91, "to_node": 93, "Shape_Leng": 2419.9889889400001, "HydroID": 276, "GridID": 88, "NextDownID": -1, "DrainID": 88 }, "geometry": { "type": "LineString", "coordinates": [ [ -5.275887373422655, 13.207042398990078 ], [ -5.27323966937709, 13.207521209095566 ], [ -5.271852711145904, 13.206121243742134 ], [ -5.271894624336174, 13.2033623802345 ], [ -5.271201157060382, 13.202662398759271 ], [ -5.269803751892427, 13.201952146494564 ], [ -5.26873735656115, 13.20262645357773 ], [ -5.264865684442253, 13.202569920577341 ], [ -5.260534372118309, 13.198022511092002 ] ] } },
{ "type": "Feature", "properties": { "OBJECTID": 76, "arcid": 76, "from_node": 94, "to_node": 89, "Shape_Leng": 2488.5105577099998, "HydroID": 277, "GridID": 86, "NextDownID": 272, "DrainID": 86 }, "geometry": { "type": "LineString", "coordinates": [ [ -6.032623103165028, 13.20158877541375 ], [ -6.032237488974132, 13.204345708966581 ], [ -6.025817563388313, 13.210829442809525 ], [ -6.026501167334412, 13.21256326522772 ], [ -6.025700401702759, 13.220492945158837 ] ] } },
{ "type": "Feature", "properties": { "OBJECTID": 77, "arcid": 77, "from_node": 73, "to_node": 82, "Shape_Leng": 62235.48139, "HydroID": 278, "GridID": 79, "NextDownID": 268, "DrainID": 79 }, "geometry": { "type": "LineString", "coordinates": [ [ -7.322083207927101, 13.354416785247356 ], [ -7.315603316704003, 13.347637391046227 ], [ -7.315615290664735, 13.345910192545515 ], [ -7.312795478690581, 13.345545979242898 ], [ -7.309994896843921, 13.342418225876244 ], [ -7.308231044852341, 13.342406459553475 ], [ -7.307530315691757, 13.341710873188497 ], [ -7.302591555825289, 13.341677850304304 ], [ -7.30119496846154, 13.339595774016241 ], [ -7.298387358715157, 13.337504227167408 ], [ -7.296270792267125, 13.337490014346686 ], [ -7.294523948186055, 13.335060103811189 ], [ -7.293465677885656, 13.335052984769744 ], [ -7.289959972521342, 13.331920304442528 ], [ -7.288548966251222, 13.331910788212943 ], [ -7.2874785523786, 13.333630820108826 ], [ -7.285714784840636, 13.333618904850164 ], [ -7.28325526617203, 13.332220466632316 ], [ -7.281138762487998, 13.332206133107439 ], [ -7.279032036831191, 13.330810047684482 ], [ -7.27202615232521, 13.323853442118489 ], [ -7.271717556225666, 13.317633257233116 ], [ -7.271017006688834, 13.31693758991057 ], [ -7.266098517789679, 13.314140464233818 ], [ -7.263276748907281, 13.314121183811588 ], [ -7.260109666271898, 13.313063164832968 ], [ -7.25799088484092, 13.313394088689963 ], [ -7.256237181935601, 13.312000267805441 ], [ -7.256256959569354, 13.309236828186298 ], [ -7.254860953085225, 13.307154563528275 ], [ -7.253104835469002, 13.306106156496742 ], [ -7.253124639518347, 13.303342721134142 ], [ -7.251025766434971, 13.300910163429219 ], [ -7.247496293337928, 13.301231300807189 ], [ -7.24467967444965, 13.300520976599277 ], [ -7.231539679870313, 13.312865846155228 ], [ -7.23187484092557, 13.315286278377375 ], [ -7.230809164100616, 13.31631518328642 ], [ -7.231159372963488, 13.316663066331424 ], [ -7.224762598524634, 13.323181810395132 ], [ -7.224744961753902, 13.325599775693799 ], [ -7.226498543964548, 13.326993803487662 ], [ -7.228967673297178, 13.327011049349368 ], [ -7.230018335143771, 13.328054706255838 ], [ -7.227173804867848, 13.331143820915493 ], [ -7.226473364677199, 13.330448041320276 ], [ -7.223301252949999, 13.330080403796037 ], [ -7.220847256110054, 13.32799056226475 ], [ -7.218063334346291, 13.322789424318827 ], [ -7.209945602605225, 13.32342317989662 ], [ -7.207126355235755, 13.323057841972236 ], [ -7.205375474438039, 13.321318278411836 ], [ -7.20254861416847, 13.32198915169911 ], [ -7.201848275364709, 13.321293316721734 ], [ -7.202236700601794, 13.3164599420837 ], [ -7.200846264403691, 13.313686593923022 ], [ -7.20086157109239, 13.311614078240027 ], [ -7.199811111897395, 13.310570323146139 ], [ -7.197339632947748, 13.310898233529793 ], [ -7.196639339572159, 13.310202389563536 ], [ -7.196672569288454, 13.305711945864166 ], [ -7.193874038237467, 13.302583142279497 ], [ -7.192113146038709, 13.302225187101454 ], [ -7.188910709782389, 13.306002180257288 ], [ -7.186439277472966, 13.306329988699938 ], [ -7.183949822925253, 13.309075687270461 ], [ -7.1814886697909, 13.308021778879748 ], [ -7.179387975648305, 13.305934130690309 ], [ -7.179815448834047, 13.29591960255838 ], [ -7.177714862212967, 13.293831953944386 ], [ -7.177730341666859, 13.291759461643768 ], [ -7.176329979823296, 13.290367689742183 ], [ -7.177055960045922, 13.287609421598676 ], [ -7.176428019884103, 13.277241901258272 ], [ -7.173640383290724, 13.272731282222157 ], [ -7.173673938454193, 13.268240882790588 ], [ -7.174394689785177, 13.266173443997392 ], [ -7.177241516761661, 13.26273947858882 ], [ -7.1776044423404, 13.261360334550496 ], [ -7.176968678005067, 13.252029050118191 ], [ -7.177184533136095, 13.22301403203006 ], [ -7.171584560208867, 13.217447076893388 ], [ -7.165943549255168, 13.217406675165869 ], [ -7.161015444321747, 13.216334979108652 ], [ -7.15961556362527, 13.214943176162864 ], [ -7.156795103562764, 13.21492286262353 ], [ -7.155392661518458, 13.213876454705737 ], [ -7.151519758256409, 13.213157628013597 ], [ -7.149414851894591, 13.211760682663229 ], [ -7.14165874324816, 13.211704449684399 ], [ -7.140593246561345, 13.212732994317758 ], [ -7.132484597174622, 13.212673915889392 ], [ -7.131063883583413, 13.214045249726421 ], [ -7.115199172806504, 13.213928819038719 ], [ -7.113073269041695, 13.21529483989101 ], [ -7.102844042075285, 13.215909999748215 ], [ -7.098949969269723, 13.217953610253643 ], [ -7.096834671253191, 13.217937872851424 ], [ -7.093282340332464, 13.221365612821932 ], [ -7.091516886994454, 13.221697857426811 ], [ -7.090451160013124, 13.222726159020654 ], [ -7.086925614427098, 13.222699793824093 ], [ -7.081596785609892, 13.227841129395619 ], [ -7.07842374449605, 13.227817283970801 ], [ -7.072739353357059, 13.233301136401918 ], [ -7.06285114174659, 13.235298814574394 ], [ -7.061785245165766, 13.236326969985283 ], [ -7.051566281930929, 13.235558368887098 ], [ -7.049079077380057, 13.237957264397986 ], [ -7.028980036586026, 13.238148293272953 ], [ -7.016908999644902, 13.248416999010441 ], [ -7.016514440187237, 13.253595020385909 ], [ -7.004433652281093, 13.264899087088871 ], [ -7.003691790865464, 13.269383516952605 ], [ -6.999420964434476, 13.274185642747332 ], [ -6.993074000155612, 13.274135701092552 ], [ -6.990941310176256, 13.276191287530638 ], [ -6.989178256502329, 13.276177369944042 ], [ -6.983502281398464, 13.28027726836546 ], [ -6.974334314319689, 13.280204474104972 ], [ -6.972201428349646, 13.282259872342136 ], [ -6.971143582452253, 13.282251441653072 ] ] } },
{ "type": "Feature", "properties": { "OBJECTID": 78, "arcid": 78, "from_node": 95, "to_node": 78, "Shape_Leng": 19320.760316700002, "HydroID": 279, "GridID": 74, "NextDownID": 261, "DrainID": 74 }, "geometry": { "type": "LineString", "coordinates": [ [ -5.626037192211874, 13.183782771525367 ], [ -5.62461466008446, 13.184799184984401 ], [ -5.624600449635008, 13.185834158740358 ], [ -5.623529983021358, 13.186855203409616 ], [ -5.622698531171791, 13.221694546836469 ], [ -5.620552432842172, 13.224081518944264 ], [ -5.621566039918018, 13.227200398818045 ], [ -5.621518466357819, 13.230650286567139 ], [ -5.620804655288926, 13.231330939699806 ], [ -5.61622675085252, 13.231270285831343 ], [ -5.613776041812903, 13.230202634637191 ], [ -5.608498685659066, 13.229787518737174 ], [ -5.606000244765012, 13.232169636509783 ], [ -5.606632824138713, 13.237353751762939 ], [ -5.605914174999286, 13.238379331013247 ], [ -5.605428034582194, 13.24803416021502 ], [ -5.603286300079576, 13.25007590484018 ], [ -5.602895795497908, 13.252831063485289 ], [ -5.602181865286502, 13.253511635317054 ], [ -5.602452531761879, 13.259381012609682 ], [ -5.600310655187726, 13.261422700672963 ], [ -5.598197558764286, 13.261394484452417 ], [ -5.595684220760593, 13.264811329286941 ], [ -5.595669798534598, 13.265846265448342 ], [ -5.597406711141344, 13.267594700420297 ], [ -5.597368260245782, 13.270354532822958 ], [ -5.602916993057169, 13.276639462948525 ], [ -5.602883379691401, 13.279054328625671 ], [ -5.604620426833075, 13.280802748803449 ], [ -5.603791115079556, 13.289762847921383 ], [ -5.606584913823834, 13.291525391891486 ], [ -5.606546494847946, 13.294285245537532 ], [ -5.607236554033774, 13.295329598904713 ], [ -5.606522478564354, 13.296010154045925 ], [ -5.604761303677205, 13.295986624592462 ], [ -5.603675753082661, 13.298042384689724 ], [ -5.59943447314612, 13.299020774446785 ], [ -5.598363313796205, 13.300041561955938 ], [ -5.59519317677493, 13.299999085881282 ], [ -5.592056825603076, 13.29754173605895 ], [ -5.589253458008615, 13.296468991940472 ], [ -5.58818228064103, 13.297489729009209 ], [ -5.58816778977878, 13.298524653503691 ], [ -5.589871006484326, 13.302688008686614 ], [ -5.589827534082204, 13.305792786997044 ] ] } },
{ "type": "Feature", "properties": { "OBJECTID": 79, "arcid": 79, "from_node": 96, "to_node": 92, "Shape_Leng": 15691.2627868, "HydroID": 280, "GridID": 89, "NextDownID": 275, "DrainID": 89 }, "geometry": { "type": "LineString", "coordinates": [ [ -9.580998950875022, 13.187557573885943 ], [ -9.580471964545955, 13.188422713533027 ], [ -9.584709926415217, 13.190832125011246 ], [ -9.585776219790528, 13.194285466892836 ], [ -9.593202771229146, 13.202562230859492 ], [ -9.594967964699395, 13.203249288624177 ], [ -9.596024402971668, 13.202555677774626 ], [ -9.603078476081082, 13.20253915903335 ], [ -9.605551656668172, 13.204261202634264 ], [ -9.608021451105138, 13.204600924595674 ], [ -9.610142835480348, 13.206669333506428 ], [ -9.61190723951286, 13.207010697221696 ], [ -9.615429138064595, 13.204928799514159 ], [ -9.620379236060547, 13.20975490631122 ], [ -9.622495511472103, 13.209749767045787 ], [ -9.626735112931604, 13.212504017912789 ], [ -9.630966817243674, 13.212148042328183 ], [ -9.634505577214204, 13.216631756810695 ], [ -9.635572689467756, 13.22008484979869 ], [ -9.638048062742675, 13.222497703034067 ], [ -9.637350682138973, 13.225609607583388 ], [ -9.639827933245391, 13.228713581797516 ], [ -9.644765361876226, 13.228355599284605 ], [ -9.650412826723265, 13.229723581246388 ], [ -9.653227377341898, 13.226951819379261 ], [ -9.656049256923199, 13.226944591727658 ], [ -9.657815711246462, 13.227976768831644 ], [ -9.657119496859828, 13.231434286055114 ], [ -9.658180503601692, 13.232468272081293 ], [ -9.659238731042056, 13.232465543740931 ], [ -9.660645977497376, 13.231079619212945 ], [ -9.666289821485734, 13.231064964467395 ], [ -9.668058228951571, 13.232788206346353 ], [ -9.670174683022818, 13.232782663326974 ], [ -9.672637242840416, 13.230357191019898 ], [ -9.672629661349665, 13.227592638247277 ], [ -9.675446779726206, 13.225857350916113 ], [ -9.676148433781821, 13.22447321040821 ], [ -9.681446097411685, 13.226878141111394 ] ] } },
{ "type": "Feature", "properties": { "OBJECTID": 80, "arcid": 80, "from_node": 97, "to_node": 44, "Shape_Leng": 89510.545666699996, "HydroID": 281, "GridID": 43, "NextDownID": 233, "DrainID": 43 }, "geometry": { "type": "LineString", "coordinates": [ [ -8.853032684764221, 13.186445999635019 ], [ -8.852150418539434, 13.187309475313745 ], [ -8.851796261588275, 13.189728422613696 ], [ -8.851792305287859, 13.196294687550356 ], [ -8.853554840203914, 13.198023666096487 ], [ -8.853905912610992, 13.200788609309587 ], [ -8.855668495346745, 13.202517572291475 ], [ -8.854962643940482, 13.203208359623449 ], [ -8.85460767206043, 13.207009677600947 ], [ -8.857780026375925, 13.210812979507955 ], [ -8.857779426063082, 13.21184975654918 ], [ -8.858837035810176, 13.21288712045185 ], [ -8.858836042535003, 13.214615081940281 ], [ -8.85742428313689, 13.215996669316135 ], [ -8.857423681077812, 13.21703344592191 ], [ -8.849305718721638, 13.22497741341585 ], [ -8.848246387219755, 13.226704746427339 ], [ -8.848245318267567, 13.228432706134713 ], [ -8.845421503996754, 13.231195748998983 ], [ -8.842951942215564, 13.23153983481814 ], [ -8.840834015888463, 13.233612075069603 ], [ -8.84330271784979, 13.234650376977173 ], [ -8.845418017903954, 13.236725215482833 ], [ -8.845409077542357, 13.250894463225501 ], [ -8.846114008303621, 13.251931663863724 ], [ -8.843995489661552, 13.25469510731293 ], [ -8.845406240615878, 13.255387148342292 ], [ -8.848581420602512, 13.255389052843141 ], [ -8.852107729160446, 13.258155851769647 ], [ -8.852106893716478, 13.259538216580697 ], [ -8.853869880507792, 13.261267188302444 ], [ -8.853868435488526, 13.263686325548216 ], [ -8.8552786530923, 13.265415085814828 ], [ -8.854572412094859, 13.266451457609058 ], [ -8.854923175524466, 13.269907567242244 ], [ -8.858449363118311, 13.273365459603887 ], [ -8.85774210634319, 13.276129792537567 ], [ -8.860915787006086, 13.27924186339169 ], [ -8.860562560223114, 13.279932851538705 ], [ -8.858445559598401, 13.279931683565039 ], [ -8.856679771274427, 13.282695421226775 ], [ -8.859501873844232, 13.283733766701259 ], [ -8.86161714501552, 13.286845240767335 ], [ -8.861968229864711, 13.289955746190927 ], [ -8.861261747670419, 13.291337724354898 ], [ -8.864788907516642, 13.293758756461957 ], [ -8.865493852276183, 13.295141491395903 ], [ -8.861963147358686, 13.29894109401209 ], [ -8.861607933530738, 13.303087983792768 ], [ -8.860549332265396, 13.303087405362897 ], [ -8.858430926986854, 13.305159774362172 ], [ -8.852078851447116, 13.305847338076394 ], [ -8.849609395710091, 13.304809118740124 ], [ -8.844665924166581, 13.309989993108436 ], [ -8.845014404500432, 13.316901998938416 ], [ -8.843601969979503, 13.318283491611073 ], [ -8.84395419426337, 13.319320476335465 ], [ -8.837245125535317, 13.325536872805188 ], [ -8.836891300384302, 13.32691900189395 ], [ -8.83759525740612, 13.329684166210189 ], [ -8.835475957782865, 13.332447514062185 ], [ -8.835471750374902, 13.338668111045475 ], [ -8.838645948959144, 13.341780449536715 ], [ -8.838644572747318, 13.343853981309412 ], [ -8.835112972739536, 13.34730759577965 ], [ -8.835112034800463, 13.348689948883756 ], [ -8.83263984055638, 13.351107447683734 ], [ -8.832637221503797, 13.354908918549546 ], [ -8.83087131009869, 13.356635686493554 ], [ -8.831576240149085, 13.358018509575967 ], [ -8.83051523025885, 13.361128095072832 ], [ -8.831219929777127, 13.362856506594765 ], [ -8.829808117913336, 13.362855561526651 ], [ -8.827689172700492, 13.364582068644438 ], [ -8.82768794582875, 13.36631000698576 ], [ -8.828745844079435, 13.36769307705832 ], [ -8.824506324034141, 13.37321957719838 ], [ -8.824504573464376, 13.375638689655876 ], [ -8.823444903343535, 13.376674715615406 ], [ -8.823090165257613, 13.379093580611181 ], [ -8.819557827588445, 13.382546958756219 ], [ -8.819202267845908, 13.386002577471842 ], [ -8.816023026426633, 13.389110568747782 ], [ -8.811081422143214, 13.388761336254316 ], [ -8.8089623893873, 13.390142090849968 ], [ -8.808961299077588, 13.391524438216088 ], [ -8.806841404040171, 13.39394193465475 ], [ -8.805429134450215, 13.394286437636842 ], [ -8.804723974064625, 13.393249132677383 ], [ -8.803664983059219, 13.393248311979491 ], [ -8.802957583637097, 13.394975695299323 ], [ -8.798720730264188, 13.396009115571857 ], [ -8.795540513534156, 13.399808012620644 ], [ -8.794128489318149, 13.399806865498933 ], [ -8.78776831715501, 13.406713324936202 ], [ -8.787765891369679, 13.409478011370908 ], [ -8.784232607385372, 13.412930874139338 ], [ -8.782467481756019, 13.412929358517772 ], [ -8.779994105294822, 13.415346314245211 ], [ -8.779991903543465, 13.417765412123869 ], [ -8.777518452456931, 13.420182341507397 ], [ -8.777516543318637, 13.422255852990622 ], [ -8.776102787478129, 13.423982529002403 ], [ -8.773984541242212, 13.423980639000366 ], [ -8.770804221883381, 13.427088034895153 ], [ -8.767979858684999, 13.427085450996557 ], [ -8.765509883251063, 13.425700825468443 ], [ -8.764096023069179, 13.427427431070672 ], [ -8.764448394620187, 13.428118931340956 ], [ -8.763034511574329, 13.429845530298516 ], [ -8.763383835300315, 13.43364729293118 ], [ -8.762322969826934, 13.435374218738737 ], [ -8.765496792401509, 13.439178625437764 ], [ -8.75913614002692, 13.444701975129396 ], [ -8.758074846876987, 13.446774464130748 ], [ -8.758071726367444, 13.449884720822775 ], [ -8.754183635469548, 13.454027962402881 ], [ -8.753119070955327, 13.459210679893069 ], [ -8.746049581072452, 13.466460898081811 ], [ -8.747812921949256, 13.4685361747924 ], [ -8.750991229396911, 13.468193760077829 ], [ -8.751696727496633, 13.46888562501077 ], [ -8.751691379978208, 13.474069373854279 ], [ -8.752397251695335, 13.474415653822854 ], [ -8.752040220067554, 13.478216718959196 ], [ -8.750625590824068, 13.480288818547926 ], [ -8.75097620891893, 13.482708249301151 ], [ -8.750269238621229, 13.483398713354523 ], [ -8.750621290762696, 13.484435813335372 ], [ -8.751680321311675, 13.484782446035185 ], [ -8.752384444640532, 13.486856640662122 ], [ -8.75202952990495, 13.4885842052828 ], [ -8.75096905009163, 13.489619905073884 ], [ -8.750960812479855, 13.497568304103613 ], [ -8.748838309272296, 13.50102201573757 ], [ -8.74883686350463, 13.502404344413318 ], [ -8.747422788808201, 13.503785254867832 ], [ -8.747065626539758, 13.507586301921654 ], [ -8.747766867118052, 13.51242516218557 ], [ -8.741756282167334, 13.51863951863924 ], [ -8.742454101936445, 13.52658862127741 ], [ -8.745276689600017, 13.529356163735025 ], [ -8.745627316264594, 13.531775592836397 ], [ -8.747038651061285, 13.533159350829179 ], [ -8.747386019760521, 13.538689008436123 ], [ -8.739960005112131, 13.546629769080354 ], [ -8.739958878535838, 13.547666512014919 ], [ -8.733947960950621, 13.553189482319702 ], [ -8.729356367092384, 13.552838971131418 ], [ -8.72758825360569, 13.554564952922666 ], [ -8.726174931305726, 13.554908989558045 ], [ -8.725116029978912, 13.554216665017696 ], [ -8.724055141269895, 13.555252238004977 ], [ -8.716990493527684, 13.555244336100957 ], [ -8.713814297434238, 13.552821656060729 ], [ -8.7113408634878, 13.553509971632069 ], [ -8.710283268133654, 13.551780846103041 ], [ -8.706754388342899, 13.54901208864452 ], [ -8.705693444375777, 13.550047583000596 ], [ -8.700393351125607, 13.551423605927161 ], [ -8.698981750899323, 13.550385170127162 ], [ -8.690150694623258, 13.550719958277224 ], [ -8.684505024434939, 13.54622036000992 ], [ -8.677087451537229, 13.546210889826085 ], [ -8.676029201588078, 13.545172782758366 ], [ -8.672143826334876, 13.545167718298611 ], [ -8.66860783908594, 13.547927690428377 ], [ -8.665075157902262, 13.548268561384024 ], [ -8.662249884400927, 13.547919181291594 ], [ -8.658723109219897, 13.544113022981188 ], [ -8.656955059524051, 13.545492919655004 ], [ -8.654122839929109, 13.549981541343518 ], [ -8.652356225912385, 13.55032466899293 ], [ -8.651295045941607, 13.551359926038954 ], [ -8.648469252245976, 13.551355967486021 ], [ -8.647761786508234, 13.552046127980203 ], [ -8.639284387091191, 13.552034036034266 ], [ -8.637517215573817, 13.552722635901054 ], [ -8.631857093971911, 13.55824360590959 ], [ -8.631854433354571, 13.559971490567317 ], [ -8.630439351147459, 13.561351710695117 ], [ -8.630082904146773, 13.563424648220321 ], [ -8.631488407934139, 13.568264810765063 ], [ -8.633956382090728, 13.571378638411215 ], [ -8.633952674639682, 13.573797674534275 ], [ -8.629706628145035, 13.578283912869509 ], [ -8.627234864980823, 13.577589078053018 ], [ -8.623701699382487, 13.577929350702242 ], [ -8.621932651422886, 13.57965456022178 ], [ -8.621929914602447, 13.58138243996012 ], [ -8.620868464729279, 13.582417558315123 ], [ -8.620153675217912, 13.587600118640786 ], [ -8.623327162521916, 13.591406275658146 ], [ -8.622965683906219, 13.596589374856597 ], [ -8.621549781136382, 13.598315108854646 ], [ -8.621542098375107, 13.603153163349639 ], [ -8.619419540095249, 13.604877809060831 ], [ -8.619412914670814, 13.609024710078238 ], [ -8.616579771503094, 13.613167271308301 ], [ -8.61657531902947, 13.615931869081823 ], [ -8.615157574883739, 13.618694284081593 ], [ -8.615509222378709, 13.619731553681518 ], [ -8.614801455740228, 13.620421609275695 ], [ -8.614095926651649, 13.619729365329999 ], [ -8.612329306418934, 13.619726618598898 ], [ -8.611621530826239, 13.620416664900628 ], [ -8.611609118914057, 13.628019299548146 ], [ -8.60523874152358, 13.634229611145033 ], [ -8.605234723987198, 13.636648626982325 ], [ -8.604526876628015, 13.637338650237172 ], [ -8.600641771534177, 13.636295713514096 ], [ -8.596041198685493, 13.640435167581982 ], [ -8.596740281579196, 13.644928766588251 ], [ -8.590725408566623, 13.649411384633083 ], [ -8.588959171924818, 13.649062893237591 ], [ -8.584010225524702, 13.65009137128963 ], [ -8.58295133548514, 13.649398447372963 ], [ -8.575177888838027, 13.649039694826518 ], [ -8.573407954885404, 13.65076452513591 ], [ -8.571286496730636, 13.651452015983875 ], [ -8.571292112498835, 13.64834186995887 ], [ -8.569175687137209, 13.646264769243958 ], [ -8.567760983039381, 13.646953456209916 ], [ -8.565635751570712, 13.64971433008046 ], [ -8.564221652172002, 13.650057424421394 ], [ -8.564216577460408, 13.652821995834213 ], [ -8.565274791498467, 13.65386056871812 ], [ -8.564910648126389, 13.659734662578618 ], [ -8.563849233080431, 13.660423943247887 ], [ -8.559962029232448, 13.660417078844421 ], [ -8.558898027004201, 13.662488621797028 ] ] } },
{ "type": "Feature", "properties": { "OBJECTID": 81, "arcid": 81, "from_node": 98, "to_node": 94, "Shape_Leng": 17954.962786399999, "HydroID": 282, "GridID": 94, "NextDownID": 277, "DrainID": 94 }, "geometry": { "type": "LineString", "coordinates": [ [ -5.935470535027384, 13.152985490949536 ], [ -5.934223007179875, 13.15417861441772 ], [ -5.934201544530409, 13.155904101885197 ], [ -5.933127921824573, 13.157271866772007 ], [ -5.933093559499324, 13.1600326425443 ], [ -5.929133824145018, 13.166888218512714 ], [ -5.929717626463964, 13.176559327639387 ], [ -5.931452686736069, 13.178650995007484 ], [ -5.931435468244231, 13.180031378962754 ], [ -5.932818378177481, 13.182118826013459 ], [ -5.932792554167948, 13.184189402631254 ], [ -5.929588388190545, 13.186912184757491 ], [ -5.929566837723715, 13.188637660312384 ], [ -5.931306266969901, 13.190384250033267 ], [ -5.934832544389668, 13.190081346111469 ], [ -5.937628630140978, 13.19184055187897 ], [ -5.960517684300924, 13.192458511592294 ], [ -5.965414533233784, 13.195277866433367 ], [ -5.970345556029163, 13.195336287559025 ], [ -5.97211089361975, 13.195012020836337 ], [ -5.973893230237897, 13.193307303763643 ], [ -5.976710954126029, 13.19334060070967 ], [ -5.978132550520779, 13.192321905344539 ], [ -5.980631975057086, 13.189590107662717 ], [ -5.980674359964087, 13.186138992843578 ], [ -5.984192202296351, 13.186525606393595 ], [ -5.986976038400345, 13.18931968154488 ], [ -5.989441536392888, 13.189348683556902 ], [ -5.990506630840072, 13.188670876747155 ], [ -5.998251149203708, 13.189106952089437 ], [ -6.000339183361139, 13.191202425572781 ], [ -6.002456718297974, 13.190882060908965 ], [ -6.003882428888174, 13.189518077394768 ], [ -6.008813511521395, 13.189575733302183 ], [ -6.011643869744512, 13.188573273407652 ], [ -6.021506090740645, 13.188688183808049 ], [ -6.032648121582207, 13.199518009369044 ], [ -6.032623103165028, 13.20158877541375 ] ] } },
{ "type": "Feature", "properties": { "OBJECTID": 82, "arcid": 82, "from_node": 99, "to_node": 82, "Shape_Leng": 25240.210035799999, "HydroID": 283, "GridID": 80, "NextDownID": 268, "DrainID": 80 }, "geometry": { "type": "LineString", "coordinates": [ [ -7.145582605827547, 13.158881985219971 ], [ -7.137825571395805, 13.159171268621627 ], [ -7.136407845222258, 13.160197271796262 ], [ -7.131470587992435, 13.160506811277818 ], [ -7.127214658862417, 13.163930080115486 ], [ -7.125449641120298, 13.164262622069117 ], [ -7.120122945410415, 13.169405063625529 ], [ -7.115535366919612, 13.170062257858996 ], [ -7.113423105704577, 13.16970130702386 ], [ -7.112002582458279, 13.17107255756239 ], [ -7.095435854370382, 13.170950086972143 ], [ -7.091884279939446, 13.174377910087296 ], [ -7.088356742242028, 13.174697060081462 ], [ -7.079835141479347, 13.182578040213112 ], [ -7.077720171526621, 13.182562186463983 ], [ -7.068840043286261, 13.191130860511009 ], [ -7.064593675586457, 13.193171308347742 ], [ -7.061754559832355, 13.195567746376412 ], [ -7.046833889394183, 13.209961706787443 ], [ -7.041545985119127, 13.209921276950507 ], [ -7.038353934118798, 13.212314695246452 ], [ -7.006732111659532, 13.242465815938296 ], [ -7.003203642259286, 13.242783637483859 ], [ -6.996098646376095, 13.249290590378935 ], [ -6.986149884792678, 13.25853804673898 ], [ -6.986129978926988, 13.260955689204801 ], [ -6.977238154612054, 13.270211027778672 ], [ -6.975452267747862, 13.272960020549409 ], [ -6.976131724326567, 13.276074000997545 ], [ -6.971155061402027, 13.280869947382209 ], [ -6.971143582452253, 13.282251441653072 ] ] } },
{ "type": "Feature", "properties": { "OBJECTID": 83, "arcid": 83, "from_node": 100, "to_node": 87, "Shape_Leng": 21786.3604289, "HydroID": 284, "GridID": 92, "NextDownID": 270, "DrainID": 92 }, "geometry": { "type": "LineString", "coordinates": [ [ -8.381210694135152, 13.154639359947353 ], [ -8.382090114903495, 13.155505418271886 ], [ -8.382084920975453, 13.157578867215777 ], [ -8.385250911459428, 13.160696658206607 ], [ -8.384893096467295, 13.162769262030064 ], [ -8.388411838803682, 13.165887862109736 ], [ -8.391583986552355, 13.166586554551635 ], [ -8.396509262730564, 13.171436265396974 ], [ -8.401438092004019, 13.17490358571591 ], [ -8.413076020235426, 13.174930476795025 ], [ -8.414131548614236, 13.175969624788273 ], [ -8.419068880919998, 13.175980854190909 ], [ -8.420828151871049, 13.177712724581678 ], [ -8.425765524997029, 13.177723826531569 ], [ -8.429285013788473, 13.180841893415128 ], [ -8.432106409220395, 13.180848157456339 ], [ -8.43632900993299, 13.185004424521699 ], [ -8.436678526609141, 13.186387509898397 ], [ -8.438089258195502, 13.186390606403728 ], [ -8.445130450444889, 13.19193521767072 ], [ -8.451124661703249, 13.192639288691925 ], [ -8.454998154798279, 13.195412196754372 ], [ -8.458172427429657, 13.195418930638178 ], [ -8.459228238272113, 13.196457901565955 ], [ -8.462049827117937, 13.196463843050362 ], [ -8.467329079068364, 13.201658582229717 ], [ -8.469092611930332, 13.201662244944247 ], [ -8.471909067423772, 13.204087133075021 ], [ -8.472967198688092, 13.204089313629039 ], [ -8.482118731806686, 13.213093093718445 ], [ -8.483880898352126, 13.213787816107736 ], [ -8.486350695406417, 13.213447205999374 ], [ -8.487406705346144, 13.214486066638168 ], [ -8.496224861612248, 13.214503584023527 ], [ -8.500449847148625, 13.218313266949894 ], [ -8.502566241008779, 13.21831739211134 ], [ -8.505746398430318, 13.215558903469095 ], [ -8.5075079621589, 13.216599046437933 ], [ -8.509271612464131, 13.216602436183704 ], [ -8.51208796017155, 13.219372480449758 ], [ -8.513146163900526, 13.219374497225726 ], [ -8.516668745055261, 13.221800254674978 ], [ -8.516664661108349, 13.223873740000869 ], [ -8.515957815790083, 13.224563567462708 ], [ -8.517012640057972, 13.226293472418657 ], [ -8.518424975615499, 13.225604973190725 ], [ -8.519481175690396, 13.226643707039644 ], [ -8.525477847561319, 13.226654910224513 ], [ -8.533222467953406, 13.234963155773325 ], [ -8.533923384212681, 13.237383513580124 ], [ -8.53533180973996, 13.238768409653741 ] ] } },
{ "type": "Feature", "properties": { "OBJECTID": 84, "arcid": 84, "from_node": 101, "to_node": 90, "Shape_Leng": 21619.9058252, "HydroID": 285, "GridID": 87, "NextDownID": 274, "DrainID": 87 }, "geometry": { "type": "LineString", "coordinates": [ [ -7.845260444501037, 13.149334037465918 ], [ -7.840483640862496, 13.152940605841051 ], [ -7.836603640722272, 13.153268594796078 ], [ -7.832715461564208, 13.155324139152983 ], [ -7.826719933487736, 13.155642351886515 ], [ -7.821760686707778, 13.160457056873076 ], [ -7.81964350771915, 13.160792861340543 ], [ -7.817872284880632, 13.162512355379583 ], [ -7.816799588618964, 13.165617168447746 ], [ -7.809721004627255, 13.171112879022036 ], [ -7.801612863600313, 13.170729608129395 ], [ -7.800911027396316, 13.170035276605978 ], [ -7.797029070148124, 13.170708157567519 ], [ -7.792802961219102, 13.169651732336328 ], [ -7.788907409387344, 13.17308862465109 ], [ -7.786440901651573, 13.172731443794474 ], [ -7.785037315818228, 13.171342702721329 ], [ -7.782921725050906, 13.171332675517229 ], [ -7.778669990840917, 13.175458755140495 ], [ -7.777617325137045, 13.174417170107416 ], [ -7.775854315444456, 13.174408762408994 ], [ -7.771968808345177, 13.175772281901724 ], [ -7.769863544201171, 13.173689057074229 ], [ -7.765276284951416, 13.174358061911006 ], [ -7.758901625219668, 13.179855638569412 ], [ -7.753259915009959, 13.179828268656284 ], [ -7.751852992248349, 13.179130383230083 ], [ -7.751139018514732, 13.180854508849086 ], [ -7.744078060458151, 13.182547614498839 ], [ -7.741951810724313, 13.184610304001545 ], [ -7.736659090843371, 13.185275309681201 ], [ -7.733116962851231, 13.188367487886783 ], [ -7.73135210155601, 13.188704274129581 ], [ -7.727448301714685, 13.193522158086147 ], [ -7.72637432757536, 13.196626473135034 ], [ -7.723184537411936, 13.199720238522158 ], [ -7.722099696688573, 13.204897571534783 ], [ -7.723148633102216, 13.206630387390319 ], [ -7.723125284319654, 13.211121982151493 ], [ -7.72064775474946, 13.212837184656907 ], [ -7.720278897900279, 13.215944981200858 ], [ -7.717443227273479, 13.218694899164966 ], [ -7.717081539664191, 13.220420661191307 ], [ -7.712827875989402, 13.224545457762758 ], [ -7.713151537799106, 13.230075320103552 ], [ -7.7117354007414, 13.231104726210232 ], [ -7.706445289766175, 13.231077996167771 ], [ -7.705381796707074, 13.232109150291709 ] ] } },
{ "type": "Feature", "properties": { "OBJECTID": 85, "arcid": 85, "from_node": 88, "to_node": 102, "Shape_Leng": 72419.438353399994, "HydroID": 286, "GridID": 90, "NextDownID": 287, "DrainID": 90 }, "geometry": { "type": "LineString", "coordinates": [ [ -7.68631705877097, 13.235812445662958 ], [ -7.682461748206177, 13.231300948918248 ], [ -7.67964596681075, 13.230249880444816 ], [ -7.678968542978566, 13.225063724112726 ], [ -7.680033962796896, 13.223687186086803 ], [ -7.676874936519697, 13.22090677219448 ], [ -7.676546500317499, 13.216413438944581 ], [ -7.67725924406357, 13.215035085237407 ], [ -7.675505331394034, 13.213298457221065 ], [ -7.675514649203584, 13.211570953846998 ], [ -7.674462320693187, 13.210528973421336 ], [ -7.672346484094048, 13.210518002644678 ], [ -7.669540343786191, 13.207739348896117 ], [ -7.667424535455724, 13.207728339704172 ], [ -7.66637225850492, 13.206686329600974 ], [ -7.663549317643366, 13.207017112890719 ], [ -7.657232142845211, 13.201455913261254 ], [ -7.652651822479423, 13.200740833582717 ], [ -7.651950367010733, 13.200046126216915 ], [ -7.648776777987199, 13.200029397327738 ], [ -7.64558605716142, 13.203122098922925 ], [ -7.642057903444255, 13.203448912925548 ], [ -7.639223512717051, 13.205852401697072 ], [ -7.638169460232087, 13.205155784030278 ], [ -7.633583397614829, 13.205476846206009 ], [ -7.633591083149957, 13.204094866395252 ], [ -7.631833732623543, 13.203048964667721 ], [ -7.62407217911594, 13.20369837051388 ], [ -7.622316816256149, 13.202306914483641 ], [ -7.619499737530322, 13.201600730893135 ], [ -7.618790616961463, 13.202287913158987 ], [ -7.618773138475418, 13.205397347445652 ], [ -7.615227425697995, 13.208833213761087 ], [ -7.608170951924328, 13.209485931457943 ], [ -7.60430971053144, 13.206355386725296 ], [ -7.605020842958536, 13.205322760361378 ], [ -7.604689801193029, 13.201520440458859 ], [ -7.602581961233018, 13.200126939327351 ], [ -7.600456440878017, 13.201842833950458 ], [ -7.599053853611322, 13.200453159126679 ], [ -7.604015960676393, 13.195988744956411 ], [ -7.604029690521056, 13.193570309350644 ], [ -7.600521338056485, 13.190441655737947 ], [ -7.59523234647946, 13.190412710858309 ], [ -7.592053024025591, 13.191431758555629 ], [ -7.590280123790365, 13.193149507806623 ], [ -7.579000874639419, 13.19239618936323 ], [ -7.577598470258819, 13.191006413668942 ], [ -7.571956921990456, 13.190975029273046 ], [ -7.57089311156828, 13.19200558920091 ], [ -7.566655903862031, 13.193018405472065 ], [ -7.561719532214248, 13.19299073597738 ], [ -7.560317232563503, 13.191600876249341 ], [ -7.558201661302115, 13.191588978447152 ], [ -7.554304840506209, 13.194676470505401 ], [ -7.553603707545648, 13.193981522864668 ], [ -7.549368462532795, 13.194648559601966 ], [ -7.547267161819044, 13.192218192759251 ], [ -7.543036036196814, 13.192194163108043 ], [ -7.540198883304169, 13.194941953887206 ], [ -7.535262531065388, 13.194913770617058 ], [ -7.531056144164441, 13.190743780213749 ], [ -7.528588018871613, 13.190729616796769 ], [ -7.527524047299279, 13.191759977839435 ], [ -7.524000218733335, 13.191394208388108 ], [ -7.523290891799946, 13.192081101456951 ], [ -7.523280519185547, 13.193808494561692 ], [ -7.520090552752561, 13.196554003581461 ], [ -7.510215791338429, 13.196842236455666 ], [ -7.505621561465432, 13.198542906840201 ], [ -7.50244819345854, 13.198524366643671 ], [ -7.498198046909429, 13.201608855717096 ], [ -7.49643293451384, 13.201943980965304 ], [ -7.494304633984154, 13.204004388629096 ], [ -7.495356095703472, 13.205047030389874 ], [ -7.49464453602635, 13.206079305108803 ], [ -7.492528903863384, 13.206066851702364 ], [ -7.489342710600186, 13.208120974966125 ], [ -7.487586054651522, 13.2070741430597 ], [ -7.478764506002966, 13.208058304565967 ], [ -7.475928654393523, 13.210459812917819 ], [ -7.471697351777843, 13.210434571032982 ], [ -7.468889410814753, 13.208344888268305 ], [ -7.467126387826903, 13.208334332472493 ], [ -7.465707338861988, 13.209707754415451 ], [ -7.461116969985903, 13.210716629378716 ], [ -7.459343098994344, 13.212433356790198 ], [ -7.45616962091929, 13.212414223445002 ], [ -7.449075995155387, 13.21893541955443 ], [ -7.448018146017198, 13.218929000598736 ], [ -7.4465989332769, 13.22030229776308 ], [ -7.444835843029665, 13.220291578904551 ], [ -7.441997353521096, 13.223038121222674 ], [ -7.43952680851946, 13.223368528103769 ], [ -7.437058460477975, 13.223353446607661 ], [ -7.434257336190307, 13.220227010671294 ], [ -7.430713504207239, 13.22296909357391 ], [ -7.427182884278068, 13.223638344582731 ], [ -7.423304072305804, 13.223614446644397 ], [ -7.421547645972652, 13.222567180992758 ], [ -7.416260625721375, 13.222189003117091 ], [ -7.41520947326062, 13.221146066403042 ], [ -7.409569895236721, 13.220765569349242 ], [ -7.405715848245661, 13.216941362680863 ], [ -7.404305422882036, 13.216932565261407 ], [ -7.399050130588126, 13.211717639675147 ], [ -7.39554221318973, 13.208931890297652 ], [ -7.394134099575336, 13.208577585108397 ], [ -7.387127624033315, 13.201624109127188 ], [ -7.382566808337216, 13.198140636029645 ], [ -7.378338188207946, 13.197768419498393 ], [ -7.376937015178112, 13.196377666617499 ], [ -7.355780511436341, 13.196588166078866 ], [ -7.353662788506752, 13.19692002486623 ], [ -7.350109280214478, 13.20104273009302 ], [ -7.344802065499596, 13.203772179832885 ], [ -7.343060147283517, 13.20065173768187 ], [ -7.341290293066205, 13.201676665665099 ], [ -7.337766901158211, 13.201308347987259 ], [ -7.337050068773872, 13.203031005299719 ], [ -7.335280176238433, 13.204055886516743 ], [ -7.329993899859693, 13.203675986711804 ], [ -7.323252563499324, 13.209850196446578 ], [ -7.323238410775341, 13.211922863781517 ], [ -7.319007400350301, 13.211895094189947 ], [ -7.317944916737412, 13.212579028930707 ], [ -7.316880058388277, 13.213608400955343 ], [ -7.316153561225552, 13.216712748972716 ], [ -7.318598026979511, 13.220183426816101 ], [ -7.318567249648255, 13.224674193028184 ], [ -7.316792387109123, 13.22638980276758 ], [ -7.312215669435099, 13.225323241403677 ], [ -7.310466937397033, 13.22323893931234 ], [ -7.305885547804648, 13.222863157039839 ], [ -7.304122562716053, 13.222851465819815 ], [ -7.302352407823853, 13.223876083915755 ], [ -7.301980679062283, 13.226637266368483 ], [ -7.29457845743508, 13.226242514824339 ], [ -7.286864697215854, 13.219972746254458 ], [ -7.286871931919274, 13.218936431963375 ], [ -7.28477089045319, 13.2168496231119 ], [ -7.284778132223367, 13.215813309708574 ], [ -7.278827818750361, 13.209555177203759 ], [ -7.27885202532568, 13.206100808905285 ], [ -7.281334503393101, 13.204044772560541 ], [ -7.281349000749258, 13.201972148249725 ], [ -7.282423588572208, 13.199561184306038 ], [ -7.28561108260626, 13.197509823488943 ], [ -7.285635171030713, 13.194055439609397 ], [ -7.282116893342581, 13.192995503470643 ], [ -7.281051999899897, 13.194024719938691 ], [ -7.281394892676797, 13.195408836674217 ], [ -7.280332400286905, 13.19609261106026 ], [ -7.276850436001453, 13.189851049163943 ], [ -7.274397166610157, 13.187761819557606 ], [ -7.27339044511554, 13.180500529874235 ], [ -7.272342551636513, 13.179111658860021 ], [ -7.272006995623528, 13.176691228732164 ], [ -7.262547339037226, 13.168336478176315 ], [ -7.262224061144265, 13.164188872378631 ], [ -7.264001184838594, 13.162128188657432 ], [ -7.261540978624462, 13.161075184661277 ], [ -7.25734760025619, 13.155864991324382 ], [ -7.257408600646046, 13.147229132072692 ], [ -7.25954296808949, 13.144479986612964 ], [ -7.256742674571909, 13.141697399808036 ], [ -7.25498031629547, 13.141685442193989 ], [ -7.249029949803242, 13.135772331967912 ], [ -7.248325025550545, 13.135767531347234 ] ] } },
{ "type": "Feature", "properties": { "OBJECTID": 86, "arcid": 86, "from_node": 102, "to_node": 99, "Shape_Leng": 12515.8078835, "HydroID": 287, "GridID": 96, "NextDownID": 283, "DrainID": 96 }, "geometry": { "type": "LineString", "coordinates": [ [ -7.248325025550545, 13.135767531347234 ], [ -7.246183274459153, 13.139552877539005 ], [ -7.245125874082905, 13.139545662148844 ], [ -7.24267335870649, 13.13745621735664 ], [ -7.235621643627033, 13.137753374644305 ], [ -7.231367363127988, 13.141178616217198 ], [ -7.228897623424193, 13.141507058557531 ], [ -7.227832786049138, 13.142536057982111 ], [ -7.222898248243131, 13.142501989329231 ], [ -7.221480917630769, 13.143528522245152 ], [ -7.214784044291375, 13.143482094406558 ], [ -7.210171929382559, 13.147595335209042 ], [ -7.197835477638989, 13.147509106271904 ], [ -7.197125493231314, 13.148195007970832 ], [ -7.165051057521361, 13.147967944153201 ], [ -7.152279639020546, 13.158930271004577 ], [ -7.145582605827547, 13.158881985219971 ] ] } },
{ "type": "Feature", "properties": { "OBJECTID": 87, "arcid": 87, "from_node": 104, "to_node": 87, "Shape_Leng": 19874.8321842, "HydroID": 288, "GridID": 84, "NextDownID": 270, "DrainID": 84 }, "geometry": { "type": "LineString", "coordinates": [ [ -8.594117405835727, 13.101325045407483 ], [ -8.593755768103707, 13.106853892985209 ], [ -8.591283163560378, 13.109614691165978 ], [ -8.59091973113661, 13.116180291298569 ], [ -8.588800742376499, 13.118250445878394 ], [ -8.589143003850635, 13.124471575421373 ], [ -8.58349205536784, 13.129991895879996 ], [ -8.581720817674437, 13.134827246060111 ], [ -8.581328349742817, 13.158326520373398 ], [ -8.582384545642872, 13.159365000489293 ], [ -8.583085759195994, 13.161785246406893 ], [ -8.58061188193072, 13.164891495789323 ], [ -8.580602472942719, 13.17042086207028 ], [ -8.57883618168295, 13.172145900511428 ], [ -8.577427873464258, 13.170761240043618 ], [ -8.577074611640436, 13.171106244976336 ], [ -8.576362738394973, 13.174906516797453 ], [ -8.571061799374476, 13.181118251194851 ], [ -8.571058186568321, 13.183191758863579 ], [ -8.570351609720955, 13.183881746553061 ], [ -8.570348593452442, 13.185609669251123 ], [ -8.571052766199079, 13.186302019285034 ], [ -8.571049151845154, 13.18837552611434 ], [ -8.570342559625026, 13.18906551304339 ], [ -8.571034688239267, 13.196669549168307 ], [ -8.567500955512703, 13.200465042259886 ], [ -8.56749730717846, 13.202538544924497 ], [ -8.568553019103421, 13.203922666208571 ], [ -8.562543330285683, 13.211515327910307 ], [ -8.559368179887224, 13.211855463954949 ], [ -8.557959764532939, 13.210470698022645 ], [ -8.555490697739327, 13.210466420910235 ], [ -8.554077292831694, 13.211846297721719 ], [ -8.553720171340771, 13.214264763428776 ], [ -8.55053991667498, 13.217369450954997 ], [ -8.550538018538335, 13.218406198585834 ], [ -8.549477910531824, 13.219441084062298 ], [ -8.550180217283033, 13.221170239140534 ], [ -8.54947347010596, 13.221860161895405 ], [ -8.548413979217859, 13.222549460650677 ], [ -8.546650913682351, 13.222200757177282 ], [ -8.545590773821374, 13.223235625177235 ], [ -8.541357229400967, 13.223573648600819 ], [ -8.540993495800798, 13.229447909740374 ], [ -8.539933300514424, 13.23048275189414 ], [ -8.537464038573017, 13.23047829423337 ], [ -8.535342290392641, 13.23323910674466 ], [ -8.53533180973996, 13.238768409653741 ] ] } },
{ "type": "Feature", "properties": { "OBJECTID": 88, "arcid": 88, "from_node": 105, "to_node": 81, "Shape_Leng": 30807.328387199999, "HydroID": 289, "GridID": 77, "NextDownID": 265, "DrainID": 77 }, "geometry": { "type": "LineString", "coordinates": [ [ -8.102136991460123, 13.097835245754499 ], [ -8.102663909680802, 13.098355416339565 ], [ -8.101955091529556, 13.099389624351097 ], [ -8.102640128012606, 13.104920939784312 ], [ -8.105449215222446, 13.108040727572281 ], [ -8.105788030739449, 13.111843044566832 ], [ -8.107544552802786, 13.113576926527871 ], [ -8.107892123141232, 13.114960363094113 ], [ -8.107880910680889, 13.118070348384176 ], [ -8.112446826605121, 13.122923943460743 ], [ -8.112436904759383, 13.125688377599479 ], [ -8.11489252858606, 13.129152418376767 ], [ -8.113474789365061, 13.13122088874761 ], [ -8.111005497406449, 13.131557927248313 ], [ -8.111346893477469, 13.134669129421926 ], [ -8.110285410367954, 13.13570213479627 ], [ -8.110973168718195, 13.140542324202437 ], [ -8.11272743679125, 13.142967289497372 ], [ -8.11271998621225, 13.145040610735784 ], [ -8.12045006435876, 13.152669463574187 ], [ -8.121859274580578, 13.153019842436573 ], [ -8.125724520694027, 13.156834170780051 ], [ -8.126421186423393, 13.159255452358018 ], [ -8.125358424114768, 13.160634069630813 ], [ -8.127119086788618, 13.161331178037258 ], [ -8.128165957471341, 13.164444763304138 ], [ -8.133080865383253, 13.170681471426365 ], [ -8.132707546269492, 13.176554709820474 ], [ -8.133761836013216, 13.177594949690606 ], [ -8.133049242161901, 13.179665894439621 ], [ -8.133747247136734, 13.181741605009977 ], [ -8.135855884626244, 13.183822073888978 ], [ -8.1386771334837, 13.183831568436018 ], [ -8.141136080152563, 13.186604292084139 ], [ -8.141128843303925, 13.188677622952913 ], [ -8.143942936503112, 13.190760394946921 ], [ -8.141817292813705, 13.193517757150589 ], [ -8.142150674764276, 13.199047818708102 ], [ -8.143909253346248, 13.200435939504489 ], [ -8.143188231235966, 13.204925794163261 ], [ -8.147757580188337, 13.209433317619084 ], [ -8.146693497321879, 13.211157566011943 ], [ -8.146679088303605, 13.215304225521109 ], [ -8.145617374328058, 13.216337358300247 ], [ -8.14561136116038, 13.218065131322355 ], [ -8.147721598198148, 13.219799967220743 ], [ -8.147710797602606, 13.222909960266024 ], [ -8.146295137063129, 13.224287471808138 ], [ -8.145223747724577, 13.228085034316754 ], [ -8.146981340706638, 13.229818699922156 ], [ -8.146969320018199, 13.233274245134913 ], [ -8.153641325902139, 13.241935407414475 ], [ -8.152220795722423, 13.244695163069707 ], [ -8.146558821467234, 13.249859666199258 ], [ -8.144087144387013, 13.250542503673081 ], [ -8.143730766604945, 13.251577980707555 ], [ -8.14830454859149, 13.255048869386991 ], [ -8.152535269887991, 13.255754077701882 ], [ -8.153238401091389, 13.256447529321024 ], [ -8.153923611898438, 13.262324294081672 ], [ -8.1514482265006, 13.264043857544252 ], [ -8.151441033031208, 13.266117181469788 ], [ -8.150025126144582, 13.267494695244309 ], [ -8.150017918672519, 13.269568016937431 ], [ -8.149309953317838, 13.270256770417534 ], [ -8.150004701777318, 13.273369107631838 ], [ -8.148930699746916, 13.277857769223441 ], [ -8.151741040898122, 13.281322720928664 ], [ -8.151732639968731, 13.283741595567587 ], [ -8.154192673224454, 13.286514241990186 ], [ -8.154189081978947, 13.287550903360996 ], [ -8.152071041449245, 13.287889412714737 ], [ -8.151016225505469, 13.28684922356881 ], [ -8.150309411326655, 13.287192422917748 ], [ -8.14957851691328, 13.294446681354064 ], [ -8.14745558233162, 13.296167358771996 ], [ -8.148509214784212, 13.297553116143375 ], [ -8.147796329418426, 13.299624069141323 ], [ -8.144612434435992, 13.302032274076282 ], [ -8.143553954383162, 13.302028710684757 ], [ -8.14001350070064, 13.305472319351042 ], [ -8.140004967582728, 13.307891181980807 ] ] } },
{ "type": "Feature", "properties": { "OBJECTID": 89, "arcid": 89, "from_node": 103, "to_node": 80, "Shape_Leng": 61263.995219099997, "HydroID": 290, "GridID": 75, "NextDownID": 264, "DrainID": 75 }, "geometry": { "type": "LineString", "coordinates": [ [ -6.394077979986793, 13.089687204982313 ], [ -6.389285161693068, 13.093264096498944 ], [ -6.3865221926322, 13.088057025203229 ], [ -6.386191845687383, 13.085982045464108 ], [ -6.384797664776841, 13.084586829301042 ], [ -6.383036739778444, 13.084568973626149 ], [ -6.38125758260566, 13.086277274443091 ], [ -6.379852486662662, 13.085917736454281 ], [ -6.376319672018139, 13.086917638979788 ], [ -6.373828765264284, 13.089309174181645 ], [ -6.373443642037575, 13.092412672026478 ], [ -6.372012898104274, 13.09446970446907 ], [ -6.363897730209365, 13.095767921168274 ], [ -6.362830118292595, 13.096792800357461 ], [ -6.360361067279216, 13.097112793780314 ], [ -6.359638272136407, 13.09883171622077 ], [ -6.359968385618274, 13.100906689294215 ], [ -6.358900733323805, 13.10193154450676 ], [ -6.358827054349649, 13.108836085715602 ], [ -6.353829621868703, 13.114999529878773 ], [ -6.351360389747502, 13.115319399725838 ], [ -6.349580794675281, 13.117027395409437 ], [ -6.347467468603269, 13.117005626078267 ], [ -6.346421920162658, 13.115959065499906 ], [ -6.340078284748108, 13.116238854455416 ], [ -6.338346921237498, 13.11345888247768 ], [ -6.338365494484243, 13.111732776696913 ], [ -6.336259667365697, 13.111020483178489 ], [ -6.33341222775707, 13.113753078584237 ], [ -6.333397339373784, 13.11513395670233 ], [ -6.330898308217749, 13.118215376893186 ], [ -6.330887127632958, 13.11925103300929 ], [ -6.328766354665556, 13.11991954282513 ], [ -6.32591872643437, 13.122652017965017 ], [ -6.323453171476414, 13.122626381457485 ], [ -6.322741249462381, 13.123309485892234 ], [ -6.322359103071687, 13.126067550435167 ], [ -6.317068223255744, 13.126702928284706 ], [ -6.314932360083002, 13.128752160826139 ], [ -6.312826503629467, 13.128039661231304 ], [ -6.307187132623899, 13.128325930314528 ], [ -6.304695192930547, 13.130716581258547 ], [ -6.304672589132483, 13.132787847649492 ], [ -6.307108090361776, 13.135575376877215 ], [ -6.307077966529083, 13.138337069481212 ], [ -6.303873878293839, 13.141410728166612 ], [ -6.303506547591592, 13.142787874036728 ], [ -6.303491457838327, 13.144168715087508 ], [ -6.306635301731794, 13.146618449903434 ], [ -6.306275511652933, 13.147305178830107 ], [ -6.304855189743123, 13.148326029207517 ], [ -6.300972857854265, 13.148975756558361 ], [ -6.297760978421569, 13.152739712938502 ], [ -6.293848263299031, 13.156150974138985 ], [ -6.292439220847307, 13.156136114980974 ], [ -6.284605834324529, 13.163648751747209 ], [ -6.263469892184285, 13.1634241684604 ], [ -6.262401597638468, 13.164448488310473 ], [ -6.258882808014514, 13.164065674563243 ], [ -6.252472794878116, 13.17021135512039 ], [ -6.251052157899132, 13.171231837324013 ], [ -6.249643079713464, 13.171216726435858 ], [ -6.246797904458011, 13.173602834331088 ], [ -6.238602712369146, 13.181800268888894 ], [ -6.235768949595791, 13.183150638211901 ], [ -6.229357881458697, 13.189295519841279 ], [ -6.225834993737775, 13.189257379036841 ], [ -6.221302065919248, 13.185065498809287 ], [ -6.211438247074664, 13.184958306484692 ], [ -6.209301080688798, 13.187006378938046 ], [ -6.206134486712982, 13.186626631329595 ], [ -6.203985490050413, 13.189710187814772 ], [ -6.203288779418621, 13.189012133745701 ], [ -6.195182407726381, 13.189268692815329 ], [ -6.18913842170934, 13.194035486962656 ], [ -6.188081569885459, 13.194023879835555 ], [ -6.18389767685776, 13.190180492374351 ], [ -6.179670363789704, 13.190133964661998 ], [ -6.178601652278321, 13.191157839410479 ], [ -6.172965241294259, 13.191095665985193 ], [ -6.169766950818374, 13.193476828817976 ], [ -6.165187356266278, 13.193426155691331 ], [ -6.15805003460745, 13.201286862641751 ], [ -6.151312600434404, 13.205009230830443 ], [ -6.138982587113467, 13.204871611071386 ], [ -6.134058678198674, 13.204126079806548 ], [ -6.131564484258196, 13.206514545479255 ], [ -6.128746214848546, 13.206482920818976 ], [ -6.128033573330774, 13.207165323506246 ], [ -6.123109698109865, 13.206419578629806 ], [ -6.12238086041464, 13.208482582803938 ], [ -6.123425578081924, 13.209529940775735 ], [ -6.115946465841948, 13.216349668990084 ], [ -6.093399925202621, 13.21609424274793 ], [ -6.091302579803973, 13.214689612509698 ], [ -6.090589827670058, 13.215371883884691 ], [ -6.090557078949819, 13.21813304658067 ], [ -6.089131543291098, 13.219497576987647 ], [ -6.085960941613799, 13.219461436629706 ], [ -6.083105688868322, 13.222535564159196 ], [ -6.080991938898351, 13.222511419697662 ], [ -6.077792525905813, 13.224891158116607 ], [ -6.073204476168153, 13.225528998691892 ], [ -6.069283862869454, 13.229281082262021 ], [ -6.067874674174875, 13.229264903613577 ], [ -6.061106535176372, 13.235400392396048 ], [ -6.061085828420338, 13.237126069700862 ], [ -6.05289142712546, 13.244625547498629 ], [ -6.052141069426762, 13.248413862016351 ], [ -6.047863270487724, 13.252506523266788 ], [ -6.048891093814587, 13.254934681033026 ], [ -6.048509606696262, 13.25734651917182 ], [ -6.049533281554884, 13.260119810362964 ], [ -6.046333076234764, 13.262498980840043 ], [ -6.046291363451562, 13.265950282703711 ], [ -6.04697519304529, 13.267684106756732 ], [ -6.040213740850615, 13.273128434428665 ], [ -6.039135765441152, 13.274841779958681 ], [ -6.038372444715063, 13.279665364421122 ], [ -6.037302798102615, 13.280688438056991 ], [ -6.034836273170344, 13.280659702599923 ], [ -6.031644047576565, 13.282348348078623 ], [ -6.029538280920888, 13.281633420424594 ], [ -6.025972624279857, 13.285043485109508 ], [ -6.026622667028108, 13.289538329642811 ], [ -6.024126597874153, 13.291925329738238 ], [ -6.019189167375696, 13.292212652623181 ], [ -6.017083381029172, 13.291497611875647 ], [ -6.016370195870844, 13.292179581507259 ], [ -6.013198861271475, 13.292142339255832 ], [ -6.011432784185846, 13.292466750460056 ], [ -6.00964977347761, 13.294171620357735 ], [ -6.006835040788672, 13.293793321887726 ], [ -6.005408604558585, 13.295157185456713 ], [ -6.003307102226051, 13.294096917927057 ] ] } },
{ "type": "Feature", "properties": { "OBJECTID": 90, "arcid": 90, "from_node": 106, "to_node": 102, "Shape_Leng": 14628.497515, "HydroID": 291, "GridID": 98, "NextDownID": 287, "DrainID": 98 }, "geometry": { "type": "LineString", "coordinates": [ [ -7.320720507533877, 13.063703347912549 ], [ -7.319301669269855, 13.065075978392889 ], [ -7.3150708385394, 13.065393894377818 ], [ -7.313651961192313, 13.066766489581324 ], [ -7.311890084139859, 13.066754986763719 ], [ -7.309406997011081, 13.069156985003501 ], [ -7.302352358693925, 13.070147111527691 ], [ -7.292774014217764, 13.079411379852189 ], [ -7.292397847301357, 13.082863476475012 ], [ -7.286366569643658, 13.088696281272988 ], [ -7.280018554461567, 13.089344956167514 ], [ -7.274698877514339, 13.094145812203438 ], [ -7.273289248029897, 13.094136379151873 ], [ -7.267619346496148, 13.098589260490563 ], [ -7.258809057652022, 13.098529916177862 ], [ -7.254198510021697, 13.102644160186861 ], [ -7.251704774542564, 13.106427220372419 ], [ -7.252037682609918, 13.109193088136859 ], [ -7.246717061541824, 13.113993238135361 ], [ -7.245999956058789, 13.115715604513442 ], [ -7.250202275340949, 13.119544148035635 ], [ -7.250170498900888, 13.124034787850192 ], [ -7.251220505509597, 13.125078275596431 ], [ -7.255804759162872, 13.124763934025587 ], [ -7.256130400887587, 13.128566104578191 ], [ -7.25541086328297, 13.130633933603795 ], [ -7.251152059186628, 13.134750421707089 ], [ -7.248325025550545, 13.135767531347234 ] ] } },
{ "type": "Feature", "properties": { "OBJECTID": 91, "arcid": 91, "from_node": 107, "to_node": 104, "Shape_Leng": 6323.6130961099998, "HydroID": 292, "GridID": 100, "NextDownID": 288, "DrainID": 100 }, "geometry": { "type": "LineString", "coordinates": [ [ -8.628544497789926, 13.066990690179944 ], [ -8.626603807288468, 13.068197461881988 ], [ -8.622726046737291, 13.06819183098624 ], [ -8.621314371300009, 13.069226538818809 ], [ -8.618848817344853, 13.067840552347542 ], [ -8.616730480111748, 13.069910962454777 ], [ -8.614967851737113, 13.069908342504009 ], [ -8.614964637058682, 13.071981879410314 ], [ -8.612845693172147, 13.074397844296666 ], [ -8.608612585369482, 13.076119416174771 ], [ -8.608610950767694, 13.077156182936006 ], [ -8.6057862740275, 13.079916605233077 ], [ -8.604724801494608, 13.082334110081399 ], [ -8.600134503691649, 13.08681970414338 ], [ -8.600132275092708, 13.088202058146313 ], [ -8.598013607446438, 13.090272302149915 ], [ -8.597648713944931, 13.097874691332475 ], [ -8.594117405835727, 13.101325045407483 ] ] } },
{ "type": "Feature", "properties": { "OBJECTID": 92, "arcid": 92, "from_node": 108, "to_node": 79, "Shape_Leng": 54485.5051676, "HydroID": 293, "GridID": 72, "NextDownID": 263, "DrainID": 72 }, "geometry": { "type": "LineString", "coordinates": [ [ -6.892108240345096, 13.040358480420691 ], [ -6.892080444965029, 13.04363942723676 ], [ -6.894170596855761, 13.046419537819775 ], [ -6.894085766205531, 13.05643506503942 ], [ -6.895130891111891, 13.057825122589708 ], [ -6.895107486129919, 13.060588026667368 ], [ -6.896854275071551, 13.062329179293515 ], [ -6.89713637214968, 13.070620765008075 ], [ -6.900956136189332, 13.077214197936449 ], [ -6.900245678823595, 13.077899195866927 ], [ -6.899194606183884, 13.077199871407579 ], [ -6.897782458304465, 13.077533764559043 ], [ -6.894591191950055, 13.07992546532474 ], [ -6.889658880348627, 13.079885191088904 ], [ -6.888948387859005, 13.080570151868811 ], [ -6.887186847693394, 13.080555739825215 ], [ -6.885087724167845, 13.078811628088863 ], [ -6.884027864863298, 13.079148327541553 ], [ -6.883329148345767, 13.078451831880619 ], [ -6.882263392230635, 13.079479243867011 ], [ -6.882186710046955, 13.088458589781201 ], [ -6.878275743578429, 13.09257104852281 ], [ -6.875107802375487, 13.092199586147531 ], [ -6.874388348017305, 13.093920566710272 ], [ -6.872256611969446, 13.095975276034466 ], [ -6.87221804669165, 13.10046491531296 ], [ -6.873606620136004, 13.102894044469844 ], [ -6.869339950749082, 13.10734875431287 ], [ -6.870370232062043, 13.110465698686044 ], [ -6.866816997785254, 13.113890097072355 ], [ -6.866452733640965, 13.115268598104866 ], [ -6.866793172674261, 13.116652938355513 ], [ -6.868554946074841, 13.116667528915839 ], [ -6.871039266042214, 13.114615798632618 ], [ -6.873479014366894, 13.117744387963276 ], [ -6.873470105763268, 13.118780458281762 ], [ -6.871702367262237, 13.11945661113772 ], [ -6.871681559167776, 13.121874104081849 ], [ -6.86777280580506, 13.125640929903987 ], [ -6.866724645047109, 13.124596103625013 ], [ -6.861448132162581, 13.123516171482152 ], [ -6.859695287851893, 13.122465464215178 ], [ -6.857198826314863, 13.125898468518931 ], [ -6.857186849416633, 13.127279878793335 ], [ -6.859283104859461, 13.129369597737142 ], [ -6.858903798683638, 13.132474841619674 ], [ -6.856413198751559, 13.135217113290853 ], [ -6.856398210909827, 13.136943874874037 ], [ -6.860943267541141, 13.141126266856279 ], [ -6.865876707182124, 13.141167277075573 ], [ -6.868355360933457, 13.139806326950243 ], [ -6.87393408156753, 13.146760141869335 ], [ -6.878136145313331, 13.149903311707522 ], [ -6.879877390960578, 13.152335360930914 ], [ -6.879868484895066, 13.153371432786534 ], [ -6.878446962238438, 13.154741217852196 ], [ -6.875980084432938, 13.154720824490088 ], [ -6.871371918614751, 13.157791085001703 ], [ -6.86571237398964, 13.160161747242691 ], [ -6.860739585299974, 13.16461025803658 ], [ -6.857887187451189, 13.168385607853233 ], [ -6.85786315969118, 13.171148421286992 ], [ -6.858899431615728, 13.173574712577535 ], [ -6.861333471084312, 13.177394174876632 ], [ -6.864478466677631, 13.180528792308706 ], [ -6.864803941892017, 13.18363990468511 ], [ -6.866548221435224, 13.185726701719606 ], [ -6.866437345340709, 13.198504764155151 ], [ -6.868856719090651, 13.204050970111268 ], [ -6.868847730295941, 13.205087029454782 ], [ -6.867422813486701, 13.206802047070035 ], [ -6.867407818423817, 13.208528810604109 ], [ -6.869860241768386, 13.210276135430728 ], [ -6.872683148147512, 13.209954250379322 ], [ -6.871948234689378, 13.21340192340641 ], [ -6.873710704674352, 13.213416584045982 ], [ -6.8743977495119, 13.215494570418633 ], [ -6.872590350658278, 13.220660218034148 ], [ -6.873638883803289, 13.221705080103922 ], [ -6.873620920915634, 13.223777203220573 ], [ -6.87641408269619, 13.226908843301194 ], [ -6.876730707214691, 13.231056025824182 ], [ -6.872820017350786, 13.234822646601597 ], [ -6.869999821095553, 13.234799136622691 ], [ -6.869288767450611, 13.23548395905209 ], [ -6.869960791043262, 13.239288720854788 ], [ -6.866769973346305, 13.241334336669761 ], [ -6.86535984218639, 13.241322546478726 ], [ -6.861855623096139, 13.23887558206645 ], [ -6.860798038382293, 13.238866721410002 ], [ -6.859375856528106, 13.240236300529739 ], [ -6.856558644739995, 13.239867283258651 ], [ -6.853346542169304, 13.244330153970914 ], [ -6.849796943955682, 13.247063254432273 ], [ -6.850489888998305, 13.248450588061424 ], [ -6.847666540720324, 13.248772154686463 ], [ -6.844110734716218, 13.252195848050299 ], [ -6.839533777201272, 13.251466373264833 ], [ -6.838467002892398, 13.252493447517265 ], [ -6.835288015581358, 13.253157223105815 ], [ -6.833154411946288, 13.25521132123689 ], [ -6.828565203669039, 13.255863016434766 ], [ -6.827498369426313, 13.256890033488842 ], [ -6.82150202301808, 13.257184232678465 ], [ -6.819723907427272, 13.258895865865933 ], [ -6.806324080113942, 13.25912626485149 ], [ -6.789614073400832, 13.274523130476291 ], [ -6.78855638559082, 13.27451394646577 ], [ -6.786777931500758, 13.276225291698113 ], [ -6.785364543321937, 13.276558361008624 ], [ -6.778250430984444, 13.283403530591679 ], [ -6.777192713821449, 13.283394293350394 ], [ -6.775769838299425, 13.284763289128586 ], [ -6.767304929200626, 13.285034505907882 ], [ -6.764459048184202, 13.287772354368357 ], [ -6.760933295761246, 13.287741345490392 ], [ -6.758449413887039, 13.28944623761859 ], [ -6.753103522821376, 13.295615408637163 ], [ -6.74993026878988, 13.295587345031533 ], [ -6.744596810834977, 13.300374989815172 ], [ -6.740365748790945, 13.300337408199697 ], [ -6.736096213100228, 13.304443593159021 ], [ -6.734333250741526, 13.304427879055128 ], [ -6.726505351466526, 13.311955571558993 ], [ -6.724742345623235, 13.311939782195338 ], [ -6.722607367811747, 13.31399271607996 ] ] } },
{ "type": "Feature", "properties": { "OBJECTID": 93, "arcid": 93, "from_node": 109, "to_node": 95, "Shape_Leng": 22703.9343649, "HydroID": 294, "GridID": 95, "NextDownID": 279, "DrainID": 95 }, "geometry": { "type": "LineString", "coordinates": [ [ -5.671109704152365, 13.027020875249553 ], [ -5.677008674967428, 13.03330795636872 ], [ -5.675902310198558, 13.037089546637802 ], [ -5.677291437372365, 13.038487680022818 ], [ -5.675796230828076, 13.04502484851748 ], [ -5.673657120476999, 13.047067772219398 ], [ -5.675384333060682, 13.049505490272223 ], [ -5.675713163238928, 13.051235079772439 ], [ -5.672147848085162, 13.054639915484847 ], [ -5.672078499329483, 13.059815085642263 ], [ -5.668531515543388, 13.06183978742645 ], [ -5.664308449274216, 13.061785285465273 ], [ -5.662914677909113, 13.06073207836574 ], [ -5.659043572453916, 13.06068204093882 ], [ -5.65513529476178, 13.063391987511256 ], [ -5.655084146777963, 13.067187044361379 ], [ -5.653301254040459, 13.068889265288778 ], [ -5.653916683932743, 13.075453474220815 ], [ -5.653541466940735, 13.077173932165586 ], [ -5.651758476171956, 13.078876121404667 ], [ -5.651683907371135, 13.084396177112707 ], [ -5.651308646494842, 13.086116623804124 ], [ -5.649882182534418, 13.087478347393535 ], [ -5.649821522803405, 13.091963381581593 ], [ -5.645546616432588, 13.095703461313658 ], [ -5.64444396376794, 13.099139718177659 ], [ -5.639793448809805, 13.104600057979999 ], [ -5.63973721152074, 13.108740041270407 ], [ -5.638301159083832, 13.110791648353279 ], [ -5.624404368634788, 13.123031745892588 ], [ -5.621940414962044, 13.12299939298644 ], [ -5.620513566628247, 13.124360859625524 ], [ -5.619419808872862, 13.127106907008264 ], [ -5.619344233241685, 13.132626757870904 ], [ -5.616480900837909, 13.136039594362186 ], [ -5.615653835686602, 13.145000039201097 ], [ -5.622247750223608, 13.15198793240009 ], [ -5.622904544824626, 13.155447110555567 ], [ -5.624293798747106, 13.15684560779011 ], [ -5.624969526265319, 13.158924822646103 ], [ -5.625241209978702, 13.164794316941149 ], [ -5.627667786026394, 13.167586680679035 ], [ -5.627240087606831, 13.173101928059372 ], [ -5.62861999120993, 13.175190415520715 ], [ -5.6285868959239, 13.177605364741973 ], [ -5.627464446214458, 13.182421354308119 ], [ -5.626037192211874, 13.183782771525367 ] ] } },
{ "type": "Feature", "properties": { "OBJECTID": 94, "arcid": 94, "from_node": 110, "to_node": 104, "Shape_Leng": 7693.2516084600002, "HydroID": 295, "GridID": 101, "NextDownID": 288, "DrainID": 101 }, "geometry": { "type": "LineString", "coordinates": [ [ -8.578353313824667, 13.041512881856187 ], [ -8.577987937304259, 13.049115256038476 ], [ -8.580803236115136, 13.051884546846738 ], [ -8.58009473816862, 13.053956934722221 ], [ -8.580090653138283, 13.056376053503056 ], [ -8.581146421417728, 13.057414532695761 ], [ -8.580791001246142, 13.05914190365235 ], [ -8.583607600213421, 13.061219989701511 ], [ -8.585722673146552, 13.061223386635936 ], [ -8.586426547154666, 13.061915691856806 ], [ -8.586762965204437, 13.071592730118651 ], [ -8.588872977629013, 13.074706398351033 ], [ -8.58885465692506, 13.085765218393545 ], [ -8.592021897348847, 13.089226132388839 ], [ -8.592724164556037, 13.090955186372435 ], [ -8.593066508055484, 13.097176324709892 ], [ -8.594474499982082, 13.09856089759414 ], [ -8.594117405835727, 13.101325045407483 ] ] } },
{ "type": "Feature", "properties": { "OBJECTID": 95, "arcid": 95, "from_node": 111, "to_node": 85, "Shape_Leng": 39058.725515400001, "HydroID": 296, "GridID": 99, "NextDownID": 269, "DrainID": 99 }, "geometry": { "type": "LineString", "coordinates": [ [ -6.593510442283154, 13.029467251772056 ], [ -6.593495426045352, 13.03102106454328 ], [ -6.59171789820521, 13.032731154132444 ], [ -6.591308927029626, 13.038597827568772 ], [ -6.588461402917148, 13.041679209046508 ], [ -6.586341626438649, 13.042350090467117 ], [ -6.583138460305526, 13.045773398227041 ], [ -6.583094831429371, 13.050262150558448 ], [ -6.584134626331759, 13.051998464560221 ], [ -6.585110676062402, 13.06029526714325 ], [ -6.588226879161382, 13.065849496050502 ], [ -6.58819669184119, 13.068957100549728 ], [ -6.589937670008813, 13.071045276384371 ], [ -6.58991755198227, 13.073117014898727 ], [ -6.592359675083387, 13.07555704610675 ], [ -6.592671696096531, 13.079703814122427 ], [ -6.588052355724247, 13.083804534128515 ], [ -6.584167637234393, 13.084804152446049 ], [ -6.583100820047233, 13.085830118798784 ], [ -6.58307052071518, 13.088937706711139 ], [ -6.581648064212387, 13.090305649777648 ], [ -6.580591323594621, 13.09029573921168 ], [ -6.579517722005615, 13.092012257405116 ], [ -6.584080130194825, 13.093781634320022 ], [ -6.587572396743279, 13.096922210975622 ], [ -6.590393820925782, 13.096603277334086 ], [ -6.592171893633772, 13.094893284811155 ], [ -6.598515865621601, 13.094607128045753 ], [ -6.601672815044756, 13.096017804012085 ], [ -6.60343411642291, 13.096034182356899 ], [ -6.607282305381666, 13.098832520107253 ], [ -6.606886658438064, 13.103318062679401 ], [ -6.611422886464771, 13.107849378164884 ], [ -6.612486386960448, 13.107168586578865 ], [ -6.614952341023097, 13.107191428616558 ], [ -6.618112890500102, 13.108256649747393 ], [ -6.6195319825269, 13.107233787059004 ], [ -6.625876362646398, 13.106947005325155 ], [ -6.629040289023212, 13.107666801279784 ], [ -6.631865169969498, 13.107002125977747 ], [ -6.636734490159713, 13.113608124888518 ], [ -6.636342598609978, 13.117748495292389 ], [ -6.640191541048968, 13.120546458072786 ], [ -6.642305372657969, 13.120565830603407 ], [ -6.644050448979226, 13.122308471763544 ], [ -6.645811992698414, 13.122324592471321 ], [ -6.647906133142226, 13.124415739445537 ], [ -6.647896274865416, 13.125451647866607 ], [ -6.654521420752934, 13.132764150970086 ], [ -6.654495186758261, 13.135526585503529 ], [ -6.657287620655987, 13.138314723385383 ], [ -6.657258128869427, 13.141422467822737 ], [ -6.658990348338661, 13.144546267733631 ], [ -6.662830158409655, 13.148379918275054 ], [ -6.662813800803615, 13.150106447577427 ], [ -6.665257392594172, 13.152546025789432 ], [ -6.665218158277399, 13.156689703363995 ], [ -6.668705869649799, 13.160520103884414 ], [ -6.668689537534067, 13.162246639724355 ], [ -6.669736856625805, 13.163292163566167 ], [ -6.669678063273803, 13.16950769320797 ], [ -6.671756447289843, 13.173325277802444 ], [ -6.672412250019826, 13.178511290623236 ], [ -6.670986328685827, 13.180225023300078 ], [ -6.671328923460795, 13.181264146709475 ], [ -6.669560385863176, 13.181938743604297 ], [ -6.666708439384429, 13.185366151633138 ], [ -6.666695337126096, 13.186747374961906 ], [ -6.672979845941204, 13.193020605984758 ], [ -6.672973308668197, 13.193711220352592 ], [ -6.677868018203514, 13.197899713565095 ], [ -6.677832120330328, 13.201698104784111 ], [ -6.708575515477681, 13.230984148891404 ], [ -6.710690398173513, 13.231003115435826 ], [ -6.71592612297953, 13.236575522514606 ], [ -6.72113958789522, 13.244565083505321 ], [ -6.723254606385216, 13.244583965055378 ], [ -6.723953192944744, 13.24528089145196 ], [ -6.724251121745267, 13.251154447218928 ], [ -6.72494972721123, 13.251851374952532 ], [ -6.724933674325157, 13.253577966183629 ], [ -6.724222217597863, 13.254262311714713 ], [ -6.724837309074986, 13.263937512787042 ], [ -6.72588526730523, 13.264982908427081 ] ] } },
{ "type": "Feature", "properties": { "OBJECTID": 96, "arcid": 96, "from_node": 112, "to_node": 106, "Shape_Leng": 8587.44916466, "HydroID": 297, "GridID": 103, "NextDownID": 291, "DrainID": 103 }, "geometry": { "type": "LineString", "coordinates": [ [ -7.379812896298636, 13.026423924833672 ], [ -7.376971750145706, 13.029860879837807 ], [ -7.375880953764356, 13.035036136763827 ], [ -7.374462565807868, 13.036409128709828 ], [ -7.371643819347204, 13.036391422063566 ], [ -7.368452356969803, 13.039480581220669 ], [ -7.364926622601687, 13.039803812694394 ], [ -7.359959625182179, 13.044954450996711 ], [ -7.359950516043709, 13.046336273611558 ], [ -7.355694855506601, 13.050454901560478 ], [ -7.352875976514394, 13.050436971769233 ], [ -7.350398002897849, 13.052148527008276 ], [ -7.345103389499895, 13.053496582500308 ], [ -7.343684733653187, 13.054869371138523 ], [ -7.334520971503936, 13.055155993209562 ], [ -7.332747572186857, 13.056871895376373 ], [ -7.326041013408724, 13.058555894247721 ], [ -7.320720507533877, 13.063703347912549 ] ] } },
{ "type": "Feature", "properties": { "OBJECTID": 97, "arcid": 97, "from_node": 113, "to_node": 85, "Shape_Leng": 38722.208365899998, "HydroID": 298, "GridID": 81, "NextDownID": 269, "DrainID": 81 }, "geometry": { "type": "LineString", "coordinates": [ [ -6.790419716745883, 13.007391461107185 ], [ -6.794434697386053, 13.011397344396505 ], [ -6.79441331803016, 13.013814733387665 ], [ -6.798599984428853, 13.018340088445855 ], [ -6.798578633646179, 13.020757482949987 ], [ -6.804511314822436, 13.027024440581384 ], [ -6.807265163637988, 13.034300519972955 ], [ -6.807593055018682, 13.037066251776221 ], [ -6.812132552521196, 13.041594464059195 ], [ -6.813893729461692, 13.041609344406826 ], [ -6.819131859003473, 13.04683410635549 ], [ -6.819815154457674, 13.049257466913295 ], [ -6.822940026050139, 13.054464367980238 ], [ -6.822927926308958, 13.055845754539206 ], [ -6.824671079280682, 13.057932660230346 ], [ -6.824658985831052, 13.059314048015525 ], [ -6.8274468931321, 13.06279122314375 ], [ -6.827768957369293, 13.066247660030099 ], [ -6.825995496538424, 13.067614235667891 ], [ -6.822123502769764, 13.067236254298082 ], [ -6.821759110659555, 13.068614668784335 ], [ -6.81891663580224, 13.071353655314924 ], [ -6.818901462668483, 13.073080382501221 ], [ -6.816769547909952, 13.075134592502092 ], [ -6.816754355298906, 13.076861316703834 ], [ -6.815330006295697, 13.078576118825243 ], [ -6.813884330995561, 13.082708318527761 ], [ -6.811752285554309, 13.084762466039228 ], [ -6.806118612923139, 13.084369263311979 ], [ -6.805407910951725, 13.085053955826082 ], [ -6.804684974634211, 13.087120012970054 ], [ -6.805386513258401, 13.087471348991842 ], [ -6.805377341497236, 13.088507375001788 ], [ -6.802889815614749, 13.09090377180809 ], [ -6.802166834338275, 13.092969814996016 ], [ -6.802846947012623, 13.095738547270562 ], [ -6.802136200586571, 13.096423224521777 ], [ -6.799317719469827, 13.096399183517214 ], [ -6.798619237562342, 13.095702487734817 ], [ -6.796505387129742, 13.095684432017874 ], [ -6.795794626227739, 13.096369089019266 ], [ -6.795748526754751, 13.101549178393292 ], [ -6.791836094048029, 13.105660064772408 ], [ -6.790779131266896, 13.105651004532506 ], [ -6.788291287551397, 13.108047208539611 ], [ -6.788612752310771, 13.111503606068503 ], [ -6.786112460520776, 13.115281122305397 ], [ -6.779009983342105, 13.121436465801203 ], [ -6.777606829406964, 13.120733631393632 ], [ -6.776565338463807, 13.118997831073408 ], [ -6.772337306374987, 13.118961277212923 ], [ -6.771638859432136, 13.118264512203286 ], [ -6.76917252158298, 13.118243151536921 ], [ -6.768099937359116, 13.119960651332162 ], [ -6.768068762624717, 13.123413972845437 ], [ -6.774707283611899, 13.129687952829467 ], [ -6.774694842135332, 13.131069287292448 ], [ -6.77574257525902, 13.132114431669381 ], [ -6.775627468778359, 13.144891773044296 ], [ -6.764603803406494, 13.155847556496271 ], [ -6.764594410745709, 13.156883548323975 ], [ -6.759978862274147, 13.160642241040339 ], [ -6.754277658416838, 13.16749952701109 ], [ -6.753893767909831, 13.170949717034377 ], [ -6.751404861038566, 13.173345389778282 ], [ -6.751376475293279, 13.176453331662149 ], [ -6.749954200623701, 13.177822269083174 ], [ -6.749900523525705, 13.183692816673263 ], [ -6.748465549419383, 13.186443040774739 ], [ -6.74843709732653, 13.189550972286417 ], [ -6.747014720078562, 13.190919878159635 ], [ -6.746998898525146, 13.192646504044065 ], [ -6.744862118787442, 13.195045164312777 ], [ -6.744801907935057, 13.201606332180228 ], [ -6.743735052775262, 13.202632984974169 ], [ -6.743722365629861, 13.204014282213757 ], [ -6.738743560217801, 13.208805246252929 ], [ -6.738375200276018, 13.210528744290915 ], [ -6.737308278583738, 13.211555359023818 ], [ -6.736923980422437, 13.215005464087778 ], [ -6.7358570310455, 13.216032068307509 ], [ -6.734447169813675, 13.216019578630551 ], [ -6.729458341405826, 13.221846249744221 ], [ -6.729445554774093, 13.22322753122897 ], [ -6.731191953981142, 13.224969788461266 ], [ -6.731182369123052, 13.226005749909726 ], [ -6.730471020088888, 13.226690129106549 ], [ -6.73042946098403, 13.231179293681162 ], [ -6.728288941314753, 13.233923047962378 ], [ -6.728208884176591, 13.242556037396923 ], [ -6.726782850717335, 13.244270076514104 ], [ -6.726741166799567, 13.248759222491637 ], [ -6.727750603767791, 13.253948432354228 ], [ -6.725959126684987, 13.257040585774668 ], [ -6.72588526730523, 13.264982908427081 ] ] } },
{ "type": "Feature", "properties": { "OBJECTID": 98, "arcid": 98, "from_node": 114, "to_node": 99, "Shape_Leng": 27787.133599500001, "HydroID": 299, "GridID": 97, "NextDownID": 283, "DrainID": 97 }, "geometry": { "type": "LineString", "coordinates": [ [ -7.181065414967981, 13.006969665232949 ], [ -7.179468876908973, 13.008512956620612 ], [ -7.180513085930424, 13.010247486299182 ], [ -7.181529603121689, 13.0157816757839 ], [ -7.178688668402716, 13.018870708362364 ], [ -7.178676049838252, 13.020597823735223 ], [ -7.173346212821877, 13.026778242483825 ], [ -7.171597425010061, 13.025038713150561 ], [ -7.171242600393939, 13.025381649042162 ], [ -7.171579681056063, 13.027456663503415 ], [ -7.16838872824334, 13.030197639423916 ], [ -7.168363323757262, 13.033651846995262 ], [ -7.165519465746487, 13.037086102385533 ], [ -7.165504191713782, 13.039158622422697 ], [ -7.164082218046069, 13.040875732682462 ], [ -7.164066927451984, 13.042948250438759 ], [ -7.163002336975903, 13.043977009621925 ], [ -7.158772008744809, 13.044292388441445 ], [ -7.155935573297038, 13.046690248682236 ], [ -7.151352888867979, 13.047002987896835 ], [ -7.149223568111219, 13.049060377583009 ], [ -7.149519330049785, 13.056662059862031 ], [ -7.148094567228401, 13.058724467851503 ], [ -7.147685577238597, 13.066321092914528 ], [ -7.146265890954385, 13.067692649277404 ], [ -7.144504167440414, 13.067680004786954 ], [ -7.143439385996103, 13.068708656554161 ], [ -7.142382349041625, 13.068701059161073 ], [ -7.139190530604048, 13.071441552817637 ], [ -7.139537703143832, 13.072134919301249 ], [ -7.137760405871503, 13.074194706569441 ], [ -7.137744855117518, 13.076267187171489 ], [ -7.140195812400028, 13.078357446128384 ], [ -7.14195760827044, 13.078370130153631 ], [ -7.143006930444611, 13.079413978820281 ], [ -7.142991417071953, 13.081486465689787 ], [ -7.145090103775752, 13.083574153870522 ], [ -7.147204309191046, 13.083589339141064 ], [ -7.147191406512883, 13.085316415272517 ], [ -7.151388950433294, 13.089491729358837 ], [ -7.151376070874221, 13.091218808803058 ], [ -7.153122526084554, 13.093303924731083 ], [ -7.154884441045757, 13.093316534712031 ], [ -7.160486679960961, 13.098192650504137 ], [ -7.160463593607332, 13.101301407407149 ], [ -7.162562592055167, 13.103388992245854 ], [ -7.162549776246479, 13.105116080737533 ], [ -7.165353632069487, 13.107208674673929 ], [ -7.164638578603352, 13.108585327709939 ], [ -7.165322908483742, 13.111353691570345 ], [ -7.164257989675121, 13.112382412563962 ], [ -7.163879943889405, 13.115834077689483 ], [ -7.165261429597806, 13.119643720253764 ], [ -7.163841480732625, 13.12101534038219 ], [ -7.163805566865609, 13.125851183705002 ], [ -7.165552342766349, 13.127936256294994 ], [ -7.164129776167215, 13.129653288276218 ], [ -7.167636216223713, 13.132096339611921 ], [ -7.17291261947767, 13.133515621139903 ], [ -7.174312185036549, 13.134907308045833 ], [ -7.182418466576159, 13.134964727289756 ], [ -7.183818099868255, 13.136356371267489 ], [ -7.185935338131459, 13.136025877091413 ], [ -7.186249733633757, 13.141209682708022 ], [ -7.186949576312874, 13.141905497920975 ], [ -7.172141261757655, 13.142491496009521 ], [ -7.169661261780996, 13.144201029339918 ], [ -7.167546511742099, 13.144185959749677 ], [ -7.163659197373607, 13.145539954521077 ], [ -7.1604870672758, 13.145517267297622 ], [ -7.145582605827547, 13.158881985219971 ] ] } },
{ "type": "Feature", "properties": { "OBJECTID": 99, "arcid": 99, "from_node": 115, "to_node": 95, "Shape_Leng": 29975.714277300001, "HydroID": 300, "GridID": 110, "NextDownID": 279, "DrainID": 110 }, "geometry": { "type": "LineString", "coordinates": [ [ -5.550124939861149, 12.983515847281009 ], [ -5.551729331193153, 12.981984501982154 ], [ -5.554909516673382, 12.980991596625906 ], [ -5.560181291892681, 12.981406492442806 ], [ -5.561250846275874, 12.980385543938228 ], [ -5.563366206796805, 12.980068498742266 ], [ -5.56443574531789, 12.979047531428757 ], [ -5.56444997398505, 12.978012607132442 ], [ -5.566560575660324, 12.978040505283444 ], [ -5.569046631737661, 12.976348148321664 ], [ -5.572569030215924, 12.976049590002635 ], [ -5.577127837757436, 12.977144801041954 ], [ -5.584871527861812, 12.976901644810354 ], [ -5.585912707446663, 12.977950460652519 ], [ -5.589064556553204, 12.979026991160787 ], [ -5.596006111305857, 12.986018984776797 ], [ -5.597765061143534, 12.986042035026708 ], [ -5.604364648608153, 12.992339320377107 ], [ -5.606428551720633, 12.995816821749768 ], [ -5.606644264772259, 13.005826119823229 ], [ -5.608014002835796, 13.008604449882357 ], [ -5.60780263410222, 13.024128981519944 ], [ -5.609885536585192, 13.02622656465182 ], [ -5.609777446136363, 13.034161333560048 ], [ -5.613605674544099, 13.037316927211918 ], [ -5.612526575501751, 13.039028063105835 ], [ -5.612498378192043, 13.04109800607899 ], [ -5.613192726538363, 13.04179720348762 ], [ -5.613098714362198, 13.048697016993168 ], [ -5.613793081554292, 13.049396218079595 ], [ -5.613209085956476, 13.092174997628819 ], [ -5.61424605655321, 13.093568829557027 ], [ -5.614437561637548, 13.105303105286648 ], [ -5.6143478341571, 13.111857904690424 ], [ -5.613634436312414, 13.112538622517485 ], [ -5.613603279285142, 13.140487344473918 ], [ -5.614297839515202, 13.141186602381811 ], [ -5.614479333667681, 13.153610828348647 ], [ -5.614812411568107, 13.154995426459655 ], [ -5.616896209397215, 13.157093218718165 ], [ -5.616482568933126, 13.161573431818974 ], [ -5.617091867297351, 13.168482498721369 ], [ -5.616378270551927, 13.169163182853557 ], [ -5.615974034900647, 13.172953407196408 ], [ -5.620860273447233, 13.176123356711301 ], [ -5.623638941932731, 13.178920415737865 ], [ -5.626056128095792, 13.182402804523614 ], [ -5.626037192211874, 13.183782771525367 ] ] } },
{ "type": "Feature", "properties": { "OBJECTID": 100, "arcid": 100, "from_node": 116, "to_node": 57, "Shape_Leng": 77220.265416299997, "HydroID": 301, "GridID": 50, "NextDownID": 244, "DrainID": 50 }, "geometry": { "type": "LineString", "coordinates": [ [ -9.219828147329666, 12.974025887711298 ], [ -9.221944359994465, 12.976097676633183 ], [ -9.22194527959708, 12.977134467889963 ], [ -9.220888995411553, 12.978172159784531 ], [ -9.219479086044378, 12.977827754846164 ], [ -9.218070988733986, 12.979556926755643 ], [ -9.220186929486129, 12.981283131578515 ], [ -9.223710060681295, 12.98024333257858 ], [ -9.225119988234297, 12.980587714206589 ], [ -9.225473639846838, 12.981969796470686 ], [ -9.22723724243613, 12.983696247776157 ], [ -9.229352964628562, 12.985076778284446 ], [ -9.230762608776978, 12.985075531061005 ], [ -9.233231741577129, 12.98749250683626 ], [ -9.23922278232182, 12.987487062996777 ], [ -9.242395848955852, 12.988866511079978 ], [ -9.245215176241926, 12.98886386681505 ], [ -9.247684484362983, 12.991280701524296 ], [ -9.248032789437401, 12.987133210395999 ], [ -9.251557617746858, 12.987821017324594 ], [ -9.252965876364922, 12.986437264428474 ], [ -9.255080701525912, 12.986780794480328 ], [ -9.256842055068729, 12.986087867805301 ], [ -9.258959746691589, 12.989196133962889 ], [ -9.267074175631331, 12.997482226670341 ], [ -9.267079349357315, 13.002320562662835 ], [ -9.272019076056162, 13.007499369520184 ], [ -9.2727311348872, 13.014064933884036 ], [ -9.275908160720146, 13.018554312149533 ], [ -9.277319525092338, 13.019935187602941 ], [ -9.281196572074032, 13.019931013259933 ], [ -9.282960826691804, 13.021657068077996 ], [ -9.28225668628642, 13.022349025699238 ], [ -9.282259425340792, 13.024768186201943 ], [ -9.282615417580681, 13.02787815046012 ], [ -9.283674008012914, 13.028913777640401 ], [ -9.283681091479158, 13.035134471642403 ], [ -9.282624826996994, 13.036172408985486 ], [ -9.281945316841577, 13.058636770330068 ], [ -9.281594369403759, 13.060019527526466 ], [ -9.273495259298404, 13.067976879349283 ], [ -9.273499825898389, 13.072124000124456 ], [ -9.274207562821314, 13.07454240579383 ], [ -9.275266320742954, 13.075578060345718 ], [ -9.275271686325411, 13.080416363924016 ], [ -9.277389271754277, 13.082487658495188 ], [ -9.275628838396701, 13.084563103954183 ], [ -9.275630758316657, 13.086291068731136 ], [ -9.274926417834157, 13.086983006155156 ], [ -9.278102891250681, 13.090089941737494 ], [ -9.273522301276644, 13.092513989589474 ], [ -9.273528021434014, 13.09769788095746 ], [ -9.272471453090574, 13.098735777997245 ], [ -9.272475633571206, 13.102537295956017 ], [ -9.270362439515543, 13.10461307828167 ], [ -9.267541806051019, 13.104616020795287 ], [ -9.26719109102144, 13.106344349748335 ], [ -9.270015512589124, 13.109797334908309 ], [ -9.273188791736006, 13.109793990665473 ], [ -9.27389319976918, 13.109102057829549 ], [ -9.274951723188071, 13.10979211587113 ], [ -9.278125000952004, 13.10978871085044 ], [ -9.279533784904398, 13.108404816860457 ], [ -9.281650076714596, 13.109093697761525 ], [ -9.286233683471988, 13.109088647989608 ], [ -9.289051136233692, 13.106320764798213 ], [ -9.291166622291515, 13.106318384008501 ], [ -9.292223141430689, 13.105280411911782 ], [ -9.295396356590722, 13.105276795452026 ], [ -9.298219071428536, 13.107001505704513 ], [ -9.305271128253782, 13.107338842300976 ], [ -9.305977146813186, 13.108029189592797 ], [ -9.310913740273328, 13.108368873620028 ], [ -9.312323200805785, 13.107675986429708 ], [ -9.312678401245522, 13.109749104949197 ], [ -9.310917646096318, 13.111479193734267 ], [ -9.311273275622739, 13.113897905537021 ], [ -9.312684075955255, 13.114241788582179 ], [ -9.314093565280091, 13.113548891381564 ], [ -9.31832865118515, 13.116654015257282 ], [ -9.318331763442419, 13.11907315010723 ], [ -9.320097883874036, 13.121490098974293 ], [ -9.320808466935043, 13.125636307117125 ], [ -9.322574659570451, 13.128053236128199 ], [ -9.322577816177917, 13.13047236783135 ], [ -9.326462051321505, 13.134614557063301 ], [ -9.326467074367425, 13.138416045613877 ], [ -9.3321174459589, 13.144629435031005 ], [ -9.331414497246721, 13.146358292043491 ], [ -9.33141960121397, 13.150159776134464 ], [ -9.329658236665459, 13.151544402095602 ], [ -9.329666548577489, 13.157765009290374 ], [ -9.330725898403289, 13.158800417256073 ], [ -9.330378336944506, 13.162602351056075 ], [ -9.331437710045908, 13.163637755134554 ], [ -9.334611661784962, 13.163633638077233 ], [ -9.338850247251322, 13.168466328333244 ], [ -9.339209575624613, 13.173304102075049 ], [ -9.33815297426646, 13.174342264762561 ], [ -9.338155346437205, 13.176070207344543 ], [ -9.338861654974709, 13.176760453072651 ], [ -9.33886641050122, 13.180216336195102 ], [ -9.339573209813942, 13.181252168436675 ], [ -9.338869740178467, 13.18263545409792 ], [ -9.339586561391615, 13.190928635817302 ], [ -9.338529887887892, 13.191966799527487 ], [ -9.338534168721262, 13.195077090893969 ], [ -9.336068531236638, 13.197499457559879 ], [ -9.335720540692192, 13.200955799681882 ], [ -9.334664278049303, 13.202339535799423 ], [ -9.333968238468087, 13.209252212822127 ], [ -9.329741548483023, 13.213750342835946 ], [ -9.329392060406267, 13.216169911153349 ], [ -9.330451666607255, 13.217205308738835 ], [ -9.330099856938824, 13.217896940090183 ], [ -9.329042566013209, 13.218589478698963 ], [ -9.323398720416201, 13.218596677744975 ], [ -9.319876719235639, 13.222748168687339 ], [ -9.31846573342243, 13.222749930100175 ], [ -9.31740883403654, 13.223788009334161 ], [ -9.312125525086689, 13.230015107732694 ], [ -9.310362175625677, 13.230362843779046 ], [ -9.31036392504711, 13.231745194919593 ], [ -9.306840218797438, 13.234859747814557 ], [ -9.306139006068612, 13.238316472923101 ], [ -9.30120278136401, 13.240395873278132 ], [ -9.300852554696984, 13.242469816921734 ], [ -9.30579745085495, 13.247302177193584 ], [ -9.304034825608154, 13.248341047066482 ], [ -9.304037829033561, 13.250760160409705 ], [ -9.302629241810434, 13.252835363651828 ], [ -9.30298417068008, 13.254562882914177 ], [ -9.301221907700906, 13.255947321560962 ], [ -9.30016352220253, 13.255948569204941 ], [ -9.298402075786875, 13.25802416457536 ], [ -9.298064436746282, 13.270465723871059 ], [ -9.297007668445437, 13.271849309165408 ], [ -9.29947951143024, 13.273574353373077 ], [ -9.30054009709754, 13.275301042498137 ], [ -9.30018854781274, 13.276338220134159 ], [ -9.302661314837735, 13.278754405838821 ], [ -9.29631460421335, 13.282217744139245 ], [ -9.293847683121529, 13.284639715701962 ], [ -9.293871820569649, 13.304683745274069 ], [ -9.292109976417219, 13.306759297700481 ], [ -9.292466991274898, 13.310214755433002 ], [ -9.295999925234742, 13.313666532017956 ], [ -9.295651660005179, 13.317468389473607 ], [ -9.294594261156741, 13.318506378292227 ], [ -9.294597187297891, 13.320925480420241 ], [ -9.29883736975447, 13.325413147610604 ], [ -9.298143856710354, 13.335435960246476 ], [ -9.299203862522324, 13.336471469601392 ], [ -9.299919915447882, 13.344764683343577 ], [ -9.30451354914689, 13.349251817555132 ], [ -9.305572338294462, 13.349250543124153 ], [ -9.30698667773088, 13.351322345883791 ], [ -9.306989734750641, 13.353741439000924 ], [ -9.305227224203431, 13.355471495085309 ], [ -9.305228961546458, 13.356853834229698 ], [ -9.303820225184099, 13.359274624302705 ], [ -9.304535218769541, 13.366531051571402 ], [ -9.305950960867355, 13.369639607877637 ], [ -9.300661278660645, 13.373447381263679 ], [ -9.297838830268322, 13.374487474965806 ], [ -9.296428653344293, 13.375871470502 ], [ -9.296783737003793, 13.377598978881604 ], [ -9.29961092395339, 13.380360323614081 ], [ -9.299613059821716, 13.382088244802171 ], [ -9.301027976068447, 13.384505656429511 ], [ -9.300325439612994, 13.387271168213887 ], [ -9.301389985765271, 13.391762498638286 ], [ -9.301040001258478, 13.39418200616527 ], [ -9.304574301232767, 13.397633611186066 ], [ -9.304223472721478, 13.399361954698001 ], [ -9.305283788356091, 13.400397426888953 ], [ -9.307755257471591, 13.400740011767711 ], [ -9.309522491072789, 13.402465770459207 ], [ -9.312346547806408, 13.402462292796235 ], [ -9.319768828788332, 13.409364670805617 ], [ -9.319420833237551, 13.413166528109379 ], [ -9.321896131189614, 13.416273630136676 ], [ -9.321903495915205, 13.421802948589356 ], [ -9.324024486414581, 13.423873729199922 ], [ -9.322262984668184, 13.426640649377509 ], [ -9.31802647919821, 13.426646029890794 ], [ -9.313090160037182, 13.43149037134677 ], [ -9.313095090221019, 13.43529177728502 ], [ -9.314156504732605, 13.437018369131755 ], [ -9.314164153966248, 13.442893265476661 ], [ -9.313105852277067, 13.443585748663253 ] ] } },
{ "type": "Feature", "properties": { "OBJECTID": 101, "arcid": 101, "from_node": 117, "to_node": 106, "Shape_Leng": 65240.174844100002, "HydroID": 302, "GridID": 102, "NextDownID": 291, "DrainID": 102 }, "geometry": { "type": "LineString", "coordinates": [ [ -7.769462119450561, 12.970172757218165 ], [ -7.76733804436034, 12.972235871035041 ], [ -7.763814910579793, 12.972219157920799 ], [ -7.758867108321755, 12.975305345056988 ], [ -7.753932956552894, 12.975627284830436 ], [ -7.751808714767819, 12.977690255244532 ], [ -7.748285525034192, 12.977673324921273 ], [ -7.7468831725434, 12.976284472419845 ], [ -7.741249589874048, 12.975566225562522 ], [ -7.733816010619323, 12.982440619668866 ], [ -7.716904540550598, 12.982357719775738 ], [ -7.708406008158065, 12.990608126632045 ], [ -7.703119248428557, 12.990927316140965 ], [ -7.702410997268577, 12.991614818778581 ], [ -7.698179416517296, 12.99228469163922 ], [ -7.69324857431734, 12.991914422878484 ], [ -7.687932762979582, 12.99776142995038 ], [ -7.683352364876887, 12.997738251537362 ], [ -7.678036205300161, 13.003585019467812 ], [ -7.675208273972372, 13.005298182663001 ], [ -7.67344837374303, 13.004943680283727 ], [ -7.673086843410625, 13.006669408888211 ], [ -7.672024280367279, 13.007700519631397 ], [ -7.670614879422929, 13.0076933046925 ], [ -7.666017707196976, 13.010779345578836 ], [ -7.666010317723764, 13.012161364620528 ], [ -7.667410512967149, 13.013896131357745 ], [ -7.667390206054265, 13.017696683029286 ], [ -7.665259377443109, 13.020795350719638 ], [ -7.666652217601998, 13.023912142738018 ], [ -7.665938225666476, 13.025636038065059 ], [ -7.66591787733919, 13.029436584920488 ], [ -7.664500947341053, 13.030811340234582 ], [ -7.662739037511098, 13.030802253482094 ], [ -7.659910691160725, 13.032515206355383 ], [ -7.657430968194229, 13.034920956221045 ], [ -7.651785303355451, 13.036273682006 ], [ -7.65001587089901, 13.037646511368218 ], [ -7.649642865271205, 13.041445192229261 ], [ -7.648225780250682, 13.042819841852703 ], [ -7.645759004834686, 13.042806950496256 ], [ -7.6432846975973, 13.044176038337577 ], [ -7.642235044032522, 13.04278849352832 ], [ -7.639063484690461, 13.042771841279951 ], [ -7.630996409678642, 13.03581913173463 ], [ -7.621129672546284, 13.035766796472899 ], [ -7.619377337026073, 13.034029924429278 ], [ -7.616910678516239, 13.034016766969946 ], [ -7.614107023484549, 13.031237728271517 ], [ -7.609880452381599, 13.0308695810958 ], [ -7.607775862973313, 13.029130750845534 ], [ -7.592271579516658, 13.02904699366891 ], [ -7.591570748421448, 13.028352177971703 ], [ -7.589808910053543, 13.028342597199694 ], [ -7.587706455622571, 13.026258127220743 ], [ -7.58664936363485, 13.026252365347045 ], [ -7.58523206103737, 13.027626645606384 ], [ -7.584163184163907, 13.029693826913274 ], [ -7.577812669661037, 13.031041060909585 ], [ -7.574623552220618, 13.034133051550988 ], [ -7.564761103139016, 13.03338759813245 ], [ -7.56265884214377, 13.031302942887692 ], [ -7.55666860350433, 13.031269643910669 ], [ -7.553511350229281, 13.028833545787119 ], [ -7.545757370152569, 13.029135647418162 ], [ -7.545056682195812, 13.028440719338784 ], [ -7.540828357795452, 13.028416946474509 ], [ -7.539765203555334, 13.029447448663763 ], [ -7.53765103676741, 13.029435526785825 ], [ -7.536942257234046, 13.030122518861207 ], [ -7.532361558733911, 13.030096615137813 ], [ -7.530259622558379, 13.02801172881435 ], [ -7.514403583896414, 13.027921322949675 ], [ -7.509447879953303, 13.031693286858852 ], [ -7.506626933559746, 13.03202253486063 ], [ -7.502400699171708, 13.03165264908151 ], [ -7.500999582684455, 13.030262581501333 ], [ -7.499942513701381, 13.030256464239564 ], [ -7.492941373531214, 13.022615051570261 ], [ -7.4890655923602, 13.022592493059982 ], [ -7.488002274429136, 13.023622762886182 ], [ -7.483774142548087, 13.023598068326098 ], [ -7.482006110237799, 13.024624187820613 ], [ -7.479892040145355, 13.02461179932863 ], [ -7.475634316890663, 13.029423626801545 ], [ -7.47562163196072, 13.031496478987579 ], [ -7.472074781850794, 13.035275946438338 ], [ -7.471370065026734, 13.035271788529494 ], [ -7.471709700023518, 13.037346715181643 ], [ -7.469580664898454, 13.039752549832789 ], [ -7.469574292305582, 13.040788971754669 ], [ -7.464965835900271, 13.045253008453468 ], [ -7.462860144578977, 13.043858569568245 ], [ -7.462868680593441, 13.042476678342458 ], [ -7.461126070101045, 13.039356956660091 ], [ -7.456897723479941, 13.039331794048437 ], [ -7.454414029793225, 13.042080857765272 ], [ -7.447719099939516, 13.042040803404527 ], [ -7.445952965144915, 13.042721174154329 ], [ -7.442407694731234, 13.046154693455174 ], [ -7.44064368456849, 13.046489553745044 ], [ -7.43851645892105, 13.048549620119362 ], [ -7.430057373769146, 13.048843919596409 ], [ -7.426168182977541, 13.050893175187994 ], [ -7.424053945839671, 13.050880305995571 ], [ -7.420862848857894, 13.053970162330979 ], [ -7.420823343384084, 13.060188543174929 ], [ -7.423272504780837, 13.062967324095082 ], [ -7.42044240743717, 13.06467744136709 ], [ -7.420775031120941, 13.067788782717908 ], [ -7.420057052144189, 13.069857266008464 ], [ -7.41722024546667, 13.072603729172439 ], [ -7.415810636458704, 13.072595088807267 ], [ -7.412973753427567, 13.075341495807407 ], [ -7.406639336632928, 13.073920590804144 ], [ -7.403101980765976, 13.075971602198182 ], [ -7.394595114161771, 13.083519302597539 ], [ -7.392828568472146, 13.084199257806311 ], [ -7.385780290411749, 13.084155275589421 ], [ -7.381562606735529, 13.082401502312178 ], [ -7.377329171262829, 13.08306587088957 ], [ -7.374839665138252, 13.086504922714008 ], [ -7.374832873032878, 13.087541293406112 ], [ -7.375885595910709, 13.08823886452562 ], [ -7.375526388614851, 13.089273017094817 ], [ -7.366006552973229, 13.089903845779936 ], [ -7.364962968574243, 13.087824417152916 ], [ -7.364651554922467, 13.081603987706023 ], [ -7.362903202872725, 13.07952008909894 ], [ -7.360440951253811, 13.078813527525794 ], [ -7.357971858313655, 13.079143306698189 ], [ -7.355871184956293, 13.077057127846068 ], [ -7.35481399192385, 13.077050395047122 ], [ -7.352331153143069, 13.079452841899695 ], [ -7.350933029560732, 13.077716577140384 ], [ -7.348820942286873, 13.077357613493016 ], [ -7.34742055544854, 13.075966787125417 ], [ -7.344958400223539, 13.075260086195708 ], [ -7.343212573767042, 13.072830626411362 ], [ -7.34288324074224, 13.069373847500437 ], [ -7.338332291504232, 13.06485356168362 ], [ -7.33586565090756, 13.064837692152796 ], [ -7.33516552762299, 13.064142252509104 ], [ -7.320720507533877, 13.063703347912549 ] ] } },
{ "type": "Feature", "properties": { "OBJECTID": 102, "arcid": 102, "from_node": 120, "to_node": 92, "Shape_Leng": 38773.211904399999, "HydroID": 303, "GridID": 91, "NextDownID": 275, "DrainID": 91 }, "geometry": { "type": "LineString", "coordinates": [ [ -9.722642038716067, 12.959637922360256 ], [ -9.737130061341444, 12.973765867651467 ], [ -9.7378490639846, 12.978601864400636 ], [ -9.742445326447251, 12.983772387862311 ], [ -9.742459692961575, 12.988610373150223 ], [ -9.745644595119108, 12.993093705236147 ], [ -9.745682768371781, 13.005879786532738 ], [ -9.750631099197113, 13.010703536674715 ], [ -9.750635257476585, 13.01208581330882 ], [ -9.756290759819747, 13.017598537469974 ], [ -9.756648431823473, 13.019325351933436 ], [ -9.760536767894205, 13.023115260980125 ], [ -9.762307403680099, 13.025874629390751 ], [ -9.759843483619415, 13.026918575445395 ], [ -9.755982349987171, 13.032113432456763 ], [ -9.755993887548751, 13.035914681204655 ], [ -9.754588257483034, 13.037301063306096 ], [ -9.75459558862476, 13.039720039479233 ], [ -9.753190974730966, 13.041451984029003 ], [ -9.7429984326154, 13.051157436400135 ], [ -9.735611734284793, 13.05636211957385 ], [ -9.733497841122702, 13.0567136941099 ], [ -9.732092985505865, 13.058445534951158 ], [ -9.732449546872926, 13.059826813358235 ], [ -9.727178365179313, 13.065370847039684 ], [ -9.72718544578103, 13.06778983303102 ], [ -9.728599508382834, 13.069168138859146 ], [ -9.728604577218595, 13.070895985246207 ], [ -9.731432771206107, 13.073652570212049 ], [ -9.731436843430528, 13.075034846166083 ], [ -9.730733853652431, 13.075727978903686 ], [ -9.730753185575045, 13.082293786752187 ], [ -9.726889612368359, 13.087142697549568 ], [ -9.727274580720287, 13.098199903222854 ], [ -9.724111769241301, 13.101664518018207 ], [ -9.724473416598441, 13.104773646292594 ], [ -9.723773355353545, 13.106503469446727 ], [ -9.727660625935149, 13.109602666155471 ], [ -9.72767281560259, 13.11374948372716 ], [ -9.726971741012854, 13.115133747428391 ], [ -9.728032498987071, 13.116167464158661 ], [ -9.728038599573384, 13.118240872337973 ], [ -9.724522980478262, 13.121706497234213 ], [ -9.724535129189052, 13.125853313811783 ], [ -9.725242326037357, 13.126542464627137 ], [ -9.725603025574022, 13.129306014091897 ], [ -9.727724668517363, 13.131373446804425 ], [ -9.728110869552324, 13.142776175277486 ], [ -9.736599251851615, 13.151391234242023 ], [ -9.736645699249232, 13.166941713618829 ], [ -9.734188524235309, 13.170750014468918 ], [ -9.731375543239356, 13.173522601147544 ], [ -9.731379647355389, 13.174904865512366 ], [ -9.727862292278694, 13.178024994443744 ], [ -9.727531078631102, 13.185282887745348 ], [ -9.720849583956758, 13.191867583755574 ], [ -9.720873896228831, 13.200161178891634 ], [ -9.717708752456319, 13.203280193697736 ], [ -9.71842323720654, 13.206388312477221 ], [ -9.71279004883926, 13.209859757585967 ], [ -9.697977348982837, 13.2102461598605 ], [ -9.686719679434617, 13.220643750963237 ], [ -9.686722580261613, 13.221680456408299 ], [ -9.684612014678788, 13.223759541577149 ], [ -9.684264104366482, 13.22548832816471 ], [ -9.681796909363996, 13.226186062732859 ], [ -9.681446097411685, 13.226878141111394 ] ] } },
{ "type": "Feature", "properties": { "OBJECTID": 103, "arcid": 103, "from_node": 121, "to_node": 116, "Shape_Leng": 25395.856780400001, "HydroID": 304, "GridID": 111, "NextDownID": 301, "DrainID": 111 }, "geometry": { "type": "LineString", "coordinates": [ [ -9.038516171360714, 12.950787880652189 ], [ -9.040454432044035, 12.952342788751027 ], [ -9.042216328679793, 12.952688109565406 ], [ -9.044330904172769, 12.954761360610316 ], [ -9.047149937162851, 12.955106465947946 ], [ -9.049969460137531, 12.957870742292048 ], [ -9.049969735798625, 12.95925314335814 ], [ -9.054199310343719, 12.964090698808976 ], [ -9.05455267296567, 12.968583424555828 ], [ -9.056315013911869, 12.970311047948845 ], [ -9.056316258029675, 12.975840644584407 ], [ -9.059488602699329, 12.978950335064894 ], [ -9.059488931425767, 12.980332732771373 ], [ -9.061956379040353, 12.982751353308638 ], [ -9.063366019745875, 12.982751013659549 ], [ -9.064775929867176, 12.983787465160511 ], [ -9.06971104309936, 12.988624579732948 ], [ -9.072178172350622, 12.989315104656196 ], [ -9.07640847412741, 12.993461085693633 ], [ -9.079933500499683, 12.995879218587184 ], [ -9.081695644138843, 12.995878670483714 ], [ -9.085221109225577, 12.999333526854389 ], [ -9.088745444673183, 12.999332346664419 ], [ -9.09121172174533, 12.997257899105183 ], [ -9.103193928304684, 12.99621661992456 ], [ -9.105660199960742, 12.994487634413863 ], [ -9.108832189136725, 12.994831923876845 ], [ -9.110242353679322, 12.995868126164511 ], [ -9.120814868753477, 12.995172228071329 ], [ -9.122576495633513, 12.994134606581429 ], [ -9.126453004156291, 12.993787150564316 ], [ -9.129623217356023, 12.990675201294437 ], [ -9.150769080240639, 12.991700590011638 ], [ -9.152884456459251, 12.993081747793006 ], [ -9.15499878505095, 12.992734897186379 ], [ -9.156761768908739, 12.994116232012244 ], [ -9.1578183893389, 12.993078798255921 ], [ -9.158169281903543, 12.990659397332983 ], [ -9.159929393724713, 12.987547935157783 ], [ -9.161339503727151, 12.988238261077283 ], [ -9.163101587226224, 12.988237161496111 ], [ -9.163805968619874, 12.987545521466139 ], [ -9.165568275892701, 12.987890004077357 ], [ -9.16697701811434, 12.986506709807605 ], [ -9.166975171937231, 12.983741924966726 ], [ -9.168031473971473, 12.982358850944978 ], [ -9.175426960799424, 12.975096403210731 ], [ -9.17754134925984, 12.975094969119384 ], [ -9.17859780397441, 12.974057451453026 ], [ -9.180007389599742, 12.974056480200709 ], [ -9.185641889316006, 12.968868546939602 ], [ -9.194804002953077, 12.96886185193128 ], [ -9.196567304350882, 12.970588516614596 ], [ -9.205729475841757, 12.970581436157877 ], [ -9.206434827720679, 12.971272074230269 ], [ -9.211016215149131, 12.971613997929705 ], [ -9.212779645426847, 12.973340551367228 ], [ -9.217713172075403, 12.973336470751605 ], [ -9.219828147329666, 12.974025887711298 ] ] } },
{ "type": "Feature", "properties": { "OBJECTID": 104, "arcid": 104, "from_node": 118, "to_node": 120, "Shape_Leng": 17242.391265800001, "HydroID": 305, "GridID": 116, "NextDownID": 303, "DrainID": 116 }, "geometry": { "type": "LineString", "coordinates": [ [ -9.598811302151455, 12.969109981502504 ], [ -9.602149278098477, 12.965128078471588 ], [ -9.60320637598004, 12.965125631712604 ], [ -9.607780424384718, 12.962350334811095 ], [ -9.607423035275733, 12.960277672624896 ], [ -9.6088291115285, 12.958892059926438 ], [ -9.60847172006293, 12.956819398799009 ], [ -9.60917474876296, 12.956126590874982 ], [ -9.623268848867495, 12.95609325707056 ], [ -9.627505725089003, 12.95953890258791 ], [ -9.631730517538308, 12.958146366253409 ], [ -9.636311998532994, 12.958480796886933 ], [ -9.637014951153086, 12.957787917208091 ], [ -9.642649944578789, 12.956737335136669 ], [ -9.64475871990021, 12.954658641506107 ], [ -9.647575721679852, 12.953960495392122 ], [ -9.652146347125234, 12.950147714460092 ], [ -9.653907153346138, 12.949797723118241 ], [ -9.6556643408857, 12.948065409440337 ], [ -9.657073695094967, 12.948061861061227 ], [ -9.658479418725058, 12.946675994135161 ], [ -9.660597987683044, 12.948398534125429 ], [ -9.68103264428829, 12.948000373123149 ], [ -9.686683276210573, 12.952823643089399 ], [ -9.688092647239055, 12.952819925688868 ], [ -9.690563806347658, 12.954541277138706 ], [ -9.692677876398117, 12.954535665969791 ], [ -9.694432899706671, 12.952111952579088 ], [ -9.696546947532354, 12.952106311060547 ], [ -9.700058780038784, 12.947949976188813 ], [ -9.706754115904037, 12.948277487760745 ], [ -9.712381657594136, 12.944806405607418 ], [ -9.713441594903509, 12.945840237409596 ], [ -9.713452408683574, 12.94964154685243 ], [ -9.716278997955786, 12.952398403296481 ], [ -9.716281960107247, 12.953435123656742 ], [ -9.722642038716067, 12.959637922360256 ] ] } },
{ "type": "Feature", "properties": { "OBJECTID": 105, "arcid": 105, "from_node": 119, "to_node": 122, "Shape_Leng": 11330.1418273, "HydroID": 306, "GridID": 112, "NextDownID": -1, "DrainID": 112 }, "geometry": { "type": "LineString", "coordinates": [ [ -5.324635126823076, 12.934888653202714 ], [ -5.323376659494265, 12.936768162192225 ], [ -5.323677690489064, 12.940221977388415 ], [ -5.322622826955628, 12.940207087985376 ], [ -5.321552778310886, 12.941226847295923 ], [ -5.318739808835888, 12.94118710685513 ], [ -5.318046701914814, 12.940487401128337 ], [ -5.309969651988018, 12.939683203098552 ], [ -5.307467695070264, 12.942407358997697 ], [ -5.307442280689616, 12.944131752731838 ], [ -5.306015458619262, 12.945491319290365 ], [ -5.305990027976687, 12.947215710682384 ], [ -5.304919892584478, 12.948235374748316 ], [ -5.301760366509011, 12.947845562548117 ], [ -5.300333495399391, 12.949205082646221 ], [ -5.298223750782086, 12.949175090366642 ], [ -5.297184178507366, 12.948125464108106 ], [ -5.297240258313916, 12.944331841041647 ], [ -5.296200704804087, 12.943282217075389 ], [ -5.295884778670801, 12.940863095619138 ], [ -5.293454109283958, 12.938758842129525 ], [ -5.293489807660452, 12.936344727273436 ], [ -5.292796800815429, 12.935644976651608 ], [ -5.291390391570273, 12.935624963619436 ], [ -5.287838629994325, 12.937988997592248 ], [ -5.285030915864978, 12.93760403330942 ], [ -5.283644960153615, 12.936204496234991 ], [ -5.281183766398012, 12.936169380668415 ], [ -5.279379703538935, 12.939248095869816 ], [ -5.278324897145516, 12.939233028442027 ], [ -5.276592507494127, 12.937483572849704 ], [ -5.274518795605452, 12.935039352392831 ], [ -5.274570035991893, 12.931590689698076 ], [ -5.272511755781651, 12.928111874660059 ], [ -5.272211416502843, 12.924658193343362 ], [ -5.265980508162144, 12.918015251752042 ], [ -5.264791069144925, 12.915238735647648 ] ] } },
{ "type": "Feature", "properties": { "OBJECTID": 106, "arcid": 106, "from_node": 123, "to_node": 109, "Shape_Leng": 27717.253721100002, "HydroID": 307, "GridID": 105, "NextDownID": 294, "DrainID": 105 }, "geometry": { "type": "LineString", "coordinates": [ [ -5.833546138634306, 12.915340392494235 ], [ -5.832655824505673, 12.916192399720696 ], [ -5.832190860891232, 12.925159951913837 ], [ -5.831478573316525, 12.925841546247915 ], [ -5.831778083537132, 12.929986655478132 ], [ -5.829992951711021, 12.932035693709068 ], [ -5.826431331392459, 12.935443576366863 ], [ -5.824672330938557, 12.935422155593848 ], [ -5.823959991937311, 12.936103717402318 ], [ -5.823933768666142, 12.93817411832242 ], [ -5.820732537040294, 12.940896039265665 ], [ -5.815455460788201, 12.940831599580767 ], [ -5.811550508849319, 12.943544776002469 ], [ -5.806563664195655, 12.948315300147206 ], [ -5.806546069696064, 12.949695543022525 ], [ -5.805477427679715, 12.950717777853001 ], [ -5.802302291592342, 12.951369031604534 ], [ -5.801229221357589, 12.952736301775976 ], [ -5.797702243392619, 12.953383166715549 ], [ -5.795208623911743, 12.955768258454878 ], [ -5.794839136551449, 12.957144152710402 ], [ -5.793080038303235, 12.957122483337935 ], [ -5.792385241998418, 12.956423701305821 ], [ -5.789566277111547, 12.956734054553632 ], [ -5.785647553593085, 12.960481875101971 ], [ -5.784596523143549, 12.960123781626296 ], [ -5.781742028042704, 12.963194453962867 ], [ -5.777511263127609, 12.963832291893203 ], [ -5.776442457751568, 12.964854364464218 ], [ -5.776380205634291, 12.969685063087741 ], [ -5.769998240017982, 12.973401998710857 ], [ -5.770287661870086, 12.978237036412805 ], [ -5.764582270407979, 12.984032783744032 ], [ -5.764568863272884, 12.985067920456268 ], [ -5.763499905684921, 12.986089904493953 ], [ -5.763468604993304, 12.988505219160125 ], [ -5.759905305327446, 12.991911777106729 ], [ -5.756738601033497, 12.991872235254302 ], [ -5.754965869724475, 12.992885377141592 ], [ -5.745104946591133, 12.993452112097174 ], [ -5.743670525107837, 12.995504688364697 ], [ -5.741563895907651, 12.995133155251564 ], [ -5.73942572231533, 12.997176861666921 ], [ -5.73866337790083, 13.001653488443472 ], [ -5.734743206548072, 13.005400182651412 ], [ -5.72629391167222, 13.005638757752092 ], [ -5.724520995966498, 13.006651637847028 ], [ -5.722761672515456, 13.006629410633041 ], [ -5.718498440877648, 13.009681276581214 ], [ -5.718475730742838, 13.011406420906079 ], [ -5.717045530186686, 13.013113741627309 ], [ -5.714925207850158, 13.013777049360112 ], [ -5.711758368905241, 13.013736893189039 ], [ -5.70932716703846, 13.011290454983767 ], [ -5.707572395150768, 13.010923091211408 ], [ -5.704008124719373, 13.014328618562184 ], [ -5.700827609754802, 13.015323394744243 ], [ -5.698314236201629, 13.019087266188498 ], [ -5.696906744067507, 13.019069326464871 ], [ -5.692990342658788, 13.022470149189566 ], [ -5.68946700238348, 13.022770220176751 ], [ -5.68803655769894, 13.024477316928762 ], [ -5.686629050736849, 13.024459314131875 ], [ -5.686309312536418, 13.022039691571292 ], [ -5.683170027619504, 13.019929063576637 ], [ -5.683206777650497, 13.017168933516491 ], [ -5.68392887671444, 13.015797874391744 ], [ -5.682183342873399, 13.014740308029447 ], [ -5.679720317002739, 13.014708765687031 ], [ -5.676512160271846, 13.017773302711895 ], [ -5.675456569699741, 13.017759761242104 ], [ -5.673322356953491, 13.019457729775464 ], [ -5.672933621433413, 13.022213312298701 ], [ -5.671864184018098, 13.023234788803766 ], [ -5.671822678402419, 13.026339897609965 ], [ -5.671109704152365, 13.027020875249553 ] ] } },
{ "type": "Feature", "properties": { "OBJECTID": 107, "arcid": 107, "from_node": 124, "to_node": 120, "Shape_Leng": 8432.9842828300007, "HydroID": 308, "GridID": 117, "NextDownID": 303, "DrainID": 117 }, "geometry": { "type": "LineString", "coordinates": [ [ -9.68133338255662, 12.928992758729715 ], [ -9.680989505364387, 12.932103866096131 ], [ -9.684512647226185, 12.932094649779279 ], [ -9.686983571968877, 12.93381605025739 ], [ -9.692620627853296, 12.933801149938281 ], [ -9.695446811560862, 12.936558256462149 ], [ -9.696857048883658, 12.936900071344501 ], [ -9.699675606416918, 12.936892528004137 ], [ -9.703545308693574, 12.934808657934941 ], [ -9.704954574378972, 12.934804854548078 ], [ -9.706367729061711, 12.936183341895424 ], [ -9.708833955021738, 12.936176653605024 ], [ -9.711994034442682, 12.932366704660909 ], [ -9.71516189123578, 12.931321313909629 ], [ -9.723994563079835, 12.939936360521584 ], [ -9.723295894954738, 12.942011753844199 ], [ -9.724358856620713, 12.944082258105423 ], [ -9.724037460036481, 12.954795992427917 ], [ -9.722632073290917, 12.956182196101382 ], [ -9.722642038716067, 12.959637922360256 ] ] } },
{ "type": "Feature", "properties": { "OBJECTID": 108, "arcid": 108, "from_node": 125, "to_node": 124, "Shape_Leng": 95.546299999599995, "HydroID": 309, "GridID": 118, "NextDownID": 308, "DrainID": 118 }, "geometry": { "type": "LineString", "coordinates": [ [ -9.681331039098863, 12.928128817320848 ], [ -9.68133338255662, 12.928992758729715 ] ] } },
{ "type": "Feature", "properties": { "OBJECTID": 109, "arcid": 109, "from_node": 126, "to_node": 110, "Shape_Leng": 38296.372555599999, "HydroID": 310, "GridID": 109, "NextDownID": 295, "DrainID": 109 }, "geometry": { "type": "LineString", "coordinates": [ [ -8.318029200476584, 12.919142091492279 ], [ -8.322772627662252, 12.923819753728456 ], [ -8.325235036635672, 12.925208445137306 ], [ -8.326997488168852, 12.924867414000188 ], [ -8.330163624546817, 12.926603453821905 ], [ -8.332277469367444, 12.926608868197254 ], [ -8.336845608556187, 12.931113052154101 ], [ -8.340016436929515, 12.93112108890984 ], [ -8.343182747931476, 12.932856977299844 ], [ -8.344239699792974, 12.932859635190953 ], [ -8.345299354024705, 12.931825554299271 ], [ -8.349527145466986, 12.931836125065871 ], [ -8.351635688601068, 12.933914857218319 ], [ -8.354454242514679, 12.933921844689289 ], [ -8.35762069636991, 12.935657563955786 ], [ -8.363608422689092, 12.936363400083167 ], [ -8.367128172538434, 12.937754287747435 ], [ -8.369597056205111, 12.936723519710535 ], [ -8.371354350845118, 12.938455670013088 ], [ -8.371350022612534, 12.940183568779029 ], [ -8.374866428904005, 12.942956676563325 ], [ -8.374852648774345, 12.948485956344026 ], [ -8.376255996975567, 12.950908391775121 ], [ -8.381527528545645, 12.956450268509382 ], [ -8.381168348744927, 12.959214072061991 ], [ -8.388198606834118, 12.966142325729008 ], [ -8.389962967386047, 12.96510971801491 ], [ -8.392077161473363, 12.96511466269842 ], [ -8.394889407622935, 12.967885875291849 ], [ -8.396298054266623, 12.968234728297364 ], [ -8.3980657208311, 12.965819741931218 ], [ -8.397715847070833, 12.964782183813599 ], [ -8.399830869537807, 12.964441484490917 ], [ -8.404775481651715, 12.959614667603919 ], [ -8.409700364772217, 12.963081711467531 ], [ -8.416043726829505, 12.962750428163259 ], [ -8.41956256213963, 12.964831799486081 ], [ -8.422386281146769, 12.962764572916267 ], [ -8.426967019987721, 12.962774692517783 ], [ -8.428027269865954, 12.961394685352374 ], [ -8.432255625248875, 12.96140393683728 ], [ -8.439292060717161, 12.966257372631661 ], [ -8.443168904377648, 12.965920107655526 ], [ -8.444227548137619, 12.965231198118865 ], [ -8.445989394543769, 12.965234952754006 ], [ -8.447044213007814, 12.966273952086359 ], [ -8.455150250880759, 12.965599869875982 ], [ -8.455492851699638, 12.970093202834823 ], [ -8.456547731753377, 12.971132165669259 ], [ -8.45583621384757, 12.974240951124379 ], [ -8.458299899996954, 12.975628435519026 ], [ -8.459358546840784, 12.974939464924013 ], [ -8.461825233501052, 12.974944578499327 ], [ -8.46287941779859, 12.976329101546101 ], [ -8.462521835466527, 12.9787474653233 ], [ -8.46463025479261, 12.981516501656349 ], [ -8.464627295842222, 12.98289884002949 ], [ -8.466385585629972, 12.984630383600697 ], [ -8.469908831620234, 12.984983177168004 ], [ -8.471315503356998, 12.98636838571187 ], [ -8.474839509254313, 12.986375527904986 ], [ -8.476597896013851, 12.988107006520488 ], [ -8.479415683419637, 12.988803837618001 ], [ -8.482580169698593, 12.992266023375414 ], [ -8.482577307505004, 12.9936483637064 ], [ -8.483632399917692, 12.994687222973182 ], [ -8.483624542580181, 12.998488659359488 ], [ -8.484678945223104, 12.999873099936003 ], [ -8.502619352780473, 13.016496259411026 ], [ -8.524825387467249, 13.015501119151651 ], [ -8.525531591855469, 13.014811235692131 ], [ -8.531875579124588, 13.014822759224357 ], [ -8.534693197196765, 13.015864592609109 ], [ -8.541741477126095, 13.016222726591009 ], [ -8.54596391495679, 13.020031628981343 ], [ -8.552308053320566, 13.020042657278092 ], [ -8.555475196548356, 13.022812818462151 ], [ -8.560056520476026, 13.023166220736263 ], [ -8.571668606153857, 13.034244532943934 ], [ -8.573430973248238, 13.034247440388695 ], [ -8.578357410922402, 13.039093760844628 ], [ -8.578353313824667, 13.041512881856187 ] ] } },
{ "type": "Feature", "properties": { "OBJECTID": 110, "arcid": 110, "from_node": 128, "to_node": 110, "Shape_Leng": 24171.4093675, "HydroID": 311, "GridID": 106, "NextDownID": 295, "DrainID": 106 }, "geometry": { "type": "LineString", "coordinates": [ [ -8.631096635255529, 12.890223381674392 ], [ -8.631090056113671, 12.8947161138291 ], [ -8.628972814784898, 12.897132288490679 ], [ -8.6289702686627, 12.898860261808677 ], [ -8.627558571952155, 12.900586232469998 ], [ -8.633188125195966, 12.905432521667946 ], [ -8.635296884498848, 12.90889142384871 ], [ -8.640222654293725, 12.913390988805618 ], [ -8.63916325617364, 12.915117504894233 ], [ -8.638803500214555, 12.920300935159979 ], [ -8.630688052508479, 12.928583860369146 ], [ -8.627868413058254, 12.929271046091648 ], [ -8.625751356219705, 12.931341585151879 ], [ -8.625749296029463, 12.932723959884617 ], [ -8.62186791233715, 12.936519901014092 ], [ -8.617992198149553, 12.936514255497125 ], [ -8.61446351381259, 12.939965002548371 ], [ -8.613406487330705, 12.939963438167103 ], [ -8.608114878241306, 12.944102663551579 ], [ -8.601055830236104, 12.951695005885352 ], [ -8.596827532435093, 12.951688499557434 ], [ -8.595768787194819, 12.952723637321556 ], [ -8.597877400311004, 12.956182826893823 ], [ -8.597863533413642, 12.964822618546437 ], [ -8.595744811434184, 12.967584076239211 ], [ -8.595743137591315, 12.968620850939853 ], [ -8.596799726139881, 12.968968081743437 ], [ -8.597149327934897, 12.97069658461125 ], [ -8.599963988194165, 12.973465664181631 ], [ -8.599608282170445, 12.975538670706367 ], [ -8.600662700271799, 12.977268251647665 ], [ -8.598899067225117, 12.978302315445005 ], [ -8.59361257434049, 12.97863970246196 ], [ -8.590082954353841, 12.982090081257596 ], [ -8.589026888028249, 12.981397231539431 ], [ -8.585151068308804, 12.981045486859369 ], [ -8.584092147454959, 12.982080569661894 ], [ -8.580567566795668, 12.982420500375655 ], [ -8.578097848302736, 12.98414446155488 ], [ -8.578091433763209, 12.987945953556085 ], [ -8.583368918189702, 12.993138332840704 ], [ -8.585123537595463, 12.997633824812654 ], [ -8.585121815657828, 12.998670594835403 ], [ -8.583356814829161, 13.000395724857768 ], [ -8.584059939925595, 13.001433624248463 ], [ -8.583000926565152, 13.002468699143162 ], [ -8.582998617980406, 13.003851058267395 ], [ -8.580527537618106, 13.006266212968622 ], [ -8.580509527499705, 13.016979490323566 ], [ -8.581917007118179, 13.018364123557259 ], [ -8.582261352696827, 13.023202943113651 ], [ -8.583316994917679, 13.024241413023843 ], [ -8.583314106335354, 13.025969359081618 ], [ -8.58577559757963, 13.029429207106034 ], [ -8.582245711157466, 13.032533852190268 ], [ -8.582237016150222, 13.037717687459478 ], [ -8.578353313824667, 13.041512881856187 ] ] } },
{ "type": "Feature", "properties": { "OBJECTID": 111, "arcid": 111, "from_node": 127, "to_node": 128, "Shape_Leng": 9175.7621740699997, "HydroID": 312, "GridID": 119, "NextDownID": 311, "DrainID": 119 }, "geometry": { "type": "LineString", "coordinates": [ [ -8.69467821338198, 12.893588432160231 ], [ -8.694146645139901, 12.8961797933167 ], [ -8.691324561499423, 12.899286855680955 ], [ -8.688506256562832, 12.899283515349557 ], [ -8.687800823603478, 12.89997386956437 ], [ -8.685687089539748, 12.899971338560411 ], [ -8.68392390909319, 12.90135160199336 ], [ -8.676876764211967, 12.90237978291489 ], [ -8.667012592807335, 12.902367411300432 ], [ -8.665253433174245, 12.900637183304799 ], [ -8.662788335130434, 12.899942824729884 ], [ -8.658214219835108, 12.895789732566946 ], [ -8.65574824527431, 12.895786500210725 ], [ -8.65152564283987, 12.892324948699438 ], [ -8.646952337617698, 12.887826070970094 ], [ -8.647660261397327, 12.885407850584437 ], [ -8.646604912827236, 12.884369639219994 ], [ -8.643435988583702, 12.883328555916195 ], [ -8.642024968675299, 12.884709015370827 ], [ -8.633922854183815, 12.884697815734489 ], [ -8.631806231153542, 12.886768423276658 ], [ -8.632156481829526, 12.888151298798554 ], [ -8.631096635255529, 12.890223381674392 ] ] } },
{ "type": "Feature", "properties": { "OBJECTID": 112, "arcid": 112, "from_node": 129, "to_node": 117, "Shape_Leng": 17815.669341500001, "HydroID": 313, "GridID": 115, "NextDownID": 302, "DrainID": 115 }, "geometry": { "type": "LineString", "coordinates": [ [ -7.852491602504068, 12.880539345780887 ], [ -7.848772243674544, 12.88518780368697 ], [ -7.849434042710721, 12.894520263205095 ], [ -7.8462514431593, 12.897270557974208 ], [ -7.846592580883772, 12.899690831046906 ], [ -7.845883384572481, 12.900724318412641 ], [ -7.842346848493309, 12.903818530438278 ], [ -7.838120124610839, 12.903799785083212 ], [ -7.835644945513807, 12.90586199845758 ], [ -7.832471675962775, 12.906538921149554 ], [ -7.828225607578313, 12.910666359487896 ], [ -7.825050650083051, 12.911688713253696 ], [ -7.823635241219808, 12.913064488771628 ], [ -7.821874051997267, 12.913056554925713 ], [ -7.819043169445922, 12.915808056878362 ], [ -7.813058339241573, 12.915089869128169 ], [ -7.812348963265756, 12.916123247848358 ], [ -7.808474318376486, 12.916105606317927 ], [ -7.804596392377869, 12.916778959484002 ], [ -7.803888623322283, 12.91746678615378 ], [ -7.800718451598782, 12.917452252320986 ], [ -7.800010669901252, 12.918140067346007 ], [ -7.791912438285697, 12.917411678826412 ], [ -7.788376717422383, 12.920159555142865 ], [ -7.785206528990592, 12.920144830085293 ], [ -7.783790869843189, 12.921520365539259 ], [ -7.782734135705613, 12.92151544239845 ], [ -7.780256684867521, 12.923922594799972 ], [ -7.779543797625111, 12.925646914893445 ], [ -7.77566736892464, 12.925974295467839 ], [ -7.774957813633316, 12.927007556369229 ], [ -7.773196559214323, 12.926999285762163 ], [ -7.768241326103513, 12.931813355074777 ], [ -7.764706857934563, 12.93421534648258 ], [ -7.76468985340672, 12.937670547004688 ], [ -7.762920013868047, 12.939389799586719 ], [ -7.763227989880906, 12.948374982334263 ], [ -7.764630298705248, 12.949763742820354 ], [ -7.765670132390907, 12.953223948522746 ], [ -7.768474845246865, 12.956001444139041 ], [ -7.769160757029521, 12.959805494384636 ], [ -7.768789779455238, 12.963604549039044 ], [ -7.76772607350524, 12.964981627703695 ], [ -7.769470611501913, 12.968445158709997 ], [ -7.769462119450561, 12.970172757218165 ] ] } },
{ "type": "Feature", "properties": { "OBJECTID": 113, "arcid": 113, "from_node": 130, "to_node": 112, "Shape_Leng": 29481.805858799999, "HydroID": 314, "GridID": 107, "NextDownID": 297, "DrainID": 107 }, "geometry": { "type": "LineString", "coordinates": [ [ -7.557668272956583, 12.857487956022213 ], [ -7.555189580189458, 12.859892840709534 ], [ -7.553755350664148, 12.864376476285974 ], [ -7.550558390673972, 12.869195859247403 ], [ -7.550192356501829, 12.871612351184863 ], [ -7.548067579389126, 12.873673600006724 ], [ -7.548051668347478, 12.876437527731355 ], [ -7.543445813381487, 12.881248978986681 ], [ -7.543439824549501, 12.882285448542522 ], [ -7.541312898995896, 12.884692115796998 ], [ -7.541300899951272, 12.886765053208711 ], [ -7.537753225813425, 12.891236764287733 ], [ -7.537741191180372, 12.893309696458035 ], [ -7.536310422866729, 12.897102195264134 ], [ -7.526388868690182, 12.907411442460345 ], [ -7.525314077251671, 12.910514863147794 ], [ -7.514687119419993, 12.920819571441786 ], [ -7.514676908363697, 12.922546993039962 ], [ -7.506881138351019, 12.930448915689967 ], [ -7.500862517972259, 12.935596819745211 ], [ -7.498396959316064, 12.93558264001777 ], [ -7.487419775296444, 12.945192993950309 ], [ -7.483178342075852, 12.947586787498935 ], [ -7.474321976248414, 12.955826848245719 ], [ -7.450012808628618, 12.956374314481513 ], [ -7.446821201248108, 12.959810157880804 ], [ -7.445412209449519, 12.959801750824512 ], [ -7.439741818561398, 12.965295586776572 ], [ -7.435158197043578, 12.965959040764178 ], [ -7.429848382591708, 12.970072857927956 ], [ -7.425266840125873, 12.970390655834889 ], [ -7.419595791512789, 12.975883971345338 ], [ -7.414292099747692, 12.978961013884547 ], [ -7.410749650151252, 12.98204870444992 ], [ -7.399051650326772, 12.993377694939664 ], [ -7.398677217397521, 12.996830158878652 ], [ -7.397611476348479, 12.998205494362526 ], [ -7.396169015885793, 13.003378740357931 ], [ -7.392976069938332, 13.006813755580461 ], [ -7.392956046198079, 13.009922916239248 ], [ -7.385858451680909, 13.017824782375609 ], [ -7.385842795451506, 13.020243007462797 ], [ -7.379812896298636, 13.026423924833672 ] ] } },
{ "type": "Feature", "properties": { "OBJECTID": 114, "arcid": 114, "from_node": 131, "to_node": 89, "Shape_Leng": 71396.618444399995, "HydroID": 315, "GridID": 85, "NextDownID": 272, "DrainID": 85 }, "geometry": { "type": "LineString", "coordinates": [ [ -6.295481977305592, 12.843025624772126 ], [ -6.297548596477588, 12.847189964783469 ], [ -6.326795227038476, 12.876491515529768 ], [ -6.328521673401194, 12.879616490627315 ], [ -6.328507033211524, 12.880997388026534 ], [ -6.330933639561083, 12.884474765055794 ], [ -6.330878758190315, 12.889653139590044 ], [ -6.336102403131401, 12.89488533387499 ], [ -6.336436038622957, 12.896615050053398 ], [ -6.339222091714687, 12.899405528074972 ], [ -6.339160009739427, 12.905274385218119 ], [ -6.341927924416884, 12.909790994941794 ], [ -6.342892449870821, 12.918432427119393 ], [ -6.343589026596447, 12.91913004510138 ], [ -6.343515990274263, 12.926034597396329 ], [ -6.343123847253577, 12.929828514417459 ], [ -6.342408970647249, 12.93085702590888 ], [ -6.342313883848316, 12.939832925619919 ], [ -6.333063569999288, 12.949060515482609 ], [ -6.333048873158909, 12.950441411604602 ], [ -6.330914922599113, 12.952491119624199 ], [ -6.329822173990103, 12.95593252420915 ], [ -6.329733811836582, 12.96421786945737 ], [ -6.331138129826562, 12.964577537952438 ], [ -6.332909168309872, 12.963559912595089 ], [ -6.333950458805417, 12.964951629037129 ], [ -6.333921035893612, 12.967713418860196 ], [ -6.331786915017927, 12.969763104367539 ], [ -6.330026876774701, 12.969745044086494 ], [ -6.326832992472361, 12.972129056991998 ], [ -6.323312899674275, 12.972092851077024 ], [ -6.320463546625723, 12.975170829576793 ], [ -6.316939726443883, 12.975479747730516 ], [ -6.314442276956435, 12.978561269700361 ], [ -6.31476091695364, 12.981671868419962 ], [ -6.313678884121281, 12.984077477772603 ], [ -6.310117780069742, 12.987838441777887 ], [ -6.310099193394817, 12.989564524017901 ], [ -6.30476287852588, 12.994688007424125 ], [ -6.304043898047038, 12.996061556243051 ], [ -6.304373568433406, 12.998136498130789 ], [ -6.302594716434538, 12.999844283480881 ], [ -6.300130426795447, 12.999818661213816 ], [ -6.299418874282778, 13.00050176211287 ], [ -6.299737295511769, 13.00361234345478 ], [ -6.297962110500207, 13.004974869194752 ], [ -6.288097313686239, 13.005562444475846 ], [ -6.281692786566694, 13.011709868069669 ], [ -6.280636629401385, 13.011698795046479 ], [ -6.278501710877197, 13.013747876536316 ], [ -6.276359212111793, 13.016487344931331 ], [ -6.276347894806831, 13.017522962462655 ], [ -6.272793308060518, 13.020592791696957 ], [ -6.249186323361839, 13.022069486067361 ], [ -6.241360795347441, 13.029236257528234 ], [ -6.237813339532148, 13.031615095111958 ], [ -6.226883918396093, 13.03287921204392 ], [ -6.223688375332459, 13.035261588164234 ], [ -6.220163840225924, 13.035568996543306 ], [ -6.219451991157436, 13.036251812017515 ], [ -6.210642572804263, 13.036847493229276 ], [ -6.199345410384233, 13.039487308516476 ], [ -6.198633502654223, 13.040170052649774 ], [ -6.196169030625263, 13.040143363050005 ], [ -6.193677303582585, 13.042532917953304 ], [ -6.190133212264257, 13.044565788840329 ], [ -6.187316644256306, 13.044535181966157 ], [ -6.184480541592132, 13.04623043619609 ], [ -6.174156690006423, 13.056129180620808 ], [ -6.171684252822878, 13.05679257383486 ], [ -6.16848403301223, 13.059519266456984 ], [ -6.166343950536129, 13.061912318675734 ], [ -6.166320316280613, 13.063983353118299 ], [ -6.163115997272765, 13.067055118024745 ], [ -6.160651334536138, 13.067028035757037 ], [ -6.15816296556349, 13.069071948970405 ], [ -6.158139249680517, 13.071142967522475 ], [ -6.157427142413399, 13.071825554889525 ], [ -6.157755518166742, 13.073900448425743 ], [ -6.166103479004878, 13.082967817058408 ], [ -6.166067963929093, 13.086074362435582 ], [ -6.164643677372142, 13.087439569098352 ], [ -6.164596280764337, 13.091581622425918 ], [ -6.163171950575667, 13.092946812317013 ], [ -6.163152185117827, 13.094672665635144 ], [ -6.157098553231617, 13.100474585550595 ], [ -6.156346689015717, 13.10460883460531 ], [ -6.154209997645424, 13.106656507486028 ], [ -6.154162354453246, 13.110798517008725 ], [ -6.153086028534048, 13.112512674158957 ], [ -6.155531277906267, 13.114265760573732 ], [ -6.155511425854045, 13.115991598654952 ], [ -6.160730444008803, 13.121572630318852 ], [ -6.160342576936184, 13.124675264392806 ], [ -6.161038997454345, 13.125373376957755 ], [ -6.160999332554025, 13.128825068268855 ], [ -6.159574727303775, 13.130190185998751 ], [ -6.158482433991282, 13.133285026148485 ], [ -6.15136701050466, 13.139420061208192 ], [ -6.149225936161815, 13.141812782759832 ], [ -6.149213972924351, 13.142848277728087 ], [ -6.145291868095103, 13.146947224257966 ], [ -6.143883055808277, 13.146931561003937 ], [ -6.140321013074677, 13.150343992360726 ], [ -6.138912187539152, 13.150328297883094 ], [ -6.136418688341689, 13.152716940144776 ], [ -6.133244801589726, 13.153026723123899 ], [ -6.132200221396237, 13.151979441934108 ], [ -6.13079139749772, 13.151963701024899 ], [ -6.129358461344079, 13.15401890545863 ], [ -6.128978112470648, 13.156431076986436 ], [ -6.12612419818321, 13.15950596075165 ], [ -6.124018965543601, 13.158791969428314 ], [ -6.121585723055738, 13.156003074713762 ], [ -6.115946358878616, 13.156284967558209 ], [ -6.115250023619237, 13.155586742343528 ], [ -6.113136788255586, 13.155562982280435 ], [ -6.109942660499868, 13.157598226634729 ], [ -6.107088536281999, 13.160672846238988 ], [ -6.106035958293511, 13.160315778920122 ], [ -6.102841720702006, 13.162350909157963 ], [ -6.100028091369213, 13.161973922678051 ], [ -6.098959266319159, 13.162997424858535 ], [ -6.098918614479442, 13.166448916570101 ], [ -6.09961491790468, 13.167147183338797 ], [ -6.097833491980236, 13.168853003432204 ], [ -6.091841696454188, 13.169130311977503 ], [ -6.085428231591569, 13.175270937332829 ], [ -6.085391439460832, 13.178377239560609 ], [ -6.078285385055459, 13.183474153169964 ], [ -6.076876447658739, 13.183458078958637 ], [ -6.075451095786086, 13.184822563217363 ], [ -6.065936661449498, 13.185058934726277 ], [ -6.06380266026243, 13.186760405067979 ], [ -6.060628427844368, 13.1870691759149 ], [ -6.055643424375639, 13.191499284884996 ], [ -6.055631020368687, 13.192534689736652 ], [ -6.053492751754471, 13.194581178763954 ], [ -6.050940049704372, 13.201800584652242 ], [ -6.049518603180013, 13.202819736344539 ], [ -6.045291574669482, 13.202770946131883 ], [ -6.036389493255925, 13.210607036627295 ], [ -6.036020559491196, 13.211983466212867 ], [ -6.030325900430843, 13.216749827399026 ], [ -6.028535298970735, 13.219145234705609 ], [ -6.025700401702759, 13.220492945158837 ] ] } },
{ "type": "Feature", "properties": { "OBJECTID": 115, "arcid": 115, "from_node": 132, "to_node": 117, "Shape_Leng": 44495.454100399998, "HydroID": 316, "GridID": 114, "NextDownID": 302, "DrainID": 114 }, "geometry": { "type": "LineString", "coordinates": [ [ -8.057653613408037, 12.834015965540706 ], [ -8.054290713927552, 12.838668957812494 ], [ -8.054260994099046, 12.846616745409577 ], [ -8.052844541014617, 12.848685002805221 ], [ -8.052443120775406, 12.861814840957491 ], [ -8.049968672867957, 12.864224808933251 ], [ -8.050303967459342, 12.868718298317594 ], [ -8.047483744955647, 12.869399186849352 ], [ -8.046068403147444, 12.871121836105841 ], [ -8.04324814519283, 12.8718026762565 ], [ -8.042873650991758, 12.877675808114722 ], [ -8.042166598203881, 12.878364341321209 ], [ -8.039702413083385, 12.878009762685137 ], [ -8.038285651546094, 12.880077915835075 ], [ -8.034763487472615, 12.880064961762532 ], [ -8.033009033373892, 12.878330702327347 ], [ -8.028430260263507, 12.878313762841749 ], [ -8.024918819720291, 12.875536261319342 ], [ -8.017494170169359, 12.882765212173904 ], [ -8.01748878283597, 12.884147417219522 ], [ -8.015720935701305, 12.885868559210842 ], [ -8.016050218531703, 12.891744247416506 ], [ -8.014984068514005, 12.894159127531976 ], [ -8.018491592898714, 12.897973421508944 ], [ -8.015316033555852, 12.899343711784452 ], [ -8.012835440569969, 12.90313547182507 ], [ -8.012827307747326, 12.905208771845661 ], [ -7.994510412467729, 12.90513898047605 ], [ -7.992388629826482, 12.90720413275197 ], [ -7.990978245529105, 12.907544246383271 ], [ -7.980410766330809, 12.907503248488959 ], [ -7.975462399959458, 12.911630522407036 ], [ -7.974053384132082, 12.911624995359777 ], [ -7.972285055128779, 12.913345804070088 ], [ -7.97017859560123, 12.911609756835681 ], [ -7.964190294503697, 12.91158609344156 ], [ -7.959629592274469, 12.907075829555124 ], [ -7.954698155182053, 12.907056159787155 ], [ -7.951514988788592, 12.910153357146577 ], [ -7.951504905347562, 12.91257216047415 ], [ -7.946554553476575, 12.917044383398615 ], [ -7.943030520349782, 12.917375699141257 ], [ -7.941969381920797, 12.918408047484654 ], [ -7.938800505631983, 12.918049646513195 ], [ -7.937036289491992, 12.918733568797515 ], [ -7.933870352022534, 12.91768402610613 ], [ -7.930710322184058, 12.915252283119369 ], [ -7.927892292049017, 12.915240735796145 ], [ -7.926477375892174, 12.916617111822037 ], [ -7.925068355255506, 12.916611318535244 ], [ -7.921183169836259, 12.91901412605244 ], [ -7.917306844324501, 12.919343633938313 ], [ -7.91518583991355, 12.921062560405895 ], [ -7.911307985116977, 12.921737514471973 ], [ -7.905649242939813, 12.926897026077549 ], [ -7.903883382935827, 12.927926250135245 ], [ -7.903181863802271, 12.927232216412277 ], [ -7.902122040311253, 12.927918848684628 ], [ -7.900351622360395, 12.929984657784622 ], [ -7.899985727204086, 12.933093005632768 ], [ -7.898222835232393, 12.933431111534194 ], [ -7.894678779259844, 12.938253721032929 ], [ -7.893266604602938, 12.938938818140111 ], [ -7.890096061733774, 12.938925346799133 ], [ -7.887617831859255, 12.941679125297268 ], [ -7.883036579976413, 12.942005085641558 ], [ -7.875610706715635, 12.948192901363573 ], [ -7.873496945572443, 12.948183775292399 ], [ -7.871024670261637, 12.949555239191543 ], [ -7.865367626255177, 12.95402268337612 ], [ -7.862549222288796, 12.954010395309247 ], [ -7.861133742041006, 12.955386366215102 ], [ -7.856201518850583, 12.955364759742206 ], [ -7.855493760580658, 12.95605272815312 ], [ -7.853379947972443, 12.95604343344098 ], [ -7.850215573454942, 12.954647337332084 ], [ -7.843871000135822, 12.955310335270818 ], [ -7.839292707663878, 12.95494444299398 ], [ -7.835744036934162, 12.960457181013066 ], [ -7.830461066175411, 12.960087975947188 ], [ -7.828356933248051, 12.95800530956261 ], [ -7.815674107372907, 12.957947954792939 ], [ -7.81106305431342, 12.964492074087206 ], [ -7.811408802749064, 12.965875784281968 ], [ -7.809994634546855, 12.966905921416412 ], [ -7.804018544058559, 12.964114278666463 ], [ -7.792744742701204, 12.964062249857552 ], [ -7.776526924246609, 12.96640524974444 ], [ -7.773346009612784, 12.968463451072772 ], [ -7.771232155445294, 12.968453480569464 ], [ -7.769462119450561, 12.970172757218165 ] ] } },
{ "type": "Feature", "properties": { "OBJECTID": 116, "arcid": 116, "from_node": 133, "to_node": 112, "Shape_Leng": 28380.548495399999, "HydroID": 317, "GridID": 108, "NextDownID": 297, "DrainID": 108 }, "geometry": { "type": "LineString", "coordinates": [ [ -7.348169336753844, 12.828787502365364 ], [ -7.353243692220422, 12.833483237645993 ], [ -7.352882642208085, 12.834862871428884 ], [ -7.357773320675793, 12.840766550698245 ], [ -7.359177102232738, 12.841466273968949 ], [ -7.359834171341492, 12.848725349527953 ], [ -7.360883683145099, 12.849768329042062 ], [ -7.362260651298305, 12.854613574430083 ], [ -7.364707363856677, 12.857392636402434 ], [ -7.365050508455413, 12.858776676839783 ], [ -7.365346679014578, 12.867415403667646 ], [ -7.366746153571281, 12.868806028012417 ], [ -7.366710368292089, 12.874333409136836 ], [ -7.372658423218565, 12.880243511098758 ], [ -7.374064690134942, 12.880597720857484 ], [ -7.3765139882106, 12.883031250525868 ], [ -7.378624537119351, 12.883389803611431 ], [ -7.38492966048736, 12.88861093414485 ], [ -7.391620285774018, 12.88865213036453 ], [ -7.397573688404703, 12.893870836787148 ], [ -7.399323444111912, 12.895608945552883 ], [ -7.399638257639563, 12.901484025934261 ], [ -7.401381492372158, 12.904258526677408 ], [ -7.401716097317775, 12.907024410889536 ], [ -7.403115990812468, 12.908414886557006 ], [ -7.402048510995709, 12.910135762117688 ], [ -7.403069918757738, 12.915669682860882 ], [ -7.398821772955029, 12.91909847161177 ], [ -7.399521737919683, 12.919793720764854 ], [ -7.399508535707944, 12.921866513908711 ], [ -7.398084371054432, 12.924276133320594 ], [ -7.398075558766202, 12.925657994910244 ], [ -7.39982551377592, 12.927396122621637 ], [ -7.400166704273988, 12.929125608624961 ], [ -7.397683690539099, 12.931874206396119 ], [ -7.396274889145694, 12.93186555191385 ], [ -7.392732984420368, 12.934953059755328 ], [ -7.394126326420912, 12.93737998572414 ], [ -7.393734307369188, 12.943596171399619 ], [ -7.38806110668787, 12.949434263721777 ], [ -7.388041113391616, 12.952543429621079 ], [ -7.389791155532057, 12.954281635115676 ], [ -7.389766735342678, 12.958081728301515 ], [ -7.390466767875496, 12.958777009593497 ], [ -7.39010120989967, 12.960847609878948 ], [ -7.393246989720333, 12.964667288431672 ], [ -7.394303727529242, 12.964673808462571 ], [ -7.397106214947454, 12.967109422634575 ], [ -7.398867463929887, 12.967120262864674 ], [ -7.401317772410511, 12.969553672117897 ], [ -7.401304532460546, 12.971626460098999 ], [ -7.397742146465355, 12.977823143555135 ], [ -7.397354459950027, 12.983348393179558 ], [ -7.393091660784379, 12.988849705194625 ], [ -7.390949064335747, 12.99332763768146 ], [ -7.390929036860251, 12.996436797550924 ], [ -7.379579554150707, 13.008112359092339 ], [ -7.379812896298636, 13.026423924833672 ] ] } },
{ "type": "Feature", "properties": { "OBJECTID": 117, "arcid": 117, "from_node": 134, "to_node": 124, "Shape_Leng": 26731.391173399999, "HydroID": 318, "GridID": 125, "NextDownID": 308, "DrainID": 125 }, "geometry": { "type": "LineString", "coordinates": [ [ -9.524338135312849, 12.826024092405463 ], [ -9.545161913570061, 12.847062702897949 ], [ -9.552912671731953, 12.848083264795516 ], [ -9.555029697262942, 12.84980674038929 ], [ -9.560312808807199, 12.849795519046024 ], [ -9.563841818607282, 12.85289825639232 ], [ -9.571590464453248, 12.85288149802958 ], [ -9.579321674675219, 12.84526163103784 ], [ -9.58072967949148, 12.844912934507848 ], [ -9.58494727664212, 12.841102118757773 ], [ -9.587059636211222, 12.840751820300486 ], [ -9.588472427584742, 12.842476593245284 ], [ -9.597631131835454, 12.843147090115137 ], [ -9.600102241503615, 12.84556055925616 ], [ -9.600106342546837, 12.84728847954956 ], [ -9.604342670873736, 12.851425793600743 ], [ -9.607160324224445, 12.851419292117983 ], [ -9.609278562340648, 12.853487896944005 ], [ -9.608931350002575, 12.855562214842815 ], [ -9.606471670870816, 12.857987008296652 ], [ -9.606481628805865, 12.862134008718872 ], [ -9.604023517594127, 12.865249949454988 ], [ -9.60367955526192, 12.868706594255658 ], [ -9.608265218882647, 12.871460675817941 ], [ -9.611795942699191, 12.874908306941721 ], [ -9.611800133530398, 12.876636219624379 ], [ -9.625217858296088, 12.88973672836573 ], [ -9.629100471175272, 12.892837675694938 ], [ -9.630862650387744, 12.893179017195493 ], [ -9.637572272149177, 12.899728827388106 ], [ -9.644971749203059, 12.900401853003132 ], [ -9.650607211434796, 12.900042316346225 ], [ -9.655194834557731, 12.903141098310531 ], [ -9.658364409217182, 12.902787557993701 ], [ -9.659777132326004, 12.904166322462192 ], [ -9.665765831259369, 12.904151145467161 ], [ -9.669983025886516, 12.900338991149814 ], [ -9.672448919198368, 12.900332664019295 ], [ -9.673508503509003, 12.901366678305356 ], [ -9.673512202139342, 12.902748989783452 ], [ -9.678810287665064, 12.907918988878363 ], [ -9.67850743440367, 12.926235485737063 ], [ -9.68133338255662, 12.928992758729715 ] ] } },
{ "type": "Feature", "properties": { "OBJECTID": 118, "arcid": 118, "from_node": 135, "to_node": 116, "Shape_Leng": 19823.499468400001, "HydroID": 319, "GridID": 113, "NextDownID": 301, "DrainID": 113 }, "geometry": { "type": "LineString", "coordinates": [ [ -9.207723763163541, 12.825082318042606 ], [ -9.208782605370233, 12.827846293204811 ], [ -9.209139649857212, 12.833721235990707 ], [ -9.210550173155584, 12.835793718814232 ], [ -9.210554774767065, 12.84132333735295 ], [ -9.206331636863897, 12.845473902963695 ], [ -9.206336149794582, 12.85100351892499 ], [ -9.20739367093023, 12.852039488496702 ], [ -9.207396790960289, 12.855841097509769 ], [ -9.208454337857649, 12.856877062050962 ], [ -9.208808854829472, 12.859641587014739 ], [ -9.211629055925442, 12.862404133213612 ], [ -9.211632242327022, 12.866205738195184 ], [ -9.21304326314565, 12.868623799521231 ], [ -9.213753321233327, 12.875189628752237 ], [ -9.215516083621859, 12.876916186694636 ], [ -9.215518741581125, 12.880026586048508 ], [ -9.219394545419854, 12.881060169771231 ], [ -9.221862834875237, 12.883822890579767 ], [ -9.220808147248778, 12.886242981269408 ], [ -9.218694212371352, 12.885899155380725 ], [ -9.217638291009459, 12.886936834501762 ], [ -9.217639186362558, 12.887973634033417 ], [ -9.22539696398472, 12.896607061100454 ], [ -9.225404390179847, 12.904901440952514 ], [ -9.219069335641754, 12.912164410448751 ], [ -9.22012898399977, 12.915273912518908 ], [ -9.219791784780346, 12.932554141930947 ], [ -9.224376184601502, 12.937043022094217 ], [ -9.224378347223643, 12.939462209306095 ], [ -9.225788978957441, 12.940843385101685 ], [ -9.225795822132563, 12.948446540319409 ], [ -9.224739672193484, 12.949484247882154 ], [ -9.224389166922258, 12.951558138641067 ], [ -9.220869181651542, 12.955708321885302 ], [ -9.220871313649344, 12.95812750621876 ], [ -9.218760091303754, 12.961585267959583 ], [ -9.218059848275445, 12.966769823336007 ], [ -9.216652399135318, 12.969190183029355 ], [ -9.216653894482127, 12.97091817084592 ], [ -9.217711969699602, 12.971954080689692 ], [ -9.220179326745164, 12.972643200020547 ], [ -9.219828147329666, 12.974025887711298 ] ] } },
{ "type": "Feature", "properties": { "OBJECTID": 119, "arcid": 119, "from_node": 136, "to_node": 94, "Shape_Leng": 65829.886470400001, "HydroID": 320, "GridID": 93, "NextDownID": 277, "DrainID": 93 }, "geometry": { "type": "LineString", "coordinates": [ [ -6.017522022891135, 12.770115863635246 ], [ -6.013439714218312, 12.773348885975887 ], [ -6.013342330489238, 12.781632072325444 ], [ -6.014732695386198, 12.783028536785551 ], [ -6.014332337898606, 12.787166148105804 ], [ -6.016434164214941, 12.787880312771659 ], [ -6.018519787590394, 12.789974998189319 ], [ -6.019574773198675, 12.789986934653484 ], [ -6.021349286319558, 12.788626279972538 ], [ -6.02307520213955, 12.791407234808709 ], [ -6.020585180596634, 12.793795348810526 ], [ -6.020564912964538, 12.795521022078194 ], [ -6.017371479646092, 12.79790113153522 ], [ -6.015617181513089, 12.797536075474513 ], [ -6.014901652887735, 12.798563500916636 ], [ -6.019077095797057, 12.802407785107127 ], [ -6.019392252144158, 12.805517973125834 ], [ -6.020431072290357, 12.806910456847463 ], [ -6.020071270218485, 12.807596743345835 ], [ -6.022152999065719, 12.810036575066112 ], [ -6.023498930512228, 12.81522952034201 ], [ -6.022787420066469, 12.815911827485506 ], [ -6.019622135600234, 12.815875972792197 ], [ -6.015442439736793, 12.812376783180424 ], [ -6.014387365954805, 12.812364809639691 ], [ -6.0129643220799, 12.813729364715561 ], [ -6.012931757212118, 12.816490417858995 ], [ -6.009365879973504, 12.820592009090994 ], [ -6.009001944403745, 12.821623398112536 ], [ -6.010396525874102, 12.822674794559877 ], [ -6.010367986975506, 12.825090708885963 ], [ -6.013840262295436, 12.828927144454211 ], [ -6.014486657963886, 12.833766983112499 ], [ -6.015529600834735, 12.834814372342777 ], [ -6.015137131960935, 12.838261692468745 ], [ -6.009791816161234, 12.844068867907701 ], [ -6.008384881645684, 12.844052833181332 ], [ -6.005894120752444, 12.846440654828099 ], [ -6.005153821449002, 12.849538781288638 ], [ -6.006900251582969, 12.850594239678268 ], [ -6.006892070295677, 12.851284497935126 ], [ -6.00337055141258, 12.851589463599165 ], [ -6.002303034023226, 12.852612787116247 ], [ -6.002486700509539, 12.866767022804645 ], [ -6.000699153837958, 12.86916277922843 ], [ -6.001005761342116, 12.872963197597413 ], [ -5.999938126085621, 12.87398648796375 ], [ -6.000261144478389, 12.87640640034877 ], [ -6.001300045124124, 12.877798994444124 ], [ -5.999876496470322, 12.879163376583 ], [ -5.999148272940148, 12.881226065661467 ], [ -5.999823062383277, 12.88365001174086 ], [ -6.001909127392133, 12.885744961005132 ], [ -6.002588056000908, 12.887823781412811 ], [ -5.999401362902482, 12.889513111432443 ], [ -5.999335529933978, 12.895035117407774 ], [ -6.000705708891338, 12.898157393883334 ], [ -6.000672787715536, 12.900918398248292 ], [ -6.002063573617612, 12.902315048353273 ], [ -6.002030656362951, 12.905076055292316 ], [ -6.003417355496897, 12.906817829695711 ], [ -6.005810198210463, 12.9127132252501 ], [ -6.00610856046978, 12.917203908767044 ], [ -6.012019957573307, 12.923139623536271 ], [ -6.014789573976536, 12.926968263546611 ], [ -6.014773153720856, 12.928348780174554 ], [ -6.010505697620663, 12.932096830892656 ], [ -6.010448112343, 12.936928619309032 ], [ -6.009024193403095, 12.938292982583354 ], [ -6.009297833034037, 12.944854436994152 ], [ -6.008229851166556, 12.945877696856799 ], [ -6.008118565930713, 12.955196114980605 ], [ -6.00705052565014, 12.956219359510984 ], [ -6.007029898697046, 12.957944989168078 ], [ -6.004169334115951, 12.961708979414135 ], [ -6.004140415089231, 12.964124854355926 ], [ -6.002708013494764, 12.966179388908673 ], [ -6.003043379161637, 12.967563941033021 ], [ -6.001975258478082, 12.96858714779999 ], [ -6.001954576172829, 12.97031276777642 ], [ -5.999805869820369, 12.973394528203723 ], [ -5.999781023215753, 12.975465268152117 ], [ -5.998712851988148, 12.976488449776278 ], [ -5.998671413298387, 12.979939677922648 ], [ -6.002488724525032, 12.984470969405409 ], [ -6.003126329236442, 12.990001074009262 ], [ -6.003821919289901, 12.990699444980608 ], [ -6.002381025978905, 12.993444187363291 ], [ -6.002687382578322, 12.997244610588076 ], [ -6.001962760836161, 12.998962098141307 ], [ -6.003010316401927, 12.999664540499257 ], [ -6.00298129854249, 13.002080405841484 ], [ -6.010633286718178, 13.009762500134764 ], [ -6.010620872846217, 13.010797877115737 ], [ -6.009196441873696, 13.012162144128132 ], [ -6.008148819517677, 13.011459711276576 ], [ -6.006364114887529, 13.013510145495587 ], [ -6.011225481588522, 13.019089012066187 ], [ -6.012223469314281, 13.023932952256121 ], [ -6.012529911315392, 13.027733397794741 ], [ -6.010749233134367, 13.029438717367908 ], [ -6.009643497067024, 13.033568023968522 ], [ -6.008570904145967, 13.034936322233795 ], [ -6.009937433673661, 13.038403838303315 ], [ -6.008173252613999, 13.038728621077665 ], [ -6.00639245548516, 13.040433885863596 ], [ -6.005969808225698, 13.046296912236601 ], [ -6.010835791510472, 13.051530786378818 ], [ -6.012243893592724, 13.051547062066367 ], [ -6.01437678023765, 13.049845831509593 ], [ -6.016136900774562, 13.049866148251963 ], [ -6.017503580335647, 13.053333661402146 ], [ -6.025956462286014, 13.053085867008082 ], [ -6.027352205612886, 13.054137452586582 ], [ -6.031928660231886, 13.054190038838044 ], [ -6.035411956477417, 13.05733662618333 ], [ -6.038580332728912, 13.057372950684343 ], [ -6.04173638814212, 13.058444639061689 ], [ -6.045215779169772, 13.061936268560084 ], [ -6.046271933077186, 13.06194834518165 ], [ -6.048359624850827, 13.064043303181405 ], [ -6.049767845939082, 13.064059389809939 ], [ -6.058127209731961, 13.071748810831116 ], [ -6.058057625669832, 13.077616173125739 ], [ -6.059101579839993, 13.078663629596541 ], [ -6.059015599523023, 13.0859115493655 ], [ -6.061103580067535, 13.088006466572791 ], [ -6.062864045757883, 13.088026522929553 ], [ -6.064956168246592, 13.089776278719254 ], [ -6.067420848095414, 13.089804321208907 ], [ -6.068816989601944, 13.090855760265264 ], [ -6.07229719780654, 13.094347194084152 ], [ -6.072276797457421, 13.096072908565478 ], [ -6.07332088521808, 13.097120334357264 ], [ -6.073267845138168, 13.101607194085318 ], [ -6.071843049261805, 13.102971760001571 ], [ -6.071794042531241, 13.107113469506062 ], [ -6.072490122056449, 13.107811760681008 ], [ -6.072072633078512, 13.113330036271419 ], [ -6.069923033305064, 13.116412271116157 ], [ -6.069546351061798, 13.118479110477409 ], [ -6.071659187106559, 13.118503162412008 ], [ -6.074447713434705, 13.120951204807067 ], [ -6.074423199173284, 13.123022061710495 ], [ -6.07651158245493, 13.12511694134257 ], [ -6.076491161882592, 13.126842658244028 ], [ -6.077187300912729, 13.127540950249601 ], [ -6.077482279305106, 13.132376961854044 ], [ -6.077461853814896, 13.134102679287219 ], [ -6.072466082084148, 13.139568845423334 ], [ -6.072449704618813, 13.140949412588826 ], [ -6.073493941460081, 13.141996874580647 ], [ -6.071733074056989, 13.141976809839765 ], [ -6.071008242245584, 13.143694486735436 ], [ -6.069583142568391, 13.145058983418535 ], [ -6.067818157993657, 13.145384027306353 ], [ -6.06388669819171, 13.150171716094105 ], [ -6.064193673708625, 13.153972269722226 ], [ -6.062055866609557, 13.156018921139653 ], [ -6.062035295115162, 13.15774461148232 ], [ -6.061322679106345, 13.158426821436226 ], [ -6.061248575469912, 13.16463929963049 ], [ -6.05768532581607, 13.168050286003039 ], [ -6.056952035663989, 13.170458155275186 ], [ -6.054814009094914, 13.172504701149593 ], [ -6.054084800996269, 13.174567417824633 ], [ -6.050521299633619, 13.177978250955924 ], [ -6.050504749553506, 13.179358786699257 ], [ -6.042660494193774, 13.187207489771881 ], [ -6.038715305812042, 13.193029923391752 ], [ -6.035507717159156, 13.196099389348241 ], [ -6.035478564518873, 13.198515289807387 ], [ -6.032623103165028, 13.20158877541375 ] ] } },
{ "type": "Feature", "properties": { "OBJECTID": 120, "arcid": 120, "from_node": 137, "to_node": 131, "Shape_Leng": 15576.471135, "HydroID": 321, "GridID": 123, "NextDownID": 315, "DrainID": 123 }, "geometry": { "type": "LineString", "coordinates": [ [ -6.376130582423017, 12.768228861315748 ], [ -6.374709366107616, 12.769595832553275 ], [ -6.374673712438342, 12.773048234958642 ], [ -6.371831188538069, 12.775782135620082 ], [ -6.371813334540215, 12.777508332590513 ], [ -6.370374170320379, 12.780601458723064 ], [ -6.368604666857387, 12.781619628966256 ], [ -6.366849467141504, 12.781256833730428 ], [ -6.364713864470858, 12.78365241033552 ], [ -6.362965832316612, 12.782599114407306 ], [ -6.360855299917546, 12.78257799727365 ], [ -6.358414559645555, 12.780481926365161 ], [ -6.338705791819637, 12.781319559893136 ], [ -6.328766122573278, 12.789850649817488 ], [ -6.325248567970278, 12.789814969417417 ], [ -6.323116194905344, 12.79186489062031 ], [ -6.313966892251909, 12.792117036395602 ], [ -6.312197149932997, 12.79313476627768 ], [ -6.310086617537553, 12.793113225619042 ], [ -6.306177000354069, 12.796871115137481 ], [ -6.303711019784957, 12.79719113876267 ], [ -6.299801251255641, 12.800948901094424 ], [ -6.298745963364217, 12.800938076770084 ], [ -6.294828699548522, 12.805386171551087 ], [ -6.294618543536987, 12.825063515681599 ], [ -6.294874373922036, 12.834042758263923 ], [ -6.295570606653615, 12.834740436915116 ], [ -6.295481977305592, 12.843025624772126 ] ] } },
{ "type": "Feature", "properties": { "OBJECTID": 121, "arcid": 121, "from_node": 138, "to_node": 128, "Shape_Leng": 17553.242505900002, "HydroID": 322, "GridID": 120, "NextDownID": 311, "DrainID": 120 }, "geometry": { "type": "LineString", "coordinates": [ [ -8.611199170279598, 12.771655006880852 ], [ -8.609787558783896, 12.773726512233575 ], [ -8.609784377188761, 12.775800094801385 ], [ -8.611189659943225, 12.777875755629172 ], [ -8.611889143596086, 12.780987165185634 ], [ -8.613295522950079, 12.782371621552331 ], [ -8.613290789944347, 12.785481994094892 ], [ -8.612232826877618, 12.786517233615646 ], [ -8.612230189474257, 12.788245218094008 ], [ -8.607998757525113, 12.792040533524611 ], [ -8.608700898551211, 12.793423966271277 ], [ -8.608690244567578, 12.800335895392148 ], [ -8.610799947962047, 12.802412603220926 ], [ -8.611148390475867, 12.804832297813029 ], [ -8.610084491951136, 12.809669083482515 ], [ -8.620984931033975, 12.820744108790045 ], [ -8.624506179631823, 12.821094754611167 ], [ -8.625564242376861, 12.82005947115808 ], [ -8.629789841160818, 12.820411047582294 ], [ -8.634361146487967, 12.825255804537385 ], [ -8.63470236043595, 12.832859420014509 ], [ -8.633996974414767, 12.833549633039215 ], [ -8.633990976580554, 12.837696790682704 ], [ -8.640321737107648, 12.843926282219307 ], [ -8.640662157305337, 12.852221076951013 ], [ -8.649454730072437, 12.861564087486448 ], [ -8.65015441062498, 12.865020990833377 ], [ -8.6469789446391, 12.868818300727931 ], [ -8.646977494446418, 12.869855088512081 ], [ -8.643097418828065, 12.873651397371383 ], [ -8.642040666503863, 12.8736499563053 ], [ -8.637455449820688, 12.877790809059217 ], [ -8.63569416975171, 12.877788366235402 ], [ -8.62969718966894, 12.883655088323561 ], [ -8.629691096876222, 12.887802228145068 ], [ -8.631098153166663, 12.88918659641636 ], [ -8.631096635255529, 12.890223381674392 ] ] } },
{ "type": "Feature", "properties": { "OBJECTID": 122, "arcid": 122, "from_node": 139, "to_node": 109, "Shape_Leng": 42557.503800600003, "HydroID": 323, "GridID": 104, "NextDownID": 294, "DrainID": 104 }, "geometry": { "type": "LineString", "coordinates": [ [ -5.5990925743734, 12.73106678938651 ], [ -5.602255501943451, 12.731107434414213 ], [ -5.605788252777277, 12.729772566605362 ], [ -5.608599748872683, 12.729808622695813 ], [ -5.610735892883104, 12.727765656227282 ], [ -5.613195944930789, 12.727797156099856 ], [ -5.615970808585546, 12.730593128150964 ], [ -5.614528387810712, 12.733335137226614 ], [ -5.614496306664945, 12.735750132736966 ], [ -5.615536904685856, 12.736798628388939 ], [ -5.614468803292533, 12.737820128604392 ], [ -5.614422953585455, 12.741270120267069 ], [ -5.611930642471357, 12.743653586675185 ], [ -5.611875553940561, 12.747793564527512 ], [ -5.61077063379943, 12.75157501562758 ], [ -5.608990307785088, 12.753277444572287 ], [ -5.608241377302443, 12.756718384435633 ], [ -5.609628883442492, 12.758116428194121 ], [ -5.611386270225715, 12.758138990508222 ], [ -5.613819058320944, 12.760240549154343 ], [ -5.616977807068469, 12.76062610885074 ], [ -5.620793695966447, 12.764470642798146 ], [ -5.623957109481049, 12.76451113274859 ], [ -5.626746152317079, 12.766272107067179 ], [ -5.626024846090954, 12.767643128807821 ], [ -5.626170140133054, 12.783172736889505 ], [ -5.627557877489672, 12.784570744811589 ], [ -5.629598269343433, 12.789772780813745 ], [ -5.633410141178939, 12.793962286476381 ], [ -5.633706718995604, 12.798106836413094 ], [ -5.635788498979249, 12.800203832279674 ], [ -5.636413751243948, 12.806077909667829 ], [ -5.638144050349498, 12.808170412154098 ], [ -5.638130314956245, 12.809205429366438 ], [ -5.637061901013971, 12.810226964165196 ], [ -5.637335580309596, 12.816096551781339 ], [ -5.641152473249479, 12.819941062043881 ], [ -5.641449101066998, 12.824085634631935 ], [ -5.643531118726623, 12.8261826346176 ], [ -5.644882536572707, 12.830340692135925 ], [ -5.64661761131225, 12.832088185945846 ], [ -5.646576425909863, 12.835193259682452 ], [ -5.647265892190335, 12.836237265551548 ], [ -5.645137984090234, 12.837590345438841 ], [ -5.645105923607077, 12.840005398380049 ], [ -5.64047545293098, 12.844432004793207 ], [ -5.63836121809258, 12.84474998725873 ], [ -5.63623319721185, 12.846102963606771 ], [ -5.635493208646746, 12.848853976706119 ], [ -5.638616384761076, 12.851999597648433 ], [ -5.638209626139795, 12.856135145936816 ], [ -5.639250712017033, 12.857183687552933 ], [ -5.640255051563247, 12.860992268425587 ], [ -5.644072503963438, 12.864836904233574 ], [ -5.647588884919447, 12.864881926055766 ], [ -5.648282992460854, 12.86558094052207 ], [ -5.647547602638703, 12.867986995170135 ], [ -5.652050240106626, 12.873220605737497 ], [ -5.651967719225873, 12.879430768549925 ], [ -5.653008948977996, 12.880479290768362 ], [ -5.652976853133002, 12.88289435539021 ], [ -5.654365181354135, 12.884292385836135 ], [ -5.654661835338862, 12.888436999776866 ], [ -5.648262797512107, 12.893531061600168 ], [ -5.648221428472665, 12.896636126103159 ], [ -5.64395059776901, 12.90037703538502 ], [ -5.644265449123774, 12.903141596856212 ], [ -5.644959622769279, 12.903840642163601 ], [ -5.645209999711382, 12.911435286324975 ], [ -5.646940886794885, 12.913527913363495 ], [ -5.64686258001899, 12.919393017666531 ], [ -5.645428064610467, 12.921444969101566 ], [ -5.645405012221726, 12.923169996745228 ], [ -5.642910677193449, 12.925553357381569 ], [ -5.642869135735164, 12.928658397203538 ], [ -5.645298928212963, 12.931105119010953 ], [ -5.64528047159599, 12.932485140127435 ], [ -5.646655110982032, 12.934918280357987 ], [ -5.64943212464588, 12.937714518607436 ], [ -5.649413681008781, 12.939094543992487 ], [ -5.650802216994895, 12.940492659779025 ], [ -5.650788387045954, 12.941527680071889 ], [ -5.653908050555649, 12.945018437478959 ], [ -5.655278218048203, 12.947796575671562 ], [ -5.655241363233453, 12.950556641621004 ], [ -5.654519406635872, 12.95192763498555 ], [ -5.655436412733621, 12.962291437847393 ], [ -5.654723632459243, 12.962972406699471 ], [ -5.654700567446567, 12.964697445353666 ], [ -5.656774368104998, 12.967484650597111 ], [ -5.657783618040145, 12.970948302380043 ], [ -5.658024708760905, 12.979233030918781 ], [ -5.657311873667347, 12.979913996100917 ], [ -5.657233393692729, 12.985779133135232 ], [ -5.658622176623754, 12.987177276810034 ], [ -5.658562154754675, 12.991662385835857 ], [ -5.658890886988623, 12.993391956407612 ], [ -5.660279713137452, 12.994790102165792 ], [ -5.660566898147136, 12.999624753516647 ], [ -5.66160854543167, 13.000673364974562 ], [ -5.661585458580725, 13.002398409922648 ], [ -5.662974340992389, 13.003796557161216 ], [ -5.663238455396995, 13.010356264749976 ], [ -5.666016326967732, 13.01315256226099 ], [ -5.669178400181694, 13.013538286251313 ], [ -5.670914630780453, 13.015285948066428 ], [ -5.670452093199218, 13.023561711433882 ], [ -5.671109704152365, 13.027020875249553 ] ] } },
{ "type": "Feature", "properties": { "OBJECTID": 123, "arcid": 123, "from_node": 140, "to_node": 135, "Shape_Leng": 12352.4386989, "HydroID": 324, "GridID": 129, "NextDownID": 319, "DrainID": 129 }, "geometry": { "type": "LineString", "coordinates": [ [ -9.212584561656405, 12.741615369930646 ], [ -9.2157559858487, 12.744896038930973 ], [ -9.216812214001514, 12.744895175496326 ], [ -9.217869329086659, 12.745931118529338 ], [ -9.218224957389031, 12.750078067468559 ], [ -9.218929717542597, 12.750768692624936 ], [ -9.218936549235396, 12.758717564158765 ], [ -9.221403319102908, 12.761134731605742 ], [ -9.22351560669709, 12.760787350483076 ], [ -9.224220411081935, 12.761477959349815 ], [ -9.224574948921756, 12.764242482448692 ], [ -9.225984894416435, 12.765969295216657 ], [ -9.225987042770603, 12.768388513630738 ], [ -9.223172600386786, 12.771155729663027 ], [ -9.219659237551715, 12.780144348765186 ], [ -9.220365285576833, 12.782217375241096 ], [ -9.22247956355865, 12.783943614016581 ], [ -9.222481379053551, 12.78601722763746 ], [ -9.221074952878723, 12.788437627423976 ], [ -9.22107976608558, 12.793967261066783 ], [ -9.217913436436575, 12.797425921035837 ], [ -9.212986251667179, 12.800885971661673 ], [ -9.212987121832638, 12.801922777387531 ], [ -9.211227783891491, 12.803652205319157 ], [ -9.211228934807705, 12.805034613708097 ], [ -9.208765808567529, 12.807455792924744 ], [ -9.204892294045584, 12.807804436974481 ], [ -9.204187410771519, 12.807113780092775 ], [ -9.203132030410913, 12.808497004858971 ], [ -9.207714697677618, 12.814023063905557 ], [ -9.207716396810275, 12.816096674819931 ], [ -9.205958049980962, 12.819208475125553 ], [ -9.208072545128246, 12.820934820444039 ], [ -9.207723763163541, 12.825082318042606 ] ] } },
{ "type": "Feature", "properties": { "OBJECTID": 124, "arcid": 124, "from_node": 141, "to_node": 135, "Shape_Leng": 33442.814415399997, "HydroID": 325, "GridID": 128, "NextDownID": 319, "DrainID": 128 }, "geometry": { "type": "LineString", "coordinates": [ [ -8.999756166045758, 12.741355147965605 ], [ -9.003452887322277, 12.73738065598906 ], [ -9.00486110177277, 12.734270178765929 ], [ -9.008029677839358, 12.734270101636419 ], [ -9.00873386572016, 12.735998109536959 ], [ -9.011198436845584, 12.73841725953984 ], [ -9.016479594635543, 12.740145013944204 ], [ -9.022464820383899, 12.740144573602532 ], [ -9.025281671281311, 12.742909167185788 ], [ -9.028802431042688, 12.742908807388437 ], [ -9.030915095268339, 12.744636598760316 ], [ -9.033731722394045, 12.744636254661351 ], [ -9.035140225559621, 12.746018495115669 ], [ -9.057321429633546, 12.746705830177063 ], [ -9.058026063504837, 12.748779310775982 ], [ -9.062604342752152, 12.753616744691374 ], [ -9.061196313177014, 12.754999495773141 ], [ -9.059435850563517, 12.754999897403053 ], [ -9.056971821610972, 12.757765283423279 ], [ -9.056973213625231, 12.763986179712919 ], [ -9.057677579817746, 12.764677237129643 ], [ -9.056973987284115, 12.76744223134091 ], [ -9.059087127086938, 12.769515398032489 ], [ -9.059792164218328, 12.77297129045291 ], [ -9.061553169312827, 12.774698910048228 ], [ -9.061553922221025, 12.777809354771243 ], [ -9.065076312021899, 12.782301371391533 ], [ -9.065429954910719, 12.788176563646127 ], [ -9.062613529605146, 12.790942083684735 ], [ -9.062613955627304, 12.792670106362124 ], [ -9.068954248033164, 12.798889402388316 ], [ -9.06895462360025, 12.800271819720489 ], [ -9.073181680042312, 12.804417928967561 ], [ -9.08515514652961, 12.804414330617357 ], [ -9.090435586196106, 12.798882906347863 ], [ -9.094309269305851, 12.798881548587325 ], [ -9.096773681110793, 12.797152634489519 ], [ -9.097830398664254, 12.797843453199269 ], [ -9.102760518953914, 12.797841577070217 ], [ -9.104520564816585, 12.79611286452802 ], [ -9.106633604051716, 12.796457622086452 ], [ -9.111210487125447, 12.794036502691103 ], [ -9.112971370400757, 12.794381357885941 ], [ -9.117903347003566, 12.798526445366502 ], [ -9.122481325213901, 12.798524357531308 ], [ -9.123889259402629, 12.797141283850669 ], [ -9.129171511575246, 12.797138748045196 ], [ -9.130933153659445, 12.798865897617087 ], [ -9.13938462163358, 12.798515959719994 ], [ -9.141850843541178, 12.800588265126725 ], [ -9.143611617312661, 12.800587311378452 ], [ -9.14713156081222, 12.797820541903675 ], [ -9.148539962106566, 12.797474148544119 ], [ -9.152414651981793, 12.799199952768149 ], [ -9.155938301967442, 12.80265392471485 ], [ -9.158402756104678, 12.801615644358838 ], [ -9.165445871498822, 12.801611316024943 ], [ -9.166853585934055, 12.800228016368738 ], [ -9.171431584891575, 12.800225077847744 ], [ -9.173191646141412, 12.79918711726466 ], [ -9.173896423911389, 12.799877859879674 ], [ -9.176361496029578, 12.799876221642473 ], [ -9.180942443417949, 12.804020349684356 ], [ -9.183410053450164, 12.807474670960561 ], [ -9.18305988562051, 12.810239735601655 ], [ -9.185174403319905, 12.812311872486633 ], [ -9.186935254623943, 12.812310628126946 ], [ -9.191516077384451, 12.815763358959021 ], [ -9.193981036967958, 12.815415951754545 ], [ -9.19574377722315, 12.817833862271332 ], [ -9.199968817474721, 12.81644827699655 ], [ -9.204904585705595, 12.82301091811418 ], [ -9.207723763163541, 12.825082318042606 ] ] } },
{ "type": "Feature", "properties": { "OBJECTID": 125, "arcid": 125, "from_node": 142, "to_node": 139, "Shape_Leng": 12180.551826299999, "HydroID": 326, "GridID": 135, "NextDownID": 323, "DrainID": 135 }, "geometry": { "type": "LineString", "coordinates": [ [ -5.50296895956347, 12.704971978656905 ], [ -5.504208176414994, 12.704298283557751 ], [ -5.509469220485806, 12.705057672702317 ], [ -5.512242474568204, 12.707854383417645 ], [ -5.512209493637041, 12.710269123074214 ], [ -5.514280067760533, 12.713056578984888 ], [ -5.521307686508456, 12.713148972407135 ], [ -5.522732011147952, 12.711787562973822 ], [ -5.525543063240368, 12.711824449397543 ], [ -5.530101664782099, 12.712574264879525 ], [ -5.532875263183437, 12.715370837606121 ], [ -5.535334994455012, 12.715403029691885 ], [ -5.536028412730999, 12.716102166696018 ], [ -5.542704882681434, 12.716189417832652 ], [ -5.543417016734584, 12.715508643591765 ], [ -5.545525381363171, 12.715536154656251 ], [ -5.546565562813828, 12.716584830186203 ], [ -5.553940260835965, 12.717025944002236 ], [ -5.562383189295192, 12.716445604447653 ], [ -5.564121623751928, 12.717848333435324 ], [ -5.567284271637209, 12.717889354225726 ], [ -5.571796937547648, 12.722088352443569 ], [ -5.573886886500093, 12.723495591274473 ], [ -5.57529255153494, 12.723513783527791 ], [ -5.579814715428443, 12.727022728649239 ], [ -5.584383228120912, 12.727081740194555 ], [ -5.589261655858608, 12.730250116931387 ], [ -5.5990925743734, 12.73106678938651 ] ] } },
{ "type": "Feature", "properties": { "OBJECTID": 126, "arcid": 126, "from_node": 143, "to_node": 139, "Shape_Leng": 3674.8754981299999, "HydroID": 327, "GridID": 134, "NextDownID": 323, "DrainID": 134 }, "geometry": { "type": "LineString", "coordinates": [ [ -5.607186554810593, 12.703911306307724 ], [ -5.606114018717745, 12.705277799057036 ], [ -5.607149898409672, 12.706671286034993 ], [ -5.607122400446961, 12.708741270611759 ], [ -5.608162879162258, 12.709789761613322 ], [ -5.608149131408138, 12.710824754346971 ], [ -5.607423388094641, 12.712540742433823 ], [ -5.60528738514829, 12.714583709563284 ], [ -5.604871716458441, 12.719409154187003 ], [ -5.599873654129824, 12.725210922952432 ], [ -5.599120187365628, 12.728996826509189 ], [ -5.598052079285569, 12.730018252428723 ], [ -5.5990925743734, 12.73106678938651 ] ] } },
{ "type": "Feature", "properties": { "OBJECTID": 127, "arcid": 127, "from_node": 145, "to_node": 138, "Shape_Leng": 10046.776098300001, "HydroID": 328, "GridID": 133, "NextDownID": 322, "DrainID": 133 }, "geometry": { "type": "LineString", "coordinates": [ [ -8.571532440123443, 12.69936377059553 ], [ -8.573636989415075, 12.703859936798736 ], [ -8.573629499132139, 12.708352701817439 ], [ -8.577142253407624, 12.712851101751763 ], [ -8.577138250765069, 12.715270282502139 ], [ -8.578541233761465, 12.718382899344887 ], [ -8.598927114249681, 12.738804847141205 ], [ -8.598924940377371, 12.740187236777972 ], [ -8.605955531897408, 12.74710976813879 ], [ -8.605949119490946, 12.751256939377196 ], [ -8.609113059804017, 12.754372020300677 ], [ -8.610169310144505, 12.754373579794835 ], [ -8.610866085697209, 12.759212983333928 ], [ -8.609456133940878, 12.760247697975514 ], [ -8.609451362492891, 12.763358075202238 ], [ -8.610506064611087, 12.764396426198736 ], [ -8.610150790146601, 12.766469491003654 ], [ -8.611204451630112, 12.768199034689712 ], [ -8.611199170279598, 12.771655006880852 ] ] } },
{ "type": "Feature", "properties": { "OBJECTID": 128, "arcid": 128, "from_node": 147, "to_node": 143, "Shape_Leng": 8069.9081706999996, "HydroID": 329, "GridID": 136, "NextDownID": 327, "DrainID": 136 }, "geometry": { "type": "LineString", "coordinates": [ [ -5.653532954570571, 12.667232789490527 ], [ -5.648086766934356, 12.66716416106139 ], [ -5.646663245073253, 12.668526482180878 ], [ -5.639969193336633, 12.669822201776997 ], [ -5.63675254253316, 12.673922304798271 ], [ -5.636720825369967, 12.676337366649832 ], [ -5.635653104003364, 12.677359041217985 ], [ -5.631432069966331, 12.677650600718406 ], [ -5.629328368705472, 12.677278845341172 ], [ -5.628639250904228, 12.676234908107373 ], [ -5.625828285107565, 12.67619921297031 ], [ -5.623327746951524, 12.679272991105394 ], [ -5.619791239775831, 12.680953300409577 ], [ -5.61729970308833, 12.683336987529364 ], [ -5.615894197148064, 12.68331907387493 ], [ -5.608419281493966, 12.690469872556823 ], [ -5.608656263524244, 12.69909932123892 ], [ -5.607588339451794, 12.70012082981366 ], [ -5.608254499911278, 12.702889804914072 ], [ -5.607186554810593, 12.703911306307724 ] ] } },
{ "type": "Feature", "properties": { "OBJECTID": 129, "arcid": 129, "from_node": 148, "to_node": 134, "Shape_Leng": 21686.6036279, "HydroID": 330, "GridID": 126, "NextDownID": 318, "DrainID": 126 }, "geometry": { "type": "LineString", "coordinates": [ [ -9.571737771705923, 12.683369440873467 ], [ -9.569806129352761, 12.685274344792841 ], [ -9.571922633185386, 12.687343348732025 ], [ -9.57193112314523, 12.691144838673607 ], [ -9.570526254907376, 12.692530227209685 ], [ -9.570179654180114, 12.69495011332137 ], [ -9.573710423134628, 12.699780787992188 ], [ -9.573017262222267, 12.704620563563424 ], [ -9.574076381956969, 12.706000638493755 ], [ -9.573730577880653, 12.708766116352171 ], [ -9.574437705738351, 12.710146949693648 ], [ -9.574443918648175, 12.712911664043782 ], [ -9.57691427667727, 12.715671027505175 ], [ -9.577970337505089, 12.715668727506136 ], [ -9.580439974980118, 12.718082466112847 ], [ -9.582200092674285, 12.718078606318945 ], [ -9.583258529418483, 12.71911305110836 ], [ -9.582917546647368, 12.72395206489478 ], [ -9.581512569117043, 12.725337512503508 ], [ -9.581169975468313, 12.729485346997766 ], [ -9.58011700000646, 12.730870016507605 ], [ -9.580830521431032, 12.735015533024944 ], [ -9.579074994084973, 12.737092919221757 ], [ -9.579080486189657, 12.739512037529234 ], [ -9.576274213135887, 12.744010834085124 ], [ -9.575936208588171, 12.750232190293339 ], [ -9.573828469609268, 12.752310311208634 ], [ -9.574183656176018, 12.753691900318122 ], [ -9.573484955692718, 12.756112546210069 ], [ -9.565754625175197, 12.763041007956161 ], [ -9.566817041931461, 12.76580345115921 ], [ -9.565411751555379, 12.767188822479939 ], [ -9.558723511649745, 12.767894235975177 ], [ -9.557669503254887, 12.7689332343973 ], [ -9.556261122055485, 12.768936204492531 ], [ -9.554496880706257, 12.767211961148275 ], [ -9.550271763271471, 12.767220796979654 ], [ -9.548508317093223, 12.76584210147438 ], [ -9.547103666600588, 12.76757296975798 ], [ -9.544991842819657, 12.767922926574926 ], [ -9.54218024116528, 12.770347851610758 ], [ -9.542182450779183, 12.771384620236125 ], [ -9.540777725895726, 12.773115457126767 ], [ -9.540444722808497, 12.782101507793033 ], [ -9.539389846741274, 12.782794848164592 ], [ -9.539756644979832, 12.789705916363568 ], [ -9.537297618298689, 12.792475665214662 ], [ -9.535889101849781, 12.792478531859553 ], [ -9.534132091566788, 12.794210051647877 ], [ -9.532371433244014, 12.794213613113742 ], [ -9.529909396137059, 12.795600938756518 ], [ -9.526748797432399, 12.799754369225957 ], [ -9.526768888588832, 12.809430879760241 ], [ -9.524309532844052, 12.812200516369174 ], [ -9.524338135312849, 12.826024092405463 ] ] } },
{ "type": "Feature", "properties": { "OBJECTID": 130, "arcid": 130, "from_node": 149, "to_node": 137, "Shape_Leng": 23872.684630399999, "HydroID": 331, "GridID": 130, "NextDownID": 321, "DrainID": 130 }, "geometry": { "type": "LineString", "coordinates": [ [ -6.544208256854347, 12.666941481073044 ], [ -6.532855917416798, 12.6771958938659 ], [ -6.532835964525265, 12.679267606019696 ], [ -6.531412686035078, 12.680980965199142 ], [ -6.528251064366593, 12.680606251312604 ], [ -6.526161111100498, 12.67851491106474 ], [ -6.52229288693232, 12.678478867586554 ], [ -6.52122789528425, 12.679504874245076 ], [ -6.518414640260882, 12.679478612166218 ], [ -6.514877977947979, 12.681517426325106 ], [ -6.499253293355404, 12.696909655307769 ], [ -6.497454371960477, 12.701036383499595 ], [ -6.495679061282794, 12.702746163286285 ], [ -6.493217287316239, 12.702722907211546 ], [ -6.488239465412572, 12.708200692521688 ], [ -6.486832714489625, 12.708187361066846 ], [ -6.473690571476096, 12.721183905125265 ], [ -6.469111610419588, 12.721830791524608 ], [ -6.437810586823089, 12.721529832886089 ], [ -6.430707236596888, 12.728366831245188 ], [ -6.427179796553641, 12.729368440798503 ], [ -6.423983115869342, 12.732444949686682 ], [ -6.421514211533822, 12.733111481735229 ], [ -6.416900097095481, 12.737209926308221 ], [ -6.417227317203393, 12.739630130333637 ], [ -6.416516895066889, 12.740313765615157 ], [ -6.414747827335793, 12.741332339069356 ], [ -6.410875480427478, 12.741639742210527 ], [ -6.407333768496366, 12.744022035479459 ], [ -6.401642950713639, 12.750181266589621 ], [ -6.397770488634782, 12.750488449255487 ], [ -6.386760851640378, 12.760738188654729 ], [ -6.385698560936434, 12.761418231889166 ], [ -6.382181237180653, 12.761383387193739 ], [ -6.376130582423017, 12.768228861315748 ] ] } },
{ "type": "Feature", "properties": { "OBJECTID": 131, "arcid": 131, "from_node": 150, "to_node": 143, "Shape_Leng": 8931.7450884999998, "HydroID": 332, "GridID": 137, "NextDownID": 327, "DrainID": 137 }, "geometry": { "type": "LineString", "coordinates": [ [ -5.590662545768684, 12.638312051791265 ], [ -5.591515628660528, 12.640220757065986 ], [ -5.591465253537589, 12.644015685624693 ], [ -5.589343624328984, 12.64502366743991 ], [ -5.587915439540015, 12.646730620240632 ], [ -5.587897094137996, 12.648110587882975 ], [ -5.58928402706735, 12.649508570742681 ], [ -5.590638883190098, 12.653321500466696 ], [ -5.590806724049839, 12.667125713413293 ], [ -5.59184699420963, 12.66817421122717 ], [ -5.592476264320673, 12.67370311124867 ], [ -5.594210099071057, 12.675450608525136 ], [ -5.593470665536403, 12.678201543314271 ], [ -5.596596227308915, 12.681002044037344 ], [ -5.595847607110919, 12.68444297465059 ], [ -5.597586111144008, 12.685845478669076 ], [ -5.596851241563403, 12.688251428632059 ], [ -5.599278770503416, 12.6906979263811 ], [ -5.600693463988412, 12.690025947389064 ], [ -5.601021919165928, 12.691755426533826 ], [ -5.605188133965133, 12.695604384767284 ], [ -5.605475381974027, 12.700438841348056 ], [ -5.607214041455507, 12.701841320842288 ], [ -5.607186554810593, 12.703911306307724 ] ] } },
{ "type": "Feature", "properties": { "OBJECTID": 132, "arcid": 132, "from_node": 146, "to_node": 151, "Shape_Leng": 19736.334499500001, "HydroID": 333, "GridID": 141, "NextDownID": 339, "DrainID": 141 }, "geometry": { "type": "LineString", "coordinates": [ [ -7.134073845953675, 12.691943010219054 ], [ -7.130046870002071, 12.689323879722854 ], [ -7.128282751827751, 12.690002330910971 ], [ -7.123734488687835, 12.686515845613298 ], [ -7.121271831637017, 12.68649843851794 ], [ -7.120224015744482, 12.685454709859728 ], [ -7.1138838824679, 12.68644608042769 ], [ -7.109341006939961, 12.68226854685239 ], [ -7.107582010262545, 12.68225602437902 ], [ -7.104744612953086, 12.685344719594609 ], [ -7.101578389805746, 12.685322110622501 ], [ -7.099454758895045, 12.687034098126359 ], [ -7.095584918040863, 12.687006379159929 ], [ -7.093484386423026, 12.685609576677047 ], [ -7.082930390997569, 12.68553361810485 ], [ -7.081867232454824, 12.686562236665576 ], [ -7.079404634970371, 12.686544441478123 ], [ -7.07101610192283, 12.679229636270358 ], [ -7.067495623973319, 12.679549488173679 ], [ -7.061473426216149, 12.685032468482756 ], [ -7.051271445426722, 12.684957822960271 ], [ -7.050562604272804, 12.685643473662152 ], [ -7.04739647770772, 12.685620218576695 ], [ -7.046333198182644, 12.686648674102528 ], [ -7.041757259079675, 12.686960400153477 ], [ -7.040342160830919, 12.687986234196458 ], [ -7.03893498834202, 12.687975847247216 ], [ -7.035086476064241, 12.685184021060687 ], [ -7.03262396044901, 12.685165794261987 ], [ -7.031576562961237, 12.684121768390805 ], [ -7.028058707117061, 12.684095678814499 ], [ -7.023171040328698, 12.679223466623398 ], [ -7.018947044899944, 12.679537431627782 ], [ -7.014747135553066, 12.676742737718536 ], [ -7.011229416913018, 12.676716440413861 ], [ -7.009134888501922, 12.674628252635641 ], [ -7.008079584671565, 12.67462034734913 ], [ -7.007032337753848, 12.673576245990532 ], [ -7.00704039416115, 12.672540054022486 ], [ -7.003893339049942, 12.670098526700993 ], [ -7.003901405860916, 12.669062335548084 ], [ -7.00215606433876, 12.667322145845045 ], [ -7.001100795074562, 12.667314217359316 ], [ -6.996560342517463, 12.663135067697324 ], [ -6.996222081319903, 12.661405441332844 ], [ -6.994479543225189, 12.659319820871415 ], [ -6.994162890401728, 12.654827033107587 ], [ -6.990331626816944, 12.649962331428656 ] ] } },
{ "type": "Feature", "properties": { "OBJECTID": 133, "arcid": 133, "from_node": 144, "to_node": 151, "Shape_Leng": 13244.812247600001, "HydroID": 334, "GridID": 138, "NextDownID": 339, "DrainID": 138 }, "geometry": { "type": "LineString", "coordinates": [ [ -6.92297451064004, 12.693138791193697 ], [ -6.926689134545009, 12.690577316904747 ], [ -6.933023832825187, 12.690281303716564 ], [ -6.934419776632362, 12.691673779477608 ], [ -6.940807307912323, 12.684815310196262 ], [ -6.940818416598106, 12.683433777984369 ], [ -6.939771455277851, 12.682389448132271 ], [ -6.936605585634637, 12.682364879226474 ], [ -6.934857910219053, 12.680969686296695 ], [ -6.93488575093954, 12.677515868831341 ], [ -6.937367504790804, 12.675117313153788 ], [ -6.941940303147128, 12.675152756465319 ], [ -6.944064683097344, 12.673442168583408 ], [ -6.944075763937144, 12.672060633257484 ], [ -6.946914663273208, 12.668973915324791 ], [ -6.946942314470558, 12.665520068462312 ], [ -6.948005830381862, 12.664492055033177 ], [ -6.949462482922731, 12.658285966730967 ], [ -6.951234933748091, 12.656572580559729 ], [ -6.951248717335112, 12.65484565049969 ], [ -6.953375609413789, 12.652789564939859 ], [ -6.955485967731848, 12.652805777990118 ], [ -6.958321753098309, 12.65006426782354 ], [ -6.959728648059264, 12.650075049974406 ], [ -6.960775591203062, 12.651119296700131 ], [ -6.962534219797717, 12.651132758133389 ], [ -6.963597615197881, 12.650104662622972 ], [ -6.9660596900436, 12.650123477816035 ], [ -6.968494442474188, 12.6535961687006 ], [ -6.969901364792856, 12.653606900069461 ], [ -6.973042400291851, 12.656739534390756 ], [ -6.975504553216783, 12.656758271955042 ], [ -6.979700925167811, 12.659898868575223 ], [ -6.980764303518978, 12.658870701037333 ], [ -6.985685966610727, 12.659253409961295 ], [ -6.987455512718768, 12.657885141178168 ], [ -6.9902991865943, 12.654107065111612 ], [ -6.990331626816944, 12.649962331428656 ] ] } },
{ "type": "Feature", "properties": { "OBJECTID": 134, "arcid": 134, "from_node": 152, "to_node": 134, "Shape_Leng": 29388.60624, "HydroID": 335, "GridID": 127, "NextDownID": 318, "DrainID": 127 }, "geometry": { "type": "LineString", "coordinates": [ [ -9.45218910708507, 12.654396695979157 ], [ -9.44691898049831, 12.659589570829047 ], [ -9.444470290430779, 12.668233634443117 ], [ -9.444854038668788, 12.686549696945647 ], [ -9.44979036175129, 12.691379754197445 ], [ -9.449795826385243, 12.694490123833523 ], [ -9.450853647045893, 12.695525122044526 ], [ -9.450857299817292, 12.69759870063112 ], [ -9.453326827575275, 12.70070487057745 ], [ -9.453331114387511, 12.703124043641697 ], [ -9.452279362303818, 12.705545018432774 ], [ -9.454748372321292, 12.708305574334283 ], [ -9.456861709736895, 12.708993137624963 ], [ -9.458973195885987, 12.708643895163698 ], [ -9.461439811856826, 12.710022003031543 ], [ -9.464252827449412, 12.708289111561921 ], [ -9.465310763600312, 12.709324048034381 ], [ -9.465313908663013, 12.711052024158123 ], [ -9.46954577042494, 12.715191720668381 ], [ -9.469559109413051, 12.722449213976327 ], [ -9.471322476806931, 12.724174063158793 ], [ -9.471680261519538, 12.727283788181742 ], [ -9.479792824157752, 12.735563505227306 ], [ -9.480848983889961, 12.735561589120103 ], [ -9.481903186099123, 12.734522887561855 ], [ -9.482251318929031, 12.732448683059365 ], [ -9.484008285797685, 12.730717502089631 ], [ -9.484005664442606, 12.729335127015354 ], [ -9.486466024650417, 12.727257049473684 ], [ -9.491042563922086, 12.72724860597406 ], [ -9.492100686918153, 12.72828342647384 ], [ -9.492103351888707, 12.729665800888052 ], [ -9.494572351574799, 12.732080364218179 ], [ -9.494928421004605, 12.734153266144261 ], [ -9.493530915413215, 12.739685385967546 ], [ -9.493536266105592, 12.74245013077331 ], [ -9.491780621764304, 12.744872560023051 ], [ -9.491432552827821, 12.74694677293189 ], [ -9.486862263333606, 12.750411169178925 ], [ -9.484397091157346, 12.750070100567324 ], [ -9.480530802242573, 12.753533101090136 ], [ -9.480533409890976, 12.754915474351273 ], [ -9.476316203151873, 12.759070243155955 ], [ -9.475977040392349, 12.765982746753403 ], [ -9.474219781765475, 12.767713880376501 ], [ -9.47422686748191, 12.771515406838285 ], [ -9.47071030997078, 12.773940861040355 ], [ -9.469658457212294, 12.776361896372967 ], [ -9.469668033877976, 12.781545796427833 ], [ -9.474606067327635, 12.786029684615075 ], [ -9.476366683725322, 12.786026510938871 ], [ -9.480600008447842, 12.790165957107247 ], [ -9.481656394614724, 12.790164029695498 ], [ -9.482714751950013, 12.791198874805204 ], [ -9.486236052638267, 12.791192404890039 ], [ -9.487999358962524, 12.792571520997146 ], [ -9.489760018137876, 12.792568256286415 ], [ -9.505636908782575, 12.808089936300146 ], [ -9.508458977457982, 12.810503646012345 ], [ -9.51057191090935, 12.810499557376627 ], [ -9.516923390506557, 12.816707809595986 ], [ -9.517633364733616, 12.819471143679751 ], [ -9.524338135312849, 12.826024092405463 ] ] } },
{ "type": "Feature", "properties": { "OBJECTID": 135, "arcid": 135, "from_node": 153, "to_node": 149, "Shape_Leng": 7949.7239915099999, "HydroID": 336, "GridID": 142, "NextDownID": 331, "DrainID": 142 }, "geometry": { "type": "LineString", "coordinates": [ [ -6.57956484319347, 12.609595863612572 ], [ -6.576355164874752, 12.614401344046982 ], [ -6.576338914255979, 12.61612783544736 ], [ -6.573145356050552, 12.619206762430034 ], [ -6.573132333417936, 12.620587951957713 ], [ -6.569580562891605, 12.624354211996542 ], [ -6.569557729207236, 12.626771285543461 ], [ -6.566009080709461, 12.630192177052079 ], [ -6.564488170537684, 12.642264648749707 ], [ -6.563068598719934, 12.64363296343018 ], [ -6.563058771751381, 12.644668846140615 ], [ -6.557370453003346, 12.651177874073422 ], [ -6.557354025850692, 12.652904336271069 ], [ -6.544208256854347, 12.666941481073044 ] ] } },
{ "type": "Feature", "properties": { "OBJECTID": 136, "arcid": 136, "from_node": 155, "to_node": 145, "Shape_Leng": 22099.4613106, "HydroID": 337, "GridID": 140, "NextDownID": 328, "DrainID": 140 }, "geometry": { "type": "LineString", "coordinates": [ [ -8.433038879887729, 12.610632334737714 ], [ -8.434091476153375, 12.612016942649365 ], [ -8.434435769666095, 12.615473611165536 ], [ -8.43935010827937, 12.621013478443794 ], [ -8.439698239840959, 12.622742178910885 ], [ -8.44110281455702, 12.624127499962102 ], [ -8.443916490572093, 12.624824564555217 ], [ -8.451289386473331, 12.632788496323176 ], [ -8.452691137427678, 12.635556132225927 ], [ -8.45655267994939, 12.640056756873584 ], [ -8.462171811867522, 12.645597667119976 ], [ -8.464634578336877, 12.645948220359356 ], [ -8.467455008776005, 12.643534706782749 ], [ -8.470620902143848, 12.644232203156495 ], [ -8.473784692298574, 12.645966444595107 ], [ -8.474489960843114, 12.645276645965529 ], [ -8.474139448349336, 12.644584763427609 ], [ -8.475195931244032, 12.644241250568934 ], [ -8.476248186875422, 12.645971297448815 ], [ -8.477655897994545, 12.645974060283933 ], [ -8.484681291427759, 12.652554054714948 ], [ -8.48679291608159, 12.652558131449435 ], [ -8.489251668112043, 12.654982027771243 ], [ -8.489248231187331, 12.656710000107559 ], [ -8.494517175710296, 12.661903992316299 ], [ -8.49451445301832, 12.663286370800369 ], [ -8.499430329340086, 12.669170792393265 ], [ -8.498373094332615, 12.669859993390704 ], [ -8.498367686661055, 12.672624749305973 ], [ -8.49730975777301, 12.673659538619246 ], [ -8.497307725117018, 12.674696322254812 ], [ -8.503629106020551, 12.68196570899015 ], [ -8.506796915229048, 12.681971605948913 ], [ -8.507499544331157, 12.682664100396567 ], [ -8.50749821574143, 12.683355289499968 ], [ -8.512416740388197, 12.688202703585477 ], [ -8.513110858684081, 12.693387916054848 ], [ -8.518381681733402, 12.698235872261687 ], [ -8.521548406872464, 12.698932790351096 ], [ -8.522958995494742, 12.69755294449307 ], [ -8.527535012579948, 12.697561127314652 ], [ -8.528237741020012, 12.698253569657739 ], [ -8.537389185614119, 12.698615271006531 ], [ -8.539149825362248, 12.69827273642313 ], [ -8.541265560589547, 12.696202818114276 ], [ -8.543025561401031, 12.69620585301263 ], [ -8.547596680009915, 12.698978459499079 ], [ -8.554636771266766, 12.698990363800561 ], [ -8.556047188984536, 12.69761033601001 ], [ -8.558159206856821, 12.697613859299338 ], [ -8.563086659759511, 12.697967611876097 ], [ -8.564492322530938, 12.699352314024011 ], [ -8.571532440123443, 12.69936377059553 ] ] } },
{ "type": "Feature", "properties": { "OBJECTID": 137, "arcid": 137, "from_node": 154, "to_node": 155, "Shape_Leng": 2278.30874558, "HydroID": 338, "GridID": 148, "NextDownID": 337, "DrainID": 148 }, "geometry": { "type": "LineString", "coordinates": [ [ -8.417012079034706, 12.61785530047139 ], [ -8.418947451461534, 12.617859518436022 ], [ -8.421063428082928, 12.615790554791621 ], [ -8.424231924156398, 12.615106217292468 ], [ -8.42564253562054, 12.613726880782755 ], [ -8.425293738010387, 12.6123437562168 ], [ -8.429521641137431, 12.609933661080548 ], [ -8.432336648453314, 12.609939656103082 ], [ -8.433038879887729, 12.610632334737714 ] ] } },
{ "type": "Feature", "properties": { "OBJECTID": 138, "arcid": 138, "from_node": 151, "to_node": 157, "Shape_Leng": 11749.1874247, "HydroID": 339, "GridID": 144, "NextDownID": 346, "DrainID": 144 }, "geometry": { "type": "LineString", "coordinates": [ [ -6.990331626816944, 12.649962331428656 ], [ -6.987891163314768, 12.647180588714212 ], [ -6.990023139946705, 12.644433365105444 ], [ -7.002693263446951, 12.64349239749528 ], [ -7.009067122634021, 12.638013400089875 ], [ -7.013285075415467, 12.63839029128958 ], [ -7.013996519482948, 12.637359333408364 ], [ -7.013740826426964, 12.624922315149242 ], [ -7.018699214783438, 12.620468708483441 ], [ -7.021864482688253, 12.620492186385794 ], [ -7.022573182328927, 12.619806594693641 ], [ -7.020127248275895, 12.617715935073443 ], [ -7.021896325970524, 12.6163473623022 ], [ -7.024360815843779, 12.616020188370245 ], [ -7.026486845042104, 12.613963375975276 ], [ -7.02508803440853, 12.612916767653559 ], [ -7.026156329293992, 12.611197552481732 ], [ -7.027563069568718, 12.611207944930957 ], [ -7.027571002487308, 12.610171735195181 ], [ -7.030741440645431, 12.609504281325961 ], [ -7.036016705841488, 12.609543119232949 ], [ -7.036733233495569, 12.607821262825656 ], [ -7.044118586990102, 12.607875434056346 ], [ -7.044126451202994, 12.606839213731838 ], [ -7.045903197608331, 12.604434229303282 ], [ -7.049771681762789, 12.604462489932384 ], [ -7.05189481940269, 12.60275083796782 ] ] } },
{ "type": "Feature", "properties": { "OBJECTID": 139, "arcid": 139, "from_node": 158, "to_node": 157, "Shape_Leng": 4831.8294552699999, "HydroID": 340, "GridID": 149, "NextDownID": 346, "DrainID": 149 }, "geometry": { "type": "LineString", "coordinates": [ [ -7.076553759042794, 12.597402529149301 ], [ -7.075144474210493, 12.597737818935379 ], [ -7.070544251958008, 12.60150440266999 ], [ -7.069496967393555, 12.600460548033096 ], [ -7.069853817621651, 12.599772263153913 ], [ -7.069150460722303, 12.599767183715219 ], [ -7.067061101188033, 12.596988638675258 ], [ -7.064245117243272, 12.597313696954552 ], [ -7.062830637993724, 12.598339741306916 ], [ -7.062820259683324, 12.599721385590151 ], [ -7.062119501494906, 12.599370876081926 ], [ -7.061403165276632, 12.601092829981228 ], [ -7.061747054180117, 12.602131612960875 ], [ -7.062450414438674, 12.602136712812266 ], [ -7.062442626876265, 12.60317294483348 ], [ -7.05997305838383, 12.604191316167109 ], [ -7.059613575685255, 12.605224993828395 ], [ -7.052228229622351, 12.605171261888815 ], [ -7.05189481940269, 12.60275083796782 ] ] } },
{ "type": "Feature", "properties": { "OBJECTID": 140, "arcid": 140, "from_node": 156, "to_node": 138, "Shape_Leng": 37729.458600099999, "HydroID": 341, "GridID": 132, "NextDownID": 322, "DrainID": 132 }, "geometry": { "type": "LineString", "coordinates": [ [ -8.834014469485762, 12.610318273626174 ], [ -8.830321532988949, 12.607378285326151 ], [ -8.828913979252899, 12.607377388023998 ], [ -8.8268038101056, 12.605647988323435 ], [ -8.821524804504268, 12.606681340220483 ], [ -8.818361228006639, 12.601840697302016 ], [ -8.818012029517043, 12.598038770495183 ], [ -8.810978573618472, 12.592504163071727 ], [ -8.810273568321858, 12.594231704043649 ], [ -8.807809191435044, 12.595957985423594 ], [ -8.799012385216431, 12.595951520448935 ], [ -8.798309181448893, 12.595259775744964 ], [ -8.788456508409304, 12.595597773339897 ], [ -8.775778928738427, 12.607338093237242 ], [ -8.771203783175086, 12.608025429529087 ], [ -8.757819379078795, 12.621492289303831 ], [ -8.757818403962528, 12.622529106917108 ], [ -8.756409466072423, 12.623910250393713 ], [ -8.756407831045406, 12.625638279210692 ], [ -8.752532816650112, 12.629781987122991 ], [ -8.751826981681576, 12.631854967257278 ], [ -8.74830440108215, 12.635307724505026 ], [ -8.747948750822983, 12.639109051396444 ], [ -8.745130914481484, 12.641525611513693 ], [ -8.744424298890365, 12.644289778402156 ], [ -8.741606024894976, 12.647051903401087 ], [ -8.74089796188122, 12.651198478420921 ], [ -8.73984037266459, 12.652925472509262 ], [ -8.735612722030655, 12.657068568998842 ], [ -8.735608094957856, 12.661561426837595 ], [ -8.718697718525014, 12.676405070479309 ], [ -8.719048941002475, 12.677096649360251 ], [ -8.718344979114672, 12.677095904609081 ], [ -8.715878047229534, 12.679858111031272 ], [ -8.715876514603911, 12.681240523775896 ], [ -8.714819400225158, 12.682276203260706 ], [ -8.709187200578169, 12.682615703968228 ], [ -8.706722095571802, 12.683649805163382 ], [ -8.704607766499873, 12.685721083526984 ], [ -8.702143015686449, 12.686409538330187 ], [ -8.700383453975865, 12.686061957075395 ], [ -8.699328691969537, 12.685023956663471 ], [ -8.697920727166673, 12.685022359898765 ], [ -8.696863525881502, 12.686057964824766 ], [ -8.696860662719086, 12.688477182671573 ], [ -8.687344534422831, 12.698488628668217 ], [ -8.686984914003917, 12.704709047649358 ], [ -8.68557514305069, 12.706089789270564 ], [ -8.684514819043713, 12.709544552329213 ], [ -8.680285770942669, 12.713341109207441 ], [ -8.679931576419968, 12.715068691273558 ], [ -8.676758479632785, 12.718866460509972 ], [ -8.67323545661511, 12.720935749072325 ], [ -8.667947220603047, 12.726804397248539 ], [ -8.667940476912111, 12.731988404337496 ], [ -8.66899395167618, 12.734063329204341 ], [ -8.667231408642435, 12.735789123746772 ], [ -8.665119047785044, 12.735786460280574 ], [ -8.663361028154293, 12.734056227623551 ], [ -8.654195820937618, 12.742684425325146 ], [ -8.647858578083037, 12.742676067908848 ], [ -8.646800934546384, 12.743711458830825 ], [ -8.643632302314867, 12.743707210208768 ], [ -8.642927194131348, 12.744397459032308 ], [ -8.639758553795165, 12.74439316379336 ], [ -8.638348799600868, 12.745428039200963 ], [ -8.635884293257899, 12.745424658825632 ], [ -8.630243115826959, 12.7509464241431 ], [ -8.629178828435084, 12.756474519448826 ], [ -8.623537770173307, 12.761650527619771 ], [ -8.62282948562166, 12.764414306616015 ], [ -8.619305921107266, 12.76613724538357 ], [ -8.617190200462893, 12.768207777987991 ], [ -8.614372853113895, 12.768549277690807 ], [ -8.611199170279598, 12.771655006880852 ] ] } },
{ "type": "Feature", "properties": { "OBJECTID": 141, "arcid": 141, "from_node": 159, "to_node": 155, "Shape_Leng": 4395.0326432800002, "HydroID": 342, "GridID": 150, "NextDownID": 337, "DrainID": 150 }, "geometry": { "type": "LineString", "coordinates": [ [ -8.427485130974866, 12.576233877794399 ], [ -8.427828161261607, 12.580208947694263 ], [ -8.428881374852585, 12.581247979063169 ], [ -8.428866091317042, 12.588159835075329 ], [ -8.429918578110184, 12.58954445683824 ], [ -8.429907129335859, 12.594728346690015 ], [ -8.431311503144984, 12.596113712465669 ], [ -8.431306932973044, 12.598187268316781 ], [ -8.432360232218794, 12.599226289265813 ], [ -8.43235719037153, 12.600608659197563 ], [ -8.430241430488396, 12.602677723911341 ], [ -8.434453212569501, 12.607524985340538 ], [ -8.433038879887729, 12.610632334737714 ] ] } },
{ "type": "Feature", "properties": { "OBJECTID": 142, "arcid": 142, "from_node": 161, "to_node": 153, "Shape_Leng": 24267.0523828, "HydroID": 343, "GridID": 146, "NextDownID": 336, "DrainID": 146 }, "geometry": { "type": "LineString", "coordinates": [ [ -6.766213126783845, 12.535931392036133 ], [ -6.764798097615041, 12.536955733498939 ], [ -6.763391999772396, 12.536944025883795 ], [ -6.760913428610422, 12.538995594695333 ], [ -6.754934496764966, 12.539291036376758 ], [ -6.751034747164385, 12.543057451253549 ], [ -6.748928571264373, 12.542694427889248 ], [ -6.747864977735671, 12.543721609739723 ], [ -6.747837951135146, 12.546829691865627 ], [ -6.744641059831348, 12.550601876609294 ], [ -6.741128693880817, 12.550226957818568 ], [ -6.739731590690563, 12.549179093098525 ], [ -6.737270845963693, 12.549158350504285 ], [ -6.736225300694484, 12.548113434552612 ], [ -6.733764572078165, 12.548092661549235 ], [ -6.730591704548257, 12.549101935639865 ], [ -6.721448839227782, 12.54936980335442 ], [ -6.719682059869465, 12.550390876014733 ], [ -6.70807849525667, 12.550637349991055 ], [ -6.705608608911411, 12.551652310941032 ], [ -6.699629539281839, 12.551946457964295 ], [ -6.695731979334755, 12.555366565000771 ], [ -6.67850388181639, 12.555563323722208 ], [ -6.674248292374198, 12.559670662097279 ], [ -6.668592644412773, 12.563075034086914 ], [ -6.662918129085314, 12.568551186474895 ], [ -6.661863502244344, 12.56854198382706 ], [ -6.655485632840896, 12.574011790198849 ], [ -6.654430989356117, 12.574002554364323 ], [ -6.653012250787326, 12.575371508406793 ], [ -6.649490478860317, 12.576031305649748 ], [ -6.642054369148157, 12.581836761528908 ], [ -6.637829393299907, 12.582490188150853 ], [ -6.635340043159114, 12.585576280527528 ], [ -6.634640090413332, 12.585224751637112 ], [ -6.630734917947388, 12.589334289133458 ], [ -6.628977106478192, 12.589318712763141 ], [ -6.623655975636717, 12.5944515772503 ], [ -6.607483955597146, 12.594307354442252 ], [ -6.604661830688872, 12.595318090145426 ], [ -6.595517976463999, 12.595581341806575 ], [ -6.586293344738865, 12.604476806771528 ], [ -6.57956484319347, 12.609595863612572 ] ] } },
{ "type": "Feature", "properties": { "OBJECTID": 143, "arcid": 143, "from_node": 162, "to_node": 161, "Shape_Leng": 3592.2107347400001, "HydroID": 344, "GridID": 155, "NextDownID": 343, "DrainID": 155 }, "geometry": { "type": "LineString", "coordinates": [ [ -6.793118180404369, 12.534599636305552 ], [ -6.790489079322186, 12.533714578167041 ], [ -6.786300251986598, 12.530226326680012 ], [ -6.784894169074597, 12.530214737709748 ], [ -6.783830754121887, 12.531242094901291 ], [ -6.783804186216803, 12.534350257393454 ], [ -6.781328728414582, 12.536056695176951 ], [ -6.766213126783845, 12.535931392036133 ] ] } },
{ "type": "Feature", "properties": { "OBJECTID": 144, "arcid": 144, "from_node": 163, "to_node": 152, "Shape_Leng": 16943.2005116, "HydroID": 345, "GridID": 145, "NextDownID": 335, "DrainID": 145 }, "geometry": { "type": "LineString", "coordinates": [ [ -9.514771757357797, 12.53453369273603 ], [ -9.509681525630834, 12.539900176872109 ], [ -9.508275066414233, 12.5402484415341 ], [ -9.502657234441886, 12.545788597439968 ], [ -9.501964364032819, 12.551319475970068 ], [ -9.499503096701121, 12.552015265762476 ], [ -9.498449688416922, 12.553054021823048 ], [ -9.495987732129461, 12.553404182554829 ], [ -9.495640559876632, 12.555824017420738 ], [ -9.494237293182675, 12.557900200677308 ], [ -9.492831371232317, 12.558593985287725 ], [ -9.492847169037557, 12.56688833140235 ], [ -9.492145498686176, 12.567926417712277 ], [ -9.490386382746449, 12.567929641738433 ], [ -9.489684045250881, 12.568622123443149 ], [ -9.488984971451266, 12.571042592569558 ], [ -9.487228438392028, 12.572428188345775 ], [ -9.486882466990551, 12.575539207704571 ], [ -9.487587437994373, 12.57622912306902 ], [ -9.487590697985016, 12.577957111698121 ], [ -9.486888326504697, 12.578649586840044 ], [ -9.486896793014427, 12.583142355927114 ], [ -9.482682412826016, 12.587297173476143 ], [ -9.480923162551857, 12.587300340190261 ], [ -9.474952517600057, 12.593186185799432 ], [ -9.474958877945957, 12.59664216490537 ], [ -9.473553962163249, 12.598027051362294 ], [ -9.473557133995275, 12.599755040754127 ], [ -9.469694773450573, 12.604254640288049 ], [ -9.467935404241967, 12.604257725720764 ], [ -9.466884163393441, 12.606678757347501 ], [ -9.466189783682401, 12.611863954499668 ], [ -9.45459771865438, 12.623288706482919 ], [ -9.453896354108378, 12.624672297044306 ], [ -9.453945767971863, 12.652665715372699 ], [ -9.45218910708507, 12.654396695979157 ] ] } },
{ "type": "Feature", "properties": { "OBJECTID": 145, "arcid": 145, "from_node": 157, "to_node": 161, "Shape_Leng": 42623.735291199999, "HydroID": 346, "GridID": 151, "NextDownID": 343, "DrainID": 151 }, "geometry": { "type": "LineString", "coordinates": [ [ -7.05189481940269, 12.60275083796782 ], [ -7.050146874108393, 12.601356381303164 ], [ -7.055807563150377, 12.596907046072234 ], [ -7.049477483464887, 12.596860942399287 ], [ -7.048081256816739, 12.595469045287501 ], [ -7.049500988175702, 12.593752267736642 ], [ -7.048123063758732, 12.589942515867397 ], [ -7.047068082355778, 12.589934816192232 ], [ -7.046354302537289, 12.591311311443899 ], [ -7.043892668986353, 12.591293320874012 ], [ -7.042157943745078, 12.588171794337022 ], [ -7.038287095426008, 12.588488865620755 ], [ -7.036890977470531, 12.587096923922457 ], [ -7.039360430628867, 12.586078754025849 ], [ -7.038308094212296, 12.585725616012006 ], [ -7.036219195337805, 12.582946893512283 ], [ -7.018636858448128, 12.582817311902975 ], [ -7.01864745867035, 12.581435702549385 ], [ -7.017603135360675, 12.580046284151766 ], [ -7.015844932237478, 12.580033258593433 ], [ -7.015514519983782, 12.577267437948899 ], [ -7.013053066127695, 12.577249183709373 ], [ -7.013061035160439, 12.576212980476338 ], [ -7.011662471947234, 12.575166337799407 ], [ -7.012019419356322, 12.574478145611318 ], [ -7.010261260090108, 12.574465089078416 ], [ -7.010279875261141, 12.572047284112653 ], [ -7.008884006148572, 12.570655231323913 ], [ -7.011004394029611, 12.569289299773134 ], [ -7.001864848207512, 12.568875874032599 ], [ -7.001534584029574, 12.566110059516427 ], [ -6.999073257407978, 12.566091692843942 ], [ -6.998391407816803, 12.563323253871102 ], [ -6.996281725707924, 12.56330749109185 ], [ -6.993141325418124, 12.560175239695916 ], [ -6.993500969996122, 12.559141678404082 ], [ -6.992811152813298, 12.55740942763827 ], [ -6.993519718286294, 12.556723895507655 ], [ -6.991775101483072, 12.554983749415465 ], [ -6.982281899593465, 12.554912498634431 ], [ -6.981951843086202, 12.552146691769726 ], [ -6.972107210083178, 12.552072451694636 ], [ -6.971060551778774, 12.551028297622466 ], [ -6.968948295915479, 12.55135772753377 ], [ -6.96825053481897, 12.550661618484792 ], [ -6.96754735493918, 12.550656292305044 ], [ -6.967536508912914, 12.552037860476522 ], [ -6.95769196839398, 12.551963092238212 ], [ -6.955249937605221, 12.549526617098266 ], [ -6.954541309498449, 12.550212036786617 ], [ -6.954527665540169, 12.551938982992432 ], [ -6.95312131031491, 12.551928255806837 ], [ -6.952074741890565, 12.55088403949614 ], [ -6.951014514010626, 12.551566762769811 ], [ -6.948572559006733, 12.549130237044109 ], [ -6.944001977105499, 12.549095253062587 ], [ -6.943304298654679, 12.548399090292609 ], [ -6.942947229817376, 12.549087168800936 ], [ -6.926071366929059, 12.548957257619799 ], [ -6.925733621242086, 12.547227623798413 ], [ -6.924673358137749, 12.547910235483473 ], [ -6.923624166102245, 12.547211309950493 ], [ -6.923258741659123, 12.548935502736979 ], [ -6.914820897520134, 12.548870061487145 ], [ -6.912730930047415, 12.546435997624426 ], [ -6.908863641665731, 12.546405890816086 ], [ -6.908166078686018, 12.545709652453445 ], [ -6.892345509849274, 12.545585874574337 ], [ -6.88954986477414, 12.543491520599362 ], [ -6.887440489961319, 12.543474927306843 ], [ -6.864076616433133, 12.520148734165979 ], [ -6.861275799100548, 12.518744901815216 ], [ -6.803981634276219, 12.517937744684549 ], [ -6.79832821716187, 12.521345309220035 ], [ -6.790934732476034, 12.522666171180573 ], [ -6.788459435202093, 12.524372703579472 ], [ -6.78459279281412, 12.524340861934778 ], [ -6.782466007915621, 12.52639557674151 ], [ -6.777893365766007, 12.526703182768721 ], [ -6.775417960370753, 12.528409572670796 ], [ -6.774011898639023, 12.528397928444281 ], [ -6.766213126783845, 12.535931392036133 ] ] } },
{ "type": "Feature", "properties": { "OBJECTID": 146, "arcid": 146, "from_node": 160, "to_node": 164, "Shape_Leng": 7571.7094388200003, "HydroID": 347, "GridID": 156, "NextDownID": 348, "DrainID": 156 }, "geometry": { "type": "LineString", "coordinates": [ [ -8.104441340969737, 12.54632062594912 ], [ -8.101461538379539, 12.543373303996146 ], [ -8.095839422944325, 12.541626573303553 ], [ -8.090229516073542, 12.536424054122389 ], [ -8.088822521956615, 12.53641928591756 ], [ -8.087410662463487, 12.53779677947977 ], [ -8.08353530379858, 12.539511441297069 ], [ -8.069819472809119, 12.538773152386645 ], [ -8.06421267946782, 12.532879000515511 ], [ -8.064217666140653, 12.531496739957641 ], [ -8.066335565748094, 12.52943068893787 ], [ -8.067062642485968, 12.522867387156822 ], [ -8.065656973944982, 12.522516937531408 ], [ -8.062840660687707, 12.523198277122207 ], [ -8.06108827053445, 12.521464317621566 ], [ -8.058979170287932, 12.521111377637414 ] ] } },
{ "type": "Feature", "properties": { "OBJECTID": 147, "arcid": 147, "from_node": 164, "to_node": 130, "Shape_Leng": 88606.086234400005, "HydroID": 348, "GridID": 121, "NextDownID": 314, "DrainID": 121 }, "geometry": { "type": "LineString", "coordinates": [ [ -8.058979170287932, 12.521111377637414 ], [ -8.055096362325942, 12.524899022093122 ], [ -8.053688184819418, 12.525239638432792 ], [ -8.05226612025916, 12.529381451200356 ], [ -8.046265024812035, 12.535234877017029 ], [ -8.046261211948787, 12.536271566093529 ], [ -8.04343323483578, 12.540062753210341 ], [ -8.042716974198202, 12.543515872814627 ], [ -8.044468097211487, 12.545595513815938 ], [ -8.044451527080188, 12.550087828549968 ], [ -8.042333284780412, 12.552153680149852 ], [ -8.041976405829985, 12.553534673150432 ], [ -8.039507627475505, 12.555253680181545 ], [ -8.040559092808047, 12.556294142980123 ], [ -8.040551407815094, 12.55836751433751 ], [ -8.038077434465254, 12.561468750723085 ], [ -8.038067156626981, 12.56423324361368 ], [ -8.036300527509107, 12.566300295461494 ], [ -8.036593069190294, 12.58219737397423 ], [ -8.040096999143076, 12.586011184172746 ], [ -8.04008029785718, 12.590503479624431 ], [ -8.041831688277343, 12.592583151261836 ], [ -8.041120344823875, 12.594653997312031 ], [ -8.041103649512966, 12.599146291219521 ], [ -8.042155287121552, 12.60018675779013 ], [ -8.038621525513902, 12.604320858673399 ], [ -8.036496305188805, 12.608114422218801 ], [ -8.033678988899693, 12.608795378621824 ], [ -8.031560150062132, 12.610861094870263 ], [ -8.027682044082939, 12.612920394063629 ], [ -8.02275226520627, 12.613939095436027 ], [ -8.018875367331486, 12.615652699550461 ], [ -8.014994455891918, 12.618402916453864 ], [ -8.012871419567579, 12.621505138370416 ], [ -8.008281312956989, 12.625634869908694 ], [ -8.00617014364018, 12.625627016599354 ], [ -8.002991342992301, 12.628725212044291 ], [ -8.001232016846197, 12.628718632328319 ], [ -7.996642949061929, 12.632502582443529 ], [ -7.99347206535658, 12.633527316877407 ], [ -7.991360839957062, 12.633519341531352 ], [ -7.988892312337427, 12.634892234833032 ], [ -7.980447386616991, 12.634860084823416 ], [ -7.978694890825187, 12.633125585223535 ], [ -7.979405482603399, 12.631400510212231 ], [ -7.979068697272438, 12.627598073496388 ], [ -7.975911570654603, 12.625167064658314 ], [ -7.971338806373412, 12.624803921092955 ], [ -7.966047079236025, 12.628239050677589 ], [ -7.964287776662158, 12.628232227648294 ], [ -7.962168252071589, 12.630297336096822 ], [ -7.962158494598312, 12.632716198823987 ], [ -7.958266972253101, 12.637884380447952 ], [ -7.957557622796362, 12.639263834948952 ], [ -7.957545012135326, 12.642373794314137 ], [ -7.956485166764569, 12.64340631602551 ], [ -7.945928772038155, 12.643364776695027 ], [ -7.940653437556138, 12.642652752305134 ], [ -7.935360964309667, 12.646087208167581 ], [ -7.929024220831066, 12.646752922701005 ], [ -7.927610924472415, 12.648129451458244 ], [ -7.910015332302668, 12.648403600440206 ], [ -7.906833692476283, 12.651846076845754 ], [ -7.906820454671253, 12.654955981649406 ], [ -7.904346900384663, 12.657364671053752 ], [ -7.904330676255433, 12.66116566167387 ], [ -7.903261688714801, 12.664271212926872 ], [ -7.899374453633992, 12.668056213958611 ], [ -7.896553248185652, 12.669426725388158 ], [ -7.894089885240746, 12.669416495810376 ], [ -7.888086464432252, 12.67422915042248 ], [ -7.883869508482296, 12.672829292387563 ], [ -7.881753514237544, 12.673857046845555 ], [ -7.874012946739984, 12.673478837577109 ], [ -7.864486848589276, 12.67896706778002 ], [ -7.862023421124484, 12.67895653350813 ], [ -7.845908326977726, 12.662646487178314 ], [ -7.833976930128759, 12.655338077876474 ], [ -7.824125829939477, 12.654949217711296 ], [ -7.818153411806228, 12.652849530078173 ], [ -7.817102556457204, 12.651808241428661 ], [ -7.811120684395241, 12.651781608535718 ], [ -7.805153292080734, 12.648645046714158 ], [ -7.800577381452823, 12.648970024428237 ], [ -7.798813188876996, 12.649998693337386 ], [ -7.79635009748112, 12.649987575570421 ], [ -7.794949101615553, 12.648599086874434 ], [ -7.774182381020194, 12.649886491424457 ], [ -7.765344190046325, 12.658484056820871 ], [ -7.7625241737193, 12.659507567486886 ], [ -7.754394078019669, 12.667071391144514 ], [ -7.754387366393444, 12.668453494551658 ], [ -7.752611112454736, 12.671900504649685 ], [ -7.747655902490785, 12.67775127290418 ], [ -7.74940529485705, 12.679832704855167 ], [ -7.749398549345794, 12.681214803396969 ], [ -7.752548886300365, 12.684684939281661 ], [ -7.7514880978894, 12.685716555054434 ], [ -7.750769102983264, 12.688822969402839 ], [ -7.750748871313563, 12.692969265762516 ], [ -7.751791159706355, 12.695738428152316 ], [ -7.746507184279961, 12.696750129353452 ], [ -7.745441237561321, 12.698818284076548 ], [ -7.746483484169254, 12.70158746388655 ], [ -7.744713639769984, 12.703652286839228 ], [ -7.745050315761683, 12.706763664162688 ], [ -7.746451304099738, 12.708152414365397 ], [ -7.746446221386997, 12.709188985808479 ], [ -7.74327022775729, 12.710901611588552 ], [ -7.74502487219111, 12.711946515587105 ], [ -7.743941851940629, 12.717469886766887 ], [ -7.747094203502447, 12.720594588833317 ], [ -7.747089118256832, 12.721631159561781 ], [ -7.748490192434455, 12.723019906121552 ], [ -7.748478337053431, 12.72543857067447 ], [ -7.739631389817744, 12.735071475840423 ], [ -7.73433112923269, 12.739192542110819 ], [ -7.731498065544891, 12.742634267875452 ], [ -7.729738122962652, 12.742625824108952 ], [ -7.728676987902575, 12.743657313853303 ], [ -7.727269029633521, 12.743650544232171 ], [ -7.725502171887094, 12.745024150795418 ], [ -7.723742216002709, 12.745015665583725 ], [ -7.721623338875467, 12.746387545673292 ], [ -7.71845367040617, 12.746717734584934 ], [ -7.714234992542629, 12.745660680606591 ], [ -7.705393111009585, 12.753910169146225 ], [ -7.70502529866959, 12.757018096359833 ], [ -7.703964007618179, 12.758049470545838 ], [ -7.699738172461518, 12.758374237626429 ], [ -7.696907977431406, 12.761124491921695 ], [ -7.696884980013277, 12.765616193664682 ], [ -7.695116042320282, 12.767335080491639 ], [ -7.695098319548902, 12.770790231234912 ], [ -7.69438540653143, 12.772514325748793 ], [ -7.695782874117054, 12.774594376464986 ], [ -7.690827798738337, 12.779752693898978 ], [ -7.689771696052891, 12.779747451791362 ], [ -7.688002607119601, 12.781466274046712 ], [ -7.676742866119625, 12.780373476068135 ], [ -7.675681364817184, 12.781404713250124 ], [ -7.673217124092492, 12.78139233208671 ], [ -7.67250944642795, 12.782079814298411 ], [ -7.666876892586702, 12.782051411519623 ], [ -7.66546512682447, 12.782735313031349 ], [ -7.660159099502802, 12.787545683833356 ], [ -7.659445900432238, 12.789269653923187 ], [ -7.659442252964013, 12.789960672825131 ], [ -7.66224768656731, 12.79204803705983 ], [ -7.661516266685361, 12.79722710920521 ], [ -7.658347778909063, 12.797210996692449 ], [ -7.656932250444607, 12.798585858869773 ], [ -7.653758252160115, 12.799606215647259 ], [ -7.646682112172774, 12.806134785682216 ], [ -7.64421212076543, 12.807158630153346 ], [ -7.636109048118773, 12.80815333150403 ], [ -7.632577212748635, 12.810208103120887 ], [ -7.629406733223806, 12.810537130913042 ], [ -7.6255171260964, 12.813626477969141 ], [ -7.623756766741746, 12.813617279283296 ], [ -7.62022664886756, 12.81532636238213 ], [ -7.610355349434163, 12.817693005815199 ], [ -7.605761263012925, 12.820778303551954 ], [ -7.600478176571881, 12.821095760597739 ], [ -7.599066040775312, 12.821779264059483 ], [ -7.593756080920388, 12.826933571134928 ], [ -7.592699824529054, 12.826927920149943 ], [ -7.590221760377376, 12.829333207464837 ], [ -7.587049109762063, 12.830007191770651 ], [ -7.580676640330238, 12.836191997778549 ], [ -7.580663071952894, 12.838610475490654 ], [ -7.576414540935561, 12.842733568701513 ], [ -7.574650122355004, 12.843415011684504 ], [ -7.562261604164248, 12.854749133160738 ], [ -7.557668272956583, 12.857487956022213 ] ] } },
{ "type": "Feature", "properties": { "OBJECTID": 148, "arcid": 148, "from_node": 165, "to_node": 145, "Shape_Leng": 23320.4935219, "HydroID": 349, "GridID": 139, "NextDownID": 328, "DrainID": 139 }, "geometry": { "type": "LineString", "coordinates": [ [ -8.591186356924313, 12.514325172162909 ], [ -8.591184997258113, 12.515189179830895 ], [ -8.588718878185068, 12.517604648017237 ], [ -8.588362189237804, 12.520714534850837 ], [ -8.585190248803157, 12.524511300017867 ], [ -8.585179752391204, 12.531077746245082 ], [ -8.583415873984633, 12.534185445692087 ], [ -8.582360530654029, 12.534183807595662 ], [ -8.581303514609379, 12.535218971181425 ], [ -8.579540120312576, 12.537981040996405 ], [ -8.58059156421943, 12.540401904126636 ], [ -8.580584853337294, 12.544549125553811 ], [ -8.579527225998907, 12.545929882273091 ], [ -8.579523299889324, 12.548349093979347 ], [ -8.577409117241018, 12.550419388642569 ], [ -8.575644440795976, 12.553872626649403 ], [ -8.576330519923276, 12.564587375875417 ], [ -8.575625174713576, 12.565623066698329 ], [ -8.575613832621448, 12.572535085494561 ], [ -8.574909031047616, 12.573225171469314 ], [ -8.575243823627861, 12.583593749458778 ], [ -8.573481161652559, 12.58566455546301 ], [ -8.575584311621002, 12.590506316933599 ], [ -8.575218802819762, 12.598800164431328 ], [ -8.575920267977816, 12.600183682325659 ], [ -8.577677922009194, 12.601223266914982 ], [ -8.577672828729344, 12.604333668975016 ], [ -8.579428827718342, 12.606410043828472 ], [ -8.579425444990916, 12.608483643742497 ], [ -8.57801282503584, 12.611591825455919 ], [ -8.578712077834242, 12.614357735458222 ], [ -8.578703034629365, 12.619887332526902 ], [ -8.581513159648223, 12.623002157779684 ], [ -8.580455764361474, 12.624037300502854 ], [ -8.580442806957585, 12.631986091714413 ], [ -8.579733897992885, 12.635095378728179 ], [ -8.577968068477, 12.63889419289035 ], [ -8.576205604453516, 12.64061939798008 ], [ -8.576196487889304, 12.646148982390207 ], [ -8.575491479057519, 12.646839059735376 ], [ -8.576890109850448, 12.652370880843034 ], [ -8.576883277319986, 12.656518066535588 ], [ -8.577937415126657, 12.657556537969848 ], [ -8.578275736801542, 12.665851463966 ], [ -8.580031577871372, 12.668273437191285 ], [ -8.577915814905074, 12.670689284600764 ], [ -8.577911264400907, 12.673454071473945 ], [ -8.575443463856271, 12.675869337380584 ], [ -8.574382952037167, 12.678632433961278 ], [ -8.576491392080628, 12.680709395246812 ], [ -8.576489107419452, 12.682091787912492 ], [ -8.572256662675004, 12.687268991075456 ], [ -8.571891961486637, 12.694871571494053 ], [ -8.57047816183395, 12.698325271459289 ], [ -8.571532440123443, 12.69936377059553 ] ] } },
{ "type": "Feature", "properties": { "OBJECTID": 149, "arcid": 149, "from_node": 166, "to_node": 152, "Shape_Leng": 27431.972530800002, "HydroID": 350, "GridID": 154, "NextDownID": 335, "DrainID": 154 }, "geometry": { "type": "LineString", "coordinates": [ [ -9.317221311817482, 12.514275917318676 ], [ -9.328492422543565, 12.526013018690699 ], [ -9.330956158293297, 12.527046816084876 ], [ -9.332013692901805, 12.528773543711706 ], [ -9.331312786924165, 12.530848045821779 ], [ -9.329554766095221, 12.531541419205507 ], [ -9.327446698034729, 12.533617633383992 ], [ -9.327101889324547, 12.539147751860529 ], [ -9.329218342137271, 12.543638044242547 ], [ -9.329574096154222, 12.546748060459095 ], [ -9.329576294355313, 12.548476087072629 ], [ -9.328522635372629, 12.549859801331054 ], [ -9.335208731947985, 12.551233957235764 ], [ -9.341541262406327, 12.551225973287195 ], [ -9.351052234169408, 12.560199428994139 ], [ -9.351056922609439, 12.563655469893705 ], [ -9.352114275555572, 12.565036502438971 ], [ -9.352116627626847, 12.566764521727976 ], [ -9.351062550579107, 12.567802718520596 ], [ -9.351067242086989, 12.571258757459891 ], [ -9.347553547324674, 12.574719383735212 ], [ -9.347555406060106, 12.576101798863267 ], [ -9.354954978197751, 12.584040991633808 ], [ -9.357771224017418, 12.585074055383517 ], [ -9.359532892596819, 12.586799713811567 ], [ -9.360939345397055, 12.586106613723086 ], [ -9.362347246050451, 12.586450315277931 ], [ -9.362701527234909, 12.58817785419336 ], [ -9.361299903989607, 12.592326994170541 ], [ -9.362009931271084, 12.596818880484989 ], [ -9.361308129517623, 12.598202242800692 ], [ -9.361662422141759, 12.599929781330156 ], [ -9.365538408835237, 12.6037261461173 ], [ -9.366945919962891, 12.603724217896538 ], [ -9.369764409618952, 12.606139555372236 ], [ -9.380320827821862, 12.606124743446138 ], [ -9.388777420229253, 12.61371582563295 ], [ -9.396519537027194, 12.614050047805382 ], [ -9.404623329668304, 12.620604321640823 ], [ -9.409549915974694, 12.620596810366605 ], [ -9.410254814624723, 12.621286930994465 ], [ -9.429257381033761, 12.621257055712498 ], [ -9.435953405147705, 12.627121404771342 ], [ -9.439824377335029, 12.627115053287211 ], [ -9.441585094460729, 12.627803344709365 ], [ -9.450045372729829, 12.636083591055957 ], [ -9.451457291543578, 12.638500397360069 ], [ -9.451465787497945, 12.643338766886057 ], [ -9.453230303209033, 12.646100561764156 ], [ -9.452181806364557, 12.650249525799321 ], [ -9.45218910708507, 12.654396695979157 ] ] } },
{ "type": "Feature", "properties": { "OBJECTID": 150, "arcid": 150, "from_node": 167, "to_node": 158, "Shape_Leng": 13582.358146500001, "HydroID": 351, "GridID": 153, "NextDownID": 340, "DrainID": 153 }, "geometry": { "type": "LineString", "coordinates": [ [ -7.04523750573973, 12.506327954319659 ], [ -7.039560640271765, 12.513195219081039 ], [ -7.034990435361959, 12.513161878552168 ], [ -7.026479650811383, 12.522771478222573 ], [ -7.029966457059299, 12.526596729643439 ], [ -7.029937600331976, 12.530396194962476 ], [ -7.073569089556852, 12.573200795117305 ], [ -7.075653226667687, 12.576670103335147 ], [ -7.076679884138791, 12.580477240548404 ], [ -7.076553759042794, 12.597402529149301 ] ] } },
{ "type": "Feature", "properties": { "OBJECTID": 151, "arcid": 151, "from_node": 168, "to_node": 167, "Shape_Leng": 1903.8058389800001, "HydroID": 352, "GridID": 160, "NextDownID": 351, "DrainID": 160 }, "geometry": { "type": "LineString", "coordinates": [ [ -7.045358240026332, 12.490266391900441 ], [ -7.046398550849728, 12.492173795950158 ], [ -7.046349257283166, 12.498736589914754 ], [ -7.044909344484974, 12.503216714178469 ], [ -7.04523750573973, 12.506327954319659 ] ] } },
{ "type": "Feature", "properties": { "OBJECTID": 152, "arcid": 152, "from_node": 170, "to_node": 166, "Shape_Leng": 23927.489326499999, "HydroID": 353, "GridID": 161, "NextDownID": 350, "DrainID": 161 }, "geometry": { "type": "LineString", "coordinates": [ [ -9.141146066409943, 12.479173500529935 ], [ -9.147653768541634, 12.480898076801605 ], [ -9.149413345049345, 12.482625166556527 ], [ -9.151171941914484, 12.482624186803529 ], [ -9.154690776444216, 12.48538708387302 ], [ -9.154691803000951, 12.487115140779325 ], [ -9.156451468132152, 12.488842181893682 ], [ -9.160320471006479, 12.488839909253493 ], [ -9.164892272043707, 12.487800318908249 ], [ -9.168058476268062, 12.488835197427706 ], [ -9.168761706768699, 12.488489147171252 ], [ -9.16946561027514, 12.489179927751209 ], [ -9.177555112905717, 12.488829111238015 ], [ -9.180018637244572, 12.490901143598185 ], [ -9.184942856129025, 12.490897810588105 ], [ -9.187054725628016, 12.492970018342511 ], [ -9.196902974756636, 12.4926173939651 ], [ -9.19936695158713, 12.495034856348861 ], [ -9.201477362546395, 12.49503328696307 ], [ -9.204641890826403, 12.493648460824634 ], [ -9.213786950801691, 12.493641362593566 ], [ -9.218715569203166, 12.498821558948517 ], [ -9.225046586396513, 12.498470735673589 ], [ -9.227158831690669, 12.500542622007188 ], [ -9.234545411043161, 12.500536292444911 ], [ -9.237713298637015, 12.502952782231876 ], [ -9.23947138615859, 12.502260006343207 ], [ -9.247912910030376, 12.501906760371732 ], [ -9.252136844115245, 12.505013321541737 ], [ -9.256709217989943, 12.504663393146259 ], [ -9.258466577796689, 12.503279276214881 ], [ -9.261631585331486, 12.502585002970406 ], [ -9.264094844847493, 12.503619425201727 ], [ -9.265851450803911, 12.501544045151734 ], [ -9.267609451175922, 12.500851086266275 ], [ -9.269720256460737, 12.501194589792554 ], [ -9.272531293647001, 12.498426891311039 ], [ -9.27252731147084, 12.494625199423405 ], [ -9.274987249272362, 12.492549048042578 ], [ -9.27744935808421, 12.492546525157616 ], [ -9.282719673302108, 12.487356919347519 ], [ -9.290809290324811, 12.487348316892689 ], [ -9.292216567942056, 12.487692403954659 ], [ -9.296089841217084, 12.491489869687552 ], [ -9.296445111888607, 12.494599953715824 ], [ -9.299966416146416, 12.498052137449818 ], [ -9.301726300606552, 12.499086996767689 ], [ -9.305242868194075, 12.498391819501974 ], [ -9.308412186970115, 12.50149868023478 ], [ -9.312286732632634, 12.505987112747277 ], [ -9.312640557606256, 12.507714739335569 ], [ -9.315457906336428, 12.510476311054976 ], [ -9.317221311817482, 12.514275917318676 ] ] } },
{ "type": "Feature", "properties": { "OBJECTID": 153, "arcid": 153, "from_node": 171, "to_node": 169, "Shape_Leng": 4983.5785319400002, "HydroID": 354, "GridID": 162, "NextDownID": -1, "DrainID": 162 }, "geometry": { "type": "LineString", "coordinates": [ [ -5.310871581253316, 12.451238400196694 ], [ -5.30297535512742, 12.451130404097837 ], [ -5.298023014944931, 12.453822193570998 ], [ -5.290307203292911, 12.453371326696818 ], [ -5.281430438184128, 12.460493135934472 ], [ -5.278271932089728, 12.460449589341051 ], [ -5.276492570912565, 12.462149777155235 ], [ -5.273338995381798, 12.46176128933889 ], [ -5.272646974607927, 12.461061837527492 ], [ -5.271413740118583, 12.461389744388843 ] ] } },
{ "type": "Feature", "properties": { "OBJECTID": 154, "arcid": 154, "from_node": 172, "to_node": 158, "Shape_Leng": 46711.002925599998, "HydroID": 355, "GridID": 152, "NextDownID": 340, "DrainID": 152 }, "geometry": { "type": "LineString", "coordinates": [ [ -7.383216043386388, 12.462793142569183 ], [ -7.379504348629332, 12.466053025249996 ], [ -7.375285674012799, 12.466027675212374 ], [ -7.372455976442152, 12.46877452085549 ], [ -7.370344464281288, 12.46910726855851 ], [ -7.369283303298132, 12.470137317011272 ], [ -7.338697797382883, 12.469950820089753 ], [ -7.332730214322019, 12.468532110204512 ], [ -7.330983514599832, 12.466793921169424 ], [ -7.329570678706887, 12.467821621793687 ], [ -7.328522672828242, 12.466778698686497 ], [ -7.325708068016389, 12.46710673954054 ], [ -7.324292992665925, 12.468479872969995 ], [ -7.322541910731427, 12.467432565308597 ], [ -7.320069943460044, 12.469144582491875 ], [ -7.316910454754241, 12.468433949326938 ], [ -7.315139315042829, 12.470495761677263 ], [ -7.315475237831953, 12.472916194613367 ], [ -7.310875921697414, 12.477378633598009 ], [ -7.308408275723915, 12.478399598475518 ], [ -7.304543361035201, 12.478029861500978 ], [ -7.296407795435044, 12.485579022284591 ], [ -7.293595252829469, 12.485561236988691 ], [ -7.292547346802773, 12.48451818563241 ], [ -7.286219170836931, 12.484478040283058 ], [ -7.284098398995495, 12.486191908365244 ], [ -7.283043699681327, 12.486185193854711 ], [ -7.281297271005761, 12.484446713563395 ], [ -7.277432358505022, 12.484076581378389 ], [ -7.276384531858668, 12.483033475402138 ], [ -7.271458098301633, 12.483692881429675 ], [ -7.260911300920438, 12.483625069875298 ], [ -7.260212799004897, 12.482929629958484 ], [ -7.257402650602361, 12.482566019263603 ], [ -7.244748979276347, 12.482138494367931 ], [ -7.244050530681347, 12.481443018772012 ], [ -7.242292767446577, 12.481431568882734 ], [ -7.240197459165122, 12.479345121347478 ], [ -7.23598355335221, 12.478626670078317 ], [ -7.235285138529131, 12.477931175992627 ], [ -7.231415787883169, 12.478251299536998 ], [ -7.230002561672282, 12.479278418151617 ], [ -7.224026270186588, 12.479239137361597 ], [ -7.223327891142914, 12.478543615515362 ], [ -7.219812445029345, 12.478520439560853 ], [ -7.218061813811397, 12.47747250086389 ], [ -7.212085602668266, 12.477432961236316 ], [ -7.20997160881906, 12.478109860498259 ], [ -7.205016699601146, 12.482913348534879 ], [ -7.202204323743904, 12.482894614147767 ], [ -7.200807684142347, 12.481503471402668 ], [ -7.187449042681205, 12.481414023677333 ], [ -7.186387200380564, 12.48244324904449 ], [ -7.175840941359389, 12.482372118353673 ], [ -7.174425091345059, 12.483744348276094 ], [ -7.17091452337506, 12.48302965384778 ], [ -7.165250926721558, 12.488518394483121 ], [ -7.159269751055379, 12.489168515880136 ], [ -7.154667801884068, 12.49362788510445 ], [ -7.150800735309958, 12.493601373664083 ], [ -7.147622020079676, 12.49565222541883 ], [ -7.143754939803238, 12.495625608660845 ], [ -7.142690415611501, 12.497000058036543 ], [ -7.142680547616072, 12.498381776908021 ], [ -7.13914027087156, 12.501811800730856 ], [ -7.139122961236558, 12.504229802225829 ], [ -7.137352768504579, 12.505944789108645 ], [ -7.13489181488804, 12.505927750024972 ], [ -7.134183726135303, 12.506613732784384 ], [ -7.130640738959042, 12.51038903876446 ], [ -7.129556181236834, 12.514526829416006 ], [ -7.12672364756964, 12.517270668530145 ], [ -7.126008023897087, 12.518992898773142 ], [ -7.125980590656941, 12.522792582182943 ], [ -7.125272429231795, 12.523478530790724 ], [ -7.125574101510431, 12.53038949230587 ], [ -7.120970823443354, 12.534848087052543 ], [ -7.120960808887797, 12.536229783954548 ], [ -7.122008110544141, 12.537273435376617 ], [ -7.121538779389502, 12.55350591457889 ], [ -7.125725781218055, 12.558025952161676 ], [ -7.125710768328879, 12.560098500463262 ], [ -7.12640903836079, 12.560794265219785 ], [ -7.125683237741801, 12.563898171623922 ], [ -7.123917516005629, 12.564922143409767 ], [ -7.122855067044569, 12.565951029395862 ], [ -7.122847544547309, 12.566987300815239 ], [ -7.11682933342395, 12.572472121250216 ], [ -7.114360216725521, 12.57349107127585 ], [ -7.10940171228364, 12.578292261308711 ], [ -7.10658845443384, 12.578272381904192 ], [ -7.102338123162721, 12.582387540591307 ], [ -7.099527374199154, 12.582022161873823 ], [ -7.098110556304754, 12.583393845750798 ], [ -7.097065751804513, 12.582004673163384 ], [ -7.094249924761684, 12.582330076060206 ], [ -7.093551705035709, 12.581634232538441 ], [ -7.092489074337085, 12.582662968783707 ], [ -7.090733328595846, 12.582305015353521 ], [ -7.0893190258871, 12.583331229045895 ], [ -7.089296020503173, 12.586439979393006 ], [ -7.082619538782885, 12.585701355217685 ], [ -7.079426313828846, 12.589478219993511 ], [ -7.079387750201459, 12.594659437971432 ], [ -7.076553759042794, 12.597402529149301 ] ] } },
{ "type": "Feature", "properties": { "OBJECTID": 155, "arcid": 155, "from_node": 173, "to_node": 167, "Shape_Leng": 13281.110364100001, "HydroID": 356, "GridID": 159, "NextDownID": 351, "DrainID": 159 }, "geometry": { "type": "LineString", "coordinates": [ [ -7.122314722889332, 12.446078596773891 ], [ -7.118775028936565, 12.449508429712637 ], [ -7.11873768847216, 12.454689820298587 ], [ -7.114128352693991, 12.460184770982062 ], [ -7.11446986383558, 12.461568925028571 ], [ -7.112343361479732, 12.46397216529294 ], [ -7.110590850510451, 12.46326902626698 ], [ -7.108466806493197, 12.465326804110834 ], [ -7.108459288995037, 12.466363075549719 ], [ -7.110907316914355, 12.468107423173 ], [ -7.111941827929949, 12.470878194164927 ], [ -7.106287513727344, 12.474983868507879 ], [ -7.106603882125119, 12.479822257044646 ], [ -7.107296887452428, 12.481208883878791 ], [ -7.105172653784557, 12.483266609270332 ], [ -7.101300812947535, 12.483930253183351 ], [ -7.099530566490901, 12.485644977929562 ], [ -7.096366799216196, 12.485622657694764 ], [ -7.089642117913017, 12.49179296186901 ], [ -7.086124217946443, 12.492113436709539 ], [ -7.081885418164187, 12.494846784596962 ], [ -7.078370033855174, 12.494821733924809 ], [ -7.076599573924747, 12.49653627299182 ], [ -7.067095186660564, 12.498195408449277 ], [ -7.054088250671644, 12.498101753747047 ], [ -7.04523750573973, 12.506327954319659 ] ] } },
{ "type": "Feature", "properties": { "OBJECTID": 156, "arcid": 156, "from_node": 174, "to_node": 131, "Shape_Leng": 89334.432636600002, "HydroID": 357, "GridID": 124, "NextDownID": 315, "DrainID": 124 }, "geometry": { "type": "LineString", "coordinates": [ [ -5.854949210941088, 12.433446689019762 ], [ -5.865891572634404, 12.443410236600691 ], [ -5.865879143250214, 12.444445517831548 ], [ -5.866920136634568, 12.445493012970543 ], [ -5.870782702220941, 12.445537765970728 ], [ -5.871476715333402, 12.446236087462985 ], [ -5.882370487893395, 12.445671694984677 ], [ -5.886559560097075, 12.44779087589038 ], [ -5.888687040568618, 12.446089639469427 ], [ -5.896053003746488, 12.446864646590154 ], [ -5.897094155295267, 12.447912057157026 ], [ -5.900254554964452, 12.447948331743206 ], [ -5.90267987983944, 12.450737364335362 ], [ -5.907943213421055, 12.451142813327625 ], [ -5.909711292595284, 12.450127581990712 ], [ -5.9114671043837, 12.450147660683889 ], [ -5.919470522827557, 12.456451873278981 ], [ -5.922279918061066, 12.456483908346188 ], [ -5.923700901286534, 12.45511946637304 ], [ -5.926506227418157, 12.45549656718911 ], [ -5.927584143767589, 12.453437873864935 ], [ -5.930426013312653, 12.450708900690461 ], [ -5.932884205155775, 12.450736820666119 ], [ -5.933949883459987, 12.44971343177899 ], [ -5.933966103196021, 12.44833296915583 ], [ -5.937522331326001, 12.444576507197072 ], [ -5.939605039337193, 12.446671079477792 ], [ -5.941009709543042, 12.446686983716241 ], [ -5.943443636223726, 12.448785512141386 ], [ -5.946612261780445, 12.448131008048765 ], [ -5.948707187470283, 12.44919017116778 ], [ -5.955379512164543, 12.449265441987141 ], [ -5.958544124308679, 12.448955915676731 ], [ -5.9596097181581, 12.447932401040276 ], [ -5.973305661709048, 12.44808615948739 ], [ -5.975751928673685, 12.449149071368108 ], [ -5.979570996575496, 12.452988717950399 ], [ -5.982029322687019, 12.453016196093106 ], [ -5.991751205184337, 12.462789641282381 ], [ -5.993104263866801, 12.467292041950042 ], [ -5.994832462630768, 12.469727549650113 ], [ -5.994812554531998, 12.471453223896672 ], [ -5.997243235633111, 12.473896551936321 ], [ -6.007444613008465, 12.472629210329469 ], [ -6.008833656474379, 12.474025351256181 ], [ -6.011631592721911, 12.475091920287095 ], [ -6.013407531405255, 12.473385673131785 ], [ -6.013423362194805, 12.472005110178037 ], [ -6.019394213719262, 12.472071155576234 ], [ -6.022231656239523, 12.469686185920915 ], [ -6.022243490828318, 12.468650755756759 ], [ -6.023308992932911, 12.467626950751374 ], [ -6.025779374381279, 12.466618628818646 ], [ -6.027555170322051, 12.464912252372175 ], [ -6.02966249594661, 12.464935454263122 ], [ -6.03109097106644, 12.462880034349213 ], [ -6.03390465369313, 12.462565777601686 ], [ -6.037104858269929, 12.459149009962582 ], [ -6.038158505978028, 12.459160570443432 ], [ -6.039879319985599, 12.462286172104367 ], [ -6.041619757748124, 12.46368602349912 ], [ -6.045838359123469, 12.463387035118812 ], [ -6.048253931734141, 12.467210602808754 ], [ -6.047871414933598, 12.469967972983161 ], [ -6.04925680352638, 12.471709103241135 ], [ -6.049561118167171, 12.475854769241069 ], [ -6.05094654231329, 12.477595898822965 ], [ -6.050923082671771, 12.47966681263213 ], [ -6.049151193006635, 12.481028201891702 ], [ -6.049478964312622, 12.483102957388867 ], [ -6.050520985285492, 12.484149947082605 ], [ -6.051574746857813, 12.484161477958077 ], [ -6.055387765208475, 12.488690718065955 ], [ -6.05497396400542, 12.494209329797728 ], [ -6.05355324340707, 12.495574571066101 ], [ -6.053537594696016, 12.496955181130275 ], [ -6.0587480937475, 12.502190106306767 ], [ -6.064341299695696, 12.504667563302764 ], [ -6.069907373527795, 12.509561029253462 ], [ -6.073763838361785, 12.510293413184851 ], [ -6.077585367813981, 12.514132182694594 ], [ -6.07756982282744, 12.515512821632582 ], [ -6.079650463871835, 12.517951845990702 ], [ -6.08666891018431, 12.518718409104592 ], [ -6.089452304525259, 12.521164997289624 ], [ -6.092262837873132, 12.521195420008485 ], [ -6.093656505171425, 12.522246113258987 ], [ -6.097872340395847, 12.522291674315223 ], [ -6.102045768489084, 12.526134006211043 ], [ -6.103802403144141, 12.526152948976 ], [ -6.105528216556975, 12.528933223566765 ], [ -6.109392871140062, 12.528974841635677 ], [ -6.11045841158512, 12.527950674581934 ], [ -6.112913893886428, 12.52832228811762 ], [ -6.114678243453531, 12.527650821975159 ], [ -6.116052858082449, 12.530427281589834 ], [ -6.122021771109305, 12.530836523504425 ], [ -6.126199578755802, 12.534333411050978 ], [ -6.127253615965984, 12.534344690666535 ], [ -6.129682450219557, 12.537132394273929 ], [ -6.13600677281033, 12.537199942915379 ], [ -6.139482186650928, 12.540689186066313 ], [ -6.142995772999507, 12.540726613698551 ], [ -6.145436268175199, 12.542478683658079 ], [ -6.145772412460525, 12.54386314068436 ], [ -6.150985911686845, 12.549096874283238 ], [ -6.154148274340424, 12.549130447898747 ], [ -6.156630645194435, 12.547085437406043 ], [ -6.160495744042326, 12.547126379030432 ], [ -6.164304129842956, 12.552345042859628 ], [ -6.168822994003087, 12.556880735348729 ], [ -6.170579940094129, 12.556899286491767 ], [ -6.171622786516452, 12.557945973734206 ], [ -6.174433920923812, 12.557975623196105 ], [ -6.186948895037767, 12.570535579501664 ], [ -6.187629176175458, 12.572614111456259 ], [ -6.202571864047603, 12.588306223489585 ], [ -6.202882134572662, 12.592107052016235 ], [ -6.207398624766476, 12.596987568786977 ], [ -6.207682769883797, 12.6032047831889 ], [ -6.218458917691907, 12.614364841439649 ], [ -6.219513364710028, 12.614375827663265 ], [ -6.221255875965994, 12.615774930029831 ], [ -6.221240970624173, 12.617155731986278 ], [ -6.228891926591137, 12.624830593742297 ], [ -6.230249599588091, 12.629332834249299 ], [ -6.235466526507498, 12.634565617348025 ], [ -6.238274940586604, 12.634939976292545 ], [ -6.238200736249213, 12.641844072628214 ], [ -6.238896366714679, 12.642541770409361 ], [ -6.239954657541508, 12.642207494827835 ], [ -6.240998114444856, 12.643254035978558 ], [ -6.240953610743872, 12.647396501416326 ], [ -6.247899189673618, 12.655409027041239 ], [ -6.247814005797999, 12.663348790438803 ], [ -6.248509713666308, 12.664046479508396 ], [ -6.246722263039282, 12.666789940083618 ], [ -6.247044166354923, 12.669555233038967 ], [ -6.24382066731633, 12.675045736518113 ], [ -6.24311009231256, 12.675728853688248 ], [ -6.240649079829667, 12.675703308517791 ], [ -6.237817889161996, 12.677400104089463 ], [ -6.236060018708712, 12.67738182250269 ], [ -6.22328738028697, 12.687951031644182 ], [ -6.219416206964642, 12.688255750299476 ], [ -6.216214403168395, 12.691674558020242 ], [ -6.216176836940667, 12.695126527705094 ], [ -6.215110785040886, 12.696151048352762 ], [ -6.215402228810264, 12.701677883182064 ], [ -6.220930251491657, 12.710712039464861 ], [ -6.22266956108042, 12.712456460593717 ], [ -6.223002411409767, 12.714186136922873 ], [ -6.236558712278896, 12.728827998834744 ], [ -6.235492553838395, 12.729852588018135 ], [ -6.235017357621776, 12.741240559258665 ], [ -6.237452789407117, 12.743682699802616 ], [ -6.237407862869298, 12.747825121576019 ], [ -6.24018756376214, 12.750961334189366 ], [ -6.24016511144512, 12.753032548918483 ], [ -6.239098843171035, 12.754057133196783 ], [ -6.239068886558393, 12.75681874926387 ], [ -6.243917683951232, 12.763774233909587 ], [ -6.243876531267275, 12.767571468195648 ], [ -6.251554248936672, 12.773175438173654 ], [ -6.25501915043906, 12.778044939898027 ], [ -6.25500796054095, 12.779080558610191 ], [ -6.257791905751266, 12.781871486527995 ], [ -6.257780723697501, 12.782907106453971 ], [ -6.262649067857576, 12.788136401021164 ], [ -6.262634177083283, 12.789517232551285 ], [ -6.265414593626654, 12.792653326682569 ], [ -6.265399712444378, 12.79403416184897 ], [ -6.283487081972644, 12.813210153192303 ], [ -6.28377962448663, 12.818737199919836 ], [ -6.292122737419378, 12.828145096578535 ], [ -6.292367368550778, 12.838159969096495 ], [ -6.293411719679702, 12.839206496311522 ], [ -6.293393238973413, 12.840932574256518 ], [ -6.295481977305592, 12.843025624772126 ] ] } },
{ "type": "Feature", "properties": { "OBJECTID": 157, "arcid": 157, "from_node": 176, "to_node": 175, "Shape_Leng": 286.6389, "HydroID": 358, "GridID": 166, "NextDownID": 359, "DrainID": 166 }, "geometry": { "type": "LineString", "coordinates": [ [ -6.234911472412509, 12.406353107277722 ], [ -6.237545520847799, 12.406379960139635 ] ] } },
{ "type": "Feature", "properties": { "OBJECTID": 158, "arcid": 158, "from_node": 175, "to_node": 137, "Shape_Leng": 54115.405480399997, "HydroID": 359, "GridID": 131, "NextDownID": 321, "DrainID": 131 }, "geometry": { "type": "LineString", "coordinates": [ [ -6.237545520847799, 12.406379960139635 ], [ -6.238255214050519, 12.405696695331596 ], [ -6.24246606129669, 12.406084805350226 ], [ -6.242770020346705, 12.410576133830954 ], [ -6.244507925045249, 12.412320056189388 ], [ -6.244478853830025, 12.415081755156706 ], [ -6.245869206424589, 12.416476890631385 ], [ -6.245840139512422, 12.419238592834658 ], [ -6.241226877177562, 12.423679869328522 ], [ -6.23842432156839, 12.422960803790168 ], [ -6.236649939692453, 12.424668936353934 ], [ -6.236971990408112, 12.427434200067161 ], [ -6.238706290502098, 12.429523383445368 ], [ -6.238655231352023, 12.434356326612304 ], [ -6.237232004201924, 12.436068030242632 ], [ -6.237158977438111, 12.442972222355026 ], [ -6.246888591467341, 12.453083706166407 ], [ -6.246881305980222, 12.453774130961506 ], [ -6.271565400753491, 12.478537707631668 ], [ -6.271543693083164, 12.480609019169936 ], [ -6.27503156658123, 12.48306108760171 ], [ -6.276436851768041, 12.483075290384514 ], [ -6.277827694251838, 12.484470366429763 ], [ -6.277809637428349, 12.486196467832455 ], [ -6.2816489823533, 12.488652026705152 ], [ -6.28267412334862, 12.491424430254446 ], [ -6.28262361840182, 12.496257529893906 ], [ -6.279063237169293, 12.500709916531047 ], [ -6.279052393780117, 12.501745576684728 ], [ -6.28114603103973, 12.503147761381825 ], [ -6.281457645466499, 12.506948738469292 ], [ -6.282848620931968, 12.508343819248271 ], [ -6.284619845655141, 12.506980669080885 ], [ -6.287785659109598, 12.506667340218682 ], [ -6.288850538709806, 12.505642294653139 ], [ -6.295877669756719, 12.505713001046132 ], [ -6.296573200671359, 12.506410511546482 ], [ -6.296551642235901, 12.508481861965727 ], [ -6.298986042520281, 12.51092314500983 ], [ -6.297899610776654, 12.514019586049898 ], [ -6.302818794038065, 12.514068966947958 ], [ -6.309451920103114, 12.518278582765605 ], [ -6.309416123270077, 12.521730866409014 ], [ -6.310785868712787, 12.525197220329764 ], [ -6.311076399406893, 12.531069623798937 ], [ -6.314554601924915, 12.534557074994023 ], [ -6.314525981206664, 12.537318911356953 ], [ -6.316910731654813, 12.544593336088873 ], [ -6.329433556446128, 12.557147941917682 ], [ -6.329419299697683, 12.558528873835014 ], [ -6.336376977424881, 12.565503510706206 ], [ -6.336337842279267, 12.569301094116668 ], [ -6.338418130109495, 12.572083940307838 ], [ -6.338726911696159, 12.576230256652112 ], [ -6.343590618089363, 12.581802914643868 ], [ -6.343885250106463, 12.587330187510132 ], [ -6.353972034560738, 12.597788388059712 ], [ -6.354309362655935, 12.599172824443288 ], [ -6.356745093983588, 12.601613850249329 ], [ -6.356730931339199, 12.602994808330262 ], [ -6.360210642445512, 12.606481968776553 ], [ -6.364066694389176, 12.607555880366117 ], [ -6.372067032441363, 12.615921401999302 ], [ -6.373121620179147, 12.615931783091613 ], [ -6.375564731320939, 12.617682211485926 ], [ -6.376513727933201, 12.628049920284932 ], [ -6.379322590461634, 12.628422818410749 ], [ -6.381062753556047, 12.630166314996444 ], [ -6.38282051118913, 12.630183574451308 ], [ -6.383516588753046, 12.630880968398385 ], [ -6.386329015009546, 12.630908553642012 ], [ -6.388417298812002, 12.633000709496491 ], [ -6.387658043702817, 12.638517778458278 ], [ -6.385158446041246, 12.642291352875784 ], [ -6.38508111075633, 12.649886774015878 ], [ -6.384015818897876, 12.650912151334792 ], [ -6.384216045700912, 12.665761178352827 ], [ -6.384908683313128, 12.666803831449673 ], [ -6.384873463388884, 12.670256289745783 ], [ -6.386265808991729, 12.671651105027019 ], [ -6.386582208440868, 12.675107023888252 ], [ -6.386430683484343, 12.689952595860142 ], [ -6.387464437634913, 12.692034455371928 ], [ -6.38772439544672, 12.701014307781525 ], [ -6.387547890695872, 12.718276581278532 ], [ -6.391725653411654, 12.722461121332092 ], [ -6.392059693989017, 12.724190816758052 ], [ -6.394841438818426, 12.727325734705643 ], [ -6.394109848208208, 12.730080786098167 ], [ -6.395502514357726, 12.731475621395111 ], [ -6.395488410658495, 12.732856609112568 ], [ -6.392298434046359, 12.735242159890296 ], [ -6.38806744734435, 12.736236265402642 ], [ -6.37387149217855, 12.748525672536347 ], [ -6.373498416523496, 12.750593621133657 ], [ -6.375583795607525, 12.753031272740099 ], [ -6.375555321221376, 12.755793200320841 ], [ -6.376947978279892, 12.757188137721238 ], [ -6.377246324663128, 12.762370250360382 ], [ -6.376180447505109, 12.763395489700526 ], [ -6.376130582423017, 12.768228861315748 ] ] } },
{ "type": "Feature", "properties": { "OBJECTID": 159, "arcid": 159, "from_node": 177, "to_node": 166, "Shape_Leng": 24843.045829399998, "HydroID": 360, "GridID": 158, "NextDownID": 350, "DrainID": 158 }, "geometry": { "type": "LineString", "coordinates": [ [ -9.354725833469484, 12.416076684553147 ], [ -9.355083080922904, 12.420223515499996 ], [ -9.357546376486876, 12.421602709947443 ], [ -9.359304533921057, 12.421600384627661 ], [ -9.360712963738431, 12.422980944996178 ], [ -9.364229295531425, 12.422976241351178 ], [ -9.369852980899648, 12.421240586316001 ], [ -9.375487991194198, 12.427453770142835 ], [ -9.375489479068483, 12.428490590511165 ], [ -9.377954953138314, 12.431252018671165 ], [ -9.3779614459702, 12.435744901712837 ], [ -9.378665745992032, 12.43643513118651 ], [ -9.378670751797157, 12.439891193104602 ], [ -9.379727224119836, 12.440926533826314 ], [ -9.379732245827437, 12.444382594173121 ], [ -9.383606607191942, 12.44852440704077 ], [ -9.383609145105599, 12.450252436023765 ], [ -9.384665170497211, 12.450942148443083 ], [ -9.388533537306747, 12.450936617814261 ], [ -9.391350519669961, 12.453351798280059 ], [ -9.393812228940778, 12.453348223650325 ], [ -9.395924361299537, 12.45472756179724 ], [ -9.398385554817102, 12.454378340256431 ], [ -9.400496658333944, 12.455066432963191 ], [ -9.402609904655177, 12.457136926481082 ], [ -9.402612570192817, 12.45886495040879 ], [ -9.404021428718407, 12.460245269921865 ], [ -9.404026245034244, 12.463355710852211 ], [ -9.401570297853773, 12.467161032290264 ], [ -9.39946068089718, 12.467509766088087 ], [ -9.396651353685087, 12.470278750493282 ], [ -9.396652931005633, 12.471315564083765 ], [ -9.39068444324478, 12.478236377869738 ], [ -9.387870791785296, 12.478240436741677 ], [ -9.387165838512821, 12.477204632634894 ], [ -9.37415273720573, 12.47722298783853 ], [ -9.370640104398801, 12.480338290349705 ], [ -9.369593311512281, 12.486215029799732 ], [ -9.363271064996619, 12.492444531530207 ], [ -9.363274924573039, 12.49520937471182 ], [ -9.361518192787001, 12.496594161586394 ], [ -9.35658872855711, 12.492799060157695 ], [ -9.354478364520316, 12.492801843625347 ], [ -9.353072860601319, 12.493840507146999 ], [ -9.35131374875181, 12.493497199361119 ], [ -9.349201058356094, 12.491771912452878 ], [ -9.347442427232849, 12.491774184775148 ], [ -9.345681958913289, 12.490394020661009 ], [ -9.344275060043429, 12.490395820876914 ], [ -9.337231165429975, 12.483146974067591 ], [ -9.335120429716003, 12.482803997385464 ], [ -9.333013234286639, 12.485225858189571 ], [ -9.330199927628357, 12.485574924368125 ], [ -9.329497365184549, 12.486266998124306 ], [ -9.327386178178548, 12.485578354576685 ], [ -9.325981033283545, 12.486962486935438 ], [ -9.324925871613475, 12.486963760336957 ], [ -9.323169841532348, 12.489039514850013 ], [ -9.322830551473029, 12.499062536412094 ], [ -9.321425310766074, 12.500446645131449 ], [ -9.317206549521197, 12.50217968264274 ], [ -9.317221311817482, 12.514275917318676 ] ] } },
{ "type": "Feature", "properties": { "OBJECTID": 160, "arcid": 160, "from_node": 178, "to_node": 164, "Shape_Leng": 23186.535749899998, "HydroID": 361, "GridID": 157, "NextDownID": 348, "DrainID": 157 }, "geometry": { "type": "LineString", "coordinates": [ [ -8.109816658523894, 12.362665222392071 ], [ -8.110491638827195, 12.370961290839411 ], [ -8.11890282914278, 12.37859138271722 ], [ -8.119572308553833, 12.388615310952014 ], [ -8.123428998835282, 12.391737985206181 ], [ -8.123740151488448, 12.4038342162177 ], [ -8.123034692625259, 12.404523092307013 ], [ -8.123027755797496, 12.406596535975313 ], [ -8.121264079774988, 12.408318716595764 ], [ -8.121254808795658, 12.411083305691863 ], [ -8.118080095830306, 12.414183193697752 ], [ -8.117006694208879, 12.41970893066541 ], [ -8.105012343047211, 12.431419158288168 ], [ -8.106006889077902, 12.449046787044288 ], [ -8.102832703668518, 12.451800873382817 ], [ -8.102826766660137, 12.453528726864937 ], [ -8.101410699824907, 12.456288621046067 ], [ -8.101758773538556, 12.457326501382855 ], [ -8.100700272188728, 12.45835970418362 ], [ -8.100691935841585, 12.460778697308633 ], [ -8.097165896560417, 12.463531531076629 ], [ -8.088375843762739, 12.463156435811102 ], [ -8.087317268774541, 12.464189581346428 ], [ -8.088016945507562, 12.465228663687839 ], [ -8.090125654256681, 12.46558134876784 ], [ -8.093980632643071, 12.469395618224588 ], [ -8.093271306181254, 12.47112110491474 ], [ -8.093969824209266, 12.472505743585433 ], [ -8.093951803683465, 12.47768928454499 ], [ -8.090427870199051, 12.479750867673696 ], [ -8.077020261922765, 12.492145914379149 ], [ -8.074910137549901, 12.49213868075611 ], [ -8.068911674378839, 12.497647159885418 ], [ -8.068899303704312, 12.501102822970747 ], [ -8.066428728588898, 12.503513264170728 ], [ -8.06642376516383, 12.504895528473471 ], [ -8.062187115514687, 12.509373214647653 ], [ -8.062180879940101, 12.511101041925265 ], [ -8.060767787471249, 12.512823962953108 ], [ -8.060752793616613, 12.516970744022247 ], [ -8.061449988862567, 12.518701024734842 ], [ -8.058979170287932, 12.521111377637414 ] ] } },
{ "type": "Feature", "properties": { "OBJECTID": 161, "arcid": 161, "from_node": 179, "to_node": 178, "Shape_Leng": 2717.2590546299998, "HydroID": 362, "GridID": 170, "NextDownID": 361, "DrainID": 170 }, "geometry": { "type": "LineString", "coordinates": [ [ -8.099339149673046, 12.342760081505682 ], [ -8.099314928197083, 12.349844331603473 ], [ -8.104219452020033, 12.354698583983888 ], [ -8.104560376672865, 12.357809900562167 ], [ -8.10561373115674, 12.358158939715734 ], [ -8.109816658523894, 12.362665222392071 ] ] } },
{ "type": "Feature", "properties": { "OBJECTID": 162, "arcid": 162, "from_node": 180, "to_node": 177, "Shape_Leng": 13925.8586294, "HydroID": 363, "GridID": 167, "NextDownID": 360, "DrainID": 167 }, "geometry": { "type": "LineString", "coordinates": [ [ -9.311734908998213, 12.338021506872929 ], [ -9.311736952535917, 12.339749562221119 ], [ -9.308225758491695, 12.343209671203637 ], [ -9.309985433065604, 12.344935733282263 ], [ -9.308931246078197, 12.345282542464947 ], [ -9.308938542508029, 12.351503540853688 ], [ -9.304724870133809, 12.35565562467769 ], [ -9.302264054609489, 12.355658366819195 ], [ -9.300507512278271, 12.356697144867825 ], [ -9.297698657943585, 12.359810734737243 ], [ -9.297701395139256, 12.362230012377477 ], [ -9.303684196014624, 12.367753183534569 ], [ -9.307551369218716, 12.367748840130192 ], [ -9.312828073569191, 12.370507711784635 ], [ -9.323023441863398, 12.370495797240082 ], [ -9.3374557628213, 12.384648283484532 ], [ -9.337815350013026, 12.390868809302958 ], [ -9.338871907471239, 12.39224993159087 ], [ -9.336413415962722, 12.394326645104933 ], [ -9.336416074835791, 12.396400298753461 ], [ -9.339936538005309, 12.399852006481082 ], [ -9.339939225958863, 12.401925658529963 ], [ -9.344164390896195, 12.406413250595026 ], [ -9.350495246217362, 12.407787580283227 ], [ -9.352959796489657, 12.410203644964925 ], [ -9.354723025295204, 12.414003037927415 ], [ -9.354725833469484, 12.416076684553147 ] ] } },
{ "type": "Feature", "properties": { "OBJECTID": 163, "arcid": 163, "from_node": 181, "to_node": 175, "Shape_Leng": 34863.127137399999, "HydroID": 364, "GridID": 165, "NextDownID": 359, "DrainID": 165 }, "geometry": { "type": "LineString", "coordinates": [ [ -6.017883242721671, 12.296008888601632 ], [ -6.01928331769226, 12.296369348633943 ], [ -6.023795698866191, 12.30090599679011 ], [ -6.025199700613141, 12.300921285645384 ], [ -6.02798441202534, 12.303022739279855 ], [ -6.035613545784154, 12.311390278651054 ], [ -6.038749477643584, 12.313495476871658 ], [ -6.041557654079227, 12.313525924466198 ], [ -6.046410167214377, 12.319101618022605 ], [ -6.049230004154116, 12.318096533468559 ], [ -6.05483881042796, 12.318847521586855 ], [ -6.058040452224323, 12.315084857717375 ], [ -6.059448417927842, 12.314754828940897 ], [ -6.062287395124958, 12.312023786080633 ], [ -6.063710699754275, 12.310313088884095 ], [ -6.063722215811813, 12.309277606752433 ], [ -6.066915940459064, 12.306205104123352 ], [ -6.066931272942692, 12.304824457165131 ], [ -6.068705521355179, 12.303117485683984 ], [ -6.068720840527521, 12.301736836192683 ], [ -6.070849894539451, 12.299688444319971 ], [ -6.070872849203973, 12.297617465966139 ], [ -6.072647018720569, 12.295910451324142 ], [ -6.078602743109544, 12.297009783979059 ], [ -6.089717325516789, 12.30782983811358 ], [ -6.094975196442447, 12.308576236356844 ], [ -6.098485530046692, 12.308613554305566 ], [ -6.100248282586997, 12.307941852953439 ], [ -6.10586105196809, 12.308346602171664 ], [ -6.107597327399565, 12.310091066364173 ], [ -6.113206413690581, 12.310840853524201 ], [ -6.122692100198962, 12.310250536705828 ], [ -6.127210599450098, 12.314440745288406 ], [ -6.127524076848762, 12.317896240013546 ], [ -6.128218673323772, 12.318593989155438 ], [ -6.128434413632909, 12.331024165989474 ], [ -6.13017098663454, 12.332768551141083 ], [ -6.130364099558488, 12.34726981892533 ], [ -6.140414588585206, 12.359458333893512 ], [ -6.14039206224296, 12.361529429864156 ], [ -6.141434154981678, 12.362576051350926 ], [ -6.141422893402551, 12.363611600070236 ], [ -6.14385448136244, 12.366053708949503 ], [ -6.143828217366463, 12.368469994570226 ], [ -6.149386340487023, 12.374051922275429 ], [ -6.149703755315532, 12.37716227305293 ], [ -6.154563615697451, 12.382391601081242 ], [ -6.155971956318441, 12.38206112699547 ], [ -6.163264013830955, 12.389732406823413 ], [ -6.164664931005622, 12.390092272363516 ], [ -6.166402099163873, 12.391836557645853 ], [ -6.166723424959248, 12.39460174302816 ], [ -6.172977481133568, 12.400881123792283 ], [ -6.202107374364358, 12.402909398762013 ], [ -6.204192421733369, 12.405002336825328 ], [ -6.220343845061441, 12.405513649507693 ], [ -6.221382798450152, 12.406905273180998 ], [ -6.22349001673344, 12.406926863530224 ], [ -6.225257006288667, 12.40590922168548 ], [ -6.226654506432391, 12.406614010315744 ], [ -6.237545520847799, 12.406379960139635 ] ] } },
{ "type": "Feature", "properties": { "OBJECTID": 164, "arcid": 164, "from_node": 182, "to_node": 153, "Shape_Leng": 50580.619197400003, "HydroID": 365, "GridID": 147, "NextDownID": 336, "DrainID": 147 }, "geometry": { "type": "LineString", "coordinates": [ [ -6.786313992071573, 12.300031501473105 ], [ -6.78436929958839, 12.301569960709221 ], [ -6.784711828792621, 12.30260887998449 ], [ -6.783298279186648, 12.303633560621254 ], [ -6.777667215309045, 12.304969347405887 ], [ -6.777301471292241, 12.306693268091378 ], [ -6.77588496732479, 12.30806325733076 ], [ -6.775855885360377, 12.311516808092168 ], [ -6.766296872042793, 12.32041859376325 ], [ -6.764499734160103, 12.325239145830015 ], [ -6.766595480664197, 12.326637814819312 ], [ -6.766519415375773, 12.335616976018011 ], [ -6.765102683158378, 12.336986870190856 ], [ -6.754207899719874, 12.337588080912244 ], [ -6.751374289542227, 12.340327704051974 ], [ -6.749981059421013, 12.338934715457768 ], [ -6.748927294183131, 12.338926014559183 ], [ -6.740783291132773, 12.346456783706353 ], [ -6.738672749698857, 12.346784641510505 ], [ -6.738303686902437, 12.348853796811099 ], [ -6.735469798446887, 12.351593202449614 ], [ -6.734746453914887, 12.354004768828121 ], [ -6.731558216926506, 12.357086536295702 ], [ -6.732248858796726, 12.358473765061532 ], [ -6.732168438980324, 12.367798036534433 ], [ -6.735303261433904, 12.370932477264656 ], [ -6.735252649958536, 12.376803322295258 ], [ -6.733481238633814, 12.378515396496592 ], [ -6.733457390478001, 12.381278142459387 ], [ -6.7309713747705, 12.38436569907854 ], [ -6.730950474668463, 12.386783096685161 ], [ -6.730241872400527, 12.387467910463636 ], [ -6.730170155037204, 12.395756122414676 ], [ -6.727329614652445, 12.39918601476478 ], [ -6.72201465219428, 12.404321919992574 ], [ -6.718852634848036, 12.404295343115114 ], [ -6.71743526352317, 12.405664873910869 ], [ -6.712513549569054, 12.405968766216354 ], [ -6.705438457125393, 12.411434775695097 ], [ -6.698762993411336, 12.41137818614791 ], [ -6.697699867948777, 12.412405236970448 ], [ -6.695940128073787, 12.412735642837401 ], [ -6.694198630417105, 12.410994038725992 ], [ -6.691397064302286, 12.409934119402584 ], [ -6.687514083583916, 12.411973168998374 ], [ -6.681541361876586, 12.411922147051623 ], [ -6.680478178575662, 12.412949117871859 ], [ -6.676964813923117, 12.412919027389346 ], [ -6.675901611178834, 12.41394597716126 ], [ -6.675889348977453, 12.415327290188655 ], [ -6.672699669929871, 12.418408100745406 ], [ -6.672329899072142, 12.420477045914517 ], [ -6.677242606410902, 12.421209926958705 ], [ -6.67793917139324, 12.421906609091653 ], [ -6.677569430636874, 12.423975568328121 ], [ -6.679310867632005, 12.425717273604533 ], [ -6.679283289102545, 12.428825233459802 ], [ -6.673976065086968, 12.432923930986721 ], [ -6.673960700216951, 12.434650567465129 ], [ -6.673251823475216, 12.435335179929202 ], [ -6.673165706498608, 12.445004338036517 ], [ -6.655099716357347, 12.461079673906688 ], [ -6.650522253552308, 12.462075932432356 ], [ -6.633153454397983, 12.478500755401917 ], [ -6.62715741904187, 12.480865463347637 ], [ -6.620778313100639, 12.486680045987807 ], [ -6.618669788954787, 12.486661424959742 ], [ -6.615123940995542, 12.490083466561995 ], [ -6.611951619059258, 12.491091387047923 ], [ -6.608405626934651, 12.494513312107262 ], [ -6.606999914831373, 12.49450082773591 ], [ -6.604872266151227, 12.496553939064832 ], [ -6.603418796731089, 12.501721055980509 ], [ -6.600227172261532, 12.504800645947626 ], [ -6.599853403510719, 12.507214661619658 ], [ -6.595955574919978, 12.51063321512153 ], [ -6.595945985774074, 12.511669132471752 ], [ -6.593105596286274, 12.514751738535063 ], [ -6.592341837117795, 12.521306239294416 ], [ -6.590923172136971, 12.52267486244701 ], [ -6.590634235365401, 12.553752212805758 ], [ -6.589924796419505, 12.554436503085347 ], [ -6.589902283226444, 12.556853625721647 ], [ -6.591634108193409, 12.559631847358977 ], [ -6.591050839827465, 12.584490514229639 ], [ -6.588564213686475, 12.587230764356113 ], [ -6.588161022996246, 12.592752425429284 ], [ -6.5856775072825, 12.595147326061602 ], [ -6.585293616142571, 12.598597161579049 ], [ -6.583871184037206, 12.60031095563458 ], [ -6.583471059758734, 12.605487282554197 ], [ -6.57956484319347, 12.609595863612572 ] ] } },
{ "type": "Feature", "properties": { "OBJECTID": 165, "arcid": 165, "from_node": 183, "to_node": 177, "Shape_Leng": 61980.175130399999, "HydroID": 366, "GridID": 164, "NextDownID": 360, "DrainID": 164 }, "geometry": { "type": "LineString", "coordinates": [ [ -9.709370611793478, 12.300298704835253 ], [ -9.706383292454914, 12.300306436817229 ], [ -9.705326179372857, 12.299272384490653 ], [ -9.706027230225789, 12.298579389353112 ], [ -9.705322492987449, 12.297890020945161 ], [ -9.703212895828978, 12.29754985797525 ], [ -9.702161310368487, 12.298589340610691 ], [ -9.699349729007656, 12.298596543580043 ], [ -9.69724650992239, 12.300675476505631 ], [ -9.693735628648088, 12.302066780746046 ], [ -9.691280880494183, 12.304146562648828 ], [ -9.68741396847315, 12.30381071776646 ], [ -9.684960047564802, 12.306236038357717 ], [ -9.681796915627624, 12.30624394559733 ], [ -9.678979028059446, 12.303831794045154 ], [ -9.675465348573489, 12.304186091974058 ], [ -9.67301042894009, 12.306265718143548 ], [ -9.667387068637888, 12.306279504391776 ], [ -9.661059915221569, 12.305949281779782 ], [ -9.658949430027114, 12.305263183842861 ], [ -9.657540153961294, 12.303884191931591 ], [ -9.655431406769901, 12.303889255033635 ], [ -9.654374466248109, 12.302854997184491 ], [ -9.645237429452543, 12.303222307341397 ], [ -9.643482663601418, 12.304263233958801 ], [ -9.640319529545705, 12.304270660118455 ], [ -9.639263479140318, 12.303581936463964 ], [ -9.638923715536256, 12.308421095717543 ], [ -9.625250100810161, 12.322622239106472 ], [ -9.625262382902747, 12.327806178763714 ], [ -9.62456430740977, 12.329881364137213 ], [ -9.626677380160373, 12.331604507173159 ], [ -9.627739274352837, 12.334712444401896 ], [ -9.628796248831614, 12.335746801802156 ], [ -9.628811912508302, 12.342313114676516 ], [ -9.629516585223632, 12.34300268251067 ], [ -9.629184058609889, 12.350952182767484 ], [ -9.6302411077481, 12.351986530810779 ], [ -9.630599253293955, 12.35475047657115 ], [ -9.630644822478901, 12.373758181950453 ], [ -9.616965086893872, 12.386922242569307 ], [ -9.617319095950322, 12.387958228435075 ], [ -9.620483249938699, 12.387951020452658 ], [ -9.622245207371844, 12.389674973227814 ], [ -9.622951638262517, 12.391055740007895 ], [ -9.62190182201226, 12.393131723245657 ], [ -9.616638688828601, 12.397636480758415 ], [ -9.608552211236566, 12.397654727510012 ], [ -9.605738722373617, 12.397315422457002 ], [ -9.602568890252737, 12.394903294302535 ], [ -9.596942773584296, 12.394570123041934 ], [ -9.595533304878739, 12.393190825854106 ], [ -9.593775398645825, 12.393194675011593 ], [ -9.592013593665053, 12.391470531295479 ], [ -9.590609611050967, 12.39251038207474 ], [ -9.58674145063662, 12.392173168008814 ], [ -9.585689023897983, 12.393212234593733 ], [ -9.583580301200477, 12.3935623734637 ], [ -9.580767641455168, 12.393568403041744 ], [ -9.579710602668367, 12.392533864587447 ], [ -9.57865585918878, 12.392536113879277 ], [ -9.573738252223103, 12.394620141706246 ], [ -9.573039612689891, 12.396695211692306 ], [ -9.569178150512858, 12.399468128138667 ], [ -9.567769540782905, 12.398434280508686 ], [ -9.561793990067203, 12.399137911351753 ], [ -9.555474861083944, 12.403643714603843 ], [ -9.556183189396254, 12.4060614623021 ], [ -9.555840384101083, 12.410209360908373 ], [ -9.557954436998946, 12.412278617631396 ], [ -9.557957381169386, 12.41366100993239 ], [ -9.556904752887514, 12.414699972017658 ], [ -9.555497569909871, 12.414357259189615 ], [ -9.555154015981978, 12.418159558359005 ], [ -9.554101358803894, 12.419198510459626 ], [ -9.554111599662265, 12.424036882250098 ], [ -9.549547728774332, 12.427502173101056 ], [ -9.544624906499307, 12.427512115632119 ], [ -9.541456657601966, 12.42579046771341 ], [ -9.539698516140344, 12.425793975897614 ], [ -9.538641497680459, 12.424759278453756 ], [ -9.535476853479116, 12.424765551575431 ], [ -9.533715194552739, 12.423041025808761 ], [ -9.532308694225364, 12.423043792476426 ], [ -9.530547066447916, 12.421319243667227 ], [ -9.530544265127203, 12.419936845824935 ], [ -9.529135686470369, 12.418902797323549 ], [ -9.523158148951433, 12.418914400421373 ], [ -9.521755112691141, 12.420645111039867 ], [ -9.519997000154053, 12.420648489994161 ], [ -9.516138010518484, 12.425148684136412 ], [ -9.513325656807535, 12.425499629565973 ], [ -9.511213180672801, 12.42412121717344 ], [ -9.509104086454373, 12.424470789903085 ], [ -9.50804383495506, 12.421707965825279 ], [ -9.508390090832259, 12.418942501805951 ], [ -9.505924071540436, 12.416527901628395 ], [ -9.50416731287476, 12.417222378371607 ], [ -9.502407892499596, 12.416534440612649 ], [ -9.501355023752856, 12.417573196177306 ], [ -9.501007371830475, 12.419647452557944 ], [ -9.49538010564912, 12.418966591212472 ], [ -9.494673598459668, 12.417239868418063 ], [ -9.492914850916634, 12.416897469468966 ], [ -9.490448987820406, 12.414482721967445 ], [ -9.489746402524872, 12.414829594655751 ], [ -9.48904187963611, 12.414139660701734 ], [ -9.489391558047425, 12.413102220499418 ], [ -9.484813539615272, 12.409308809142251 ], [ -9.484106491193904, 12.40723645193907 ], [ -9.479534973357671, 12.406898967585377 ], [ -9.478478261486829, 12.405864022833216 ], [ -9.476017026740356, 12.405868352077562 ], [ -9.475315070253945, 12.406560789990516 ], [ -9.47319981936826, 12.403454052721596 ], [ -9.471088966313916, 12.402766516553196 ], [ -9.468271835883845, 12.400352162640763 ], [ -9.464756467546422, 12.400703808751562 ], [ -9.462299541432584, 12.4031272358026 ], [ -9.459837720547755, 12.402785813988446 ], [ -9.45455470779914, 12.397610641515294 ], [ -9.451390352026563, 12.39761592111355 ], [ -9.450333785962062, 12.396580860786026 ], [ -9.449979228443608, 12.394853422552258 ], [ -9.446810196143071, 12.3920938127019 ], [ -9.443645902610429, 12.392098999767068 ], [ -9.440487990385906, 12.395905800846641 ], [ -9.440489731247697, 12.396942615195247 ], [ -9.437681585702171, 12.399712001449721 ], [ -9.43662794077988, 12.400404909279642 ], [ -9.433813999898735, 12.399718209955548 ], [ -9.42995264422596, 12.403526018356894 ], [ -9.428194623064535, 12.403528798022695 ], [ -9.42222514252974, 12.408376636542853 ], [ -9.414489150104824, 12.408042959942602 ], [ -9.411319769826065, 12.404937325773567 ], [ -9.410965996079774, 12.403555436079952 ], [ -9.407098340217216, 12.40356126572625 ], [ -9.405689779901884, 12.402180947519941 ], [ -9.404284965207626, 12.403219864020487 ], [ -9.399011416291355, 12.403573276874617 ], [ -9.393734216226825, 12.401507341152501 ], [ -9.387052736174777, 12.40082573585271 ], [ -9.385644293255423, 12.399445310589899 ], [ -9.378963379247311, 12.399109111864741 ], [ -9.375090832276474, 12.395658408886749 ], [ -9.372277573783007, 12.395316672378417 ], [ -9.37086923676342, 12.393936166789647 ], [ -9.366649627474979, 12.393596287275164 ], [ -9.364542466612974, 12.395327166913491 ], [ -9.364544387509333, 12.39670959873698 ], [ -9.363139909518599, 12.398093914374552 ], [ -9.363141344957205, 12.399130738432715 ], [ -9.364550151582613, 12.400856891554053 ], [ -9.364553514919857, 12.403276145488814 ], [ -9.362798829290837, 12.405697755416078 ], [ -9.362095609688442, 12.405698694795785 ], [ -9.357530807886794, 12.410197658184018 ], [ -9.356124812435242, 12.410545116161471 ], [ -9.356129510153442, 12.414001194348186 ], [ -9.354725833469484, 12.416076684553147 ] ] } },
{ "type": "Feature", "properties": { "OBJECTID": 166, "arcid": 166, "from_node": 184, "to_node": 130, "Shape_Leng": 94777.950824600004, "HydroID": 367, "GridID": 122, "NextDownID": 314, "DrainID": 122 }, "geometry": { "type": "LineString", "coordinates": [ [ -7.767612596356636, 12.290667333234428 ], [ -7.76673011631791, 12.291527218561253 ], [ -7.764621820751782, 12.291517708849108 ], [ -7.763922284282626, 12.290823461431957 ], [ -7.752326724155996, 12.290770841134091 ], [ -7.748443570573676, 12.294554072414135 ], [ -7.745632497962878, 12.294541198254361 ], [ -7.744583265846577, 12.293499761370569 ], [ -7.741420826795198, 12.293485232521954 ], [ -7.739322413861449, 12.2914023261254 ], [ -7.729833543850161, 12.291703986928939 ], [ -7.72771530781845, 12.293767383681358 ], [ -7.72420150644338, 12.293751021317462 ], [ -7.721024053284725, 12.296846033694781 ], [ -7.715052218412908, 12.296472508041637 ], [ -7.711518197191953, 12.30060233303945 ], [ -7.708707099844827, 12.300589073116219 ], [ -7.708323634114823, 12.3071524614806 ], [ -7.700905260133412, 12.315064624260188 ], [ -7.700881459590559, 12.319902009328562 ], [ -7.695594925928543, 12.32298662030342 ], [ -7.695922433416326, 12.327825671916173 ], [ -7.691335103477649, 12.331604586026652 ], [ -7.68921109292712, 12.334704193285882 ], [ -7.689199067081953, 12.337122870348574 ], [ -7.676128377898134, 12.350535470391589 ], [ -7.675749119419927, 12.356062131695111 ], [ -7.673631676414628, 12.357779482266977 ], [ -7.673622967936469, 12.359507095891246 ], [ -7.672916561891452, 12.360194715014744 ], [ -7.673248853507341, 12.363997176452713 ], [ -7.670431884301169, 12.365020019823762 ], [ -7.670423149542883, 12.366747630280781 ], [ -7.669363495673898, 12.367779040863482 ], [ -7.670410918672099, 12.369166284180967 ], [ -7.670386449191558, 12.374003590658017 ], [ -7.666504398883261, 12.37709434999296 ], [ -7.665086176909309, 12.379506097174847 ], [ -7.665077396440856, 12.381233702024325 ], [ -7.662957912974851, 12.383296458037833 ], [ -7.662949115732713, 12.385024060900811 ], [ -7.663998320647631, 12.386065810323684 ], [ -7.663986010883254, 12.388484454446234 ], [ -7.667131944465296, 12.391955204582574 ], [ -7.665367400463984, 12.393328655772081 ], [ -7.663961383575984, 12.393321741365732 ], [ -7.662212670959214, 12.391585486838974 ], [ -7.660442814939058, 12.393995463102026 ], [ -7.660437522115491, 12.395032022420311 ], [ -7.659024433694705, 12.396407160624531 ], [ -7.659352979354809, 12.400900652225065 ], [ -7.660402224407016, 12.401942418512174 ], [ -7.660396927917476, 12.402978978111783 ], [ -7.656510767669412, 12.406760569977136 ], [ -7.655442020988443, 12.409519495539922 ], [ -7.65367552015388, 12.411238368916919 ], [ -7.653299122698682, 12.416073881008515 ], [ -7.650112168258938, 12.420549876323696 ], [ -7.650083653761312, 12.426078159215649 ], [ -7.649023663693738, 12.427109453113705 ], [ -7.649011173427557, 12.429528075018593 ], [ -7.650410244910898, 12.430917157561604 ], [ -7.650401329896045, 12.432644745446947 ], [ -7.648279497675572, 12.435052842343415 ], [ -7.646171940623103, 12.43469678380964 ], [ -7.645122639789902, 12.433654956246366 ], [ -7.643712833857997, 12.434338947333165 ], [ -7.643694908929334, 12.437794112408881 ], [ -7.644742425856631, 12.439181461824212 ], [ -7.637319972016972, 12.446745722898717 ], [ -7.634857162826165, 12.44707882709791 ], [ -7.633108342399655, 12.445342374195212 ], [ -7.626428530582281, 12.44530853357586 ], [ -7.625018619130996, 12.445992414987034 ], [ -7.62431912006414, 12.445297812814273 ], [ -7.620102129966963, 12.444930809297245 ], [ -7.619741434906484, 12.446656578512645 ], [ -7.61655534970437, 12.450786557885552 ], [ -7.616546196024209, 12.4525141187396 ], [ -7.618294936582325, 12.454250671389529 ], [ -7.618287620858287, 12.455632720033291 ], [ -7.621785189981506, 12.45910579978467 ], [ -7.621422650297838, 12.461177081067074 ], [ -7.62000715495759, 12.462897462766296 ], [ -7.619640935430477, 12.465659764150869 ], [ -7.620314872799271, 12.471191554044337 ], [ -7.617844495958055, 12.472906521878947 ], [ -7.618188772756844, 12.474290369731278 ], [ -7.615011463104659, 12.476692727996983 ], [ -7.615002279540169, 12.478420283509367 ], [ -7.611114292038122, 12.482201017892802 ], [ -7.611101392612371, 12.484619591457859 ], [ -7.608262580297907, 12.489442229196287 ], [ -7.608225619850171, 12.496352426226217 ], [ -7.612772918261963, 12.500867635252982 ], [ -7.608878983559165, 12.505684821022269 ], [ -7.608862339146112, 12.508794406897275 ], [ -7.60673946202588, 12.51120205901114 ], [ -7.606706102353453, 12.517421221800253 ], [ -7.605292027406793, 12.518795968082117 ], [ -7.605279034720753, 12.521214529083313 ], [ -7.598561907309264, 12.527744439119799 ], [ -7.596803529186044, 12.527735265864065 ], [ -7.593625341945354, 12.530137272343314 ], [ -7.59186507580185, 12.530473571402352 ], [ -7.589384537121012, 12.533915721570651 ], [ -7.585156808111917, 12.535275553428939 ], [ -7.582326335710698, 12.538370265199291 ], [ -7.577752505265643, 12.53869159861852 ], [ -7.575281199605874, 12.540406070038673 ], [ -7.570005866119644, 12.54037803118387 ], [ -7.568237880551719, 12.542096175272849 ], [ -7.568222607837272, 12.544860195671117 ], [ -7.56927196750079, 12.545902328347497 ], [ -7.568895455844812, 12.550391986900715 ], [ -7.563944807269092, 12.555202706387812 ], [ -7.562186269365895, 12.555193286477522 ], [ -7.55050834167529, 12.567914303871241 ], [ -7.545939834567823, 12.567198537727723 ], [ -7.543464165251593, 12.56960365584543 ], [ -7.544505722665419, 12.572027876920689 ], [ -7.542737346714778, 12.573745806838673 ], [ -7.542344688462411, 12.580999345684273 ], [ -7.535270720658695, 12.587870881704999 ], [ -7.535968338743697, 12.588911221350468 ], [ -7.537375335287257, 12.588918915923641 ], [ -7.544719223078229, 12.596560140600124 ], [ -7.544699731079555, 12.600015115812765 ], [ -7.545749183430219, 12.601057351487114 ], [ -7.545725800268777, 12.60520332286803 ], [ -7.547824761081568, 12.607287785831792 ], [ -7.547820868035865, 12.607978782074262 ], [ -7.545706307948887, 12.608658297403023 ], [ -7.54216508019615, 12.612785089542172 ], [ -7.54215139428253, 12.615203566871614 ], [ -7.554053946249498, 12.625633544615232 ], [ -7.560382527533576, 12.626358780236753 ], [ -7.563556480287287, 12.624993845154135 ], [ -7.566367054646492, 12.625699979445187 ], [ -7.566705388955644, 12.628120370550441 ], [ -7.56775311864038, 12.629508038945957 ], [ -7.567743501668201, 12.631235540478825 ], [ -7.566328552986602, 12.6326099810504 ], [ -7.566313145941839, 12.635373980479052 ], [ -7.571913445328113, 12.640586695706231 ], [ -7.571905767256299, 12.641968698506995 ], [ -7.574351309845635, 12.645091390899177 ], [ -7.576402940993217, 12.655813208719513 ], [ -7.573572810033135, 12.658562147687523 ], [ -7.573567049804329, 12.659598649385062 ], [ -7.572505729735963, 12.660629491023711 ], [ -7.572492276092508, 12.663047992146335 ], [ -7.572834523991725, 12.664777380392309 ], [ -7.575287941568891, 12.666518082261842 ], [ -7.575282184534582, 12.66755458321405 ], [ -7.576680048830811, 12.669289620442669 ], [ -7.577722230953531, 12.671713771826958 ], [ -7.57770306351885, 12.675168777905116 ], [ -7.578751022199577, 12.676556426082394 ], [ -7.575578383302448, 12.677575977447161 ], [ -7.572746053874252, 12.680670376304951 ], [ -7.574495844132156, 12.682407318854576 ], [ -7.57444968823589, 12.690699314097438 ], [ -7.573388229567588, 12.691730144473619 ], [ -7.573691983356698, 12.700369520591574 ], [ -7.576134180885202, 12.704183244944282 ], [ -7.57610531931928, 12.709365737936341 ], [ -7.577147617109452, 12.711789901271279 ], [ -7.582047715117072, 12.716653296334094 ], [ -7.58203620829209, 12.718726297356662 ], [ -7.584486344808092, 12.721157969485491 ], [ -7.583761390150015, 12.724954710976617 ], [ -7.581995918408719, 12.725981797854351 ], [ -7.581638215275952, 12.727016412794667 ], [ -7.582328672798769, 12.729438680577609 ], [ -7.581957523951093, 12.732891794653394 ], [ -7.58615990848296, 12.736714884914409 ], [ -7.585798370022503, 12.738440505873577 ], [ -7.584736731660048, 12.739471361056522 ], [ -7.584725225357831, 12.741544360936468 ], [ -7.583663569742025, 12.742575210670012 ], [ -7.581194031442918, 12.743598507408313 ], [ -7.574823833992084, 12.749783423934456 ], [ -7.572358068275098, 12.750115631012751 ], [ -7.57197122600342, 12.756332688657029 ], [ -7.570909456176139, 12.757363474080865 ], [ -7.571257564485286, 12.758056371895275 ], [ -7.568426130185755, 12.760805108980136 ], [ -7.568406697335397, 12.764260078744941 ], [ -7.567698818756853, 12.764947255694482 ], [ -7.568039148396414, 12.767022144993421 ], [ -7.56732736916531, 12.768400312869758 ], [ -7.571874280566402, 12.773607558136433 ], [ -7.567617093612768, 12.779458111105349 ], [ -7.567922375527554, 12.787751932734903 ], [ -7.564382574484746, 12.791187748016213 ], [ -7.558384315397363, 12.793573553210507 ], [ -7.553428281064847, 12.798383464662116 ], [ -7.554445031073724, 12.805299135337547 ], [ -7.557245706823175, 12.808078532646174 ], [ -7.556887753483877, 12.809113084875287 ], [ -7.557934094893271, 12.810846342497014 ], [ -7.556171838634708, 12.81118218761643 ], [ -7.554063432333477, 12.810479606823773 ], [ -7.552645344239145, 12.812199334032025 ], [ -7.553345518460442, 12.812894191986551 ], [ -7.559332509138001, 12.81258152350734 ], [ -7.562479501219159, 12.81639928844255 ], [ -7.564584071454123, 12.817792799669126 ], [ -7.564912655006852, 12.82194065819971 ], [ -7.567361542357474, 12.824718053784423 ], [ -7.566993822197429, 12.827480095838713 ], [ -7.570864780650382, 12.827846671199763 ], [ -7.571561149879689, 12.829232479910466 ], [ -7.570847226314693, 12.83095613085113 ], [ -7.57154360213636, 12.832341940183202 ], [ -7.571528000264458, 12.835105905238409 ], [ -7.563032628705001, 12.843006199893727 ], [ -7.562289125593797, 12.849912222183423 ], [ -7.559810554329092, 12.852317164432224 ], [ -7.559804646521711, 12.853353643800521 ], [ -7.557676164229507, 12.856105984347145 ], [ -7.557668272956583, 12.857487956022213 ] ] } },
{ "type": "Feature", "properties": { "OBJECTID": 167, "arcid": 167, "from_node": 185, "to_node": 186, "Shape_Leng": 765.16577020600005, "HydroID": 368, "GridID": 175, "NextDownID": 370, "DrainID": 175 }, "geometry": { "type": "LineString", "coordinates": [ [ -9.121358113809213, 12.280281924650231 ], [ -9.124344050914914, 12.277342840663509 ], [ -9.127155610438747, 12.277341550265314 ] ] } },
{ "type": "Feature", "properties": { "OBJECTID": 168, "arcid": 168, "from_node": 187, "to_node": 173, "Shape_Leng": 26051.799090199998, "HydroID": 369, "GridID": 168, "NextDownID": 356, "DrainID": 168 }, "geometry": { "type": "LineString", "coordinates": [ [ -7.088472247633007, 12.266212672203354 ], [ -7.088392513360731, 12.277266256396718 ], [ -7.091182590609267, 12.280049254561204 ], [ -7.097505159577711, 12.280093255312378 ], [ -7.10099293509802, 12.283571904853076 ], [ -7.10345175599474, 12.283588950330627 ], [ -7.128564260854636, 12.308979527869262 ], [ -7.129549650915246, 12.318658832047051 ], [ -7.128132154180523, 12.320376358035285 ], [ -7.123542968620838, 12.32345387650752 ], [ -7.123518399157419, 12.326908179189623 ], [ -7.121734729407439, 12.330695819972034 ], [ -7.121687967795964, 12.337258983252058 ], [ -7.124825408843783, 12.340735049962504 ], [ -7.124771305061612, 12.348334509383545 ], [ -7.1258179820108, 12.349378053952776 ], [ -7.126112770160677, 12.357325361472823 ], [ -7.128555113336649, 12.359760293343134 ], [ -7.12854528290187, 12.361142015015911 ], [ -7.13272001431498, 12.367043304625238 ], [ -7.132702838123489, 12.369461321259205 ], [ -7.134447482225924, 12.371200534283139 ], [ -7.134418052147089, 12.375345707567142 ], [ -7.138256403351234, 12.379171955467767 ], [ -7.138593107329587, 12.381246953347063 ], [ -7.145569829638177, 12.388549098828591 ], [ -7.14554785788494, 12.391657994903268 ], [ -7.147287846552508, 12.394088022038309 ], [ -7.144093322031899, 12.398557041366503 ], [ -7.142346002768481, 12.397163290496342 ], [ -7.139529746590007, 12.397834897468632 ], [ -7.135669042511939, 12.397117508157429 ], [ -7.132820798924787, 12.402279635724467 ], [ -7.129635795357859, 12.405366714702364 ], [ -7.12855437186771, 12.409159162734092 ], [ -7.126430951793343, 12.411217173904006 ], [ -7.124668830545451, 12.411895881556561 ], [ -7.124651515785492, 12.414313879056889 ], [ -7.122525544665468, 12.416717276064354 ], [ -7.123918935089289, 12.418454151269536 ], [ -7.123871884995649, 12.425017280545489 ], [ -7.122448718977103, 12.427425530772748 ], [ -7.122314722889332, 12.446078596773891 ] ] } },
{ "type": "Feature", "properties": { "OBJECTID": 169, "arcid": 169, "from_node": 186, "to_node": 180, "Shape_Leng": 27530.797702600001, "HydroID": 370, "GridID": 174, "NextDownID": 363, "DrainID": 174 }, "geometry": { "type": "LineString", "coordinates": [ [ -9.127155610438747, 12.277341550265314 ], [ -9.129265123182485, 12.279068647848691 ], [ -9.136294066245858, 12.279065241040442 ], [ -9.137347869611045, 12.278027864243569 ], [ -9.138753652769681, 12.278027155891662 ], [ -9.140160166265737, 12.279408908010307 ], [ -9.142971560298172, 12.279061837528374 ], [ -9.147189691184959, 12.280442071233358 ], [ -9.14894596358242, 12.278713037761708 ], [ -9.150702999344817, 12.278366460216791 ], [ -9.154567291022554, 12.275599373374977 ], [ -9.158784804447739, 12.275942578561056 ], [ -9.161244481882823, 12.275249909087883 ], [ -9.163706067732422, 12.27766776599961 ], [ -9.163004666859143, 12.280087500252931 ], [ -9.164762981067909, 12.281814531064349 ], [ -9.166872118246905, 12.282504486788033 ], [ -9.169334265107834, 12.285613522429845 ], [ -9.170740086403015, 12.285612649422696 ], [ -9.172496236055032, 12.283883467073425 ], [ -9.174956406077756, 12.283881906381215 ], [ -9.178819587297093, 12.279732016741741 ], [ -9.181279717917947, 12.279730399781032 ], [ -9.181982137241269, 12.279038700901426 ], [ -9.192525773090944, 12.279377110859345 ], [ -9.200954460002569, 12.271421888908593 ], [ -9.202007450246599, 12.269693035057408 ], [ -9.203763820972481, 12.268654886409557 ], [ -9.206575277019555, 12.268652782504114 ], [ -9.210795758077767, 12.272796961395349 ], [ -9.211149673375317, 12.275907231138866 ], [ -9.215018614916611, 12.279705995162066 ], [ -9.216072953846414, 12.279705165562399 ], [ -9.217831322929099, 12.281086234597215 ], [ -9.221345804298192, 12.281083417086617 ], [ -9.224154464719309, 12.277624979126985 ], [ -9.226614568844345, 12.277622955373836 ], [ -9.229076465470103, 12.279694600180239 ], [ -9.235051048421164, 12.279689538862614 ], [ -9.245954534538777, 12.28901156608689 ], [ -9.249820898907133, 12.289353679361474 ], [ -9.254042379106883, 12.29349716669458 ], [ -9.256151161704215, 12.293495200876599 ], [ -9.258613434269863, 12.295566570555541 ], [ -9.264237240227065, 12.295906811048191 ], [ -9.271624782145699, 12.302466238865913 ], [ -9.284628613467097, 12.301761786709474 ], [ -9.287443409767874, 12.304523748649302 ], [ -9.28920079623331, 12.30452189546987 ], [ -9.292367151031815, 12.307283432367436 ], [ -9.300803083856813, 12.307619892385043 ], [ -9.303616520693296, 12.308999233048896 ], [ -9.311006202554683, 12.316248783847454 ], [ -9.310315405531076, 12.326617933635712 ], [ -9.311723062559457, 12.327998777920513 ], [ -9.311734908998213, 12.338021506872929 ] ] } },
{ "type": "Feature", "properties": { "OBJECTID": 170, "arcid": 170, "from_node": 189, "to_node": 180, "Shape_Leng": 10842.3416354, "HydroID": 371, "GridID": 171, "NextDownID": 363, "DrainID": 171 }, "geometry": { "type": "LineString", "coordinates": [ [ -9.348891680601065, 12.258831469449655 ], [ -9.34924355092982, 12.259176634136301 ], [ -9.345733901305941, 12.262637205182575 ], [ -9.344679641997805, 12.262638532004141 ], [ -9.340818906288995, 12.266445094594966 ], [ -9.334495868299239, 12.268526557235854 ], [ -9.327474988295378, 12.274756065144249 ], [ -9.324667729584366, 12.278215533427826 ], [ -9.323657799237271, 12.314506027426306 ], [ -9.321200314250023, 12.316928211357785 ], [ -9.32120367740278, 12.319693102441143 ], [ -9.318395039431378, 12.322461286493199 ], [ -9.317702441600343, 12.331102388390757 ], [ -9.311734908998213, 12.338021506872929 ] ] } },
{ "type": "Feature", "properties": { "OBJECTID": 171, "arcid": 171, "from_node": 190, "to_node": 149, "Shape_Leng": 57656.147042500001, "HydroID": 372, "GridID": 143, "NextDownID": 331, "DrainID": 143 }, "geometry": { "type": "LineString", "coordinates": [ [ -6.448504198941218, 12.240975471925196 ], [ -6.464294828801717, 12.241812374880515 ], [ -6.478228774413842, 12.253336010005434 ], [ -6.480335205886176, 12.253355366595748 ], [ -6.484863144922899, 12.257195368112573 ], [ -6.489732497244546, 12.262074388666228 ], [ -6.489716150986112, 12.263800811730919 ], [ -6.495977041138734, 12.270073766930691 ], [ -6.497358605361278, 12.272503604204577 ], [ -6.497660774088931, 12.277686108190723 ], [ -6.499400015442986, 12.279428579863829 ], [ -6.500755562758052, 12.284620709631151 ], [ -6.502494865832588, 12.286363174509471 ], [ -6.502377476591279, 12.298793513117921 ], [ -6.501668672238495, 12.299477669151308 ], [ -6.501652352495214, 12.301204103342801 ], [ -6.499873779827929, 12.303605052724084 ], [ -6.500022197440935, 12.325015999039046 ], [ -6.503153331816705, 12.328152521047759 ], [ -6.503127171820677, 12.330914812458497 ], [ -6.512875556023056, 12.339982180499948 ], [ -6.51284621110239, 12.343089778584497 ], [ -6.510719428031973, 12.345142262449427 ], [ -6.510000696497568, 12.346862282278552 ], [ -6.510319242961864, 12.350318371006516 ], [ -6.508202182842807, 12.351334957890996 ], [ -6.504654070810431, 12.355100941593914 ], [ -6.505215621529509, 12.369954685599829 ], [ -6.506607451466785, 12.371348718914524 ], [ -6.506446765709872, 12.38826773618576 ], [ -6.525232342533783, 12.407777545318121 ], [ -6.528361369428549, 12.411259296394551 ], [ -6.528699629263289, 12.412643664299214 ], [ -6.536353443062027, 12.420655765693235 ], [ -6.537739186186908, 12.422740303132066 ], [ -6.537703431798328, 12.426538526877584 ], [ -6.539791852940262, 12.428629451395885 ], [ -6.539765859873449, 12.431391799382554 ], [ -6.543246665374147, 12.434876657890884 ], [ -6.543536316059666, 12.441440438687037 ], [ -6.544922201737404, 12.443524967897611 ], [ -6.54474027425267, 12.462861445312498 ], [ -6.546132752490363, 12.464255400163067 ], [ -6.546451623869229, 12.467711536689198 ], [ -6.546223852917118, 12.491882113398518 ], [ -6.549344235295907, 12.496399727189328 ], [ -6.549305176118402, 12.500543258469484 ], [ -6.555224125728816, 12.506467597004955 ], [ -6.555194878604345, 12.509575256544354 ], [ -6.556239436550069, 12.510620722257471 ], [ -6.556916322730646, 12.513389472704032 ], [ -6.557222276202527, 12.5182268065711 ], [ -6.558953529738312, 12.521005134683916 ], [ -6.559230257851437, 12.528950136917066 ], [ -6.560971330654112, 12.530692578408006 ], [ -6.561996502282764, 12.533809819388697 ], [ -6.561957524577407, 12.53795337848134 ], [ -6.567181024264769, 12.543180667865764 ], [ -6.568463719782963, 12.556314728421508 ], [ -6.569505250710836, 12.55770548167445 ], [ -6.569830803595576, 12.560471051996382 ], [ -6.569769145605107, 12.567031711805337 ], [ -6.57603492603987, 12.573649719158116 ], [ -6.576025207194037, 12.574685617288587 ], [ -6.57707007844388, 12.575731060211695 ], [ -6.577057123110157, 12.577112258247062 ], [ -6.575289738704535, 12.57813224090302 ], [ -6.572096728276994, 12.581211247887719 ], [ -6.572086987614206, 12.582247141496625 ], [ -6.56002702538637, 12.593533162549591 ], [ -6.559659141091256, 12.59525642597062 ], [ -6.552917402175684, 12.601755932426796 ], [ -6.552552728736623, 12.603133882816104 ], [ -6.549713979481896, 12.605870438700338 ], [ -6.549674573002858, 12.610013936526423 ], [ -6.550371145264855, 12.610710971160215 ], [ -6.547890427456974, 12.612760130394843 ], [ -6.547847680610328, 12.617248911106755 ], [ -6.541098419493416, 12.624438525819196 ], [ -6.541360888052479, 12.633764565108654 ], [ -6.539228153399254, 12.636162117249491 ], [ -6.538136963006874, 12.639950542479115 ], [ -6.53953016937749, 12.641344684664709 ], [ -6.53940776158686, 12.654120335914673 ], [ -6.544284295044738, 12.658999841144254 ], [ -6.544971044678432, 12.660732774918282 ], [ -6.544208256854347, 12.666941481073044 ] ] } },
{ "type": "Feature", "properties": { "OBJECTID": 172, "arcid": 172, "from_node": 191, "to_node": 178, "Shape_Leng": 14897.811310200001, "HydroID": 373, "GridID": 169, "NextDownID": 361, "DrainID": 169 }, "geometry": { "type": "LineString", "coordinates": [ [ -8.139014931006425, 12.24802609734445 ], [ -8.13965829556947, 12.266343998266738 ], [ -8.141758815237717, 12.268769659409781 ], [ -8.142781704072775, 12.278449171726878 ], [ -8.144881226642887, 12.28122039404621 ], [ -8.144505251917227, 12.288822033308364 ], [ -8.141686035415072, 12.291232282277241 ], [ -8.139577488507603, 12.291225661266816 ], [ -8.138167289147372, 12.292603551398464 ], [ -8.138162786808831, 12.293985863515379 ], [ -8.136752565798441, 12.295363744610077 ], [ -8.135346847301946, 12.295359305601236 ], [ -8.134288035855102, 12.296738282029672 ], [ -8.133578380912679, 12.298809522735933 ], [ -8.13356366073719, 12.303302030914205 ], [ -8.131448210658769, 12.305368804594343 ], [ -8.130730548859901, 12.309859073220702 ], [ -8.129320201357, 12.311236905223046 ], [ -8.129306532709425, 12.315383827577566 ], [ -8.125425644694415, 12.319863970969795 ], [ -8.125414195290396, 12.323319733305924 ], [ -8.126457154040976, 12.326778872379258 ], [ -8.12641594478437, 12.339219611066367 ], [ -8.119360803490057, 12.346799652817419 ], [ -8.11900005996362, 12.349563116649103 ], [ -8.116178780595321, 12.352318606912844 ], [ -8.116169499370333, 12.355083203578424 ], [ -8.109816658523894, 12.362665222392071 ] ] } },
{ "type": "Feature", "properties": { "OBJECTID": 173, "arcid": 173, "from_node": 192, "to_node": 186, "Shape_Leng": 9869.9230788799996, "HydroID": 374, "GridID": 176, "NextDownID": 370, "DrainID": 176 }, "geometry": { "type": "LineString", "coordinates": [ [ -9.057560587820898, 12.236582056140676 ], [ -9.062481126925912, 12.241074024541302 ], [ -9.068103841738726, 12.242455162099276 ], [ -9.078297376886686, 12.252475379041561 ], [ -9.092705407852788, 12.252816509348493 ], [ -9.095517456458783, 12.254889253682828 ], [ -9.096923119089023, 12.254888760882269 ], [ -9.101141554319101, 12.258689035386876 ], [ -9.102195815520144, 12.258688644739275 ], [ -9.107820790263347, 12.264216375543112 ], [ -9.10782219526928, 12.267672551761342 ], [ -9.108525626428932, 12.269054743954735 ], [ -9.111689844046532, 12.272164031002177 ], [ -9.113447035605535, 12.272163309341721 ], [ -9.114501797804586, 12.273199722516788 ], [ -9.11485428567496, 12.275618896387707 ], [ -9.115909068123011, 12.276655303713934 ], [ -9.123640838685313, 12.276651923912972 ], [ -9.127155610438747, 12.277341550265314 ] ] } },
{ "type": "Feature", "properties": { "OBJECTID": 174, "arcid": 174, "from_node": 193, "to_node": 173, "Shape_Leng": 43894.299278799997, "HydroID": 375, "GridID": 163, "NextDownID": 356, "DrainID": 163 }, "geometry": { "type": "LineString", "coordinates": [ [ -7.347643796414747, 12.220911243981735 ], [ -7.345183081069327, 12.221241939867635 ], [ -7.343769584926461, 12.222615380583884 ], [ -7.342013457892944, 12.222604800744964 ], [ -7.336005904657187, 12.228441779587142 ], [ -7.334598814645665, 12.228778745086158 ], [ -7.334223778783658, 12.232576810027508 ], [ -7.327860232582701, 12.239102366783978 ], [ -7.327491592577102, 12.241863993890968 ], [ -7.323627865955892, 12.241840438431979 ], [ -7.309138784540327, 12.255570851304215 ], [ -7.307729327587343, 12.256253121864319 ], [ -7.304919220648152, 12.256235773839354 ], [ -7.291133201762912, 12.26962387185015 ], [ -7.291126519967727, 12.270660261734278 ], [ -7.288651948171728, 12.273063157834228 ], [ -7.287231187812963, 12.275472616219224 ], [ -7.287213318882235, 12.278236316466128 ], [ -7.287909197547476, 12.279277097625645 ], [ -7.287880160550491, 12.283768110924553 ], [ -7.288578286945536, 12.284463428893568 ], [ -7.288567119724435, 12.286190742045356 ], [ -7.29065483939692, 12.289313078744106 ], [ -7.290636985445469, 12.292076781168101 ], [ -7.28957636167272, 12.293106581859263 ], [ -7.289562958903459, 12.295179357212822 ], [ -7.282494101507148, 12.301699093144284 ], [ -7.282091131437291, 12.30964248619367 ], [ -7.285226188728372, 12.313807884409744 ], [ -7.285219458947926, 12.314844267743055 ], [ -7.282039444535293, 12.317588081671392 ], [ -7.282014712001827, 12.321388147878453 ], [ -7.279539530409363, 12.323790878972714 ], [ -7.279510242449462, 12.328281857908006 ], [ -7.278798516095939, 12.32965926417284 ], [ -7.2749110075886, 12.333089442763328 ], [ -7.267537010134271, 12.33235175923428 ], [ -7.265768862938905, 12.334067880499818 ], [ -7.265406138444494, 12.335792931758123 ], [ -7.262225666950164, 12.338536449498477 ], [ -7.261856073143357, 12.341297860086334 ], [ -7.254778367848346, 12.348852964827195 ], [ -7.254054996288483, 12.351957553963906 ], [ -7.246634585544917, 12.358128305802225 ], [ -7.241363776642085, 12.358094305937108 ], [ -7.239965163351988, 12.357048867026036 ], [ -7.22907226058074, 12.356978227573752 ], [ -7.228025091456325, 12.355935019040141 ], [ -7.212918108046362, 12.355490818066285 ], [ -7.209078812504104, 12.351665514846166 ], [ -7.202402759247628, 12.351621533010896 ], [ -7.201341566079567, 12.352650907216729 ], [ -7.199936080167863, 12.35264162082375 ], [ -7.198167399286854, 12.354357223098344 ], [ -7.198153207925051, 12.356429887165483 ], [ -7.19567462482581, 12.359177145049845 ], [ -7.19633948125456, 12.364708897986336 ], [ -7.194931563493258, 12.365045019849966 ], [ -7.193882147489081, 12.364347138413436 ], [ -7.193174628845063, 12.365033357884842 ], [ -7.190714923709386, 12.36501701210015 ], [ -7.186118309119924, 12.369131893677498 ], [ -7.185403603626282, 12.370854411218843 ], [ -7.185372592021239, 12.375345145588364 ], [ -7.186417249884892, 12.376733945372882 ], [ -7.186742418808997, 12.380536142460818 ], [ -7.184251521630094, 12.385010446700484 ], [ -7.186345671241956, 12.387097177000168 ], [ -7.186321797329076, 12.390551586301648 ], [ -7.185611792413598, 12.391583212803621 ], [ -7.183135102419069, 12.393984845161448 ], [ -7.181040933909811, 12.391898086980429 ], [ -7.178210382646269, 12.394642752260834 ], [ -7.175750420758349, 12.394626232422084 ], [ -7.173622640363982, 12.397375560697718 ], [ -7.173966849977292, 12.398414240618976 ], [ -7.172539470862528, 12.401513719830429 ], [ -7.172876455201427, 12.403588714368771 ], [ -7.171817333938669, 12.404272486554435 ], [ -7.171116873852867, 12.403922311277485 ], [ -7.166873086407367, 12.407693650830527 ], [ -7.166861001551473, 12.40942083327665 ], [ -7.162968506010404, 12.413194465448914 ], [ -7.162961236552514, 12.414230772248484 ], [ -7.158390007055548, 12.414545204868933 ], [ -7.153081770484068, 12.419690843210066 ], [ -7.153777364626851, 12.420731934542621 ], [ -7.153413724584732, 12.422456707955268 ], [ -7.149869859796415, 12.426577921837644 ], [ -7.140019167039497, 12.427892235580838 ], [ -7.136838801567076, 12.430288501221959 ], [ -7.129762608255397, 12.436803180937808 ], [ -7.129393831368067, 12.439218751180878 ], [ -7.122314722889332, 12.446078596773891 ] ] } },
{ "type": "Feature", "properties": { "OBJECTID": 175, "arcid": 175, "from_node": 195, "to_node": 181, "Shape_Leng": 22199.274848900001, "HydroID": 376, "GridID": 173, "NextDownID": 364, "DrainID": 173 }, "geometry": { "type": "LineString", "coordinates": [ [ -6.071521186444516, 12.191128599424298 ], [ -6.071000568395496, 12.190605257667723 ], [ -6.06363233630851, 12.190526843542589 ], [ -6.060493558738875, 12.188767364402393 ], [ -6.058388378648412, 12.188744903534619 ], [ -6.05561195723573, 12.185953642290839 ], [ -6.046882553582553, 12.182063072554453 ], [ -6.044426602591723, 12.182036759714952 ], [ -6.043717255554138, 12.182719553378549 ], [ -6.038111325884969, 12.181968998027372 ], [ -6.036337923625569, 12.183675925872345 ], [ -6.034232829736276, 12.183653289965951 ], [ -6.033523457564262, 12.184336049350106 ], [ -6.030369660445731, 12.18395690234232 ], [ -6.027882969125857, 12.186691658003538 ], [ -6.024721469421362, 12.187002744387238 ], [ -6.022593255419341, 12.18905091819604 ], [ -6.021714145897829, 12.204920247923052 ], [ -6.020642223162726, 12.20663460432816 ], [ -6.020611328978449, 12.209395801862156 ], [ -6.018112658440839, 12.213165832119103 ], [ -6.018783493695781, 12.215934628993226 ], [ -6.016304072030165, 12.21797888163465 ], [ -6.01874095240729, 12.219731265755476 ], [ -6.020850165719516, 12.219408936877826 ], [ -6.021544220544895, 12.22010683881264 ], [ -6.021170136231211, 12.22217393409759 ], [ -6.022207363502502, 12.223565937623313 ], [ -6.022176441404369, 12.226327134818915 ], [ -6.024952751802535, 12.229118744051409 ], [ -6.024906386872581, 12.23326054787313 ], [ -6.025596617565506, 12.234303601069579 ], [ -6.024875467523973, 12.236021749933865 ], [ -6.026622315638937, 12.236731056014545 ], [ -6.02655275630571, 12.242943767702091 ], [ -6.02860421423058, 12.24779868740678 ], [ -6.02924424631943, 12.253328708691315 ], [ -6.033756278655819, 12.257865073957605 ], [ -6.033733110833063, 12.259935988792991 ], [ -6.035468559198414, 12.261680737554952 ], [ -6.033343535060746, 12.263383713834193 ], [ -6.032969397295211, 12.265450825853401 ], [ -6.034701003277938, 12.267540738413725 ], [ -6.034658504681016, 12.271337416085393 ], [ -6.036031461158636, 12.274113835638833 ], [ -6.036004415431221, 12.276529904908895 ], [ -6.037736101734879, 12.278619818958198 ], [ -6.0377013344357, 12.28172619718239 ], [ -6.035907776726953, 12.285158720166466 ], [ -6.031317892858961, 12.287525303253137 ], [ -6.031298522585027, 12.289251057335733 ], [ -6.026758980395639, 12.287130593116629 ], [ -6.02533176020629, 12.289186223706224 ], [ -6.025671099691063, 12.290225488976915 ], [ -6.024255502085208, 12.291245661237237 ], [ -6.024590953597113, 12.292630075946287 ], [ -6.019677113837369, 12.29257655808798 ], [ -6.018253700846281, 12.294286984016367 ], [ -6.017883242721671, 12.296008888601632 ] ] } },
{ "type": "Feature", "properties": { "OBJECTID": 176, "arcid": 176, "from_node": 197, "to_node": 189, "Shape_Leng": 31920.6308441, "HydroID": 377, "GridID": 179, "NextDownID": 371, "DrainID": 179 }, "geometry": { "type": "LineString", "coordinates": [ [ -9.555214079821257, 12.195764358046709 ], [ -9.553986966596618, 12.196976444454634 ], [ -9.548365794957627, 12.196987683379243 ], [ -9.54344374503264, 12.19526940169037 ], [ -9.541687838954958, 12.195618463698128 ], [ -9.541335114651705, 12.194927944216831 ], [ -9.539227187427935, 12.19493207482164 ], [ -9.538523150105933, 12.194242239134741 ], [ -9.537472669309917, 12.195972319163127 ], [ -9.538180893281373, 12.198735784843445 ], [ -9.536077102820471, 12.20081352047819 ], [ -9.53607918707945, 12.201850333850043 ], [ -9.533976048215882, 12.204273659194028 ], [ -9.533277528848272, 12.206348648126625 ], [ -9.531170885972148, 12.207043930080488 ], [ -9.527664350487926, 12.210506731812494 ], [ -9.525909002971364, 12.211201301805655 ], [ -9.524857695280367, 12.212585732086554 ], [ -9.525212447302145, 12.214313086855915 ], [ -9.524513155136288, 12.216042451225217 ], [ -9.518903003530918, 12.221928391912149 ], [ -9.517848928937584, 12.221930377798596 ], [ -9.516088789246872, 12.220205653250202 ], [ -9.51187251701699, 12.220213528350511 ], [ -9.510119046965988, 12.221944817583751 ], [ -9.504853255767683, 12.224373778723077 ], [ -9.500292695156727, 12.228183789046383 ], [ -9.498184491959927, 12.22818761611649 ], [ -9.496780957788037, 12.229226976283957 ], [ -9.494676600255907, 12.231304413614431 ], [ -9.494680456938543, 12.233378050160516 ], [ -9.4939789921863, 12.234070525717977 ], [ -9.496093047412607, 12.237177182046963 ], [ -9.496104658449465, 12.243398086753663 ], [ -9.495052426709552, 12.244436805473873 ], [ -9.494706829777554, 12.247547890747853 ], [ -9.489445484190131, 12.252741424069207 ], [ -9.488747137374681, 12.255161917158084 ], [ -9.484886116019394, 12.257588015520362 ], [ -9.482426894969743, 12.257937957249014 ], [ -9.481019386037284, 12.256903606967199 ], [ -9.478562034366821, 12.25829033240786 ], [ -9.476801267603667, 12.256219753021343 ], [ -9.475395644753172, 12.256222191635244 ], [ -9.473289675416737, 12.257608262640153 ], [ -9.469073394414181, 12.257961110337661 ], [ -9.468371797947242, 12.258653524180495 ], [ -9.463803476295444, 12.258661284547109 ], [ -9.463101862873318, 12.259353686349217 ], [ -9.455369643303847, 12.258675411561603 ], [ -9.454317188920959, 12.2597139819989 ], [ -9.442368617135751, 12.259387899472767 ], [ -9.441666944858451, 12.260080247547643 ], [ -9.433233041116951, 12.26009369566084 ], [ -9.430777639783114, 12.26286243682048 ], [ -9.428319955088078, 12.264248723695577 ], [ -9.425157741456323, 12.26459925342045 ], [ -9.424105142031095, 12.265637711417343 ], [ -9.417077269920135, 12.265994099934256 ], [ -9.416722047860629, 12.26357537108302 ], [ -9.410035485469216, 12.257364465605201 ], [ -9.406169971011273, 12.257370214569992 ], [ -9.404064665909633, 12.259446985915194 ], [ -9.403364990850333, 12.261521677572546 ], [ -9.400550531589989, 12.259452138894497 ], [ -9.399848746429466, 12.260144383575774 ], [ -9.395984218138311, 12.260841210069726 ], [ -9.393176991228877, 12.263610134313165 ], [ -9.391068475131428, 12.263613148836152 ], [ -9.387901152677827, 12.260507147660281 ], [ -9.387196304972338, 12.25912569854939 ], [ -9.387545195045403, 12.257397150918921 ], [ -9.381562260280951, 12.2511845289217 ], [ -9.381207383625402, 12.248765740865929 ], [ -9.379799806851013, 12.247385245217343 ], [ -9.376987638692439, 12.246697895900095 ], [ -9.374178891969114, 12.248429796917206 ], [ -9.36644665884271, 12.247403388510081 ], [ -9.364340635211436, 12.249134251241344 ], [ -9.360474750664402, 12.248793741536137 ], [ -9.355204658702108, 12.249491834368202 ], [ -9.351344264060637, 12.253298540332596 ], [ -9.351346093541546, 12.254680988513851 ], [ -9.348889863267146, 12.257449022225924 ], [ -9.348891680601065, 12.258831469449655 ] ] } },
{ "type": "Feature", "properties": { "OBJECTID": 177, "arcid": 177, "from_node": 198, "to_node": 181, "Shape_Leng": 28013.768240900001, "HydroID": 378, "GridID": 172, "NextDownID": 364, "DrainID": 172 }, "geometry": { "type": "LineString", "coordinates": [ [ -5.821567890580188, 12.172655427168948 ], [ -5.834011904005266, 12.173488774047122 ], [ -5.854822337231847, 12.193745083019181 ], [ -5.857624696945169, 12.1941222084307 ], [ -5.889875083402505, 12.226587451257444 ], [ -5.891278515502602, 12.226603332608047 ], [ -5.902724162625391, 12.238122747150095 ], [ -5.902691961474578, 12.240883634009959 ], [ -5.906160560734209, 12.244374324921655 ], [ -5.90612033151355, 12.247825443772408 ], [ -5.907511832655295, 12.248876605535958 ], [ -5.91206542231542, 12.249618221388543 ], [ -5.922129310971428, 12.259395861335003 ], [ -5.922117290527704, 12.260431211979416 ], [ -5.923158013270823, 12.261478383053554 ], [ -5.924210759551805, 12.261490200457194 ], [ -5.925275515246009, 12.26046666108633 ], [ -5.927381004159611, 12.260490273684283 ], [ -5.930156353098726, 12.263282686181842 ], [ -5.932612794471184, 12.26331019515484 ], [ -5.935400208313836, 12.265067211985087 ], [ -5.939962228900107, 12.265118202693852 ], [ -5.942055835412993, 12.266177080080482 ], [ -5.947670691015775, 12.266239696425581 ], [ -5.950470186037087, 12.266961212819043 ], [ -5.95188582359645, 12.265941457368267 ], [ -5.953640477590978, 12.265960974026891 ], [ -5.957114119257887, 12.269106124240015 ], [ -5.961309527777571, 12.270533393971082 ], [ -5.964089355286993, 12.272980440220826 ], [ -5.96619897390813, 12.272658647810838 ], [ -5.969680772646934, 12.275113429858774 ], [ -5.970733618019628, 12.275125081436101 ], [ -5.975575932589807, 12.281391805129507 ], [ -5.987847772423494, 12.282562705648251 ], [ -5.989582961035871, 12.284307706581187 ], [ -5.993092638120651, 12.284346303026718 ], [ -5.997619980213099, 12.287502675231533 ], [ -6.000045480665075, 12.290290760580673 ], [ -6.001453309077274, 12.289961016938703 ], [ -6.00737308115325, 12.294168094145839 ], [ -6.010539765418851, 12.293512366766789 ], [ -6.01684195332302, 12.294961960742011 ], [ -6.017883242721671, 12.296008888601632 ] ] } },
{ "type": "Feature", "properties": { "OBJECTID": 178, "arcid": 178, "from_node": 188, "to_node": 191, "Shape_Leng": 38472.759057900003, "HydroID": 379, "GridID": 182, "NextDownID": 373, "DrainID": 182 }, "geometry": { "type": "LineString", "coordinates": [ [ -8.405153645817213, 12.262382889868386 ], [ -8.40111519826352, 12.261164498603279 ], [ -8.399712705267099, 12.259779029833846 ], [ -8.39795569058932, 12.259775179740105 ], [ -8.393745961254057, 12.25665550364246 ], [ -8.391645489881476, 12.253194848365226 ], [ -8.39023912134466, 12.253537328188962 ], [ -8.389187323379048, 12.252498188389353 ], [ -8.389189708352744, 12.251461391542458 ], [ -8.378673033689862, 12.240724188685851 ], [ -8.378683534454449, 12.236231408967488 ], [ -8.377635894082749, 12.233464236484405 ], [ -8.377648831166178, 12.227934659832563 ], [ -8.378356394388909, 12.225862656844214 ], [ -8.371696117062081, 12.219281119093784 ], [ -8.370300533004732, 12.215130726605056 ], [ -8.367498821605466, 12.21132270093659 ], [ -8.360820937286359, 12.212344080297171 ], [ -8.358367398635572, 12.209919175881216 ], [ -8.356960392524241, 12.210607094061491 ], [ -8.352042541334791, 12.210249967301579 ], [ -8.348187161845505, 12.206439278207638 ], [ -8.34607918706735, 12.20643428225231 ], [ -8.342217980080823, 12.205042693601783 ], [ -8.334507768557865, 12.197421011233523 ], [ -8.326091896085604, 12.19117980064496 ], [ -8.310987482398584, 12.190451284631406 ], [ -8.308875175488646, 12.192173983984075 ], [ -8.3064223098418, 12.189748647842297 ], [ -8.30501709295495, 12.189745110706557 ], [ -8.300439271700174, 12.193880695358082 ], [ -8.297985563082397, 12.191800881615173 ], [ -8.295526420046167, 12.191794610677661 ], [ -8.294825634520945, 12.191101627779128 ], [ -8.293065447455827, 12.19247950469434 ], [ -8.289201995731958, 12.192123977892209 ], [ -8.286028221500521, 12.196608519235713 ], [ -8.283569968643652, 12.196256546587504 ], [ -8.281810622493317, 12.197288753547255 ], [ -8.280054061417065, 12.197284171494641 ], [ -8.279002927774595, 12.196244640113635 ], [ -8.272328973110731, 12.195881510509309 ], [ -8.270568645223673, 12.197259235035705 ], [ -8.265999699416991, 12.197938295588937 ], [ -8.262830251769699, 12.200694586536093 ], [ -8.261426905786854, 12.199999642382464 ], [ -8.256506582845118, 12.200677598725518 ], [ -8.250515777793231, 12.207227630663315 ], [ -8.248758190454435, 12.207568435912719 ], [ -8.247348993712817, 12.208946957509266 ], [ -8.247332396667412, 12.21482198019336 ], [ -8.240287017253406, 12.221368865741351 ], [ -8.236070931982665, 12.221357192386957 ], [ -8.235366265461025, 12.222046417854447 ], [ -8.233611550531181, 12.221350353102022 ], [ -8.218854279090634, 12.221654442715842 ], [ -8.217092500658385, 12.223377384044429 ], [ -8.212877427815023, 12.22301976703916 ], [ -8.211118676553884, 12.223705907663316 ], [ -8.190740932756755, 12.223646716881708 ], [ -8.186864585379857, 12.22743674719605 ], [ -8.178416324591678, 12.232595436542447 ], [ -8.17349742457011, 12.23258069205567 ], [ -8.172792575566254, 12.233269743808362 ], [ -8.164010993431798, 12.232552007782143 ], [ -8.160134151083433, 12.236341625061183 ], [ -8.158377383520117, 12.236336250833673 ], [ -8.157672487322413, 12.237025261332203 ], [ -8.156953337977729, 12.242206824534517 ], [ -8.154838577366169, 12.24427383234506 ], [ -8.148864294306522, 12.244600967556241 ], [ -8.14674945559487, 12.246667907311675 ], [ -8.142182816592435, 12.246308097156659 ], [ -8.139014931006425, 12.24802609734445 ] ] } },
{ "type": "Feature", "properties": { "OBJECTID": 179, "arcid": 179, "from_node": 199, "to_node": 193, "Shape_Leng": 7318.6523037200004, "HydroID": 380, "GridID": 187, "NextDownID": 375, "DrainID": 187 }, "geometry": { "type": "LineString", "coordinates": [ [ -7.349723750574261, 12.168582216741706 ], [ -7.350371683099042, 12.177396060042378 ], [ -7.347892145103694, 12.18083611554729 ], [ -7.348588078764988, 12.181876747771149 ], [ -7.348200569391137, 12.187747732657282 ], [ -7.342902834710841, 12.192552778575154 ], [ -7.341502386064263, 12.19185338319981 ], [ -7.340442385831518, 12.192883465820183 ], [ -7.340418743135833, 12.196683681387869 ], [ -7.34146587052923, 12.197726445780965 ], [ -7.341429336060425, 12.203599506660741 ], [ -7.34352365599916, 12.205685031829512 ], [ -7.343861976942718, 12.207759990488105 ], [ -7.351190275073411, 12.215404710601593 ], [ -7.351173159976389, 12.218168514900229 ], [ -7.347643796414747, 12.220911243981735 ] ] } },
{ "type": "Feature", "properties": { "OBJECTID": 180, "arcid": 180, "from_node": 200, "to_node": 190, "Shape_Leng": 19935.342347900001, "HydroID": 381, "GridID": 181, "NextDownID": 372, "DrainID": 181 }, "geometry": { "type": "LineString", "coordinates": [ [ -6.320014629462103, 12.153778328546341 ], [ -6.322986888274881, 12.154842956691493 ], [ -6.328250377334486, 12.154893890067648 ], [ -6.329660870647599, 12.154216968954064 ], [ -6.333162988632611, 12.154941337698412 ], [ -6.334900300449493, 12.156684486516411 ], [ -6.337707538295648, 12.156711546534135 ], [ -6.33840247788696, 12.157408798376732 ], [ -6.339431156477531, 12.159835658654433 ], [ -6.341516021507239, 12.161927406456357 ], [ -6.342049562267757, 12.178851238171884 ], [ -6.344134569564072, 12.180942998778168 ], [ -6.345153045442282, 12.184405604305979 ], [ -6.367395480799081, 12.206717127108819 ], [ -6.369470668727905, 12.209844537134829 ], [ -6.369790958321382, 12.212955171262886 ], [ -6.386468925272002, 12.230378587367376 ], [ -6.39097791307119, 12.235946088375766 ], [ -6.393084061235967, 12.235966086549611 ], [ -6.394126979272096, 12.237011857207278 ], [ -6.39833254678604, 12.237742314202642 ], [ -6.403952396573271, 12.23745020149561 ], [ -6.40464771112161, 12.238147362037662 ], [ -6.407806996279319, 12.238177201420468 ], [ -6.415195489632464, 12.236520359953639 ], [ -6.42151408336393, 12.236579752181006 ], [ -6.423252511465597, 12.238322561044388 ], [ -6.437638438709865, 12.239147772013206 ], [ -6.441132231270992, 12.240906866593981 ], [ -6.448504198941218, 12.240975471925196 ] ] } },
{ "type": "Feature", "properties": { "OBJECTID": 181, "arcid": 181, "from_node": 202, "to_node": 191, "Shape_Leng": 13623.951545800001, "HydroID": 382, "GridID": 183, "NextDownID": 373, "DrainID": 183 }, "geometry": { "type": "LineString", "coordinates": [ [ -8.12702825671297, 12.152952911783244 ], [ -8.13087956489951, 12.156766469922863 ], [ -8.131933303784059, 12.156769779947254 ], [ -8.132983683741054, 12.15780982884907 ], [ -8.132980325113051, 12.158846572569486 ], [ -8.134030717004094, 12.159886618169617 ], [ -8.134020650595575, 12.162996848589719 ], [ -8.134718689182042, 12.164381372707309 ], [ -8.13260554773051, 12.166102670370133 ], [ -8.133654845054629, 12.167488299468808 ], [ -8.132595459448925, 12.169212897312342 ], [ -8.132589853647872, 12.170940801265465 ], [ -8.133632447375698, 12.174399915874071 ], [ -8.136083514413194, 12.176826685966326 ], [ -8.135725534603608, 12.178899071683427 ], [ -8.13466835030313, 12.17993251191051 ], [ -8.13464819537249, 12.186152963181625 ], [ -8.133943382786896, 12.186841919256944 ], [ -8.133935534924998, 12.189260982151678 ], [ -8.139534993262512, 12.195844608966812 ], [ -8.141641670621809, 12.196196760537962 ], [ -8.142346491091205, 12.19550778557203 ], [ -8.143046866879416, 12.196201132239684 ], [ -8.145145801787882, 12.198972325809695 ], [ -8.145138047484991, 12.201391393727857 ], [ -8.148287659537361, 12.205202579092942 ], [ -8.148627932172433, 12.208659477398671 ], [ -8.153182961391975, 12.212474955604753 ], [ -8.149659820723064, 12.215574358366913 ], [ -8.150707183579224, 12.217651099703163 ], [ -8.150698365141166, 12.220415748861827 ], [ -8.143648388474519, 12.22765115967356 ], [ -8.143626136344645, 12.234562764202581 ], [ -8.139738926260973, 12.241462289678452 ], [ -8.137270442146857, 12.244219211579189 ], [ -8.139014931006425, 12.24802609734445 ] ] } },
{ "type": "Feature", "properties": { "OBJECTID": 182, "arcid": 182, "from_node": 201, "to_node": 202, "Shape_Leng": 6812.3054442100001, "HydroID": 383, "GridID": 190, "NextDownID": 382, "DrainID": 190 }, "geometry": { "type": "LineString", "coordinates": [ [ -8.073786396147128, 12.161246447248036 ], [ -8.074311471752891, 12.161766575560156 ], [ -8.0764201484356, 12.1614280500532 ], [ -8.077120258078963, 12.16212154752373 ], [ -8.085550218922751, 12.162149566235071 ], [ -8.088003070867646, 12.163885573767379 ], [ -8.097489200996273, 12.163225552844057 ], [ -8.098545283761702, 12.162537835792762 ], [ -8.105570302218684, 12.162560658836936 ], [ -8.106976460574193, 12.162219623610971 ], [ -8.109090871124174, 12.160152952048184 ], [ -8.110847114067175, 12.160158606448901 ], [ -8.111556494845637, 12.158087391525722 ], [ -8.11261252502551, 12.157399616517159 ], [ -8.115769165759559, 12.158792062176314 ], [ -8.124222852484191, 12.151561707910391 ], [ -8.12702825671297, 12.152952911783244 ] ] } },
{ "type": "Feature", "properties": { "OBJECTID": 183, "arcid": 183, "from_node": 203, "to_node": 204, "Shape_Leng": 2888.4469722899998, "HydroID": 384, "GridID": 191, "NextDownID": 385, "DrainID": 191 }, "geometry": { "type": "LineString", "coordinates": [ [ -7.52633958336248, 12.141939716133351 ], [ -7.524420622913275, 12.139683638229524 ], [ -7.52020495361048, 12.140006651665033 ], [ -7.519157240493208, 12.138964503294595 ], [ -7.511082831472892, 12.138575682890542 ], [ -7.508987502518005, 12.136491322460067 ], [ -7.504773820662361, 12.13646860168522 ], [ -7.503023909763452, 12.13542260700723 ] ] } },
{ "type": "Feature", "properties": { "OBJECTID": 184, "arcid": 184, "from_node": 204, "to_node": 193, "Shape_Leng": 23279.4622065, "HydroID": 385, "GridID": 186, "NextDownID": 375, "DrainID": 186 }, "geometry": { "type": "LineString", "coordinates": [ [ -7.503023909763452, 12.13542260700723 ], [ -7.500197410057364, 12.13851692896286 ], [ -7.500183875973068, 12.140935444440412 ], [ -7.498765747762877, 12.143346344062241 ], [ -7.498738639753555, 12.148183369711546 ], [ -7.496973173902879, 12.149901343205261 ], [ -7.494513140052604, 12.150233476985573 ], [ -7.491688322033184, 12.152982178354822 ], [ -7.491651326152128, 12.159546686100647 ], [ -7.48988378611854, 12.161610099540013 ], [ -7.489872083003249, 12.163683099645754 ], [ -7.484221987279909, 12.169180319324711 ], [ -7.480011767748397, 12.168466164296406 ], [ -7.478246046409427, 12.170183986486551 ], [ -7.471216537623625, 12.171181687776318 ], [ -7.463097687203291, 12.178392259109302 ], [ -7.460960696383022, 12.183562940848885 ], [ -7.457095565543545, 12.183886858158779 ], [ -7.456397172084258, 12.183191941335563 ], [ -7.454641206701682, 12.183182111683706 ], [ -7.452530045883948, 12.183861287962191 ], [ -7.446910959367381, 12.183829713335502 ], [ -7.441655177272326, 12.181727058212806 ], [ -7.437440915979286, 12.181703225991694 ], [ -7.434617236324778, 12.184105735562408 ], [ -7.434601029907444, 12.186869659729892 ], [ -7.435993660835193, 12.188950571511585 ], [ -7.435287215397073, 12.189637568740082 ], [ -7.431424040322738, 12.189615621853223 ], [ -7.427891713650925, 12.193050514465964 ], [ -7.427175052870595, 12.195464931004288 ], [ -7.415870857150735, 12.206456156366022 ], [ -7.415862641930476, 12.207838102875295 ], [ -7.41480282005339, 12.208868499795683 ], [ -7.402857235175572, 12.209490464300041 ], [ -7.401797362012347, 12.210520803052029 ], [ -7.393719319937444, 12.210473792607672 ], [ -7.391956972663095, 12.211499989993188 ], [ -7.376852487549908, 12.211756841706041 ], [ -7.3726125527666, 12.215877710908551 ], [ -7.370498879557004, 12.216901677465396 ], [ -7.368391543226272, 12.216889190784736 ], [ -7.364858102222452, 12.220323121196913 ], [ -7.35994093875706, 12.220293851704835 ], [ -7.359234228868818, 12.220980617323796 ], [ -7.347643796414747, 12.220911243981735 ] ] } },
{ "type": "Feature", "properties": { "OBJECTID": 185, "arcid": 185, "from_node": 205, "to_node": 204, "Shape_Leng": 1442.7005716399999, "HydroID": 386, "GridID": 192, "NextDownID": 385, "DrainID": 192 }, "geometry": { "type": "LineString", "coordinates": [ [ -7.512370294742551, 12.12804440846689 ], [ -7.508308286524286, 12.132341496321239 ], [ -7.508302520942144, 12.133378006936541 ], [ -7.507243342516321, 12.13440884251929 ], [ -7.50408310785299, 12.134391790925429 ], [ -7.503023909763452, 12.13542260700723 ] ] } },
{ "type": "Feature", "properties": { "OBJECTID": 186, "arcid": 186, "from_node": 194, "to_node": 207, "Shape_Leng": 13687.1376731, "HydroID": 387, "GridID": 189, "NextDownID": 396, "DrainID": 189 }, "geometry": { "type": "LineString", "coordinates": [ [ -5.644220640318913, 12.188671994882364 ], [ -5.645463360777247, 12.187479357335944 ], [ -5.647927087296213, 12.186819182797962 ], [ -5.650732862858129, 12.186853297676119 ], [ -5.65142564347251, 12.187551874564701 ], [ -5.653538646868956, 12.186887384112978 ], [ -5.655270629431829, 12.188633812892165 ], [ -5.655625683054792, 12.188293042331704 ], [ -5.65636606632656, 12.185196300798966 ], [ -5.660271533617251, 12.181447751601331 ], [ -5.660314713593923, 12.177997453473663 ], [ -5.6596348750533, 12.176263810563462 ], [ -5.663895161911709, 12.172174375959123 ], [ -5.664319123171089, 12.166313082602569 ], [ -5.666094153787203, 12.16460910734347 ], [ -5.666150107604198, 12.1601236879363 ], [ -5.665119551247981, 12.158385824352687 ], [ -5.665222808938686, 12.150105053900353 ], [ -5.66453005272203, 12.149406526124675 ], [ -5.664641846403842, 12.140435690142398 ], [ -5.667849370723424, 12.136333331496274 ], [ -5.667575958970085, 12.130118505715316 ], [ -5.668640788689618, 12.129096066567921 ], [ -5.668653654405571, 12.128060965008812 ], [ -5.667623146669934, 12.126323135494026 ], [ -5.667110479252472, 12.111133213462507 ], [ -5.666071448522452, 12.110085463843779 ], [ -5.666088588054999, 12.108705329250757 ], [ -5.65985888360044, 12.102073767010955 ], [ -5.658486466570968, 12.099641658459729 ], [ -5.658520790898821, 12.096881409390255 ], [ -5.659948948701834, 12.094828102562678 ], [ -5.66000467423229, 12.090342688887558 ] ] } },
{ "type": "Feature", "properties": { "OBJECTID": 187, "arcid": 187, "from_node": 206, "to_node": 207, "Shape_Leng": 2065.95330208, "HydroID": 388, "GridID": 193, "NextDownID": 396, "DrainID": 193 }, "geometry": { "type": "LineString", "coordinates": [ [ -5.642645848388674, 12.090478400974042 ], [ -5.646322784182296, 12.090867919447028 ], [ -5.647707958411051, 12.092264965785242 ], [ -5.655771740305418, 12.092362227463068 ], [ -5.658940014642257, 12.091365128899325 ], [ -5.66000467423229, 12.090342688887558 ] ] } },
{ "type": "Feature", "properties": { "OBJECTID": 188, "arcid": 188, "from_node": 208, "to_node": 192, "Shape_Leng": 18617.132842499999, "HydroID": 389, "GridID": 184, "NextDownID": 374, "DrainID": 184 }, "geometry": { "type": "LineString", "coordinates": [ [ -9.053142388700202, 12.10680248183156 ], [ -9.051562191935973, 12.108358079683628 ], [ -9.051562523464089, 12.110086188858332 ], [ -9.049455552195479, 12.112160304072578 ], [ -9.049455997529657, 12.11457965717859 ], [ -9.050158847160622, 12.116653262075193 ], [ -9.051564049149338, 12.118035491912327 ], [ -9.051564447331051, 12.120109221452354 ], [ -9.053672155139502, 12.121491308639996 ], [ -9.054375195616238, 12.124256144520835 ], [ -9.054376035917151, 12.128403603053309 ], [ -9.052268943333246, 12.130477737407833 ], [ -9.05191815957081, 12.132897153264736 ], [ -9.051920234382978, 12.143611411309269 ], [ -9.051218224480786, 12.146376510662702 ], [ -9.052976160913373, 12.154325461235285 ], [ -9.054030220808208, 12.155362120339037 ], [ -9.054382699209732, 12.161237603445434 ], [ -9.055788517032687, 12.164347909541247 ], [ -9.057545222898572, 12.165384410641893 ], [ -9.06422162528469, 12.172640968499616 ], [ -9.064573600465511, 12.175405848616004 ], [ -9.063871226547336, 12.176442872318846 ], [ -9.075468047610189, 12.188882266970884 ], [ -9.075117108131904, 12.190264841558072 ], [ -9.071604916604333, 12.194413213377134 ], [ -9.067388884840408, 12.194414275995662 ], [ -9.06492928066352, 12.193378006259598 ], [ -9.063173016347747, 12.195106513412973 ], [ -9.062822737643675, 12.199599649889157 ], [ -9.061768949653731, 12.20063674663591 ], [ -9.061772393996941, 12.215498382279385 ], [ -9.059664675569115, 12.217572562822381 ], [ -9.055448348493181, 12.217919063618648 ], [ -9.050881435353666, 12.222412995631313 ], [ -9.05158505280526, 12.226905912970809 ], [ -9.053342293146269, 12.228633673084143 ], [ -9.051937376170708, 12.231744512326912 ], [ -9.057560587820898, 12.236582056140676 ] ] } },
{ "type": "Feature", "properties": { "OBJECTID": 189, "arcid": 189, "from_node": 209, "to_node": 187, "Shape_Leng": 27535.900371899999, "HydroID": 390, "GridID": 178, "NextDownID": 369, "DrainID": 178 }, "geometry": { "type": "LineString", "coordinates": [ [ -6.959998999505196, 12.094822182914596 ], [ -6.962960110651028, 12.097780001117176 ], [ -6.961543074022368, 12.099496710227232 ], [ -6.962546296080075, 12.106067085290627 ], [ -6.962169102986012, 12.109518529776992 ], [ -6.967041300037703, 12.1150810318741 ], [ -6.968767604617992, 12.118893330400196 ], [ -6.972249053539471, 12.122718471791007 ], [ -6.972573975621494, 12.126175079828057 ], [ -6.974323886649875, 12.126878725504417 ], [ -6.976411807658835, 12.129311949814991 ], [ -6.976047743667548, 12.131036408712191 ], [ -6.976744596340629, 12.131732347414609 ], [ -6.979552867468323, 12.131752848621815 ], [ -6.980946601558217, 12.133144711487038 ], [ -6.985861118267056, 12.133180499510591 ], [ -6.988651280136886, 12.135618761319813 ], [ -6.994923518196223, 12.141881943696236 ], [ -6.994915762723872, 12.142918169298998 ], [ -6.996658107860471, 12.14465792513773 ], [ -6.996632269800044, 12.148112011946186 ], [ -6.997331805975261, 12.148462504869237 ], [ -6.997321471837752, 12.149844140075945 ], [ -7.003955599875689, 12.154728099888159 ], [ -7.011266455302917, 12.163071103400345 ], [ -7.016155986129288, 12.166560561642775 ], [ -7.016145733376558, 12.167942210941327 ], [ -7.018933971854124, 12.170725673793722 ], [ -7.018923729841259, 12.172107325009904 ], [ -7.021712038306626, 12.174890770231773 ], [ -7.021673664642108, 12.180071967134031 ], [ -7.022719312735189, 12.181115756570508 ], [ -7.022703965106048, 12.183188236093198 ], [ -7.027232674986438, 12.188056712276472 ], [ -7.026474224932925, 12.195650790710175 ], [ -7.027865966787367, 12.197387914721018 ], [ -7.028545242154848, 12.200501665821633 ], [ -7.036562837874856, 12.208503898391735 ], [ -7.040756285214669, 12.211297247009091 ], [ -7.048479112435014, 12.211697542237664 ], [ -7.049524986127166, 12.212741262769166 ], [ -7.05338770126565, 12.21276860875742 ], [ -7.056176783050129, 12.215551817685688 ], [ -7.057932587499566, 12.215564214783845 ], [ -7.060724265199197, 12.218001968633152 ], [ -7.071597899702756, 12.219805597953387 ], [ -7.076479324145641, 12.224675944770743 ], [ -7.0778440935238, 12.23021254250818 ], [ -7.082023427756778, 12.235077918684095 ], [ -7.082003486548536, 12.237841311403699 ], [ -7.085839269335573, 12.241667929344855 ], [ -7.086178027990975, 12.243397501215581 ], [ -7.090708914701207, 12.248265242896561 ], [ -7.090315460235152, 12.254135031577109 ], [ -7.089608050185271, 12.254820991687426 ], [ -7.089590641960052, 12.257238967758537 ], [ -7.088529508858181, 12.258267902642517 ], [ -7.088472247633007, 12.266212672203354 ] ] } },
{ "type": "Feature", "properties": { "OBJECTID": 190, "arcid": 190, "from_node": 210, "to_node": 190, "Shape_Leng": 34400.993627700002, "HydroID": 391, "GridID": 185, "NextDownID": 372, "DrainID": 185 }, "geometry": { "type": "LineString", "coordinates": [ [ -6.578631768652208, 12.080708519997366 ], [ -6.576684881735288, 12.082590919661964 ], [ -6.576675556555724, 12.083626855455043 ], [ -6.578414400643969, 12.085368707284426 ], [ -6.578386435880212, 12.088476515978522 ], [ -6.577324462978816, 12.089503274047736 ], [ -6.577252924758326, 12.097445441931928 ], [ -6.570877574157327, 12.10395114218373 ], [ -6.57083386564482, 12.108785477789139 ], [ -6.569771773925231, 12.109812185610236 ], [ -6.569749901169027, 12.112229350633154 ], [ -6.57149508667607, 12.113280649453602 ], [ -6.571485717095335, 12.114316578061485 ], [ -6.572529091934252, 12.11536172667874 ], [ -6.572475999440655, 12.121231993123473 ], [ -6.571391973859705, 12.12467586401768 ], [ -6.571366961113744, 12.127438338546121 ], [ -6.569944463675915, 12.12949788101578 ], [ -6.569850539934687, 12.139857142859988 ], [ -6.566306568116286, 12.143624685116921 ], [ -6.566281462663182, 12.146387146306758 ], [ -6.565219179417499, 12.147413801406124 ], [ -6.564479568852553, 12.151551305170969 ], [ -6.554915304486301, 12.161136190384724 ], [ -6.547842071782567, 12.166944116623355 ], [ -6.543624014636269, 12.167597287010647 ], [ -6.541856431048419, 12.168962873643336 ], [ -6.533085211937537, 12.168539317745555 ], [ -6.53029656128704, 12.166442431267843 ], [ -6.526790050184753, 12.166065724494601 ], [ -6.499066980700607, 12.165470738005228 ], [ -6.498371520622471, 12.164773801459557 ], [ -6.496603785328424, 12.166139057042427 ], [ -6.495550900134378, 12.166129510517921 ], [ -6.494855449652081, 12.1654325675026 ], [ -6.491349092244455, 12.165055421606613 ], [ -6.488515470407434, 12.167792198198397 ], [ -6.487784332368582, 12.170893390141998 ], [ -6.484596387699701, 12.173972195625314 ], [ -6.478977642061428, 12.174266241928731 ], [ -6.471883123422655, 12.1821435180028 ], [ -6.471850417280567, 12.1855963353724 ], [ -6.467950316485468, 12.189704278312419 ], [ -6.467927372976471, 12.192121242145372 ], [ -6.470371191795687, 12.193524928142011 ], [ -6.473149672000839, 12.196658225755234 ], [ -6.472398568426962, 12.201831010304197 ], [ -6.469908770781288, 12.205261255985103 ], [ -6.46394497212209, 12.204861077562208 ], [ -6.462527802777893, 12.206229256085097 ], [ -6.459719764860504, 12.206203359876744 ], [ -6.454044295832896, 12.212366456648855 ], [ -6.451236211828532, 12.212340461111616 ], [ -6.449467931451101, 12.213705299876233 ], [ -6.442798732250095, 12.213643396279346 ], [ -6.440679399972725, 12.215004904233419 ], [ -6.439626367734007, 12.214995106056861 ], [ -6.435460810321325, 12.210122075849965 ], [ -6.433358123548567, 12.209757172687603 ], [ -6.431967433948054, 12.208362993856939 ], [ -6.429510439452597, 12.208340059722874 ], [ -6.428801775660809, 12.20902404280257 ], [ -6.427364420917821, 12.212463613940315 ], [ -6.433278230272682, 12.218043667347947 ], [ -6.435006668412918, 12.220822208265709 ], [ -6.434993353042716, 12.222203291323837 ], [ -6.43742720248725, 12.224643102669511 ], [ -6.438099313333244, 12.227757090262244 ], [ -6.439837825292474, 12.2294998052484 ], [ -6.439811223599467, 12.232261980866246 ], [ -6.44467921950926, 12.237141556216883 ], [ -6.444314893389731, 12.238519382331109 ], [ -6.448504198941218, 12.240975471925196 ] ] } },
{ "type": "Feature", "properties": { "OBJECTID": 191, "arcid": 191, "from_node": 211, "to_node": 189, "Shape_Leng": 26157.318066799999, "HydroID": 392, "GridID": 180, "NextDownID": 371, "DrainID": 180 }, "geometry": { "type": "LineString", "coordinates": [ [ -9.30246883377799, 12.071735354724023 ], [ -9.29387400478584, 12.079866602123538 ], [ -9.294231604675652, 12.085741739514614 ], [ -9.29282835084935, 12.08712569532792 ], [ -9.292833989865972, 12.092309965912214 ], [ -9.292133845485015, 12.094384413122087 ], [ -9.283013173429573, 12.104416787897318 ], [ -9.283366937105315, 12.106835755276007 ], [ -9.285477175772714, 12.109598538613815 ], [ -9.285479745849084, 12.112017862856485 ], [ -9.297082738946512, 12.123411065346895 ], [ -9.2970850340827, 12.125484767785844 ], [ -9.301303416768095, 12.128590769978059 ], [ -9.304465013356577, 12.128932931665194 ], [ -9.30447364413388, 12.136536496956886 ], [ -9.303771916111755, 12.137228501147611 ], [ -9.303775048966928, 12.139993433811604 ], [ -9.307643666603873, 12.144136562518613 ], [ -9.307998109807261, 12.146901101182744 ], [ -9.3125698447459, 12.151388988613315 ], [ -9.312572668732496, 12.153808299565203 ], [ -9.31397939970466, 12.155189171541844 ], [ -9.313983048204342, 12.158299712584119 ], [ -9.314686428437739, 12.158990144884774 ], [ -9.315746398412424, 12.164173177004351 ], [ -9.323836552900095, 12.172804204566395 ], [ -9.325249753581319, 12.179369235513143 ], [ -9.327361006018394, 12.182131660978021 ], [ -9.327366089828406, 12.186279035953079 ], [ -9.329477420246885, 12.189041441887204 ], [ -9.323863374770273, 12.194923544559421 ], [ -9.318953001252281, 12.201841568130579 ], [ -9.318609508738147, 12.208408647193139 ], [ -9.319664800434952, 12.209444268136531 ], [ -9.321421552220029, 12.209442223522757 ], [ -9.325994604340451, 12.213929836167901 ], [ -9.3274000294908, 12.213928168469682 ], [ -9.331270534186801, 12.218416522544759 ], [ -9.331271824087768, 12.219453362819332 ], [ -9.341474213354791, 12.229463687019132 ], [ -9.342190307883083, 12.239831196328701 ], [ -9.343245815867535, 12.240866719769466 ], [ -9.343248940534302, 12.243286007588766 ], [ -9.344656311401044, 12.244666696930464 ], [ -9.345011297980145, 12.247431155601797 ], [ -9.345714996857678, 12.248121496100753 ], [ -9.345722645752558, 12.253996903619592 ], [ -9.348891680601065, 12.258831469449655 ] ] } },
{ "type": "Feature", "properties": { "OBJECTID": 192, "arcid": 192, "from_node": 213, "to_node": 202, "Shape_Leng": 11649.566792699999, "HydroID": 393, "GridID": 195, "NextDownID": 382, "DrainID": 195 }, "geometry": { "type": "LineString", "coordinates": [ [ -8.104309486316618, 12.06665723901329 ], [ -8.105184434758321, 12.067524012354525 ], [ -8.107642324567337, 12.067531900549483 ], [ -8.110442223960655, 12.070305539394157 ], [ -8.111846748189949, 12.070310024085732 ], [ -8.115346723501148, 12.073777020211745 ], [ -8.115337649349273, 12.076541672076386 ], [ -8.116037661487416, 12.077235066878133 ], [ -8.115678581905874, 12.079653021173488 ], [ -8.117079759266479, 12.080694227975236 ], [ -8.118485471835557, 12.080353101422524 ], [ -8.1195355181978, 12.081393182764307 ], [ -8.119530999945882, 12.082775510029318 ], [ -8.123030106006816, 12.086588006389627 ], [ -8.123023352330867, 12.088661497961613 ], [ -8.126173663244435, 12.091781689573564 ], [ -8.126513606805343, 12.095238614864327 ], [ -8.125456742112988, 12.096272046188618 ], [ -8.125442136024311, 12.100764610517656 ], [ -8.126142234542721, 12.101457984852932 ], [ -8.126441736876394, 12.117355847598773 ], [ -8.128192098228102, 12.119089280962289 ], [ -8.12817414208512, 12.124618585255442 ], [ -8.13027464543765, 12.126698694561112 ], [ -8.130265684117115, 12.12946334700835 ], [ -8.132016145315545, 12.131196761828818 ], [ -8.132356178550562, 12.134653677941712 ], [ -8.132344995813819, 12.138109493122759 ], [ -8.130934507008069, 12.139832994693073 ], [ -8.131266686247795, 12.145708978590557 ], [ -8.128800198934979, 12.148120316734895 ], [ -8.128793454505324, 12.150193802331817 ], [ -8.127031636704187, 12.151916170171662 ], [ -8.12702825671297, 12.152952911783244 ] ] } },
{ "type": "Feature", "properties": { "OBJECTID": 193, "arcid": 193, "from_node": 215, "to_node": 187, "Shape_Leng": 34863.729718399998, "HydroID": 394, "GridID": 177, "NextDownID": 369, "DrainID": 177 }, "geometry": { "type": "LineString", "coordinates": [ [ -7.123293272281833, 12.03413749792854 ], [ -7.124861709833565, 12.035702582715386 ], [ -7.126614014117616, 12.036059807241019 ], [ -7.132933338147924, 12.035756705720766 ], [ -7.133630451102936, 12.036452280563998 ], [ -7.133613756008919, 12.038870356324546 ], [ -7.14581865345675, 12.050351834189753 ], [ -7.145441589459125, 12.054149354689365 ], [ -7.144367312964269, 12.057251314401112 ], [ -7.143307268331384, 12.058280621851315 ], [ -7.145045508406144, 12.060710400909972 ], [ -7.14502650530872, 12.063473929100802 ], [ -7.143259717172425, 12.065189435163662 ], [ -7.141504810173324, 12.065177725918177 ], [ -7.135499921294648, 12.070664856855439 ], [ -7.135473634087763, 12.074464684238169 ], [ -7.133353324616219, 12.076523192841202 ], [ -7.132978389430479, 12.079975220392091 ], [ -7.128737606126124, 12.084092157410806 ], [ -7.127660572451251, 12.087539438143578 ], [ -7.124126423482575, 12.090970130943688 ], [ -7.121996246533334, 12.094410260912182 ], [ -7.121580081259513, 12.103734645949579 ], [ -7.12401798511838, 12.106514750116844 ], [ -7.124008338900816, 12.107896493578293 ], [ -7.130629908245416, 12.114850244944057 ], [ -7.131981204570769, 12.122459321619012 ], [ -7.134068313688141, 12.125237008049407 ], [ -7.13405149569692, 12.127655069019482 ], [ -7.133344565222828, 12.128341213402452 ], [ -7.130889540483682, 12.127979208501236 ], [ -7.129475662054347, 12.129351477009914 ], [ -7.1277203503218, 12.129339619168489 ], [ -7.122781307898271, 12.132760707082481 ], [ -7.119972785682763, 12.132741656095739 ], [ -7.101941325115745, 12.15058192477137 ], [ -7.09982255902754, 12.152294608389303 ], [ -7.09806467284029, 12.152627969623264 ], [ -7.086755842335487, 12.162913280041487 ], [ -7.082888818897657, 12.163577362108855 ], [ -7.080767358147047, 12.16563529080217 ], [ -7.080745040544719, 12.16874412078629 ], [ -7.077911368957974, 12.172178835684033 ], [ -7.078187922695078, 12.182544024765617 ], [ -7.085158335374035, 12.189846800438101 ], [ -7.086894186026835, 12.192622397109689 ], [ -7.106066930678391, 12.212445247815518 ], [ -7.106663608065328, 12.227303548181157 ], [ -7.10593663518744, 12.230753001298556 ], [ -7.10487321443398, 12.232127454998249 ], [ -7.104831348699337, 12.237999743408174 ], [ -7.101287260731401, 12.242466055515564 ], [ -7.100908888376672, 12.246263332464402 ], [ -7.099140473779487, 12.247978315376887 ], [ -7.099128108850014, 12.249705451924198 ], [ -7.093115283737601, 12.255536277671027 ], [ -7.093100389120957, 12.257608831987996 ], [ -7.088855845842725, 12.261724598743394 ], [ -7.088472247633007, 12.266212672203354 ] ] } },
{ "type": "Feature", "properties": { "OBJECTID": 194, "arcid": 194, "from_node": 212, "to_node": 217, "Shape_Leng": 21725.288186400001, "HydroID": 395, "GridID": 196, "NextDownID": 401, "DrainID": 196 }, "geometry": { "type": "LineString", "coordinates": [ [ -5.776712582134494, 12.051860712713342 ], [ -5.772645706898879, 12.054747131192961 ], [ -5.768434464481106, 12.05504340471245 ], [ -5.764536561429416, 12.05844930886906 ], [ -5.733004423978735, 12.056355468912631 ], [ -5.725020678952969, 12.049704671048781 ], [ -5.713945306537558, 12.037840778448894 ], [ -5.713244205871304, 12.037832513801401 ], [ -5.705278351590642, 12.02980121288619 ], [ -5.705290968685512, 12.028766065415681 ], [ -5.701481390189302, 12.024924973877964 ], [ -5.700497150330776, 12.019391778221985 ], [ -5.695648845825055, 12.014503093031067 ], [ -5.68477875176048, 12.014719369850186 ], [ -5.684086186349804, 12.014020963492568 ], [ -5.673575210543986, 12.013550889920186 ], [ -5.671497641132597, 12.011455609125962 ], [ -5.669044135034306, 12.011426365201643 ], [ -5.663115414009225, 12.008940010286326 ], [ -5.660661951721094, 12.008910698870165 ], [ -5.656507147613452, 12.004720008297911 ], [ -5.654053740136252, 12.004690649080768 ], [ -5.652331157387597, 12.002254446025242 ], [ -5.638662437621814, 12.002090429383349 ], [ -5.636918618374275, 12.001379302022842 ], [ -5.634841474781448, 11.99928384693283 ], [ -5.630977706942282, 11.999927471838468 ], [ -5.627524515062954, 11.995744948863827 ], [ -5.627541683975146, 11.994364857735883 ], [ -5.62546467116902, 11.992269365835892 ], [ -5.619921828310562, 11.987026373462552 ], [ -5.617468673408524, 11.986996736539883 ] ] } },
{ "type": "Feature", "properties": { "OBJECTID": 195, "arcid": 195, "from_node": 207, "to_node": 217, "Shape_Leng": 19466.8842989, "HydroID": 396, "GridID": 194, "NextDownID": 401, "DrainID": 194 }, "geometry": { "type": "LineString", "coordinates": [ [ -5.66000467423229, 12.090342688887558 ], [ -5.667807661282432, 12.083189642057873 ], [ -5.67727798324561, 12.082957988511756 ], [ -5.679082060530728, 12.078838484494083 ], [ -5.680856292343503, 12.07713422946029 ], [ -5.687868115000192, 12.077217878504806 ], [ -5.688932624699796, 12.076195283875821 ], [ -5.689321398596872, 12.073094076158034 ], [ -5.690761906330111, 12.070005383716376 ], [ -5.690517265589173, 12.061375130966576 ], [ -5.692291299478844, 12.059670752867442 ], [ -5.692667265144795, 12.05760465413498 ], [ -5.694094920435749, 12.055551043632532 ], [ -5.69412029484144, 12.053480774950492 ], [ -5.692042299718401, 12.051385529791444 ], [ -5.692084598954909, 12.04793508854994 ], [ -5.692794167317425, 12.047253324544979 ], [ -5.6925112526378, 12.041728451064374 ], [ -5.688714459372129, 12.036852057785573 ], [ -5.684866991583593, 12.036116151917625 ], [ -5.679317765967002, 12.03121884956211 ], [ -5.671960919721432, 12.030786079931584 ], [ -5.669190726123519, 12.027992315437851 ], [ -5.664283432286879, 12.027933686303705 ], [ -5.661513360258195, 12.025139873665134 ], [ -5.656969467050894, 12.024050224877321 ], [ -5.653853279266692, 12.020907136704896 ], [ -5.650702991991245, 12.020524274965171 ], [ -5.648967562531533, 12.019123123518867 ], [ -5.64582159412863, 12.018395185353041 ], [ -5.641666976247619, 12.014204298348877 ], [ -5.637461055602187, 12.014153692745369 ], [ -5.624301572362463, 12.001227241753993 ], [ -5.624314467593986, 12.000192177957668 ], [ -5.620506634843665, 11.996350384830411 ], [ -5.620528141374865, 11.994625283737173 ], [ -5.617421342875383, 11.990791948446065 ], [ -5.617468673408524, 11.986996736539883 ] ] } },
{ "type": "Feature", "properties": { "OBJECTID": 196, "arcid": 196, "from_node": 216, "to_node": 192, "Shape_Leng": 67942.110096999997, "HydroID": 397, "GridID": 188, "NextDownID": 374, "DrainID": 188 }, "geometry": { "type": "LineString", "coordinates": [ [ -8.724149814103708, 12.008168900407391 ], [ -8.729241812983872, 12.006964201365308 ], [ -8.731351762429442, 12.003510023899045 ], [ -8.735919881406454, 11.999366914868677 ], [ -8.740834972496312, 11.999371508334375 ], [ -8.741536469728386, 12.000063399794334 ], [ -8.74715437773674, 11.999377287417547 ], [ -8.750668336468291, 11.995924221035306 ], [ -8.754882470901341, 11.994545453209826 ], [ -8.754883719342608, 11.993162966617446 ], [ -8.768586955595756, 11.979695344303043 ], [ -8.772097488660133, 11.979698219827913 ], [ -8.774204670737484, 11.978663056571431 ], [ -8.7742029477784, 11.980736791442215 ], [ -8.780166125596857, 11.986617120124118 ], [ -8.786835501586381, 11.987659141271987 ], [ -8.789641872025882, 11.990426245551715 ], [ -8.789639729575745, 11.993191227656387 ], [ -8.791744301021083, 11.995612159468875 ], [ -8.797009901121749, 11.996307272493912 ], [ -8.798062356414782, 11.9973449018332 ], [ -8.798411892389622, 11.999418891127359 ], [ -8.797356329747414, 12.002528733922212 ], [ -8.798056438548709, 12.00529422173612 ], [ -8.797353747136665, 12.005984959721136 ], [ -8.801214702123382, 12.007370219833538 ], [ -8.804020422524811, 12.011519672193705 ], [ -8.808230631597484, 12.015670063334648 ], [ -8.809283933482231, 12.01567078381866 ], [ -8.815949917618758, 12.022933328033716 ], [ -8.819109679618993, 12.023281013940373 ], [ -8.82261875067223, 12.026393867409656 ], [ -8.828583983427059, 12.032273176381111 ], [ -8.827880638844237, 12.034000856751403 ], [ -8.829986954077791, 12.034693392230221 ], [ -8.832092206489964, 12.037114024287385 ], [ -8.835603497605474, 12.037116114482844 ], [ -8.838764277601614, 12.036081090695291 ], [ -8.841573300098609, 12.036082699101648 ], [ -8.842275152421669, 12.036774341710958 ], [ -8.843329139918861, 12.035738067508619 ], [ -8.842276764809915, 12.034009360903006 ], [ -8.845086954685883, 12.031937197227061 ], [ -8.847544812557738, 12.031938549997394 ], [ -8.850355513500775, 12.028829463936235 ], [ -8.858080123654231, 12.028833495874041 ], [ -8.861240723646118, 12.027798214845356 ], [ -8.862292845334181, 12.030218097755077 ], [ -8.874225803901727, 12.041283667584473 ], [ -8.876332614763237, 12.041284609299089 ], [ -8.877736530450338, 12.042667720580027 ], [ -8.881248051651655, 12.04232361437505 ], [ -8.882300709335301, 12.044052175143518 ], [ -8.883354125389781, 12.044052617604098 ], [ -8.884758091591744, 12.045435693752299 ], [ -8.888620638351416, 12.04543726281368 ], [ -8.893534701711173, 12.050277904811761 ], [ -8.894588143361304, 12.050278305055063 ], [ -8.896694231799984, 12.052352831584777 ], [ -8.900908029575108, 12.052354361188897 ], [ -8.901961103166883, 12.053391602230993 ], [ -8.903014556319409, 12.053391970732159 ], [ -8.904418060402003, 12.056503062321386 ], [ -8.905118912835249, 12.060650777174152 ], [ -8.907224332124082, 12.065144583257421 ], [ -8.90546765147606, 12.067563351692801 ], [ -8.904765434471923, 12.067217489837761 ], [ -8.904062849572151, 12.067908493795581 ], [ -8.904062357801639, 12.069290984685344 ], [ -8.905466561143182, 12.070673955076138 ], [ -8.90195319072089, 12.075165833019032 ], [ -8.903003991931129, 12.082769893946306 ], [ -8.903003494102347, 12.084152383319045 ], [ -8.901598097393222, 12.085880000126425 ], [ -8.90265105364888, 12.087608482045175 ], [ -8.90264855380353, 12.094520923253937 ], [ -8.895621911492528, 12.101085188292393 ], [ -8.895620972481026, 12.103504540192588 ], [ -8.894566917091872, 12.10454100667687 ], [ -8.894566239411514, 12.106269114990422 ], [ -8.893863525828394, 12.106960090217624 ], [ -8.893861615007499, 12.111798791278824 ], [ -8.889645185624243, 12.115944603611192 ], [ -8.88894028994663, 12.121819883486364 ], [ -8.887886136531291, 12.122856323297441 ], [ -8.888234499428282, 12.129768884693336 ], [ -8.889287680571282, 12.131151791785953 ], [ -8.888931703966707, 12.142557136687531 ], [ -8.891390155900519, 12.143594973793803 ], [ -8.892794678537637, 12.144978004393055 ], [ -8.892794125391996, 12.146360486232417 ], [ -8.892442298035498, 12.147742832529584 ], [ -8.887873851823439, 12.152234085583872 ], [ -8.887521555567535, 12.154653285315266 ], [ -8.888574973492684, 12.155690572403026 ], [ -8.888572527383873, 12.161566115704018 ], [ -8.894541909919232, 12.168135241167013 ], [ -8.893838895534065, 12.169171831793006 ], [ -8.894540137776554, 12.172628301193965 ], [ -8.892080012358278, 12.175046690422782 ], [ -8.892078895782577, 12.177811648799654 ], [ -8.891375986634509, 12.178502612517772 ], [ -8.893131868967432, 12.180231397090864 ], [ -8.895591357802232, 12.179541098955196 ], [ -8.900156787702432, 12.184035845674771 ], [ -8.901209986258362, 12.186109942404764 ], [ -8.900505920208257, 12.189911506093821 ], [ -8.902613142343188, 12.191985975920616 ], [ -8.907883130312101, 12.191987786529049 ], [ -8.908585558424699, 12.192679259256161 ], [ -8.911747445377868, 12.193025908765087 ], [ -8.92404187311692, 12.200978821575932 ], [ -8.925447251752729, 12.200979205335006 ], [ -8.929664480671647, 12.196832878081743 ], [ -8.931772604067586, 12.196487788299152 ], [ -8.933881063770912, 12.194760203079067 ], [ -8.938097101489941, 12.194761181843484 ], [ -8.940205507712577, 12.193033547772625 ], [ -8.951799600495423, 12.192690198235315 ], [ -8.956717993931051, 12.194419113846696 ], [ -8.960582741933136, 12.194074073629633 ], [ -8.961636600455487, 12.195111081591758 ], [ -8.961987592678476, 12.197530469246121 ], [ -8.963041613026293, 12.197530612571517 ], [ -8.965851980960871, 12.200295933389988 ], [ -8.96866265087094, 12.200987507499693 ], [ -8.973932317294674, 12.206172351965217 ], [ -8.973932215896626, 12.207209210489173 ], [ -8.97604014693899, 12.209283119670458 ], [ -8.976040022639108, 12.210665597395767 ], [ -8.980607344616843, 12.215159010513112 ], [ -8.980607193628337, 12.217232727133029 ], [ -8.983066581740314, 12.219997844176525 ], [ -8.98552615245789, 12.220343603725475 ], [ -8.986580211885983, 12.221380515591578 ], [ -8.989391199603856, 12.221035019150843 ], [ -9.000283699866747, 12.211703498749653 ], [ -9.000986420165047, 12.212394735948456 ], [ -9.002743219989165, 12.212394724050634 ], [ -9.007662387982316, 12.216887684357575 ], [ -9.009419217419243, 12.216887629846296 ], [ -9.011878654940144, 12.214122579263039 ], [ -9.015040914310044, 12.214122424665904 ], [ -9.020311742160493, 12.219306377163855 ], [ -9.020311900360218, 12.221380093148424 ], [ -9.022068931249917, 12.223453673502194 ], [ -9.02206916051802, 12.22621862691406 ], [ -9.024177617818232, 12.228292164570927 ], [ -9.028394187417547, 12.228291761556731 ], [ -9.030502710368932, 12.230365250274534 ], [ -9.032259712342103, 12.231056287541813 ], [ -9.037530333084483, 12.230018761111372 ], [ -9.039287350895295, 12.230709754351818 ], [ -9.045964662357811, 12.236584240057306 ], [ -9.057560587820898, 12.236582056140676 ] ] } },
{ "type": "Feature", "properties": { "OBJECTID": 197, "arcid": 197, "from_node": 196, "to_node": 220, "Shape_Leng": 64933.342462300003, "HydroID": 398, "GridID": 197, "NextDownID": -1, "DrainID": 197 }, "geometry": { "type": "LineString", "coordinates": [ [ -8.565141526100428, 12.204275122855297 ], [ -8.564617057858749, 12.202719046986507 ], [ -8.554446188557662, 12.19198886930039 ], [ -8.553413030122124, 12.179545217829373 ], [ -8.550960277873626, 12.175739521161251 ], [ -8.55061362585802, 12.172974071492177 ], [ -8.550295443400342, 12.153273726928541 ], [ -8.553110227959612, 12.150513397837379 ], [ -8.554519897998615, 12.147750779177775 ], [ -8.558736207817937, 12.147066311396895 ], [ -8.55979681251427, 12.142920658009277 ], [ -8.562611953957502, 12.13981461195212 ], [ -8.561919045206775, 12.133938109562516 ], [ -8.558762943633065, 12.130822591650871 ], [ -8.557013009926933, 12.127018065642911 ], [ -8.554558365373214, 12.124594846868611 ], [ -8.554210575320891, 12.122520615716025 ], [ -8.552106647877251, 12.120443552241056 ], [ -8.552812557620987, 12.118371018231525 ], [ -8.546148032090796, 12.113176013000064 ], [ -8.545803239506167, 12.109373715497959 ], [ -8.537387203039744, 12.101756354693592 ], [ -8.537390769736556, 12.099682688677388 ], [ -8.538446742917547, 12.098301997696302 ], [ -8.537779352354796, 12.077909761783747 ], [ -8.528664594205452, 12.068908552110456 ], [ -8.52761111489724, 12.068906766690027 ], [ -8.523403304264614, 12.065443473456213 ], [ -8.519189443569482, 12.065436230276299 ], [ -8.514981178147224, 12.062318426671387 ], [ -8.507607649455734, 12.061959879263503 ], [ -8.500947308614236, 12.055727023094967 ], [ -8.499192884050803, 12.055032653724803 ], [ -8.495681482126141, 12.05502632229093 ], [ -8.485864697308552, 12.047059339633769 ], [ -8.479895503600488, 12.047048271646148 ], [ -8.475339552319969, 12.042546802975494 ], [ -8.47042383534181, 12.042537515358459 ], [ -8.467970739755843, 12.040113577502986 ], [ -8.465161786902121, 12.04010820777672 ], [ -8.463059190970649, 12.038030510357405 ], [ -8.46130429838634, 12.037681518892967 ], [ -8.460253021327734, 12.03664265790127 ], [ -8.457444107181631, 12.03663721203235 ], [ -8.453224450685456, 12.039739463163313 ], [ -8.450421830576415, 12.03662347370982 ], [ -8.445155128343901, 12.036613054040407 ], [ -8.444451481085546, 12.037302872986341 ], [ -8.43672697455972, 12.037287390717854 ], [ -8.436026189002188, 12.036594757894251 ], [ -8.424087632165511, 12.036915988822429 ], [ -8.422335761012951, 12.03518432944626 ], [ -8.40302245354982, 12.036180514667565 ], [ -8.397042794248346, 12.041006149473848 ], [ -8.393533186113665, 12.040307331504348 ], [ -8.392482170800031, 12.039268227704282 ], [ -8.393188276500165, 12.037541733537065 ], [ -8.392137272801163, 12.036502627910711 ], [ -8.390731276768847, 12.037190774938614 ], [ -8.381250506601813, 12.037515523238319 ], [ -8.379489402409854, 12.039930849936306 ], [ -8.376681292259667, 12.039578986533257 ], [ -8.374569818253613, 12.041647891562334 ], [ -8.374563420483897, 12.044412715653779 ], [ -8.372802210603064, 12.046827993781809 ], [ -8.362946348909318, 12.057173771587006 ], [ -8.359784497966499, 12.057857732349721 ], [ -8.354857038385662, 12.062684812454926 ], [ -8.353451645456824, 12.06302715681473 ], [ -8.352041268190881, 12.065443099896759 ], [ -8.350285544356764, 12.065439009338533 ], [ -8.348536498125837, 12.062670101870781 ], [ -8.346081024820544, 12.061627540876724 ], [ -8.343628933396076, 12.059202556714551 ], [ -8.341521274178351, 12.059543185857009 ], [ -8.340820689840605, 12.058850324829656 ], [ -8.340485593684019, 12.052283086091309 ], [ -8.337685901449587, 12.048474822468311 ], [ -8.337701148108872, 12.042254014796313 ], [ -8.336652048189542, 12.040523509634426 ], [ -8.336657983671385, 12.038104305913228 ], [ -8.335256949186187, 12.036718562834809 ], [ -8.334559839054236, 12.034643286574799 ], [ -8.330357719760412, 12.030140408053308 ], [ -8.330011756578617, 12.028065963904155 ], [ -8.30864884197584, 12.006932225595243 ], [ -8.305142614307586, 12.005195533251225 ], [ -8.297420126536949, 12.004830648020484 ], [ -8.28761580951274, 11.995129051628561 ], [ -8.282355563102884, 11.993042019728273 ], [ -8.276403448224944, 11.987151509356357 ], [ -8.270797982310988, 11.982989784892526 ], [ -8.266589334724328, 11.981596406808132 ], [ -8.26239011228402, 11.9767470030936 ], [ -8.262392925570895, 11.975710213751578 ], [ -8.257841908227942, 11.971205422822326 ], [ -8.258202349171146, 11.967750386525164 ], [ -8.256803025852214, 11.96601869036772 ], [ -8.246974790639745, 11.96599249284508 ], [ -8.245568841871547, 11.9666799129742 ], [ -8.241024043966426, 11.96010130030456 ], [ -8.235770689985971, 11.955939881446501 ], [ -8.232254904054335, 11.958003877622129 ], [ -8.230147948349394, 11.958343706759088 ], [ -8.230137196780875, 11.962145244582201 ], [ -8.229083212522461, 11.962487949167922 ], [ -8.228391985252005, 11.958684484403046 ], [ -8.225244813391134, 11.954528657525158 ], [ -8.224551685997675, 11.95141637380836 ], [ -8.221753165594588, 11.948125467805912 ] ] } },
{ "type": "Feature", "properties": { "OBJECTID": 198, "arcid": 198, "from_node": 219, "to_node": 221, "Shape_Leng": 24543.389482400002, "HydroID": 399, "GridID": 200, "NextDownID": -1, "DrainID": 200 }, "geometry": { "type": "LineString", "coordinates": [ [ -7.816767323968752, 11.98144085566395 ], [ -7.815190914304151, 11.9807430813973 ], [ -7.813080494174044, 11.981770824869677 ], [ -7.808534385153527, 11.97795041439848 ], [ -7.800112463302508, 11.977568942767897 ], [ -7.799407457716041, 11.978257035639494 ], [ -7.793790301818921, 11.978578480972388 ], [ -7.791675224257496, 11.98064269992971 ], [ -7.789218373411799, 11.98063209855732 ], [ -7.787107875201762, 11.981659637122423 ], [ -7.774822061038386, 11.981951756083085 ], [ -7.773073412433512, 11.980561897009379 ], [ -7.771318531187297, 11.980554210407215 ], [ -7.769920884011663, 11.979165873082419 ], [ -7.768867962329296, 11.979161251131474 ], [ -7.767470335364549, 11.977772902478778 ], [ -7.766068017253694, 11.977421182848985 ], [ -7.765010392157878, 11.978453181317688 ], [ -7.760118848871083, 11.973593877963948 ], [ -7.757663669850259, 11.97323746186081 ], [ -7.754493906719291, 11.975642255816171 ], [ -7.752739070519159, 11.975634456074733 ], [ -7.746453529286113, 11.968695441612018 ], [ -7.74574842769247, 11.969383388942328 ], [ -7.726795137161397, 11.969643563486988 ], [ -7.726099699464019, 11.968258218288671 ], [ -7.722242453297131, 11.967549586184349 ], [ -7.720495816731908, 11.965813895121059 ], [ -7.719092016886076, 11.965807491206967 ], [ -7.718034282466796, 11.966839299963494 ], [ -7.711362945080302, 11.967499832874555 ], [ -7.708219154427558, 11.964375474289552 ], [ -7.705062280601211, 11.964015382431324 ], [ -7.704020963653802, 11.961591765621305 ], [ -7.700511541019872, 11.961575542314218 ], [ -7.699114380597083, 11.960186895777808 ], [ -7.694903104390304, 11.960167351216745 ], [ -7.68997498858617, 11.963254282891059 ], [ -7.671732788118431, 11.961786389666733 ], [ -7.666494113544011, 11.956578458226286 ], [ -7.66474115504857, 11.956224589649231 ], [ -7.660899618846824, 11.952405368769281 ], [ -7.658092224546829, 11.952391972590974 ], [ -7.654567622512761, 11.955484958289196 ], [ -7.640879762614432, 11.95576459081339 ], [ -7.637036875075581, 11.952290607630966 ], [ -7.635282270990038, 11.952282089367703 ], [ -7.634583894483014, 11.951587624765104 ], [ -7.629671024890486, 11.951563704530676 ], [ -7.627577698378565, 11.949134742844588 ], [ -7.628646965689944, 11.945857380836747 ] ] } },
{ "type": "Feature", "properties": { "OBJECTID": 199, "arcid": 199, "from_node": 218, "to_node": 222, "Shape_Leng": 6356.7286974799999, "HydroID": 400, "GridID": 199, "NextDownID": -1, "DrainID": 199 }, "geometry": { "type": "LineString", "coordinates": [ [ -6.369526287315989, 11.989033433468778 ], [ -6.368522738342098, 11.984017299934965 ], [ -6.366445396151735, 11.98123545930591 ], [ -6.366529077753592, 11.972604006520973 ], [ -6.364792448476781, 11.97086124057935 ], [ -6.364478600411827, 11.967060109902743 ], [ -6.36170007464863, 11.964271676946581 ], [ -6.361152767641671, 11.948383253390448 ], [ -6.359069011657125, 11.946291938291026 ], [ -6.359082402223439, 11.944910911632471 ], [ -6.357696602550731, 11.943171441342139 ], [ -6.358459786230344, 11.936790785386599 ] ] } },
{ "type": "Feature", "properties": { "OBJECTID": 200, "arcid": 200, "from_node": 217, "to_node": 223, "Shape_Leng": 14996.0734275, "HydroID": 401, "GridID": 201, "NextDownID": -1, "DrainID": 201 }, "geometry": { "type": "LineString", "coordinates": [ [ -5.617468673408524, 11.986996736539883 ], [ -5.612968821761291, 11.982456409290313 ], [ -5.613691231543078, 11.98073979760712 ], [ -5.612306694125339, 11.979342771645177 ], [ -5.608486359381597, 11.976535984313506 ], [ -5.604289796588975, 11.975795007978718 ], [ -5.599085192698177, 11.971591083437117 ], [ -5.596294776840512, 11.970522009836618 ], [ -5.592786243946993, 11.97082443781607 ], [ -5.589329688226344, 11.966986704228166 ], [ -5.589000926479509, 11.965257393337444 ], [ -5.585194080926192, 11.961415379018533 ], [ -5.567678331192929, 11.960856494613873 ], [ -5.558896581886036, 11.962474141987137 ], [ -5.549440287475902, 11.962012888403514 ], [ -5.545980192189375, 11.958519810512964 ], [ -5.54457864384343, 11.958502548354613 ], [ -5.541797490014939, 11.956743039891466 ], [ -5.536900921071658, 11.955992546235823 ], [ -5.534816219797155, 11.954586627049757 ], [ -5.530962070056635, 11.954539001571693 ], [ -5.5292189921846, 11.953827360318986 ], [ -5.524708195240521, 11.950321118575117 ], [ -5.52453397355018, 11.936517316623798 ], [ -5.525952973651874, 11.935154698630228 ], [ -5.527448875272877, 11.927754778874391 ] ] } },
{ "type": "Feature", "properties": { "OBJECTID": 201, "arcid": 201, "from_node": 214, "to_node": 224, "Shape_Leng": 24276.0928202, "HydroID": 402, "GridID": 198, "NextDownID": -1, "DrainID": 198 }, "geometry": { "type": "LineString", "coordinates": [ [ -5.391054833842554, 12.027465706600488 ], [ -5.388807076158823, 12.025194160057355 ], [ -5.388834719010981, 12.023124557577527 ], [ -5.390254782007634, 12.021762956175435 ], [ -5.389576987609726, 12.02002921974888 ], [ -5.389627629070861, 12.016234943470595 ], [ -5.390346841024993, 12.014864267357709 ], [ -5.394948014598619, 12.011473753332265 ], [ -5.397751204962696, 12.011509921127518 ], [ -5.398816171974309, 12.010488663644166 ], [ -5.399867367629742, 12.010502214209348 ], [ -5.402707231796636, 12.007778814867622 ], [ -5.401323985579707, 12.006381008795744 ], [ -5.401383568498232, 12.001896802572331 ], [ -5.406685159885437, 11.998515008483732 ], [ -5.406002687093074, 11.997126237971594 ], [ -5.409547660623883, 11.994066770331363 ], [ -5.411285867981762, 11.995124084449522 ], [ -5.413388171297787, 11.995151053912275 ], [ -5.414766894718479, 11.996893745695306 ], [ -5.416860098024612, 11.997610583711326 ], [ -5.417915824289055, 11.997279106896451 ], [ -5.419644981794917, 11.999026274893083 ], [ -5.421396942326178, 11.999048705422659 ], [ -5.422780295248667, 12.000446431356211 ], [ -5.425233061893599, 12.000477807218717 ], [ -5.426297900105487, 11.999456401244768 ], [ -5.433651681698803, 11.999895316620258 ], [ -5.435781297576924, 11.997852415460956 ], [ -5.438598073839382, 11.996853273694501 ], [ -5.445606024504968, 11.996942439873262 ], [ -5.449155212549517, 11.993537384835987 ], [ -5.45442019024046, 11.992914141119837 ], [ -5.455835307786649, 11.991897023215586 ], [ -5.456563149184598, 11.989836139668526 ], [ -5.461127286062037, 11.989203868449593 ], [ -5.470709164800902, 11.980009293225516 ], [ -5.473862651205097, 11.980049022964311 ], [ -5.477411303699625, 11.976643443110977 ], [ -5.484773883351749, 11.976390918397604 ], [ -5.49326785625467, 11.969941820383482 ], [ -5.495729435404986, 11.969282551177232 ], [ -5.497148757639279, 11.967920168765511 ], [ -5.506609097548053, 11.968038242294167 ], [ -5.508001769353903, 11.968745667188385 ], [ -5.510121814250526, 11.96739193143325 ], [ -5.515031646487123, 11.967107982585405 ], [ -5.517515304410289, 11.964723582119097 ], [ -5.518255845098126, 11.961627431119043 ], [ -5.522531018697989, 11.95615983672575 ], [ -5.523280271959495, 11.952373677882152 ], [ -5.523531337366691, 11.932709463549845 ], [ -5.524240829227947, 11.932028155392734 ], [ -5.520045507047262, 11.931286166021907 ], [ -5.520071932379608, 11.929216254175751 ], [ -5.519040735295961, 11.927650810559534 ] ] } }
]
}
