{"type":"FeatureCollection","features":[{"type":"Feature","properties":{"Num_bassin":"B8"},"geometry":{"type":"MultiPolygon","coordinates":[[[[-5.730937,12.154169],[-5.730583,12.15451],[-5.730587,12.154165],[-5.730937,12.154169]]],[[[-5.417225,13.099702],[-5.417582,13.099362],[-5.417577,13.099707],[-5.417225,13.099702]]],[[[-5.355848,13.322378],[-5.356195,13.322728],[-5.355843,13.322723],[-5.355848,13.322378]]],[[[-5.923002,13.635343],[-5.922622,13.637409],[-5.917293,13.640104],[-5.916968,13.638029],[-5.914154,13.637304],[-5.913832,13.634884],[-5.914922,13.632482],[-5.922359,13.630503],[-5.923453,13.627756],[-5.925204,13.628813],[-5.924895,13.625358],[-5.922448,13.623602],[-5.922126,13.621182],[-5.920702,13.6222],[-5.9172,13.620085],[-5.914342,13.622811],[-5.911877,13.622435],[-5.910027,13.62897],[-5.907187,13.630315],[-5.905083,13.629253],[-5.902238,13.630943],[-5.902279,13.627838],[-5.906531,13.62651],[-5.904137,13.620613],[-5.901297,13.621958],[-5.901672,13.620237],[-5.89747,13.617769],[-5.897845,13.616048],[-5.892187,13.617013],[-5.886926,13.614531],[-5.889825,13.6087],[-5.887763,13.604533],[-5.890268,13.601803],[-5.888179,13.599706],[-5.892064,13.59941],[-5.891385,13.59733],[-5.888563,13.597295],[-5.887536,13.594866],[-5.882249,13.594455],[-5.882557,13.59791],[-5.876908,13.598185],[-5.874411,13.600224],[-5.8677,13.60083],[-5.866307,13.599432],[-5.859948,13.600042],[-5.858202,13.598639],[-5.857446,13.602426],[-5.846162,13.601938],[-5.844023,13.603637],[-5.841576,13.60188],[-5.839799,13.602893],[-5.837357,13.600791],[-5.834168,13.601786],[-5.831745,13.598304],[-5.830329,13.598631],[-5.830751,13.59346],[-5.829372,13.591027],[-5.826197,13.590986],[-5.824851,13.586137],[-5.82234,13.589211],[-5.820224,13.589184],[-5.820869,13.593679],[-5.818739,13.594687],[-5.816989,13.593629],[-5.816265,13.595001],[-5.810292,13.593199],[-5.798651,13.593049],[-5.796929,13.589921],[-5.793383,13.591256],[-5.79201,13.588477],[-5.785312,13.588046],[-5.783577,13.585953],[-5.77901,13.584514],[-5.773019,13.584091],[-5.771236,13.585448],[-5.772257,13.588222],[-5.768372,13.588517],[-5.768001,13.589892],[-5.765546,13.588825],[-5.764464,13.590537],[-5.761638,13.590845],[-5.761304,13.58946],[-5.758139,13.588729],[-5.76066,13.584966],[-5.75963,13.582882],[-5.756102,13.582836],[-5.755068,13.581097],[-5.753977,13.583498],[-5.746913,13.584096],[-5.743753,13.58302],[-5.741961,13.585067],[-5.738444,13.584331],[-5.737419,13.581902],[-5.732119,13.582522],[-5.732796,13.584602],[-5.731375,13.585273],[-5.726819,13.583143],[-5.726447,13.584518],[-5.724688,13.58415],[-5.726033,13.588999],[-5.721795,13.589288],[-5.720714,13.591],[-5.717549,13.590268],[-5.716095,13.593354],[-5.714327,13.593676],[-5.708736,13.589806],[-5.7059,13.590804],[-5.700648,13.587974],[-5.697807,13.589317],[-5.698922,13.58519],[-5.695072,13.583069],[-5.695858,13.577213],[-5.694438,13.577885],[-5.691636,13.576467],[-5.691679,13.573362],[-5.693461,13.572005],[-5.691722,13.570257],[-5.693161,13.568206],[-5.693595,13.562345],[-5.697832,13.562056],[-5.696459,13.559278],[-5.699342,13.55483],[-5.697965,13.552396],[-5.696202,13.552373],[-5.696259,13.548233],[-5.7002,13.543799],[-5.700586,13.541389],[-5.698156,13.538596],[-5.696026,13.539603],[-5.695716,13.536493],[-5.700319,13.535174],[-5.701053,13.533113],[-5.704589,13.532469],[-5.705313,13.531099],[-5.705713,13.527653],[-5.702897,13.527271],[-5.703321,13.522101],[-5.700852,13.522068],[-5.700538,13.519303],[-5.702339,13.516566],[-5.704421,13.519009],[-5.706189,13.518688],[-5.706942,13.515247],[-5.704488,13.514179],[-5.705245,13.510393],[-5.706326,13.508682],[-5.710557,13.508738],[-5.710591,13.506323],[-5.712363,13.505656],[-5.710981,13.503567],[-5.710756,13.494247],[-5.706178,13.493842],[-5.704786,13.492444],[-5.700518,13.495148],[-5.701537,13.497922],[-5.698717,13.497885],[-5.698054,13.494771],[-5.695263,13.492663],[-5.693824,13.494715],[-5.691008,13.494333],[-5.691747,13.491927],[-5.693867,13.49161],[-5.693214,13.487805],[-5.6943,13.485749],[-5.691132,13.485362],[-5.69188,13.482267],[-5.689779,13.481204],[-5.688773,13.477395],[-5.682804,13.47559],[-5.67956,13.480724],[-5.67673,13.481376],[-5.674639,13.479623],[-5.672505,13.480975],[-5.671847,13.477516],[-5.666212,13.477096],[-5.665883,13.475366],[-5.662706,13.475669],[-5.663444,13.473263],[-5.661415,13.467025],[-5.658914,13.469408],[-5.653617,13.470027],[-5.652883,13.472088],[-5.648253,13.475476],[-5.643346,13.473341],[-5.638392,13.474654],[-5.635973,13.471171],[-5.629946,13.473506],[-5.626441,13.472079],[-5.625673,13.476554],[-5.623538,13.477905],[-5.618951,13.478189],[-5.618628,13.476114],[-5.61687,13.475745],[-5.615793,13.477111],[-5.613007,13.474658],[-5.610848,13.477734],[-5.612567,13.480863],[-5.611471,13.483609],[-5.606144,13.486297],[-5.607892,13.487356],[-5.607863,13.489425],[-5.604695,13.489038],[-5.603265,13.490398],[-5.605689,13.493537],[-5.605626,13.498021],[-5.60281,13.497638],[-5.601704,13.501073],[-5.597826,13.501021],[-5.599897,13.504154],[-5.599177,13.50518],[-5.604774,13.508361],[-5.60474,13.510776],[-5.598379,13.511725],[-5.594888,13.509262],[-5.591005,13.509554],[-5.590677,13.507824],[-5.58679,13.508461],[-5.587783,13.51296],[-5.585276,13.515687],[-5.586583,13.52295],[-5.584453,13.523956],[-5.584771,13.526376],[-5.579801,13.528723],[-5.578713,13.530778],[-5.576985,13.52834],[-5.574855,13.529345],[-5.574061,13.535545],[-5.576862,13.536964],[-5.577165,13.540418],[-5.570104,13.541011],[-5.567561,13.546152],[-5.561979,13.541935],[-5.557401,13.541527],[-5.555186,13.548397],[-5.553423,13.548372],[-5.551695,13.545933],[-5.548169,13.545885],[-5.547047,13.550354],[-5.545269,13.551365],[-5.543526,13.549961],[-5.544311,13.544451],[-5.542905,13.544087],[-5.541465,13.546137],[-5.539737,13.543698],[-5.541168,13.542337],[-5.539787,13.540248],[-5.531668,13.540826],[-5.527755,13.543186],[-5.526365,13.541787],[-5.528148,13.540432],[-5.527488,13.537317],[-5.52572,13.537638],[-5.52645,13.535923],[-5.524017,13.533474],[-5.520829,13.534465],[-5.519117,13.530991],[-5.517354,13.530966],[-5.515546,13.534046],[-5.512761,13.531592],[-5.513501,13.529187],[-5.509628,13.528788],[-5.502839,13.534904],[-5.497672,13.526551],[-5.495557,13.526521],[-5.495945,13.524112],[-5.492052,13.525092],[-5.490314,13.523343],[-5.49105,13.521283],[-5.493533,13.520283],[-5.49109,13.518524],[-5.491146,13.514729],[-5.486906,13.51536],[-5.483753,13.513936],[-5.480883,13.517345],[-5.478068,13.516961],[-5.47627,13.51935],[-5.473863,13.515176],[-5.469648,13.514082],[-5.467513,13.515432],[-5.467477,13.517846],[-5.465689,13.519546],[-5.460417,13.518437],[-5.455466,13.519401],[-5.454097,13.516622],[-5.45092,13.516922],[-5.448922,13.508959],[-5.441494,13.510578],[-5.440478,13.507804],[-5.440851,13.506429],[-5.443323,13.50612],[-5.443748,13.501296],[-5.44553,13.499941],[-5.449035,13.501371],[-5.45048,13.498976],[-5.45259,13.499351],[-5.453678,13.497297],[-5.458291,13.495292],[-5.459787,13.489448],[-5.459128,13.486334],[-5.460885,13.486704],[-5.460931,13.483599],[-5.462341,13.483619],[-5.463434,13.48122],[-5.46208,13.477406],[-5.460328,13.476691],[-5.460368,13.473932],[-5.466094,13.468147],[-5.461905,13.465328],[-5.458718,13.466318],[-5.458758,13.463559],[-5.456286,13.463869],[-5.455954,13.462485],[-5.460934,13.45945],[-5.464101,13.459839],[-5.468058,13.454375],[-5.466689,13.451596],[-5.468099,13.451616],[-5.468844,13.448866],[-5.467158,13.443668],[-5.470727,13.440613],[-5.469363,13.437489],[-5.466202,13.436754],[-5.464747,13.439839],[-5.462995,13.439124],[-5.461213,13.440479],[-5.458444,13.43699],[-5.454578,13.436246],[-5.45417,13.440035],[-5.456938,13.443524],[-5.453027,13.445884],[-5.442148,13.442625],[-5.440075,13.439836],[-5.437603,13.440146],[-5.435892,13.436672],[-5.430964,13.436257],[-5.42817,13.434492],[-5.425321,13.436522],[-5.422885,13.434417],[-5.420336,13.439901],[-5.418564,13.440565],[-5.417803,13.444349],[-5.410434,13.442174],[-5.407579,13.444548],[-5.406206,13.442114],[-5.403371,13.443108],[-5.401283,13.441353],[-5.395588,13.445067],[-5.393142,13.443652],[-5.394961,13.439883],[-5.395411,13.433335],[-5.392945,13.4333],[-5.391229,13.43017],[-5.385939,13.430439],[-5.384856,13.432149],[-5.380597,13.434157],[-5.377783,13.433772],[-5.376705,13.435136],[-5.374275,13.432686],[-5.371446,13.433336],[-5.371845,13.430237],[-5.368327,13.429841],[-5.365949,13.423942],[-5.362773,13.424241],[-5.359628,13.422471],[-5.359307,13.420397],[-5.357198,13.420021],[-5.357934,13.417962],[-5.35197,13.416151],[-5.354489,13.412738],[-5.354556,13.408254],[-5.357774,13.405196],[-5.35394,13.402381],[-5.355391,13.399642],[-5.353666,13.397203],[-5.350511,13.396122],[-5.3509,13.393713],[-5.353034,13.392364],[-5.352423,13.386146],[-5.355609,13.385157],[-5.351776,13.382342],[-5.353579,13.379608],[-5.357459,13.37932],[-5.356511,13.372062],[-5.354434,13.369617],[-5.355895,13.366188],[-5.348519,13.364702],[-5.348208,13.361938],[-5.346804,13.361573],[-5.347203,13.358474],[-5.3451,13.357754],[-5.345131,13.355684],[-5.343023,13.355309],[-5.343433,13.35152],[-5.344852,13.350851],[-5.343106,13.349791],[-5.344609,13.343603],[-5.347095,13.342259],[-5.348229,13.337101],[-5.354579,13.336503],[-5.354279,13.333049],[-5.357449,13.333094],[-5.360297,13.331066],[-5.359287,13.327946],[-5.360717,13.326587],[-5.358287,13.324138],[-5.358671,13.322073],[-5.3562,13.322383],[-5.356961,13.318599],[-5.361509,13.320734],[-5.363658,13.31835],[-5.361545,13.31832],[-5.361591,13.315216],[-5.359121,13.315525],[-5.360234,13.311747],[-5.355671,13.310646],[-5.356785,13.306868],[-5.358887,13.307588],[-5.360337,13.304849],[-5.355101,13.301669],[-5.355914,13.294437],[-5.352035,13.294726],[-5.351031,13.291262],[-5.347551,13.288452],[-5.347271,13.283619],[-5.345484,13.285318],[-5.34302,13.285282],[-5.339887,13.282823],[-5.34523,13.27876],[-5.345261,13.276691],[-5.358295,13.276533],[-5.366342,13.280097],[-5.374803,13.279528],[-5.386852,13.274525],[-5.39539,13.268782],[-5.397191,13.266047],[-5.401442,13.264383],[-5.403263,13.260269],[-5.405733,13.259958],[-5.406503,13.255485],[-5.410029,13.255189],[-5.411534,13.248656],[-5.416131,13.247341],[-5.413033,13.242467],[-5.408798,13.243098],[-5.408833,13.240683],[-5.414195,13.235239],[-5.414583,13.23283],[-5.419175,13.231859],[-5.421333,13.228784],[-5.430914,13.223744],[-5.43271,13.221354],[-5.435174,13.221388],[-5.446565,13.212922],[-5.446253,13.210158],[-5.442712,13.211489],[-5.443105,13.208734],[-5.442063,13.207685],[-5.439232,13.20868],[-5.434741,13.202753],[-5.4373,13.196234],[-5.43906,13.196258],[-5.441112,13.200427],[-5.443914,13.201501],[-5.447107,13.19982],[-5.447177,13.194991],[-5.452894,13.189205],[-5.450832,13.185727],[-5.452284,13.182642],[-5.44981,13.183298],[-5.445651,13.178755],[-5.439989,13.180746],[-5.438968,13.178317],[-5.440119,13.171778],[-5.445801,13.168407],[-5.445865,13.163923],[-5.448686,13.163617],[-5.449842,13.156733],[-5.453763,13.153338],[-5.453808,13.150233],[-5.4489,13.148786],[-5.446174,13.142538],[-5.442332,13.140415],[-5.440924,13.140395],[-5.439482,13.14279],[-5.436324,13.142056],[-5.435313,13.138937],[-5.433563,13.138223],[-5.433613,13.134774],[-5.435373,13.134798],[-5.434689,13.133409],[-5.437871,13.132418],[-5.439324,13.129333],[-5.438323,13.125524],[-5.435165,13.124791],[-5.436241,13.123426],[-5.43521,13.121686],[-5.43345,13.121662],[-5.43526,13.118237],[-5.434249,13.115118],[-5.431082,13.115074],[-5.432534,13.11199],[-5.430795,13.110585],[-5.431533,13.108181],[-5.429452,13.106082],[-5.429145,13.102973],[-5.423539,13.10117],[-5.423936,13.098071],[-5.421131,13.097342],[-5.421151,13.095962],[-5.420422,13.097677],[-5.416893,13.098318],[-5.415089,13.101398],[-5.414073,13.098623],[-5.410901,13.098924],[-5.410585,13.096505],[-5.407433,13.095426],[-5.406312,13.099895],[-5.406589,13.105074],[-5.407639,13.105433],[-5.407976,13.106473],[-5.404095,13.107109],[-5.403819,13.10193],[-5.399289,13.098762],[-5.401099,13.095338],[-5.396912,13.092864],[-5.391604,13.09486],[-5.393031,13.0935],[-5.392714,13.091081],[-5.390267,13.090012],[-5.388563,13.086193],[-5.38609,13.086848],[-5.38435,13.085444],[-5.382657,13.080935],[-5.378414,13.082256],[-5.377434,13.077067],[-5.379214,13.075713],[-5.378902,13.072948],[-5.375062,13.070825],[-5.371539,13.07112],[-5.371218,13.069046],[-5.366307,13.067942],[-5.363875,13.065838],[-5.363237,13.061344],[-5.366061,13.060694],[-5.368957,13.055215],[-5.368293,13.052446],[-5.370404,13.052476],[-5.371766,13.0556],[-5.373867,13.056319],[-5.375329,13.052545],[-5.378144,13.052584],[-5.380642,13.050204],[-5.38523,13.049234],[-5.384195,13.047839],[-5.384989,13.041641],[-5.387119,13.040291],[-5.387501,13.038226],[-5.39315,13.036925],[-5.39313,13.038305],[-5.39523,13.039024],[-5.396673,13.036629],[-5.39913,13.037008],[-5.399512,13.034944],[-5.405894,13.031583],[-5.40524,13.028124],[-5.405607,13.027094],[-5.407356,13.027808],[-5.407054,13.024354],[-5.409164,13.024383],[-5.408525,13.01989],[-5.410661,13.018194],[-5.408922,13.01679],[-5.413198,13.013055],[-5.412866,13.01167],[-5.41076,13.011296],[-5.41295,13.005807],[-5.42214,13.002829],[-5.422878,13.000424],[-5.430275,12.999836],[-5.441273,12.993432],[-5.445152,12.992795],[-5.445196,12.989691],[-5.448689,12.991464],[-5.458953,12.987119],[-5.458982,12.985049],[-5.460399,12.984379],[-5.457966,12.982275],[-5.458704,12.97987],[-5.455915,12.978107],[-5.455954,12.975348],[-5.459178,12.971252],[-5.458518,12.968138],[-5.45677,12.967424],[-5.456814,12.96432],[-5.455065,12.963606],[-5.456511,12.960865],[-5.455138,12.958432],[-5.457268,12.957081],[-5.457668,12.953636],[-5.454884,12.951528],[-5.457375,12.949492],[-5.457448,12.944318],[-5.459895,12.945386],[-5.459944,12.941937],[-5.464184,12.940615],[-5.462557,12.931277],[-5.464711,12.928202],[-5.467162,12.928925],[-5.468589,12.927564],[-5.467572,12.92479],[-5.46934,12.924124],[-5.468334,12.92066],[-5.465882,12.919937],[-5.465569,12.917173],[-5.459264,12.915362],[-5.459997,12.913302],[-5.461398,12.913666],[-5.4632,12.910586],[-5.464963,12.910265],[-5.464289,12.908185],[-5.460431,12.907443],[-5.460113,12.905024],[-5.457652,12.904991],[-5.459488,12.899495],[-5.45207,12.90181],[-5.452031,12.904569],[-5.449921,12.904541],[-5.447865,12.900718],[-5.44575,12.901034],[-5.44578,12.898964],[-5.441961,12.895462],[-5.443728,12.894796],[-5.443411,12.892377],[-5.43989,12.892674],[-5.439206,12.891285],[-5.441716,12.887869],[-5.44175,12.885454],[-5.437619,12.879188],[-5.439416,12.876453],[-5.437678,12.875049],[-5.437463,12.865386],[-5.441706,12.863719],[-5.442487,12.85821],[-5.443888,12.858574],[-5.445694,12.855148],[-5.449215,12.854851],[-5.451016,12.85177],[-5.454156,12.853538],[-5.455235,12.851827],[-5.453511,12.849389],[-5.445767,12.849974],[-5.445108,12.84686],[-5.447627,12.842754],[-5.445234,12.837892],[-5.442407,12.838889],[-5.44,12.835061],[-5.44392,12.831319],[-5.443603,12.8289],[-5.446073,12.828243],[-5.446815,12.825493],[-5.448953,12.823452],[-5.452478,12.82281],[-5.451828,12.819006],[-5.455748,12.815264],[-5.453663,12.813511],[-5.45373,12.808682],[-5.451289,12.807269],[-5.449238,12.803101],[-5.447462,12.804457],[-5.443966,12.80303],[-5.441848,12.803691],[-5.440505,12.799188],[-5.436971,12.80052],[-5.436311,12.797406],[-5.434198,12.797723],[-5.432821,12.795634],[-5.430717,12.79526],[-5.430409,12.792151],[-5.427593,12.792458],[-5.426133,12.796233],[-5.421213,12.796166],[-5.414843,12.799185],[-5.413447,12.798476],[-5.414862,12.797805],[-5.414198,12.795036],[-5.412446,12.794667],[-5.41207,12.796387],[-5.409254,12.796693],[-5.408526,12.798408],[-5.405373,12.797675],[-5.401224,12.792789],[-5.401249,12.791064],[-5.404065,12.790758],[-5.403055,12.787639],[-5.400595,12.787606],[-5.400268,12.785876],[-5.402781,12.782116],[-5.402171,12.775553],[-5.396559,12.774786],[-5.395534,12.772702],[-5.39342,12.773018],[-5.391,12.770225],[-5.386778,12.770512],[-5.384367,12.767029],[-5.383728,12.762536],[-5.379838,12.764208],[-5.379511,12.762478],[-5.374601,12.761721],[-5.375002,12.758276],[-5.371547,12.754089],[-5.372977,12.752384],[-5.370879,12.751665],[-5.371265,12.749256],[-5.368825,12.747842],[-5.37169,12.744087],[-5.373432,12.745146],[-5.375584,12.742071],[-5.37351,12.739627],[-5.370685,12.740623],[-5.369714,12.734745],[-5.368314,12.734381],[-5.369407,12.731636],[-5.371872,12.731325],[-5.370852,12.728896],[-5.372267,12.728226],[-5.372321,12.724432],[-5.375839,12.724135],[-5.378269,12.726238],[-5.381114,12.723862],[-5.381154,12.721103],[-5.385028,12.720466],[-5.386107,12.718756],[-5.388883,12.721209],[-5.393499,12.717822],[-5.392109,12.716768],[-5.391806,12.713314],[-5.387619,12.711187],[-5.389405,12.709141],[-5.38838,12.707058],[-5.384526,12.706315],[-5.382403,12.707321],[-5.383159,12.703536],[-5.379656,12.702799],[-5.3783,12.69933],[-5.380086,12.697285],[-5.379442,12.693136],[-5.381203,12.692815],[-5.381237,12.690401],[-5.379832,12.690382],[-5.380227,12.687282],[-5.377095,12.68517],[-5.377114,12.68379],[-5.374655,12.683757],[-5.372938,12.680973],[-5.373685,12.677879],[-5.371601,12.676125],[-5.372031,12.670612],[-5.374519,12.668576],[-5.37387,12.664772],[-5.369362,12.660571],[-5.366201,12.660528],[-5.367309,12.656748],[-5.365928,12.655004],[-5.367358,12.653299],[-5.365645,12.650171],[-5.368153,12.646755],[-5.367509,12.642607],[-5.370368,12.639196],[-5.369724,12.635047],[-5.367641,12.633294],[-5.369089,12.630209],[-5.367387,12.626391],[-5.373396,12.623713],[-5.373113,12.61888],[-5.378425,12.615847],[-5.378805,12.613782],[-5.383029,12.613149],[-5.384112,12.611094],[-5.385497,12.612493],[-5.388658,12.612536],[-5.393599,12.610878],[-5.392214,12.609479],[-5.392959,12.606384],[-5.390934,12.600492],[-5.389208,12.598399],[-5.392421,12.594647],[-5.388968,12.590461],[-5.39006,12.587716],[-5.392874,12.587409],[-5.3922,12.58533],[-5.393268,12.584309],[-5.392595,12.58223],[-5.387688,12.581474],[-5.388785,12.578384],[-5.390546,12.578063],[-5.390224,12.575989],[-5.39234,12.575327],[-5.390647,12.570819],[-5.387501,12.569742],[-5.387886,12.567332],[-5.386169,12.564549],[-5.383024,12.563472],[-5.383164,12.553469],[-5.387723,12.553876],[-5.389512,12.551485],[-5.388488,12.549401],[-5.390614,12.54805],[-5.399026,12.549198],[-5.399401,12.547478],[-5.403643,12.545465],[-5.406794,12.546197],[-5.407573,12.540688],[-5.414941,12.541131],[-5.418125,12.539449],[-5.418163,12.53669],[-5.420986,12.535692],[-5.422078,12.532947],[-5.424531,12.533325],[-5.424227,12.52987],[-5.429897,12.526151],[-5.431705,12.52238],[-5.433465,12.522058],[-5.435287,12.517253],[-5.442659,12.51735],[-5.444111,12.513919],[-5.449401,12.512264],[-5.450777,12.514352],[-5.453581,12.514735],[-5.453618,12.511975],[-5.451891,12.509882],[-5.456484,12.507873],[-5.457935,12.504442],[-5.461446,12.504488],[-5.461825,12.502423],[-5.464638,12.502115],[-5.468922,12.496996],[-5.47349,12.496711],[-5.474936,12.493624],[-5.479524,12.491959],[-5.480249,12.490244],[-5.485497,12.491692],[-5.485543,12.488243],[-5.487677,12.486201],[-5.491183,12.486591],[-5.492976,12.483854],[-5.497558,12.482534],[-5.497244,12.47977],[-5.499374,12.478072],[-5.502894,12.477428],[-5.504326,12.475376],[-5.509241,12.47544],[-5.509726,12.46544],[-5.513638,12.461696],[-5.518543,12.462449],[-5.519924,12.464192],[-5.522072,12.461115],[-5.525578,12.461505],[-5.52525,12.459775],[-5.527748,12.456702],[-5.529855,12.456729],[-5.530238,12.454319],[-5.532677,12.45573],[-5.535841,12.455426],[-5.537979,12.453038],[-5.541503,12.452048],[-5.54324,12.453451],[-5.543974,12.451045],[-5.546427,12.451421],[-5.545775,12.447617],[-5.548264,12.445234],[-5.546509,12.445211],[-5.545492,12.442438],[-5.549021,12.441103],[-5.548715,12.437649],[-5.550493,12.435946],[-5.547001,12.434521],[-5.547033,12.432107],[-5.549527,12.429378],[-5.548506,12.42695],[-5.550603,12.427667],[-5.552057,12.42389],[-5.547152,12.423137],[-5.548588,12.42074],[-5.545798,12.419324],[-5.540848,12.422021],[-5.539156,12.417169],[-5.53706,12.416452],[-5.537083,12.414727],[-5.534972,12.415046],[-5.5351,12.405386],[-5.532994,12.405359],[-5.53231,12.40397],[-5.535155,12.401246],[-5.5369,12.401959],[-5.537274,12.400238],[-5.539713,12.40165],[-5.541121,12.401323],[-5.540788,12.399938],[-5.543236,12.400659],[-5.542566,12.398236],[-5.546071,12.398625],[-5.547529,12.394503],[-5.551025,12.395583],[-5.5517,12.397662],[-5.553487,12.395269],[-5.555948,12.394956],[-5.560816,12.398468],[-5.56124,12.392952],[-5.564416,12.391612],[-5.564444,12.389542],[-5.567238,12.390613],[-5.568322,12.388211],[-5.568709,12.385456],[-5.566626,12.383704],[-5.567373,12.380263],[-5.566064,12.373001],[-5.567126,12.372324],[-5.56574,12.370926],[-5.56682,12.36887],[-5.568917,12.369586],[-5.568242,12.367507],[-5.572462,12.366871],[-5.571454,12.363407],[-5.573911,12.363438],[-5.572921,12.358595],[-5.576439,12.357949],[-5.579993,12.354544],[-5.584897,12.355295],[-5.584929,12.35288],[-5.589504,12.351903],[-5.592986,12.354016],[-5.593639,12.35782],[-5.596779,12.35924],[-5.597095,12.362004],[-5.599889,12.363074],[-5.600208,12.365494],[-5.604078,12.364852],[-5.610701,12.368385],[-5.612478,12.366682],[-5.615277,12.367407],[-5.612856,12.364616],[-5.617765,12.365023],[-5.619497,12.36677],[-5.62441,12.366831],[-5.626463,12.370997],[-5.629266,12.371377],[-5.631767,12.367957],[-5.631847,12.361747],[-5.634321,12.360397],[-5.637822,12.361131],[-5.63898,12.352863],[-5.643898,12.352579],[-5.643876,12.354304],[-5.647399,12.353312],[-5.651908,12.357509],[-5.654027,12.356499],[-5.654694,12.359268],[-5.656813,12.358259],[-5.657545,12.355853],[-5.661392,12.356935],[-5.661077,12.35417],[-5.665345,12.349737],[-5.665735,12.346636],[-5.669942,12.347032],[-5.670025,12.340477],[-5.672148,12.339122],[-5.675995,12.340205],[-5.678851,12.336444],[-5.679249,12.332652],[-5.67788,12.329875],[-5.675069,12.330186],[-5.671937,12.328077],[-5.671257,12.326343],[-5.673015,12.32602],[-5.673033,12.32464],[-5.677612,12.323315],[-5.67724,12.325036],[-5.680411,12.324039],[-5.684223,12.327882],[-5.687039,12.327226],[-5.691294,12.323827],[-5.694447,12.32421],[-5.694127,12.32179],[-5.69696,12.319754],[-5.700435,12.322557],[-5.702913,12.320862],[-5.706422,12.320904],[-5.705755,12.318135],[-5.711382,12.317168],[-5.711447,12.311992],[-5.716342,12.313431],[-5.717789,12.309998],[-5.723399,12.31041],[-5.72693,12.308727],[-5.726955,12.306657],[-5.728727,12.305298],[-5.727345,12.303556],[-5.731598,12.300156],[-5.731983,12.297399],[-5.727772,12.297349],[-5.722308,12.285205],[-5.719497,12.285516],[-5.719206,12.280681],[-5.714987,12.281321],[-5.713605,12.279579],[-5.711846,12.279903],[-5.710147,12.275396],[-5.710875,12.273334],[-5.707764,12.269501],[-5.707794,12.267086],[-5.709925,12.265041],[-5.708885,12.263993],[-5.709638,12.259861],[-5.712111,12.25851],[-5.710105,12.250549],[-5.720668,12.247569],[-5.725669,12.240382],[-5.727423,12.240403],[-5.7278,12.238337],[-5.736249,12.236022],[-5.736993,12.232579],[-5.734888,12.232554],[-5.734918,12.230139],[-5.737775,12.226032],[-5.736748,12.223949],[-5.737847,12.220166],[-5.736473,12.217734],[-5.738599,12.216033],[-5.739707,12.21156],[-5.739804,12.203624],[-5.738409,12.202917],[-5.74018,12.201558],[-5.739508,12.199134],[-5.743375,12.198489],[-5.744064,12.199533],[-5.745158,12.196095],[-5.746561,12.196111],[-5.745555,12.192303],[-5.743104,12.191929],[-5.741055,12.187419],[-5.738587,12.188425],[-5.736858,12.186334],[-5.737948,12.183241],[-5.734851,12.178372],[-5.735616,12.173205],[-5.73038,12.171072],[-5.730063,12.168308],[-5.728664,12.167946],[-5.729788,12.162093],[-5.72735,12.160683],[-5.730933,12.154514],[-5.733037,12.154539],[-5.733418,12.152127],[-5.736582,12.151475],[-5.73662,12.148369],[-5.740841,12.147384],[-5.741936,12.143945],[-5.744411,12.142249],[-5.744424,12.141214],[-5.74232,12.141189],[-5.742704,12.138433],[-5.748353,12.135393],[-5.746307,12.130538],[-5.746362,12.126052],[-5.748145,12.123657],[-5.751305,12.123349],[-5.754085,12.125452],[-5.756565,12.123411],[-5.75449,12.12097],[-5.752737,12.12095],[-5.750002,12.115051],[-5.746162,12.113625],[-5.74726,12.109842],[-5.758852,12.108252],[-5.759579,12.10619],[-5.757162,12.103056],[-5.760322,12.102748],[-5.763874,12.098993],[-5.767731,12.099038],[-5.773408,12.093582],[-5.776563,12.093619],[-5.77729,12.091556],[-5.779047,12.091232],[-5.779798,12.087099],[-5.782244,12.087817],[-5.782562,12.090582],[-5.790276,12.090671],[-5.796555,12.093505],[-5.800102,12.090095],[-5.803242,12.091511],[-5.803621,12.0891],[-5.808208,12.086737],[-5.808241,12.083976],[-5.814198,12.084389],[-5.815988,12.081304],[-5.818446,12.080987],[-5.819127,12.08272],[-5.823677,12.083463],[-5.825365,12.089004],[-5.830654,12.086648],[-5.832028,12.08908],[-5.830589,12.09217],[-5.833361,12.094963],[-5.841439,12.094019],[-5.843946,12.089561],[-5.844386,12.081973],[-5.848251,12.081326],[-5.850742,12.078248],[-5.852141,12.078609],[-5.855333,12.075539],[-5.855361,12.073123],[-5.857804,12.074186],[-5.86347,12.069418],[-5.86875,12.067752],[-5.869826,12.065693],[-5.873332,12.065733],[-5.874751,12.064368],[-5.874795,12.060572],[-5.871635,12.060882],[-5.870615,12.058109],[-5.87519,12.05678],[-5.876971,12.054384],[-5.884685,12.05447],[-5.890709,12.049015],[-5.891095,12.045913],[-5.892506,12.045238],[-5.890836,12.037971],[-5.894661,12.040775],[-5.896363,12.045281],[-5.899172,12.044967],[-5.900905,12.046712],[-5.903375,12.045359],[-5.904104,12.042951],[-5.909029,12.041625],[-5.909753,12.039562],[-5.913969,12.038919],[-5.914347,12.036507],[-5.918944,12.033106],[-5.91829,12.028957],[-5.920437,12.025184],[-5.920843,12.020356],[-5.924719,12.018673],[-5.92308,12.008645],[-5.925285,11.999695],[-5.920089,11.994115],[-5.919856,11.983757],[-5.917422,11.982005],[-5.918903,11.975118],[-5.931573,11.970769],[-5.934062,11.96769],[-5.933731,11.965961],[-5.936562,11.963575],[-5.938299,11.964975],[-5.937933,11.966352],[-5.942482,11.967092],[-5.945606,11.969887],[-5.957583,11.96484],[-5.960025,11.965902],[-5.971955,11.964995],[-5.974728,11.967787],[-5.978958,11.965761],[-5.979636,11.96784],[-5.982791,11.967874],[-5.982467,11.965454],[-5.984567,11.965822],[-5.993784,11.956601],[-5.993152,11.95038],[-5.997377,11.9487],[-5.998467,11.945259],[-6.003027,11.944963],[-6.005157,11.942569],[-6.00902,11.94192],[-6.009771,11.937441],[-6.014373,11.933347],[-6.019269,11.934435],[-6.026992,11.933481],[-6.027674,11.935214],[-6.026249,11.93727],[-6.028349,11.937638],[-6.03292,11.936305],[-6.034353,11.933559],[-6.036803,11.93393],[-6.038838,11.940165],[-6.044096,11.94022],[-6.046587,11.936794],[-6.048672,11.938542],[-6.048295,11.940955],[-6.050734,11.942361],[-6.047911,11.944057],[-6.049264,11.948559],[-6.053128,11.947909],[-6.054862,11.949654],[-6.057693,11.947267],[-6.056936,11.952437],[-6.057969,11.954174],[-6.061813,11.95525],[-6.061784,11.958011],[-6.064238,11.958037],[-6.063854,11.96114],[-6.0663,11.961856],[-6.069824,11.960167],[-6.071898,11.96295],[-6.071521,11.965362],[-6.069418,11.96534],[-6.070093,11.967764],[-6.074278,11.969879],[-6.075647,11.973],[-6.078104,11.972681],[-6.082274,11.976176],[-6.080156,11.977535],[-6.079418,11.980979],[-6.075199,11.981971],[-6.076926,11.984405],[-6.077221,11.989587],[-6.075468,11.989568],[-6.073324,11.993343],[-6.078217,11.994775],[-6.077095,12.001323],[-6.085487,12.003481],[-6.083656,12.010712],[-6.086447,12.012122],[-6.086424,12.014193],[-6.088532,12.01387],[-6.089882,12.018717],[-6.0934,12.017718],[-6.101092,12.019869],[-6.101808,12.018495],[-6.104614,12.018525],[-6.105987,12.021301],[-6.109493,12.021337],[-6.109807,12.024792],[-6.111542,12.026536],[-6.113679,12.023451],[-6.11407,12.019658],[-6.116185,12.018644],[-6.115166,12.015527],[-6.11868,12.014873],[-6.121467,12.016627],[-6.124313,12.012859],[-6.125361,12.013215],[-6.125073,12.007343],[-6.129324,12.003244],[-6.129712,11.999796],[-6.132166,11.999821],[-6.130778,11.998426],[-6.132561,11.995683],[-6.135731,11.994334],[-6.13439,11.988452],[-6.136859,11.987096],[-6.144927,11.986833],[-6.1432,11.984399],[-6.146377,11.98236],[-6.147118,11.97857],[-6.150281,11.977912],[-6.149952,11.975837],[-6.152421,11.974481],[-6.15245,11.97172],[-6.154196,11.972428],[-6.154915,11.970709],[-6.157366,11.971079],[-6.161945,11.969054],[-6.163344,11.969413],[-6.163669,11.971833],[-6.165777,11.971509],[-6.168213,11.97326],[-6.171365,11.973637],[-6.172785,11.971925],[-6.174889,11.971947],[-6.177318,11.974388],[-6.182245,11.972711],[-6.182932,11.974099],[-6.185744,11.973437],[-6.187787,11.979326],[-6.186696,11.983113],[-6.183511,11.985843],[-6.184531,11.98896],[-6.182745,11.99205],[-6.184148,11.992064],[-6.184771,11.999665],[-6.182305,12.000676],[-6.182981,12.0031],[-6.192084,12.004572],[-6.194138,12.009426],[-6.195895,12.009099],[-6.196575,12.011177],[-6.199373,12.011895],[-6.20576,12.004709],[-6.210694,12.002342],[-6.210354,12.001303],[-6.21385,12.002373],[-6.217371,12.001027],[-6.219766,12.00692],[-6.224293,12.010073],[-6.224275,12.011799],[-6.226028,12.011816],[-6.226705,12.01424],[-6.231615,12.014288],[-6.231594,12.01636],[-6.232993,12.016719],[-6.235108,12.015704],[-6.237194,12.017451],[-6.239305,12.016781],[-6.239288,12.018507],[-6.243145,12.018545],[-6.245572,12.021331],[-6.255017,12.023841],[-6.256753,12.025585],[-6.264142,12.02324],[-6.268319,12.026388],[-6.273219,12.027472],[-6.276674,12.032685],[-6.276965,12.038557],[-6.281153,12.04067],[-6.28357,12.044491],[-6.285327,12.044163],[-6.285303,12.04658],[-6.288463,12.046265],[-6.288068,12.05075],[-6.293308,12.052872],[-6.292562,12.057354],[-6.293944,12.059439],[-6.29534,12.060143],[-6.299219,12.058109],[-6.303387,12.062292],[-6.302665,12.064357],[-6.305457,12.065765],[-6.304721,12.069211],[-6.307864,12.070622],[-6.307833,12.07373],[-6.302919,12.074027],[-6.302182,12.077473],[-6.303568,12.079213],[-6.306027,12.078891],[-6.309164,12.080993],[-6.309914,12.076167],[-6.312383,12.074809],[-6.316207,12.078299],[-6.317617,12.077622],[-6.31728,12.076238],[-6.319375,12.077294],[-6.321841,12.076282],[-6.32497,12.079074],[-6.324919,12.084253],[-6.327402,12.081514],[-6.330896,12.082929],[-6.335828,12.080905],[-6.34045,12.074734],[-6.34012,12.072659],[-6.342933,12.071995],[-6.344714,12.06925],[-6.346465,12.069612],[-6.346843,12.066853],[-6.349639,12.067916],[-6.35426,12.061745],[-6.358476,12.061094],[-6.362396,12.054916],[-6.366605,12.054956],[-6.369435,12.052566],[-6.370808,12.055686],[-6.373958,12.056407],[-6.384849,12.054783],[-6.390752,12.061053],[-6.388968,12.064144],[-6.393145,12.067636],[-6.396683,12.064562],[-6.407484,12.072259],[-6.413452,12.071969],[-6.414921,12.065077],[-6.417397,12.063028],[-6.416377,12.059566],[-6.419918,12.056146],[-6.42202,12.05651],[-6.423489,12.049618],[-6.424899,12.04894],[-6.423889,12.044442],[-6.425309,12.042729],[-6.421126,12.039928],[-6.421139,12.038547],[-6.424637,12.039615],[-6.426424,12.036178],[-6.430974,12.037256],[-6.433806,12.03452],[-6.433475,12.032445],[-6.435576,12.03281],[-6.43595,12.030396],[-6.440208,12.025255],[-6.437477,12.017288],[-6.444473,12.019424],[-6.449348,12.023267],[-6.457763,12.023689],[-6.460189,12.026819],[-6.461966,12.024418],[-6.466188,12.023075],[-6.468958,12.026899],[-6.47737,12.027665],[-6.476653,12.029386],[-6.478033,12.031815],[-6.48121,12.029772],[-6.483298,12.031517],[-6.483327,12.02841],[-6.484734,12.028077],[-6.484058,12.025309],[-6.485464,12.024976],[-6.488337,12.01775],[-6.491163,12.015704],[-6.49085,12.011557],[-6.488421,12.008773],[-6.490554,12.005684],[-6.492311,12.005354],[-6.495535,11.998131],[-6.501147,11.998182],[-6.502537,11.999575],[-6.505005,11.998216],[-6.508841,12.000667],[-6.515518,11.999346],[-6.515208,11.994854],[-6.513812,11.99415],[-6.512393,11.995865],[-6.511704,11.994477],[-6.511388,11.990676],[-6.513139,11.991037],[-6.513148,11.990001],[-6.510428,11.980653],[-6.505198,11.977153],[-6.507338,11.973373],[-6.506655,11.971295],[-6.509113,11.970972],[-6.509129,11.969245],[-6.512295,11.968238],[-6.514071,11.965836],[-6.521088,11.965553],[-6.522513,11.963148],[-6.526014,11.96387],[-6.527075,11.962843],[-6.529154,11.965624],[-6.535805,11.967064],[-6.537243,11.963278],[-6.540048,11.963302],[-6.541088,11.964693],[-6.543195,11.964366],[-6.543565,11.962297],[-6.547413,11.963367],[-6.548478,11.961995],[-6.54952,11.96304],[-6.556923,11.95896],[-6.560051,11.962096],[-6.566709,11.962844],[-6.567748,11.964235],[-6.568816,11.962517],[-6.571619,11.962887],[-6.57128,11.961502],[-6.57479,11.961188],[-6.576578,11.957404],[-6.579377,11.958119],[-6.581857,11.955378],[-6.583943,11.957468],[-6.589204,11.957513],[-6.590274,11.95545],[-6.596236,11.955501],[-6.597316,11.952402],[-6.601158,11.954162],[-6.606428,11.953171],[-6.607142,11.951795],[-6.608188,11.952495],[-6.608224,11.948351],[-6.610676,11.948717],[-6.611408,11.94527],[-6.613518,11.944597],[-6.615607,11.946342],[-6.615244,11.94772],[-6.617352,11.947393],[-6.618773,11.945333],[-6.616348,11.941859],[-6.624087,11.939161],[-6.625475,11.9409],[-6.628647,11.9392],[-6.628266,11.94265],[-6.629654,11.944389],[-6.631407,11.944403],[-6.633538,11.941313],[-6.635283,11.942364],[-6.639506,11.940673],[-6.640903,11.941375],[-6.64019,11.942751],[-6.64614,11.944182],[-6.650019,11.941797],[-6.650741,11.939385],[-6.659158,11.939456],[-6.660549,11.940849],[-6.66018,11.942918],[-6.663013,11.939833],[-6.665444,11.942616],[-6.670369,11.94093],[-6.671394,11.944047],[-6.674563,11.942692],[-6.675992,11.939595],[-6.67985,11.939627],[-6.679824,11.942735],[-6.681562,11.944476],[-6.680148,11.945846],[-6.68293,11.948632],[-6.689959,11.946963],[-6.69102,11.945936],[-6.690336,11.943858],[-6.692449,11.942839],[-6.694872,11.946658],[-6.697681,11.946336],[-6.698418,11.942197],[-6.701594,11.939806],[-6.70262,11.942922],[-6.706815,11.944684],[-6.708948,11.941247],[-6.712818,11.939897],[-6.725093,11.939997],[-6.732444,11.941783],[-6.733125,11.944206],[-6.739444,11.943566],[-6.739783,11.944951],[-6.744012,11.942567],[-6.747508,11.943977],[-6.748586,11.940877],[-6.754543,11.941615],[-6.754529,11.943342],[-6.760112,11.94684],[-6.76149,11.94996],[-6.763181,11.957572],[-6.764578,11.958274],[-6.762448,11.961365],[-6.765234,11.963805],[-6.765212,11.966568],[-6.774657,11.969751],[-6.778103,11.977377],[-6.78229,11.980174],[-6.784001,11.985368],[-6.787147,11.986774],[-6.786751,11.992297],[-6.784983,11.99401],[-6.789889,11.99474],[-6.792314,11.998558],[-6.797211,12.000324],[-6.798247,12.002404],[-6.802816,12.001404],[-6.804256,11.996925],[-6.807416,11.996605],[-6.809189,11.994201],[-6.814769,11.998389],[-6.817578,11.998066],[-6.817601,11.995303],[-6.813753,11.993891],[-6.814468,11.99217],[-6.819388,11.991172],[-6.819408,11.988754],[-6.817656,11.988395],[-6.819079,11.985989],[-6.818761,11.981841],[-6.820518,11.98151],[-6.821209,11.982897],[-6.826128,11.981899],[-6.827554,11.979146],[-6.824413,11.97705],[-6.829338,11.975361],[-6.829363,11.972253],[-6.832169,11.972274],[-6.82833,11.969827],[-6.828344,11.9681],[-6.825537,11.968078],[-6.822104,11.958726],[-6.823532,11.955628],[-6.820033,11.954565],[-6.821447,11.953194],[-6.820096,11.946621],[-6.823966,11.94527],[-6.827465,11.946333],[-6.829583,11.944622],[-6.832033,11.945332],[-6.833102,11.943268],[-6.840838,11.94091],[-6.845378,11.943362],[-6.847135,11.94303],[-6.847502,11.940961],[-6.850308,11.940982],[-6.853435,11.944806],[-6.852358,11.947906],[-6.855151,11.949654],[-6.856214,11.948281],[-6.860418,11.949004],[-6.863237,11.947298],[-6.863912,11.950757],[-6.869184,11.949416],[-6.872336,11.950131],[-6.87375,11.94876],[-6.876537,11.951199],[-6.878642,11.951214],[-6.881815,11.949166],[-6.881472,11.948127],[-6.886032,11.948161],[-6.888817,11.950946],[-6.893385,11.949944],[-6.89481,11.947191],[-6.895503,11.948233],[-6.896213,11.947202],[-6.90077,11.947581],[-6.902861,11.949324],[-6.90359,11.945875],[-6.905349,11.945197],[-6.905017,11.942777],[-6.913382,11.949748],[-6.914094,11.948371],[-6.916199,11.948387],[-6.916571,11.945626],[-6.919029,11.945299],[-6.919396,11.943229],[-6.929932,11.94158],[-6.933429,11.942987],[-6.933406,11.946096],[-6.939369,11.94614],[-6.940736,11.950986],[-6.944945,11.951017],[-6.944576,11.953432],[-6.948788,11.953117],[-6.94917,11.948975],[-6.955142,11.947982],[-6.956176,11.950408],[-6.959692,11.949397],[-6.960424,11.945257],[-6.959377,11.944559],[-6.961502,11.941811],[-6.969209,11.943248],[-6.970249,11.944983],[-6.978686,11.942626],[-6.976919,11.94434],[-6.977577,11.950217],[-6.983556,11.948188],[-6.985297,11.949927],[-6.98247,11.95267],[-6.984217,11.953719],[-6.989138,11.952373],[-6.990211,11.949617],[-6.993012,11.950328],[-6.994072,11.949299],[-6.996868,11.950701],[-7.000031,11.950032],[-7.001073,11.951422],[-7.010908,11.949764],[-7.015804,11.951871],[-7.016892,11.947043],[-7.019696,11.947408],[-7.019711,11.945336],[-7.022868,11.945358],[-7.02253,11.943628],[-7.025697,11.942269],[-7.028837,11.944709],[-7.02915,11.949893],[-7.030889,11.951978],[-7.036141,11.953396],[-7.038254,11.952375],[-7.037562,11.950988],[-7.040018,11.951005],[-7.040038,11.948242],[-7.044255,11.947235],[-7.043232,11.943082],[-7.048484,11.944501],[-7.049174,11.946233],[-7.054087,11.945921],[-7.055832,11.947315],[-7.058648,11.945953],[-7.061795,11.947356],[-7.067443,11.942559],[-7.07481,11.94261],[-7.077955,11.944358],[-7.079684,11.947825],[-7.078961,11.950929],[-7.082813,11.951991],[-7.0895,11.948928],[-7.089524,11.945474],[-7.094779,11.946546],[-7.096541,11.945521],[-7.096204,11.943446],[-7.100068,11.942781],[-7.100056,11.944509],[-7.104958,11.945924],[-7.114432,11.945642],[-7.116499,11.951183],[-7.126991,11.956089],[-7.127323,11.958855],[-7.129077,11.958867],[-7.129413,11.960942],[-7.128342,11.963699],[-7.125879,11.964718],[-7.126564,11.967141],[-7.131108,11.96959],[-7.131447,11.971319],[-7.143355,11.974507],[-7.141231,11.977257],[-7.140854,11.981055],[-7.146833,11.979021],[-7.147907,11.975919],[-7.153523,11.975611],[-7.15597,11.977009],[-7.165107,11.974996],[-7.166889,11.970862],[-7.170744,11.971578],[-7.176739,11.967126],[-7.177115,11.963329],[-7.17573,11.960556],[-7.177159,11.956765],[-7.182431,11.955417],[-7.187689,11.956142],[-7.194736,11.951697],[-7.204224,11.949339],[-7.207412,11.944868],[-7.208795,11.947986],[-7.210198,11.947995],[-7.210913,11.945927],[-7.21618,11.94527],[-7.216543,11.943545],[-7.220046,11.944258],[-7.22004,11.945294],[-7.224958,11.944289],[-7.228811,11.94535],[-7.229874,11.943629],[-7.23619,11.943669],[-7.237575,11.946441],[-7.239682,11.946109],[-7.238603,11.950248],[-7.243504,11.952006],[-7.243826,11.956499],[-7.247341,11.955485],[-7.248733,11.957221],[-7.251893,11.956895],[-7.252229,11.959315],[-7.250459,11.961723],[-7.253263,11.962086],[-7.254993,11.965897],[-7.25675,11.965562],[-7.25673,11.968671],[-7.255322,11.969353],[-7.255991,11.97454],[-7.257741,11.975242],[-7.256666,11.97869],[-7.259473,11.978707],[-7.260539,11.976641],[-7.261938,11.977341],[-7.261914,11.981141],[-7.264359,11.982883],[-7.263979,11.987372],[-7.270249,11.994666],[-7.272346,11.996061],[-7.281119,11.996115],[-7.282165,11.997158],[-7.289201,11.994437],[-7.297268,11.995177],[-7.297601,11.997943],[-7.296185,12.000007],[-7.298282,12.001402],[-7.29862,12.003477],[-7.302478,12.003846],[-7.303847,12.009382],[-7.307341,12.011821],[-7.30626,12.016306],[-7.308008,12.017353],[-7.313277,12.016694],[-7.317467,12.020174],[-7.317859,12.013612],[-7.325231,12.013311],[-7.325948,12.010897],[-7.329466,12.009536],[-7.328787,12.005732],[-7.332658,12.004027],[-7.338613,12.00579],[-7.339301,12.008213],[-7.344565,12.008244],[-7.344892,12.012046],[-7.348045,12.013101],[-7.348028,12.015865],[-7.34978,12.016221],[-7.350463,12.019335],[-7.351521,12.01865],[-7.354377,12.01072],[-7.347395,12.00446],[-7.348129,11.999282],[-7.347087,11.997549],[-7.351663,11.995157],[-7.354458,11.997247],[-7.35482,11.995521],[-7.360796,11.993829],[-7.35802,11.98863],[-7.360128,11.988297],[-7.361897,11.985889],[-7.361216,11.98243],[-7.358759,11.982415],[-7.358072,11.979993],[-7.35387,11.978586],[-7.353878,11.977204],[-7.356689,11.97653],[-7.356353,11.97411],[-7.358818,11.972742],[-7.361268,11.973793],[-7.362678,11.972765],[-7.363396,11.970005],[-7.361995,11.969651],[-7.361669,11.965503],[-7.362381,11.96378],[-7.365194,11.96276],[-7.363797,11.961715],[-7.365225,11.957578],[-7.363826,11.956878],[-7.363838,11.954806],[-7.368053,11.954139],[-7.368421,11.951377],[-7.374026,11.952792],[-7.37542,11.954527],[-7.378231,11.953853],[-7.38138,11.955253],[-7.379259,11.958004],[-7.379234,11.96215],[-7.382388,11.962859],[-7.382006,11.96804],[-7.385858,11.969444],[-7.39043,11.967743],[-7.39044,11.966015],[-7.394651,11.966039],[-7.395012,11.964314],[-7.397119,11.96398],[-7.398864,11.965718],[-7.401332,11.963659],[-7.404837,11.96437],[-7.405906,11.961612],[-7.408011,11.961624],[-7.40733,11.958165],[-7.411908,11.955427],[-7.413662,11.955437],[-7.415741,11.95994],[-7.42241,11.959632],[-7.424494,11.963444],[-7.430465,11.962441],[-7.4308,11.965207],[-7.433964,11.964188],[-7.435001,11.966958],[-7.437106,11.96697],[-7.439929,11.964222],[-7.437493,11.960753],[-7.437515,11.956953],[-7.439622,11.956619],[-7.438936,11.953851],[-7.4421,11.952832],[-7.442439,11.954907],[-7.448749,11.955978],[-7.448034,11.958393],[-7.450835,11.959445],[-7.456804,11.958787],[-7.459947,11.961568],[-7.459223,11.965365],[-7.462725,11.966766],[-7.464113,11.969538],[-7.467992,11.966104],[-7.467651,11.964374],[-7.469753,11.965077],[-7.471874,11.962324],[-7.474328,11.962683],[-7.475743,11.960618],[-7.478198,11.960977],[-7.478186,11.96305],[-7.482715,11.968948],[-7.495697,11.969363],[-7.497109,11.967989],[-7.501661,11.969741],[-7.506231,11.968383],[-7.507268,11.971153],[-7.509721,11.971857],[-7.51251,11.975327],[-7.517081,11.973623],[-7.520236,11.974331],[-7.520243,11.972949],[-7.523398,11.973657],[-7.523422,11.969165],[-7.525546,11.965721],[-7.528354,11.965736],[-7.528712,11.964356],[-7.530814,11.965058],[-7.531527,11.962988],[-7.534695,11.961277],[-7.536095,11.961976],[-7.536819,11.957833],[-7.542454,11.954062],[-7.542119,11.95095],[-7.543178,11.949919],[-7.545979,11.95097],[-7.547745,11.948906],[-7.551952,11.949619],[-7.554043,11.952394],[-7.555097,11.952054],[-7.554736,11.954125],[-7.559992,11.955534],[-7.560679,11.958302],[-7.563826,11.960391],[-7.569447,11.959383],[-7.570487,11.961807],[-7.569074,11.963528],[-7.571172,11.964921],[-7.575045,11.962522],[-7.570789,11.971138],[-7.57218,11.973564],[-7.574987,11.973578],[-7.576382,11.975313],[-7.578842,11.974634],[-7.57918,11.977055],[-7.581281,11.978102],[-7.582693,11.976381],[-7.583039,11.97742],[-7.585497,11.977087],[-7.593539,11.983001],[-7.595299,11.981973],[-7.597394,11.984057],[-7.60476,11.984785],[-7.606157,11.986174],[-7.605794,11.988591],[-7.610362,11.987577],[-7.612458,11.989315],[-7.613143,11.992774],[-7.616647,11.993828],[-7.618741,11.996257],[-7.623309,11.995243],[-7.626808,11.997333],[-7.634891,11.995299],[-7.634875,11.998409],[-7.636618,12.000836],[-7.634851,12.003246],[-7.636604,12.003601],[-7.639035,12.008795],[-7.638321,12.011211],[-7.646027,12.014358],[-7.648121,12.016787],[-7.649857,12.020596],[-7.648785,12.024392],[-7.651939,12.025444],[-7.651927,12.027862],[-7.656145,12.026846],[-7.656489,12.02823],[-7.657547,12.027198],[-7.659648,12.028245],[-7.661413,12.02618],[-7.666329,12.025858],[-7.665942,12.033113],[-7.664881,12.034835],[-7.662775,12.034825],[-7.665573,12.036912],[-7.665562,12.038985],[-7.667316,12.039339],[-7.666239,12.044171],[-7.66904,12.045567],[-7.672914,12.043167],[-7.675369,12.043524],[-7.67745,12.048717],[-7.679207,12.048379],[-7.68165,12.051501],[-7.683405,12.051509],[-7.684448,12.053587],[-7.686556,12.053252],[-7.686198,12.054632],[-7.68865,12.05568],[-7.685835,12.057049],[-7.685827,12.058777],[-7.681962,12.05945],[-7.681604,12.06083],[-7.685108,12.062229],[-7.684384,12.066718],[-7.682625,12.0674],[-7.68331,12.070859],[-7.680497,12.071882],[-7.678022,12.075326],[-7.682934,12.07604],[-7.68292,12.078805],[-7.68608,12.078819],[-7.687118,12.081934],[-7.691674,12.083683],[-7.693062,12.087145],[-7.69552,12.087157],[-7.696212,12.089233],[-7.697616,12.08924],[-7.697255,12.091311],[-7.700042,12.095817],[-7.699668,12.100652],[-7.703172,12.102051],[-7.700683,12.108605],[-7.703841,12.108965],[-7.703465,12.114146],[-7.70766,12.117967],[-7.705525,12.123831],[-7.709739,12.123851],[-7.709746,12.122469],[-7.712562,12.121099],[-7.71572,12.12146],[-7.717135,12.119393],[-7.724867,12.118046],[-7.725933,12.115287],[-7.730493,12.116345],[-7.729806,12.113231],[-7.733319,12.112902],[-7.736817,12.115682],[-7.736451,12.118791],[-7.732937,12.119466],[-7.733275,12.122231],[-7.737133,12.123286],[-7.736772,12.125357],[-7.73817,12.126746],[-7.740979,12.126759],[-7.7399,12.132282],[-7.736385,12.132958],[-7.734962,12.136752],[-7.727236,12.136717],[-7.726194,12.134293],[-7.721266,12.136689],[-7.719852,12.138756],[-7.721951,12.140493],[-7.720841,12.152237],[-7.715919,12.15325],[-7.715908,12.155669],[-7.713799,12.156005],[-7.712732,12.158764],[-7.709926,12.15806],[-7.707098,12.161848],[-7.703582,12.162522],[-7.709526,12.168079],[-7.707758,12.170489],[-7.706002,12.170481],[-7.705266,12.177389],[-7.703161,12.177033],[-7.701396,12.178752],[-7.700679,12.181859],[-7.703137,12.181871],[-7.706277,12.186377],[-7.704863,12.188098],[-7.705189,12.193283],[-7.706942,12.193982],[-7.704826,12.1957],[-7.704818,12.197428],[-7.706221,12.19778],[-7.705507,12.200195],[-7.707951,12.203317],[-7.710057,12.203672],[-7.711794,12.207481],[-7.707564,12.210571],[-7.70649,12.214712],[-7.70403,12.215046],[-7.701198,12.219525],[-7.698394,12.21813],[-7.697681,12.2202],[-7.695224,12.219842],[-7.693451,12.223289],[-7.692046,12.223283],[-7.691004,12.220859],[-7.689246,12.221196],[-7.688869,12.226377],[-7.68537,12.223596],[-7.682558,12.223928],[-7.681177,12.219084],[-7.673789,12.221122],[-7.665362,12.22039],[-7.665335,12.225919],[-7.663225,12.226254],[-7.661806,12.229011],[-7.657587,12.229682],[-7.656878,12.23106],[-7.654066,12.231392],[-7.654059,12.232774],[-7.649149,12.231023],[-7.648436,12.233092],[-7.643871,12.232724],[-7.643862,12.234452],[-7.640696,12.235473],[-7.63821,12.240643],[-7.636805,12.240636],[-7.637144,12.243057],[-7.635737,12.243395],[-7.635018,12.246502],[-7.631855,12.246831],[-7.631129,12.25132],[-7.629016,12.252346],[-7.627592,12.255794],[-7.625834,12.256131],[-7.625112,12.259928],[-7.622638,12.262679],[-7.617028,12.260578],[-7.611744,12.263316],[-7.612426,12.26712],[-7.609261,12.267795],[-7.608549,12.269519],[-7.609942,12.271945],[-7.605376,12.271576],[-7.603609,12.27364],[-7.603931,12.27917],[-7.601105,12.28192],[-7.59865,12.281216],[-7.594424,12.282922],[-7.592324,12.281529],[-7.590902,12.284632],[-7.584914,12.287365],[-7.582821,12.28459],[-7.574725,12.287312],[-7.57439,12.284201],[-7.567715,12.284166],[-7.567021,12.282435],[-7.565263,12.282771],[-7.564938,12.277932],[-7.559666,12.27825],[-7.556554,12.268904],[-7.554454,12.267511],[-7.551987,12.26888],[-7.5499,12.265069],[-7.55061,12.26369],[-7.548166,12.260913],[-7.546753,12.262288],[-7.54324,12.262269],[-7.533068,12.259451],[-7.529196,12.260812],[-7.52953,12.263924],[-7.526717,12.264254],[-7.521822,12.260082],[-7.521104,12.262842],[-7.519006,12.261103],[-7.516541,12.262126],[-7.516178,12.264197],[-7.511953,12.265902],[-7.512636,12.269361],[-7.511219,12.271426],[-7.509111,12.271415],[-7.508401,12.272793],[-7.500673,12.272405],[-7.497853,12.274117],[-7.499928,12.280002],[-7.496044,12.283436],[-7.497088,12.285169],[-7.49602,12.287582],[-7.492846,12.289638],[-7.484761,12.290284],[-7.484726,12.296503],[-7.482969,12.296493],[-7.482959,12.298221],[-7.489591,12.305858],[-7.487473,12.307574],[-7.487805,12.311031],[-7.490257,12.312427],[-7.489536,12.315532],[-7.491625,12.318999],[-7.492685,12.317968],[-7.495492,12.318675],[-7.497924,12.323525],[-7.49474,12.327308],[-7.497877,12.331817],[-7.494003,12.333178],[-7.493277,12.33732],[-7.491514,12.338347],[-7.490412,12.346633],[-7.493928,12.346307],[-7.496023,12.348737],[-7.4992,12.346336],[-7.502345,12.349463],[-7.499877,12.350831],[-7.50022,12.352215],[-7.503721,12.354653],[-7.506189,12.353284],[-7.506206,12.350175],[-7.513942,12.349526],[-7.51572,12.345735],[-7.518522,12.347478],[-7.526253,12.34752],[-7.526226,12.352357],[-7.529368,12.356175],[-7.528985,12.361701],[-7.534591,12.364841],[-7.537053,12.364508],[-7.543337,12.372143],[-7.538755,12.374537],[-7.538714,12.381793],[-7.544693,12.381134],[-7.550297,12.384619],[-7.553109,12.384634],[-7.554532,12.381532],[-7.558744,12.382591],[-7.559438,12.384322],[-7.557667,12.386731],[-7.55765,12.389841],[-7.554825,12.392245],[-7.557276,12.393985],[-7.556202,12.397435],[-7.558647,12.400212],[-7.557202,12.40746],[-7.559997,12.410584],[-7.564568,12.410263],[-7.567015,12.412695],[-7.567348,12.416152],[-7.571219,12.415481],[-7.571912,12.417212],[-7.569771,12.423075],[-7.565906,12.422709],[-7.560973,12.424756],[-7.562011,12.427871],[-7.559884,12.430969],[-7.565862,12.430655],[-7.565146,12.43307],[-7.56233,12.433746],[-7.564745,12.442051],[-7.562265,12.445493],[-7.559447,12.446515],[-7.558058,12.443398],[-7.554896,12.443035],[-7.553115,12.447172],[-7.550654,12.447159],[-7.549231,12.450261],[-7.546065,12.450589],[-7.54851,12.453367],[-7.548497,12.455785],[-7.542845,12.460592],[-7.541425,12.463003],[-7.542472,12.464391],[-7.540714,12.464381],[-7.540691,12.468527],[-7.538214,12.471278],[-7.537826,12.47784],[-7.539226,12.478884],[-7.537459,12.480602],[-7.531485,12.479879],[-7.53045,12.476418],[-7.525893,12.473975],[-7.522018,12.475336],[-7.520598,12.477746],[-7.51849,12.477389],[-7.517056,12.482219],[-7.514231,12.484276],[-7.511419,12.484261],[-7.509992,12.487708],[-7.505769,12.488375],[-7.505054,12.490444],[-7.503298,12.490089],[-7.502607,12.488012],[-7.501542,12.489734],[-7.496973,12.489363],[-7.495185,12.494536],[-7.485326,12.496899],[-7.484243,12.50173],[-7.482129,12.502409],[-7.484219,12.505876],[-7.483853,12.508292],[-7.48033,12.509309],[-7.479607,12.51276],[-7.482745,12.517269],[-7.483416,12.522801],[-7.481996,12.525211],[-7.477768,12.526569],[-7.477042,12.530366],[-7.478085,12.532445],[-7.477012,12.535548],[-7.479829,12.534873],[-7.482264,12.539378],[-7.478044,12.539354],[-7.4752,12.544521],[-7.473794,12.544513],[-7.474123,12.548315],[-7.476924,12.550404],[-7.475516,12.550741],[-7.475499,12.553505],[-7.471984,12.55314],[-7.472344,12.55176],[-7.47024,12.550711],[-7.467427,12.550695],[-7.466034,12.548269],[-7.462861,12.549633],[-7.460056,12.548235],[-7.455801,12.554084],[-7.456138,12.556504],[-7.454379,12.556494],[-7.4533,12.560634],[-7.449081,12.560264],[-7.447666,12.561638],[-7.447296,12.564745],[-7.448703,12.564753],[-7.449044,12.566483],[-7.44797,12.569586],[-7.445854,12.57061],[-7.440936,12.569545],[-7.438501,12.565039],[-7.435688,12.565023],[-7.4336,12.56121],[-7.431488,12.561544],[-7.431195,12.551868],[-7.428735,12.551508],[-7.428045,12.549431],[-7.424538,12.547683],[-7.424903,12.545612],[-7.420331,12.545585],[-7.419286,12.543852],[-7.416821,12.544528],[-7.415075,12.542445],[-7.414702,12.545898],[-7.412232,12.547265],[-7.410126,12.546562],[-7.410488,12.544836],[-7.409088,12.543792],[-7.404175,12.542035],[-7.400993,12.54478],[-7.395356,12.546474],[-7.394633,12.549579],[-7.396364,12.55408],[-7.393167,12.559244],[-7.395969,12.560988],[-7.396649,12.564792],[-7.393478,12.56581],[-7.393113,12.567881],[-7.390302,12.567518],[-7.390286,12.569936],[-7.393784,12.573067],[-7.39342,12.575138],[-7.396227,12.576191],[-7.398318,12.579313],[-7.396199,12.580682],[-7.396885,12.58345],[-7.39547,12.584823],[-7.396518,12.585866],[-7.393698,12.586886],[-7.391592,12.586182],[-7.390552,12.583758],[-7.388086,12.584434],[-7.388757,12.58962],[-7.390157,12.590665],[-7.386636,12.591335],[-7.386256,12.595824],[-7.378865,12.59647],[-7.37677,12.594039],[-7.374983,12.598519],[-7.371105,12.599878],[-7.370391,12.601601],[-7.373478,12.614057],[-7.37203,12.620612],[-7.36885,12.622666],[-7.368842,12.624047],[-7.370592,12.62544],[-7.369165,12.628541],[-7.371964,12.630976],[-7.3723,12.633397],[-7.368072,12.634407],[-7.367343,12.638549],[-7.36838,12.641319],[-7.370498,12.640295],[-7.37225,12.641342],[-7.370465,12.645477],[-7.37149,12.65032],[-7.369366,12.65238],[-7.372519,12.654472],[-7.372499,12.657582],[-7.367578,12.65686],[-7.362631,12.660285],[-7.362288,12.658901],[-7.359827,12.65854],[-7.357699,12.661291],[-7.353822,12.662303],[-7.35137,12.660561],[-7.347852,12.660539],[-7.347861,12.659157],[-7.346093,12.660528],[-7.342933,12.659472],[-7.340814,12.660841],[-7.342201,12.663959],[-7.341473,12.667754],[-7.339713,12.667743],[-7.340749,12.670859],[-7.339326,12.673269],[-7.337215,12.673255],[-7.336489,12.676706],[-7.338595,12.67741],[-7.343891,12.674679],[-7.349155,12.676785],[-7.349496,12.678514],[-7.351602,12.679218],[-7.35227,12.68475],[-7.351208,12.68578],[-7.353667,12.686486],[-7.353996,12.689943],[-7.349772,12.690262],[-7.35152,12.692],[-7.350455,12.693376],[-7.346233,12.693349],[-7.343405,12.695404],[-7.344095,12.697482],[-7.345852,12.697838],[-7.344075,12.700591],[-7.336681,12.701235],[-7.337374,12.702967],[-7.335948,12.705722],[-7.332409,12.708809],[-7.327129,12.709121],[-7.323944,12.711865],[-7.321835,12.711506],[-7.321437,12.718413],[-7.318983,12.717016],[-7.314722,12.722862],[-7.310147,12.722832],[-7.308731,12.724205],[-7.307323,12.724196],[-7.305582,12.721421],[-7.302764,12.721749],[-7.301697,12.723469],[-7.298539,12.722067],[-7.295715,12.723431],[-7.292571,12.719956],[-7.283434,12.71817],[-7.281672,12.718504],[-7.281656,12.720922],[-7.279192,12.720906],[-7.278128,12.722281],[-7.278799,12.727122],[-7.274902,12.730896],[-7.275953,12.731594],[-7.274532,12.733658],[-7.275207,12.737808],[-7.276962,12.73851],[-7.276235,12.74196],[-7.272697,12.744701],[-7.270238,12.743994],[-7.269528,12.745025],[-7.270213,12.747794],[-7.26915,12.748823],[-7.270555,12.749178],[-7.270539,12.751596],[-7.267357,12.753648],[-7.269096,12.756768],[-7.263793,12.760188],[-7.263052,12.765711],[-7.264091,12.768136],[-7.260205,12.770183],[-7.263007,12.772274],[-7.262629,12.776072],[-7.259794,12.778817],[-7.252061,12.777384],[-7.250639,12.779447],[-7.248527,12.779433],[-7.249576,12.780476],[-7.248151,12.782885],[-7.248826,12.787035],[-7.246372,12.785637],[-7.246015,12.786325],[-7.246703,12.788748],[-7.248458,12.789451],[-7.247383,12.792207],[-7.250898,12.792922],[-7.250529,12.795337],[-7.248061,12.796012],[-7.250855,12.79914],[-7.248389,12.799469],[-7.248707,12.804307],[-7.24553,12.805668],[-7.246222,12.8074],[-7.244095,12.809458],[-7.243365,12.813253],[-7.236998,12.817702],[-7.23837,12.822893],[-7.234828,12.825978],[-7.234801,12.829778],[-7.231633,12.829757],[-7.230565,12.831477],[-7.223158,12.8335],[-7.221701,12.840399],[-7.219249,12.838655],[-7.216423,12.840018],[-7.213281,12.836196],[-7.203786,12.83475],[-7.203447,12.83302],[-7.198885,12.830916],[-7.198196,12.828839],[-7.195729,12.829167],[-7.195739,12.827786],[-7.192573,12.827418],[-7.188741,12.821865],[-7.184531,12.819763],[-7.182749,12.82286],[-7.184839,12.825983],[-7.179911,12.825949],[-7.179878,12.83044],[-7.177055,12.831457],[-7.17668,12.834563],[-7.17314,12.837302],[-7.173834,12.838689],[-7.171368,12.839017],[-7.170326,12.836937],[-7.167153,12.837606],[-7.162874,12.845176],[-7.157583,12.84652],[-7.155526,12.838906],[-7.151669,12.836806],[-7.150983,12.834383],[-7.147812,12.834706],[-7.146067,12.832622],[-7.144305,12.832955],[-7.143573,12.836749],[-7.133341,12.839786],[-7.130836,12.845295],[-7.126943,12.848031],[-7.125867,12.850786],[-7.129351,12.855647],[-7.132859,12.857399],[-7.133897,12.859825],[-7.135308,12.85949],[-7.135295,12.861217],[-7.130362,12.861872],[-7.128935,12.86428],[-7.126479,12.863226],[-7.126463,12.865299],[-7.119396,12.868703],[-7.118674,12.871116],[-7.115501,12.871784],[-7.114807,12.870397],[-7.112694,12.870382],[-7.110222,12.8714],[-7.108123,12.869658],[-7.107794,12.866547],[-7.105337,12.865493],[-7.103921,12.866519],[-7.100409,12.865457],[-7.098283,12.867169],[-7.095835,12.865078],[-7.09372,12.865408],[-7.093357,12.866787],[-7.088082,12.866058],[-7.085659,12.860514],[-7.082835,12.861529],[-7.076874,12.858377],[-7.073346,12.859387],[-7.072306,12.857307],[-7.066657,12.859338],[-7.064521,12.862431],[-7.059942,12.862743],[-7.058873,12.864462],[-7.053936,12.865461],[-7.049367,12.864391],[-7.048999,12.866461],[-7.046532,12.866788],[-7.04722,12.868866],[-7.045802,12.870237],[-7.043007,12.867453],[-7.039129,12.868114],[-7.037379,12.86672],[-7.035256,12.868085],[-7.034216,12.866005],[-7.032107,12.865644],[-7.032832,12.862886],[-7.029667,12.862517],[-7.025776,12.864905],[-7.022266,12.863497],[-7.019084,12.8652],[-7.018006,12.867956],[-7.014486,12.867929],[-7.013771,12.869305],[-7.010958,12.868938],[-7.010267,12.867206],[-7.008149,12.867881],[-7.006007,12.871664],[-7.00598,12.875118],[-7.00387,12.874757],[-6.999627,12.877142],[-6.996109,12.87677],[-6.99398,12.878826],[-6.988004,12.877744],[-6.987638,12.879468],[-6.983394,12.881853],[-6.976738,12.877657],[-6.976006,12.881106],[-6.973187,12.881429],[-6.973525,12.883159],[-6.968954,12.882433],[-6.968236,12.884154],[-6.966121,12.884483],[-6.96088,12.879607],[-6.959896,12.870618],[-6.957812,12.867148],[-6.953238,12.866767],[-6.955376,12.863675],[-6.954342,12.860904],[-6.957209,12.854709],[-6.948065,12.853601],[-6.944931,12.849432],[-6.94176,12.849753],[-6.939316,12.847316],[-6.934022,12.849001],[-6.930544,12.843793],[-6.931262,12.842071],[-6.928446,12.842049],[-6.928111,12.839974],[-6.924597,12.839255],[-6.92496,12.837877],[-6.922863,12.836133],[-6.923939,12.833724],[-6.921847,12.83129],[-6.915173,12.82951],[-6.914836,12.82778],[-6.916945,12.828142],[-6.917322,12.825037],[-6.914878,12.822599],[-6.906349,12.832548],[-6.904246,12.831495],[-6.900008,12.833188],[-6.897206,12.831439],[-6.89508,12.833149],[-6.894056,12.829341],[-6.891938,12.830015],[-6.889844,12.827926],[-6.885269,12.827889],[-6.882147,12.822338],[-6.879329,12.822661],[-6.877235,12.820571],[-6.873712,12.820888],[-6.871964,12.819493],[-6.871635,12.816727],[-6.867406,12.817383],[-6.8685,12.812902],[-6.866746,12.812197],[-6.862232,12.804907],[-6.858716,12.804533],[-6.85269,12.809665],[-6.849877,12.809297],[-6.850194,12.813444],[-6.851942,12.81484],[-6.849475,12.815165],[-6.847695,12.817568],[-6.84173,12.815447],[-6.83636,12.82611],[-6.831424,12.827105],[-6.829998,12.829166],[-6.828605,12.827427],[-6.825775,12.829131],[-6.822965,12.828417],[-6.821874,12.832552],[-6.81907,12.831147],[-6.818399,12.827343],[-6.816991,12.827331],[-6.812369,12.832819],[-6.807426,12.834504],[-6.807387,12.838994],[-6.809499,12.839011],[-6.809487,12.840393],[-6.805962,12.841054],[-6.804208,12.840349],[-6.803188,12.836196],[-6.793683,12.836462],[-6.792365,12.826089],[-6.788485,12.827093],[-6.785682,12.825688],[-6.785697,12.823961],[-6.784289,12.823949],[-6.782554,12.821172],[-6.780442,12.821154],[-6.783306,12.815652],[-6.77979,12.815277],[-6.778716,12.81734],[-6.773789,12.817298],[-6.77,12.807941],[-6.766827,12.808605],[-6.766839,12.807224],[-6.754887,12.805741],[-6.753794,12.809876],[-6.752041,12.80917],[-6.750254,12.812263],[-6.746729,12.812924],[-6.741833,12.809428],[-6.740132,12.802852],[-6.735906,12.803161],[-6.734172,12.800383],[-6.731344,12.80174],[-6.72961,12.798962],[-6.727495,12.799289],[-6.727125,12.801358],[-6.724297,12.802715],[-6.723547,12.807889],[-6.721417,12.809943],[-6.717192,12.810252],[-6.716815,12.813011],[-6.711552,12.811239],[-6.708363,12.813628],[-6.708728,12.81225],[-6.706619,12.811886],[-6.706311,12.807049],[-6.703129,12.808748],[-6.696443,12.808689],[-6.696474,12.805236],[-6.688042,12.803781],[-6.687008,12.801354],[-6.683857,12.7996],[-6.683518,12.798216],[-6.685639,12.797198],[-6.684973,12.793048],[-6.683217,12.792687],[-6.682887,12.790267],[-6.681482,12.789909],[-6.682205,12.787844],[-6.679748,12.787131],[-6.679764,12.785405],[-6.674154,12.783283],[-6.674892,12.779491],[-6.672433,12.779124],[-6.672451,12.777052],[-6.670699,12.776346],[-6.665767,12.776993],[-6.665434,12.774918],[-6.662984,12.773515],[-6.655231,12.774827],[-6.654153,12.777235],[-6.656239,12.780016],[-6.655855,12.783466],[-6.654086,12.784487],[-6.652343,12.782745],[-6.650226,12.783416],[-6.651598,12.787227],[-6.650171,12.789287],[-6.648412,12.789271],[-6.647341,12.790988],[-6.642073,12.789905],[-6.645527,12.796843],[-6.636727,12.797109],[-6.633196,12.798459],[-6.632476,12.800179],[-6.631072,12.799821],[-6.631747,12.802935],[-6.629962,12.805682],[-6.631366,12.80604],[-6.631698,12.808115],[-6.627137,12.806692],[-6.625078,12.801149],[-6.622611,12.801472],[-6.62082,12.804909],[-6.615548,12.80417],[-6.614167,12.801395],[-6.610297,12.80136],[-6.607788,12.806172],[-6.603204,12.807166],[-6.603491,12.814075],[-6.600679,12.813705],[-6.600295,12.817154],[-6.596427,12.816774],[-6.593593,12.81882],[-6.594954,12.823667],[-6.59283,12.825029],[-6.592458,12.827097],[-6.585776,12.826691],[-6.583615,12.831851],[-6.580458,12.830786],[-6.580475,12.829059],[-6.570941,12.832424],[-6.566373,12.831691],[-6.56709,12.830317],[-6.564985,12.829607],[-6.563146,12.837877],[-6.559973,12.838538],[-6.559554,12.845441],[-6.561303,12.846493],[-6.560928,12.848907],[-6.556625,12.857155],[-6.560078,12.864093],[-6.559005,12.86581],[-6.560021,12.869963],[-6.562136,12.869637],[-6.566678,12.873133],[-6.56526,12.874156],[-6.564871,12.87795],[-6.561325,12.88068],[-6.562676,12.886563],[-6.564781,12.887273],[-6.566162,12.890049],[-6.567925,12.88972],[-6.568241,12.893521],[-6.565412,12.894876],[-6.565392,12.896948],[-6.562931,12.89658],[-6.561845,12.899677],[-6.559381,12.899654],[-6.559311,12.906905],[-6.55684,12.907573],[-6.556113,12.909983],[-6.557836,12.913798],[-6.552878,12.916859],[-6.551768,12.922374],[-6.549632,12.924771],[-6.550648,12.928924],[-6.548532,12.92925],[-6.548485,12.934084],[-6.545307,12.93509],[-6.545642,12.93682],[-6.54811,12.936498],[-6.548766,12.941338],[-6.545622,12.938891],[-6.542779,12.941627],[-6.54309,12.945774],[-6.541668,12.947142],[-6.542003,12.948871],[-6.544116,12.948891],[-6.544089,12.951653],[-6.541912,12.958194],[-6.544711,12.959947],[-6.54504,12.962367],[-6.540778,12.966125],[-6.533713,12.968476],[-6.530162,12.97155],[-6.531553,12.97329],[-6.534024,12.972622],[-6.53574,12.977128],[-6.540276,12.981314],[-6.538496,12.983369],[-6.539511,12.987523],[-6.543384,12.987559],[-6.543364,12.989631],[-6.54617,12.990693],[-6.550053,12.989694],[-6.550781,12.987284],[-6.55394,12.98835],[-6.555328,12.990435],[-6.557448,12.989764],[-6.558815,12.99392],[-6.557752,12.994601],[-6.558071,12.998057],[-6.560891,12.997738],[-6.562678,12.994993],[-6.566545,12.99572],[-6.566535,12.996755],[-6.57077,12.995759],[-6.57182,12.99646],[-6.571085,12.999561],[-6.573896,13.000278],[-6.575626,13.003402],[-6.574905,13.005121],[-6.570334,13.004388],[-6.568587,13.00299],[-6.568268,12.999534],[-6.563694,12.999146],[-6.563319,13.00156],[-6.560502,13.001533],[-6.559422,13.00394],[-6.555884,13.005634],[-6.554804,13.008041],[-6.555823,13.011849],[-6.551601,13.011464],[-6.551885,13.018372],[-6.553998,13.018392],[-6.557482,13.022224],[-6.556693,13.030849],[-6.55951,13.030876],[-6.560895,13.033306],[-6.563353,13.03402],[-6.562619,13.037121],[-6.564373,13.037828],[-6.56398,13.041968],[-6.565382,13.042672],[-6.565751,13.040949],[-6.57104,13.040308],[-6.570272,13.046862],[-6.56778,13.049601],[-6.568101,13.052711],[-6.571593,13.055852],[-6.569124,13.056174],[-6.568037,13.059272],[-6.565562,13.060285],[-6.563452,13.059919],[-6.562063,13.057834],[-6.556069,13.058468],[-6.556401,13.060543],[-6.558863,13.060912],[-6.558128,13.064013],[-6.560231,13.065069],[-6.559849,13.068173],[-6.557,13.071254],[-6.557664,13.075404],[-6.556221,13.078843],[-6.553379,13.081234],[-6.551991,13.079149],[-6.549529,13.07878],[-6.546325,13.082203],[-6.54244,13.083202],[-6.54098,13.088367],[-6.537461,13.087988],[-6.53177,13.093459],[-6.532437,13.097264],[-6.535244,13.098326],[-6.537648,13.104565],[-6.539054,13.104924],[-6.540836,13.102869],[-6.541506,13.106328],[-6.544663,13.10774],[-6.544994,13.109815],[-6.54286,13.111866],[-6.544967,13.112577],[-6.544946,13.114649],[-6.546728,13.112594],[-6.549167,13.115379],[-6.554434,13.117156],[-6.55545,13.121309],[-6.557221,13.12029],[-6.560737,13.121014],[-6.560402,13.119285],[-6.563573,13.119315],[-6.564965,13.121054],[-6.565642,13.123823],[-6.561408,13.124474],[-6.558213,13.126861],[-6.558186,13.129623],[-6.562041,13.131731],[-6.560957,13.134484],[-6.563047,13.136921],[-6.531464,13.159409],[-6.527243,13.158678],[-6.527263,13.156607],[-6.521643,13.154826],[-6.519502,13.157568],[-6.513875,13.156477],[-6.514206,13.158552],[-6.511039,13.158176],[-6.510303,13.161277],[-6.507477,13.16194],[-6.50574,13.159506],[-6.507188,13.155722],[-6.506515,13.152608],[-6.496713,13.146297],[-6.441046,13.146094],[-6.440313,13.148849],[-6.435705,13.151565],[-6.438121,13.156423],[-6.436679,13.159516],[-6.433857,13.159833],[-6.431714,13.162574],[-6.432049,13.164304],[-6.434867,13.164332],[-6.43413,13.167432],[-6.431639,13.169824],[-6.426023,13.167696],[-6.425642,13.170455],[-6.418247,13.170035],[-6.417877,13.171758],[-6.419635,13.172121],[-6.41962,13.173502],[-6.417855,13.173829],[-6.417481,13.175897],[-6.410071,13.176858],[-6.409032,13.175121],[-6.40657,13.174751],[-6.403359,13.178517],[-6.399116,13.179855],[-6.399087,13.182617],[-6.401557,13.182296],[-6.401176,13.185055],[-6.403613,13.187842],[-6.403224,13.19129],[-6.400416,13.190226],[-6.397935,13.191582],[-6.396548,13.189496],[-6.394052,13.192233],[-6.39403,13.194304],[-6.385941,13.192841],[-6.384499,13.195934],[-6.386242,13.197678],[-6.386198,13.20182],[-6.383724,13.202486],[-6.383339,13.205589],[-6.381592,13.20419],[-6.380516,13.205906],[-6.376993,13.205869],[-6.374489,13.209296],[-6.372371,13.20962],[-6.369575,13.20752],[-6.368495,13.20958],[-6.366381,13.209558],[-6.36288,13.207451],[-6.36041,13.20777],[-6.359683,13.209835],[-6.35581,13.209449],[-6.354315,13.217375],[-6.355354,13.219112],[-6.352869,13.220812],[-6.3539,13.22324],[-6.352453,13.226678],[-6.355265,13.227397],[-6.356974,13.232249],[-6.355561,13.232579],[-6.355171,13.236028],[-6.352708,13.235657],[-6.352682,13.238074],[-6.354763,13.241202],[-6.357222,13.241918],[-6.357586,13.240886],[-6.358977,13.242627],[-6.354696,13.247416],[-6.356799,13.248474],[-6.356762,13.251926],[-6.358862,13.253329],[-6.358835,13.255746],[-6.361632,13.257846],[-6.36125,13.260604],[-6.358397,13.263682],[-6.359417,13.267145],[-6.364704,13.2672],[-6.365427,13.265481],[-6.368581,13.26724],[-6.3689,13.270351],[-6.373099,13.273156],[-6.372725,13.275224],[-6.37481,13.278008],[-6.373715,13.281449],[-6.375125,13.281464],[-6.375808,13.283542],[-6.37403,13.284905],[-6.373529,13.29871],[-6.376702,13.298743],[-6.377032,13.300818],[-6.379499,13.300844],[-6.382983,13.304677],[-6.387944,13.302312],[-6.388315,13.300589],[-6.390074,13.300952],[-6.389006,13.301977],[-6.391759,13.30822],[-6.399878,13.307268],[-6.402683,13.308678],[-6.402992,13.312824],[-6.406891,13.310792],[-6.408265,13.314259],[-6.402499,13.325939],[-6.395723,13.33312],[-6.390669,13.344117],[-6.376091,13.35536],[-6.370668,13.367733],[-6.332523,13.405312],[-6.331416,13.409788],[-6.328598,13.409413],[-6.323968,13.413507],[-6.324996,13.41628],[-6.318935,13.422085],[-6.316827,13.421372],[-6.317931,13.417241],[-6.317602,13.415166],[-6.316191,13.415151],[-6.292134,13.421798],[-6.288945,13.423145],[-6.288573,13.424867],[-6.285054,13.424139],[-6.271607,13.428136],[-6.271583,13.430207],[-6.269103,13.431216],[-6.269084,13.432942],[-6.273676,13.432301],[-6.2733,13.434369],[-6.275761,13.435086],[-6.275741,13.436812],[-6.274633,13.441288],[-6.272144,13.442987],[-6.273535,13.444728],[-6.26997,13.448142],[-6.267873,13.446393],[-6.265745,13.447406],[-6.263653,13.445312],[-6.260455,13.447348],[-6.257991,13.446976],[-6.260518,13.441825],[-6.259468,13.441123],[-6.258825,13.435593],[-6.259915,13.432843],[-6.258869,13.431795],[-6.252501,13.433452],[-6.250703,13.43654],[-6.246463,13.437184],[-6.246091,13.438906],[-6.243982,13.438192],[-6.24325,13.440601],[-6.239743,13.438836],[-6.236914,13.439496],[-6.231184,13.447028],[-6.22549,13.451453],[-6.224749,13.454552],[-6.218012,13.457584],[-6.212646,13.464084],[-6.175988,13.491982],[-6.175898,13.499575],[-6.174487,13.499559],[-6.17411,13.501626],[-6.169841,13.504685],[-6.166958,13.509831],[-6.164136,13.509799],[-6.163033,13.513583],[-6.158452,13.513186],[-6.160174,13.516658],[-6.15805,13.517324],[-6.159436,13.519411],[-6.157295,13.521458],[-6.156549,13.524902],[-6.138323,13.54437],[-6.137232,13.547119],[-6.133675,13.549495],[-6.130077,13.555322],[-6.123046,13.55317],[-6.117737,13.554489],[-6.118111,13.552768],[-6.115998,13.552398],[-6.108037,13.568875],[-6.116147,13.569314],[-6.11789,13.57106],[-6.117134,13.575194],[-6.112905,13.5748],[-6.110692,13.582713],[-6.106786,13.584739],[-6.109209,13.588564],[-6.111667,13.589629],[-6.108785,13.594428],[-6.111247,13.595147],[-6.110856,13.598249],[-6.11333,13.597932],[-6.113351,13.596207],[-6.117619,13.593495],[-6.120085,13.593868],[-6.119997,13.601116],[-6.116704,13.610744],[-6.114209,13.612786],[-6.112386,13.617597],[-6.103875,13.62095],[-6.102438,13.623004],[-6.099968,13.622976],[-6.100708,13.620223],[-6.094364,13.619458],[-6.093978,13.622215],[-6.089008,13.624573],[-6.080216,13.650704],[-6.068046,13.664368],[-6.066639,13.664006],[-6.064258,13.656729],[-6.062493,13.656708],[-6.056089,13.660774],[-6.053993,13.659023],[-6.047968,13.661023],[-6.046892,13.66239],[-6.047563,13.66516],[-6.045097,13.664785],[-6.045046,13.668927],[-6.03902,13.670926],[-6.038336,13.669192],[-6.035852,13.670198],[-6.031996,13.66808],[-6.028462,13.668383],[-6.028127,13.666998],[-6.024606,13.666266],[-6.023582,13.663492],[-6.022157,13.664511],[-6.01899,13.663782],[-6.018319,13.661013],[-6.016558,13.660647],[-6.0159,13.656842],[-6.019782,13.656888],[-6.020902,13.65207],[-6.016645,13.653744],[-6.008202,13.651572],[-6.007823,13.653638],[-6.005344,13.654298],[-6.003584,13.653932],[-6.004316,13.65187],[-6.002921,13.650472],[-5.997977,13.650758],[-5.996252,13.64763],[-5.992352,13.648964],[-5.988845,13.647196],[-5.986287,13.654068],[-5.983826,13.653347],[-5.981334,13.655043],[-5.979605,13.65226],[-5.981056,13.649172],[-5.975405,13.649448],[-5.975365,13.652554],[-5.973253,13.652183],[-5.972591,13.648723],[-5.968365,13.647982],[-5.963857,13.641714],[-5.959958,13.643047],[-5.960646,13.644436],[-5.955992,13.649556],[-5.954246,13.648154],[-5.954634,13.645397],[-5.950042,13.645686],[-5.947242,13.643926],[-5.944754,13.645276],[-5.944079,13.642852],[-5.942663,13.643179],[-5.942976,13.646289],[-5.940859,13.646263],[-5.939121,13.644171],[-5.940546,13.643153],[-5.940599,13.639012],[-5.938889,13.634849],[-5.935664,13.638606],[-5.931787,13.638213],[-5.932104,13.640978],[-5.928893,13.643699],[-5.927526,13.640231],[-5.92435,13.640192],[-5.924409,13.635706],[-5.923002,13.635343]]]]}},{"type":"Feature","properties":{"Num_bassin":"B9"},"geometry":{"type":"MultiPolygon","coordinates":[[[[-5.64388,12.353959],[-5.644227,12.354308],[-5.643876,12.354304],[-5.64388,12.353959]]],[[[-5.617642,11.987171],[-5.618321,11.988905],[-5.61974,11.987542],[-5.617646,11.986826],[-5.622202,11.986881],[-5.62257,11.985506],[-5.636989,11.981538],[-5.637357,11.980162],[-5.639109,11.980183],[-5.639498,11.977082],[-5.637789,11.973611],[-5.640951,11.972959],[-5.639583,11.970182],[-5.645212,11.968524],[-5.648357,11.969252],[-5.646665,11.9644],[-5.641425,11.962957],[-5.642498,11.961245],[-5.640412,11.959839],[-5.647472,11.955783],[-5.647493,11.954058],[-5.64995,11.953742],[-5.654586,11.947241],[-5.652526,11.943765],[-5.654705,11.93758],[-5.6495,11.933377],[-5.651649,11.929606],[-5.653747,11.929976],[-5.654752,11.933784],[-5.657905,11.933822],[-5.662418,11.937326],[-5.662042,11.939392],[-5.663427,11.940789],[-5.669025,11.941546],[-5.672943,11.936416],[-5.674695,11.936437],[-5.676139,11.933003],[-5.680352,11.932362],[-5.681787,11.929619],[-5.686688,11.930021],[-5.687022,11.931406],[-5.688436,11.930387],[-5.689825,11.931439],[-5.691248,11.92973],[-5.696504,11.929792],[-5.697188,11.93118],[-5.693158,11.945627],[-5.698397,11.947069],[-5.701488,11.952282],[-5.7043,11.951625],[-5.704279,11.95335],[-5.706712,11.955104],[-5.710212,11.95549],[-5.71226,11.96],[-5.714384,11.9583],[-5.717884,11.958686],[-5.71889,11.962494],[-5.723116,11.960818],[-5.723846,11.958411],[-5.725961,11.9574],[-5.719031,11.950762],[-5.720458,11.948708],[-5.719073,11.947311],[-5.719811,11.944214],[-5.72372,11.939773],[-5.723044,11.937695],[-5.725547,11.933583],[-5.727653,11.933262],[-5.731817,11.936762],[-5.735321,11.936802],[-5.742202,11.947581],[-5.744292,11.94864],[-5.74886,11.947658],[-5.750592,11.949403],[-5.75483,11.946692],[-5.757613,11.948449],[-5.76007,11.948133],[-5.760446,11.946066],[-5.758714,11.944321],[-5.762247,11.941946],[-5.762618,11.940224],[-5.766477,11.939924],[-5.77144,11.935149],[-5.774598,11.93484],[-5.774969,11.933119],[-5.780584,11.932493],[-5.782357,11.930788],[-5.798127,11.930968],[-5.80294,11.93896],[-5.805421,11.936573],[-5.805808,11.933471],[-5.80721,11.933487],[-5.807887,11.935565],[-5.8121,11.934923],[-5.812785,11.936311],[-5.81666,11.934629],[-5.819814,11.934665],[-5.821196,11.936406],[-5.824692,11.937136],[-5.827508,11.936133],[-5.827834,11.938207],[-5.829252,11.936843],[-5.827871,11.935101],[-5.829627,11.934776],[-5.829301,11.932701],[-5.834223,11.931376],[-5.842634,11.931471],[-5.843323,11.932514],[-5.846489,11.931514],[-5.897657,11.932083],[-5.898673,11.935201],[-5.901127,11.935228],[-5.907743,11.939098],[-5.912728,11.932249],[-5.926385,11.933434],[-5.927448,11.932411],[-5.932005,11.93246],[-5.932344,11.9335],[-5.955137,11.932712],[-5.958238,11.937578],[-5.962078,11.939],[-5.962047,11.941761],[-5.964123,11.9442],[-5.965872,11.944564],[-5.967532,11.952866],[-5.970679,11.953591],[-5.967829,11.957702],[-5.96432,11.958009],[-5.962841,11.964897],[-5.961427,11.965917],[-5.958985,11.964855],[-5.954069,11.965492],[-5.945606,11.969887],[-5.942482,11.967092],[-5.937933,11.966352],[-5.938299,11.964975],[-5.936562,11.963575],[-5.933731,11.965961],[-5.934062,11.96769],[-5.931573,11.970769],[-5.918548,11.975459],[-5.917422,11.982005],[-5.919856,11.983757],[-5.920089,11.994115],[-5.925285,11.999695],[-5.92308,12.008645],[-5.924719,12.018673],[-5.920843,12.020356],[-5.920437,12.025184],[-5.91829,12.028957],[-5.918944,12.033106],[-5.914347,12.036507],[-5.913969,12.038919],[-5.909753,12.039562],[-5.909029,12.041625],[-5.904104,12.042951],[-5.903375,12.045359],[-5.900905,12.046712],[-5.899172,12.044967],[-5.896363,12.045281],[-5.894661,12.040775],[-5.890836,12.037971],[-5.892518,12.044203],[-5.890709,12.049015],[-5.884685,12.05447],[-5.876971,12.054384],[-5.87519,12.05678],[-5.870615,12.058109],[-5.871635,12.060882],[-5.874795,12.060572],[-5.874751,12.064368],[-5.873332,12.065733],[-5.869826,12.065693],[-5.86875,12.067752],[-5.86347,12.069418],[-5.857804,12.074186],[-5.855361,12.073123],[-5.855333,12.075539],[-5.852141,12.078609],[-5.850742,12.078248],[-5.848251,12.081326],[-5.844386,12.081973],[-5.843946,12.089561],[-5.841439,12.094019],[-5.833361,12.094963],[-5.830589,12.09217],[-5.83202,12.08977],[-5.830654,12.086648],[-5.825365,12.089004],[-5.823677,12.083463],[-5.819127,12.08272],[-5.818446,12.080987],[-5.815988,12.081304],[-5.814198,12.084389],[-5.808241,12.083976],[-5.808208,12.086737],[-5.803621,12.0891],[-5.803242,12.091511],[-5.800102,12.090095],[-5.796555,12.093505],[-5.790276,12.090671],[-5.782562,12.090582],[-5.782244,12.087817],[-5.779798,12.087099],[-5.779047,12.091232],[-5.77729,12.091556],[-5.776563,12.093619],[-5.773408,12.093582],[-5.767731,12.099038],[-5.763874,12.098993],[-5.760322,12.102748],[-5.757162,12.103056],[-5.759579,12.10619],[-5.758852,12.108252],[-5.74726,12.109842],[-5.746162,12.113625],[-5.750002,12.115051],[-5.752737,12.12095],[-5.75449,12.12097],[-5.756565,12.123411],[-5.754085,12.125452],[-5.751305,12.123349],[-5.748145,12.123657],[-5.746362,12.126052],[-5.746307,12.130538],[-5.748353,12.135393],[-5.742704,12.138433],[-5.74232,12.141189],[-5.744424,12.141214],[-5.744411,12.142249],[-5.741936,12.143945],[-5.740841,12.147384],[-5.73662,12.148369],[-5.735873,12.152156],[-5.733418,12.152127],[-5.733037,12.154539],[-5.730587,12.154165],[-5.730916,12.155894],[-5.729509,12.156222],[-5.72735,12.160683],[-5.729788,12.162093],[-5.728664,12.167946],[-5.730063,12.168308],[-5.73038,12.171072],[-5.735616,12.173205],[-5.734851,12.178372],[-5.737948,12.183241],[-5.736858,12.186334],[-5.738587,12.188425],[-5.741055,12.187419],[-5.743104,12.191929],[-5.745555,12.192303],[-5.746561,12.196111],[-5.745158,12.196095],[-5.744064,12.199533],[-5.743375,12.198489],[-5.739508,12.199134],[-5.74018,12.201558],[-5.738409,12.202917],[-5.739804,12.203624],[-5.739707,12.21156],[-5.738599,12.216033],[-5.736473,12.217734],[-5.737847,12.220166],[-5.736765,12.222569],[-5.737775,12.226032],[-5.734918,12.230139],[-5.734888,12.232554],[-5.736993,12.232579],[-5.736249,12.236022],[-5.7278,12.238337],[-5.727423,12.240403],[-5.725669,12.240382],[-5.720668,12.247569],[-5.710105,12.250549],[-5.712111,12.25851],[-5.709638,12.259861],[-5.708885,12.263993],[-5.709925,12.265041],[-5.707794,12.267086],[-5.707764,12.269501],[-5.710875,12.273334],[-5.710147,12.275396],[-5.711846,12.279903],[-5.713605,12.279579],[-5.714987,12.281321],[-5.719206,12.280681],[-5.719497,12.285516],[-5.722308,12.285205],[-5.727772,12.297349],[-5.731983,12.297399],[-5.731598,12.300156],[-5.727345,12.303556],[-5.728727,12.305298],[-5.726955,12.306657],[-5.72693,12.308727],[-5.723399,12.31041],[-5.717789,12.309998],[-5.716342,12.313431],[-5.711447,12.311992],[-5.711382,12.317168],[-5.705755,12.318135],[-5.706422,12.320904],[-5.702913,12.320862],[-5.700435,12.322557],[-5.69696,12.319754],[-5.694127,12.32179],[-5.694447,12.32421],[-5.691294,12.323827],[-5.687039,12.327226],[-5.684223,12.327882],[-5.680411,12.324039],[-5.67724,12.325036],[-5.677612,12.323315],[-5.673033,12.32464],[-5.673015,12.32602],[-5.671257,12.326343],[-5.671937,12.328077],[-5.675069,12.330186],[-5.67788,12.329875],[-5.679249,12.332652],[-5.678851,12.336444],[-5.675995,12.340205],[-5.672148,12.339122],[-5.670025,12.340477],[-5.669942,12.347032],[-5.665735,12.346636],[-5.665345,12.349737],[-5.661077,12.35417],[-5.661392,12.356935],[-5.657545,12.355853],[-5.656813,12.358259],[-5.654694,12.359268],[-5.654027,12.356499],[-5.651908,12.357509],[-5.647399,12.353312],[-5.645631,12.354326],[-5.643898,12.352579],[-5.63898,12.352863],[-5.637822,12.361131],[-5.634321,12.360397],[-5.631847,12.361747],[-5.631767,12.367957],[-5.629266,12.371377],[-5.626463,12.370997],[-5.62441,12.366831],[-5.619497,12.36677],[-5.617765,12.365023],[-5.612856,12.364616],[-5.615277,12.367407],[-5.612478,12.366682],[-5.610701,12.368385],[-5.604078,12.364852],[-5.600208,12.365494],[-5.599889,12.363074],[-5.597095,12.362004],[-5.596779,12.35924],[-5.593639,12.35782],[-5.592986,12.354016],[-5.5881,12.351885],[-5.584929,12.35288],[-5.584897,12.355295],[-5.579993,12.354544],[-5.576439,12.357949],[-5.572921,12.358595],[-5.573911,12.363438],[-5.571454,12.363407],[-5.572462,12.366871],[-5.568242,12.367507],[-5.568917,12.369586],[-5.56682,12.36887],[-5.566442,12.370935],[-5.564683,12.371258],[-5.565416,12.368852],[-5.561916,12.368118],[-5.562987,12.366751],[-5.559185,12.362217],[-5.555325,12.362168],[-5.554646,12.360435],[-5.550102,12.358997],[-5.549774,12.357267],[-5.545217,12.356864],[-5.545663,12.349624],[-5.549527,12.349328],[-5.548916,12.34242],[-5.545056,12.342371],[-5.543985,12.343737],[-5.546073,12.345144],[-5.540782,12.347147],[-5.537377,12.339168],[-5.530733,12.337358],[-5.531157,12.331843],[-5.527307,12.331104],[-5.526668,12.326265],[-5.521091,12.323434],[-5.521825,12.321028],[-5.51797,12.320634],[-5.514872,12.316109],[-5.51345,12.317471],[-5.508534,12.317753],[-5.499439,12.315566],[-5.500907,12.310755],[-5.499166,12.309697],[-5.491716,12.315812],[-5.488226,12.314387],[-5.486444,12.316434],[-5.48259,12.316039],[-5.480397,12.322567],[-5.478648,12.322199],[-5.4812,12.314986],[-5.48018,12.312558],[-5.482996,12.311904],[-5.484085,12.309158],[-5.481625,12.309472],[-5.479921,12.305654],[-5.478172,12.305287],[-5.47855,12.303222],[-5.476828,12.300784],[-5.474027,12.300403],[-5.475111,12.298002],[-5.472309,12.297621],[-5.473426,12.292805],[-5.472051,12.290717],[-5.48382,12.276378],[-5.486344,12.271235],[-5.481784,12.271176],[-5.479697,12.269769],[-5.466673,12.273052],[-5.467402,12.270991],[-5.464259,12.269915],[-5.464245,12.27095],[-5.459671,12.271926],[-5.460692,12.274355],[-5.459279,12.275026],[-5.455061,12.275662],[-5.454032,12.273923],[-5.450159,12.274908],[-5.445323,12.269325],[-5.443564,12.269647],[-5.443537,12.271717],[-5.440384,12.271331],[-5.439392,12.266833],[-5.442245,12.26342],[-5.44158,12.260651],[-5.435964,12.260923],[-5.432872,12.256053],[-5.426176,12.258381],[-5.423379,12.257654],[-5.423047,12.25627],[-5.41917,12.257599],[-5.417117,12.253778],[-5.415364,12.253755],[-5.415041,12.25168],[-5.4126,12.250614],[-5.410238,12.243683],[-5.413072,12.24165],[-5.414821,12.242018],[-5.416616,12.238936],[-5.415578,12.237888],[-5.416686,12.233762],[-5.415292,12.233054],[-5.418177,12.227226],[-5.41677,12.227553],[-5.41539,12.22581],[-5.418219,12.224122],[-5.42043,12.216216],[-5.421828,12.216579],[-5.422206,12.214514],[-5.425736,12.212835],[-5.427162,12.211128],[-5.426844,12.208709],[-5.430018,12.20737],[-5.432801,12.209131],[-5.43526,12.208818],[-5.436372,12.204348],[-5.439219,12.201279],[-5.439242,12.199555],[-5.436086,12.199514],[-5.435763,12.19744],[-5.438208,12.198161],[-5.440354,12.195084],[-5.44422,12.194444],[-5.451653,12.189365],[-5.454804,12.18975],[-5.454836,12.187335],[-5.45169,12.186605],[-5.451726,12.183845],[-5.456626,12.184598],[-5.458776,12.181176],[-5.45889,12.172552],[-5.460297,12.172225],[-5.458922,12.170137],[-5.461381,12.169824],[-5.462479,12.166388],[-5.465293,12.165734],[-5.464647,12.161585],[-5.466759,12.160922],[-5.467083,12.162996],[-5.471991,12.163059],[-5.474113,12.161706],[-5.47451,12.158261],[-5.471705,12.158225],[-5.469628,12.156129],[-5.466464,12.156778],[-5.466204,12.149875],[-5.46446,12.149162],[-5.464852,12.146062],[-5.463113,12.145005],[-5.462794,12.142586],[-5.466974,12.144709],[-5.468135,12.136444],[-5.470612,12.13475],[-5.475147,12.136533],[-5.476235,12.133787],[-5.478347,12.133123],[-5.482523,12.135592],[-5.485036,12.131138],[-5.482294,12.126273],[-5.485103,12.125964],[-5.485126,12.124239],[-5.488668,12.121524],[-5.4887,12.119109],[-5.492232,12.117084],[-5.490916,12.110511],[-5.493774,12.106407],[-5.491379,12.101892],[-5.49248,12.09811],[-5.494579,12.098482],[-5.496354,12.096779],[-5.493222,12.095014],[-5.492975,12.087076],[-5.489865,12.083586],[-5.489546,12.081167],[-5.48605,12.080433],[-5.485744,12.076978],[-5.483646,12.076607],[-5.49,12.073237],[-5.487317,12.063887],[-5.48805,12.061481],[-5.485978,12.05904],[-5.488796,12.05804],[-5.488841,12.054591],[-5.490966,12.052892],[-5.493051,12.054299],[-5.498309,12.054365],[-5.502231,12.049239],[-5.505377,12.049968],[-5.504702,12.04789],[-5.510701,12.04486],[-5.513797,12.049384],[-5.516606,12.049074],[-5.51559,12.046301],[-5.51842,12.044266],[-5.51496,12.040772],[-5.51602,12.040096],[-5.515045,12.034218],[-5.511567,12.032104],[-5.511944,12.030039],[-5.510192,12.030017],[-5.506745,12.025488],[-5.506789,12.022038],[-5.509243,12.022069],[-5.509961,12.020698],[-5.509287,12.018619],[-5.505468,12.015811],[-5.504115,12.011999],[-5.506235,12.010645],[-5.508316,12.012396],[-5.512881,12.011763],[-5.51642,12.009047],[-5.516456,12.006287],[-5.518213,12.005964],[-5.518896,12.007353],[-5.519987,12.004261],[-5.517197,12.003191],[-5.516891,11.999737],[-5.520036,12.000466],[-5.524964,11.998803],[-5.526304,12.00365],[-5.52244,12.004292],[-5.52099,12.008069],[-5.520963,12.010139],[-5.522706,12.010851],[-5.520936,12.012209],[-5.522303,12.014986],[-5.521216,12.017733],[-5.523629,12.020868],[-5.521131,12.024288],[-5.526003,12.027109],[-5.533034,12.025471],[-5.533314,12.030995],[-5.535745,12.032751],[-5.535017,12.034812],[-5.538868,12.035205],[-5.545212,12.032523],[-5.547994,12.034283],[-5.548012,12.032903],[-5.550483,12.031553],[-5.553593,12.035042],[-5.555714,12.033688],[-5.559911,12.03443],[-5.563096,12.032054],[-5.567289,12.033141],[-5.56944,12.029372],[-5.57262,12.02734],[-5.573654,12.028733],[-5.578219,12.028099],[-5.578899,12.029833],[-5.58101,12.029169],[-5.582395,12.030566],[-5.584502,12.030246],[-5.585527,12.032329],[-5.589032,12.032372],[-5.58795,12.034774],[-5.591066,12.037918],[-5.594939,12.036585],[-5.597721,12.038345],[-5.600556,12.035964],[-5.598496,12.032488],[-5.598518,12.030763],[-5.600984,12.029758],[-5.599314,12.023181],[-5.605679,12.018773],[-5.605376,12.014973],[-5.610322,12.011928],[-5.608937,12.010531],[-5.608665,12.004316],[-5.613234,12.003336],[-5.612654,11.993667],[-5.61685,11.994408],[-5.617642,11.987171]]]]}},{"type":"Feature","properties":{"Num_bassin":"B5"},"geometry":{"type":"MultiPolygon","coordinates":[[[[-7.737736,12.144367],[-7.737386,12.14402],[-7.737737,12.144021],[-7.737736,12.144367]]],[[[-8.336722,12.504142],[-8.337074,12.503797],[-8.337074,12.504143],[-8.336722,12.504142]]],[[[-7.347859,12.659503],[-7.347509,12.659155],[-7.347861,12.659157],[-7.347859,12.659503]]],[[[-7.246372,12.785637],[-7.246015,12.786325],[-7.24602,12.785635],[-7.246372,12.785637]]],[[[-7.960768,13.431097],[-7.96112,13.431444],[-7.960767,13.431442],[-7.960768,13.431097]]],[[[-7.622371,13.473007],[-7.622722,13.473354],[-7.622369,13.473352],[-7.622371,13.473007]]],[[[-7.334448,13.505463],[-7.334799,13.505811],[-7.334446,13.505808],[-7.334448,13.505463]]],[[[-7.341122,13.510344],[-7.341477,13.51],[-7.341475,13.510346],[-7.341122,13.510344]]],[[[-5.923006,13.634998],[-5.922649,13.635339],[-5.922653,13.634994],[-5.923006,13.634998]]],[[[-5.863366,13.741583],[-5.863714,13.741933],[-5.863361,13.741928],[-5.863366,13.741583]]],[[[-5.863719,13.741588],[-5.860923,13.739482],[-5.85809,13.740136],[-5.856636,13.743223],[-5.855944,13.742179],[-5.850989,13.743151],[-5.852377,13.744894],[-5.850933,13.747292],[-5.852689,13.748004],[-5.852661,13.750075],[-5.850167,13.751768],[-5.841003,13.750616],[-5.837515,13.747465],[-5.830818,13.746689],[-5.830484,13.745304],[-5.824845,13.744541],[-5.821343,13.742426],[-5.819913,13.743787],[-5.817447,13.743411],[-5.814586,13.746134],[-5.811776,13.745063],[-5.81139,13.747473],[-5.807484,13.749148],[-5.807103,13.751214],[-5.798975,13.751799],[-5.797888,13.753855],[-5.795794,13.752102],[-5.789789,13.752369],[-5.788763,13.74994],[-5.785906,13.752319],[-5.78833,13.755801],[-5.786212,13.755774],[-5.786184,13.757844],[-5.781628,13.755369],[-5.775637,13.7546],[-5.774917,13.755626],[-5.773519,13.754572],[-5.772093,13.755589],[-5.77277,13.757668],[-5.768888,13.757617],[-5.770267,13.760051],[-5.768802,13.763828],[-5.766336,13.76345],[-5.764548,13.765152],[-5.760378,13.760266],[-5.758599,13.761278],[-5.757488,13.765059],[-5.753243,13.765694],[-5.752613,13.760164],[-5.749832,13.757022],[-5.744519,13.758332],[-5.744495,13.760057],[-5.741285,13.76243],[-5.734941,13.761656],[-5.735675,13.759595],[-5.730772,13.756769],[-5.736172,13.749249],[-5.734445,13.746466],[-5.716133,13.768652],[-5.708749,13.766483],[-5.709117,13.765453],[-5.704886,13.765051],[-5.70462,13.758836],[-5.69965,13.76084],[-5.694713,13.760429],[-5.694737,13.758704],[-5.692629,13.757985],[-5.692252,13.759705],[-5.688723,13.759658],[-5.689051,13.761388],[-5.685855,13.762725],[-5.684463,13.761326],[-5.681635,13.761633],[-5.681683,13.758183],[-5.6796,13.755739],[-5.677129,13.755706],[-5.676448,13.753972],[-5.671855,13.754255],[-5.670472,13.752166],[-5.667958,13.755237],[-5.665149,13.754164],[-5.666938,13.752463],[-5.666609,13.750733],[-5.66309,13.749995],[-5.66311,13.748615],[-5.667021,13.746598],[-5.665639,13.744509],[-5.666031,13.741754],[-5.669609,13.738352],[-5.671127,13.730781],[-5.67397,13.729439],[-5.670901,13.721806],[-5.673401,13.71977],[-5.670592,13.718697],[-5.670979,13.716286],[-5.669568,13.716267],[-5.669964,13.713167],[-5.672096,13.712161],[-5.670356,13.710412],[-5.672517,13.707336],[-5.670792,13.704552],[-5.671884,13.702151],[-5.669453,13.699358],[-5.67058,13.694542],[-5.667404,13.694499],[-5.667105,13.6907],[-5.669212,13.691418],[-5.673171,13.685951],[-5.675283,13.686324],[-5.676018,13.684264],[-5.678488,13.684297],[-5.677879,13.677387],[-5.68248,13.676414],[-5.683867,13.678158],[-5.684945,13.676792],[-5.684273,13.674368],[-5.684993,13.673342],[-5.686037,13.674391],[-5.686066,13.672321],[-5.689628,13.669953],[-5.693152,13.670346],[-5.692136,13.667226],[-5.693596,13.663795],[-5.69823,13.660406],[-5.69999,13.660775],[-5.702502,13.657703],[-5.700424,13.654914],[-5.70082,13.651814],[-5.698718,13.650751],[-5.699839,13.64628],[-5.697374,13.645902],[-5.697422,13.642452],[-5.696016,13.642088],[-5.695696,13.639668],[-5.688269,13.64095],[-5.691144,13.637192],[-5.688336,13.63612],[-5.688022,13.633355],[-5.685572,13.631942],[-5.690201,13.628898],[-5.689901,13.625098],[-5.687437,13.624721],[-5.687471,13.622306],[-5.685726,13.620902],[-5.682213,13.61982],[-5.681556,13.616361],[-5.678724,13.617013],[-5.683783,13.608454],[-5.688044,13.60644],[-5.685938,13.605722],[-5.686696,13.601936],[-5.684608,13.599838],[-5.687512,13.594011],[-5.690319,13.595083],[-5.691063,13.592333],[-5.692821,13.592701],[-5.692855,13.590286],[-5.697493,13.586552],[-5.698551,13.586566],[-5.697807,13.589317],[-5.700648,13.587974],[-5.7059,13.590804],[-5.708736,13.589806],[-5.714327,13.593676],[-5.716095,13.593354],[-5.717549,13.590268],[-5.720714,13.591],[-5.721795,13.589288],[-5.726033,13.588999],[-5.724688,13.58415],[-5.726447,13.584518],[-5.726819,13.583143],[-5.731375,13.585273],[-5.732796,13.584602],[-5.732119,13.582522],[-5.737419,13.581902],[-5.738444,13.584331],[-5.741961,13.585067],[-5.743753,13.58302],[-5.746913,13.584096],[-5.753977,13.583498],[-5.754715,13.581092],[-5.756102,13.582836],[-5.75963,13.582882],[-5.76066,13.584966],[-5.758139,13.588729],[-5.761304,13.58946],[-5.761638,13.590845],[-5.764464,13.590537],[-5.765546,13.588825],[-5.768001,13.589892],[-5.768372,13.588517],[-5.772257,13.588222],[-5.771236,13.585448],[-5.773019,13.584091],[-5.77901,13.584514],[-5.783577,13.585953],[-5.785312,13.588046],[-5.79201,13.588477],[-5.793383,13.591256],[-5.796929,13.589921],[-5.798651,13.593049],[-5.810292,13.593199],[-5.813796,13.594969],[-5.820512,13.59402],[-5.820224,13.589184],[-5.82234,13.589211],[-5.824851,13.586137],[-5.826197,13.590986],[-5.829372,13.591027],[-5.830751,13.59346],[-5.830329,13.598631],[-5.831745,13.598304],[-5.834168,13.601786],[-5.837357,13.600791],[-5.839799,13.602893],[-5.841576,13.60188],[-5.844023,13.603637],[-5.846162,13.601938],[-5.857446,13.602426],[-5.858202,13.598639],[-5.859948,13.600042],[-5.866307,13.599432],[-5.8677,13.60083],[-5.874411,13.600224],[-5.876908,13.598185],[-5.882557,13.59791],[-5.882249,13.594455],[-5.887536,13.594866],[-5.888563,13.597295],[-5.891385,13.59733],[-5.892064,13.59941],[-5.888179,13.599706],[-5.890268,13.601803],[-5.887763,13.604533],[-5.889825,13.6087],[-5.886926,13.614531],[-5.892187,13.617013],[-5.897845,13.616048],[-5.89747,13.617769],[-5.901672,13.620237],[-5.901297,13.621958],[-5.904137,13.620613],[-5.906531,13.62651],[-5.902279,13.627838],[-5.902238,13.630943],[-5.905083,13.629253],[-5.907187,13.630315],[-5.910027,13.62897],[-5.911877,13.622435],[-5.914342,13.622811],[-5.9172,13.620085],[-5.920702,13.6222],[-5.922475,13.621531],[-5.922448,13.623602],[-5.924895,13.625358],[-5.925204,13.628813],[-5.923453,13.627756],[-5.922359,13.630503],[-5.91385,13.633504],[-5.914154,13.637304],[-5.916968,13.638029],[-5.917293,13.640104],[-5.92406,13.635356],[-5.92435,13.640192],[-5.927526,13.640231],[-5.928893,13.643699],[-5.932104,13.640978],[-5.931787,13.638213],[-5.935664,13.638606],[-5.938889,13.634849],[-5.940599,13.639012],[-5.940546,13.643153],[-5.939121,13.644171],[-5.94156,13.646617],[-5.942976,13.646289],[-5.942663,13.643179],[-5.944079,13.642852],[-5.944754,13.645276],[-5.946536,13.643917],[-5.950042,13.645686],[-5.954634,13.645397],[-5.954246,13.648154],[-5.956345,13.64956],[-5.960646,13.644436],[-5.959958,13.643047],[-5.963857,13.641714],[-5.968365,13.647982],[-5.972591,13.648723],[-5.973253,13.652183],[-5.975365,13.652554],[-5.975405,13.649448],[-5.981056,13.649172],[-5.979605,13.65226],[-5.981334,13.655043],[-5.983826,13.653347],[-5.986287,13.654068],[-5.988845,13.647196],[-5.992352,13.648964],[-5.996252,13.64763],[-5.997977,13.650758],[-6.002921,13.650472],[-6.004316,13.65187],[-6.003584,13.653932],[-6.005344,13.654298],[-6.007466,13.653979],[-6.008202,13.651572],[-6.016645,13.653744],[-6.020902,13.65207],[-6.019782,13.656888],[-6.0159,13.656842],[-6.016558,13.660647],[-6.018319,13.661013],[-6.01899,13.663782],[-6.022157,13.664511],[-6.023582,13.663492],[-6.024606,13.666266],[-6.028127,13.666998],[-6.028462,13.668383],[-6.031996,13.66808],[-6.035852,13.670198],[-6.038336,13.669192],[-6.03902,13.670926],[-6.045046,13.668927],[-6.045097,13.664785],[-6.047563,13.66516],[-6.046892,13.66239],[-6.047968,13.661023],[-6.053993,13.659023],[-6.056089,13.660774],[-6.062493,13.656708],[-6.064258,13.656729],[-6.066639,13.664006],[-6.068046,13.664368],[-6.079855,13.65139],[-6.089008,13.624573],[-6.093978,13.622215],[-6.094364,13.619458],[-6.100708,13.620223],[-6.099968,13.622976],[-6.102438,13.623004],[-6.103875,13.62095],[-6.112386,13.617597],[-6.114209,13.612786],[-6.116704,13.610744],[-6.119997,13.601116],[-6.120085,13.593868],[-6.117619,13.593495],[-6.113351,13.596207],[-6.11333,13.597932],[-6.110856,13.598249],[-6.111247,13.595147],[-6.108785,13.594428],[-6.111667,13.589629],[-6.109209,13.588564],[-6.106786,13.584739],[-6.110692,13.582713],[-6.112905,13.5748],[-6.117134,13.575194],[-6.11789,13.57106],[-6.116147,13.569314],[-6.108037,13.568875],[-6.115998,13.552398],[-6.118111,13.552768],[-6.117737,13.554489],[-6.123046,13.55317],[-6.130077,13.555322],[-6.133675,13.549495],[-6.137232,13.547119],[-6.138323,13.54437],[-6.156549,13.524902],[-6.157295,13.521458],[-6.159436,13.519411],[-6.15805,13.517324],[-6.160174,13.516658],[-6.158452,13.513186],[-6.163033,13.513583],[-6.164136,13.509799],[-6.166958,13.509831],[-6.169841,13.504685],[-6.17411,13.501626],[-6.174487,13.499559],[-6.175898,13.499575],[-6.175988,13.491982],[-6.212646,13.464084],[-6.218012,13.457584],[-6.224749,13.454552],[-6.22549,13.451453],[-6.231184,13.447028],[-6.236914,13.439496],[-6.239743,13.438836],[-6.24325,13.440601],[-6.243982,13.438192],[-6.246091,13.438906],[-6.246463,13.437184],[-6.250703,13.43654],[-6.252501,13.433452],[-6.258869,13.431795],[-6.259915,13.432843],[-6.258825,13.435593],[-6.259468,13.441123],[-6.260518,13.441825],[-6.257991,13.446976],[-6.260455,13.447348],[-6.263653,13.445312],[-6.265745,13.447406],[-6.267873,13.446393],[-6.26997,13.448142],[-6.273535,13.444728],[-6.272144,13.442987],[-6.274633,13.441288],[-6.275741,13.436812],[-6.275761,13.435086],[-6.2733,13.434369],[-6.273676,13.432301],[-6.269084,13.432942],[-6.269103,13.431216],[-6.271583,13.430207],[-6.271607,13.428136],[-6.285054,13.424139],[-6.288573,13.424867],[-6.288945,13.423145],[-6.292134,13.421798],[-6.316191,13.415151],[-6.317602,13.415166],[-6.317931,13.417241],[-6.316827,13.421372],[-6.318935,13.422085],[-6.324996,13.41628],[-6.323968,13.413507],[-6.328598,13.409413],[-6.331416,13.409788],[-6.332523,13.405312],[-6.370668,13.367733],[-6.376091,13.35536],[-6.390669,13.344117],[-6.395723,13.33312],[-6.402499,13.325939],[-6.408265,13.314259],[-6.406891,13.310792],[-6.402992,13.312824],[-6.402683,13.308678],[-6.399878,13.307268],[-6.391759,13.30822],[-6.389006,13.301977],[-6.390074,13.300952],[-6.388315,13.300589],[-6.387944,13.302312],[-6.382983,13.304677],[-6.379499,13.300844],[-6.377032,13.300818],[-6.376702,13.298743],[-6.373529,13.29871],[-6.37403,13.284905],[-6.375808,13.283542],[-6.375125,13.281464],[-6.373715,13.281449],[-6.37481,13.278008],[-6.372725,13.275224],[-6.373099,13.273156],[-6.3689,13.270351],[-6.368232,13.266891],[-6.365427,13.265481],[-6.364704,13.2672],[-6.359417,13.267145],[-6.358397,13.263682],[-6.36125,13.260604],[-6.361632,13.257846],[-6.358835,13.255746],[-6.358862,13.253329],[-6.356762,13.251926],[-6.356799,13.248474],[-6.354696,13.247416],[-6.358977,13.242627],[-6.357586,13.240886],[-6.357222,13.241918],[-6.354763,13.241202],[-6.352682,13.238074],[-6.352708,13.235657],[-6.355171,13.236028],[-6.355561,13.232579],[-6.356974,13.232249],[-6.355265,13.227397],[-6.352453,13.226678],[-6.3539,13.22324],[-6.352869,13.220812],[-6.355354,13.219112],[-6.354315,13.217375],[-6.35581,13.209449],[-6.359683,13.209835],[-6.36041,13.20777],[-6.36288,13.207451],[-6.366381,13.209558],[-6.368495,13.20958],[-6.369575,13.20752],[-6.372371,13.20962],[-6.374489,13.209296],[-6.376993,13.205869],[-6.380516,13.205906],[-6.381592,13.20419],[-6.383339,13.205589],[-6.383724,13.202486],[-6.386198,13.20182],[-6.386242,13.197678],[-6.384499,13.195934],[-6.385941,13.192841],[-6.39403,13.194304],[-6.394052,13.192233],[-6.396548,13.189496],[-6.397935,13.191582],[-6.400416,13.190226],[-6.403224,13.19129],[-6.403613,13.187842],[-6.401176,13.185055],[-6.401557,13.182296],[-6.399087,13.182617],[-6.399116,13.179855],[-6.403359,13.178517],[-6.40657,13.174751],[-6.409032,13.175121],[-6.410071,13.176858],[-6.417481,13.175897],[-6.417855,13.173829],[-6.41962,13.173502],[-6.419635,13.172121],[-6.417877,13.171758],[-6.418247,13.170035],[-6.425642,13.170455],[-6.426023,13.167696],[-6.431639,13.169824],[-6.434856,13.165368],[-6.434867,13.164332],[-6.432049,13.164304],[-6.431714,13.162574],[-6.433857,13.159833],[-6.436679,13.159516],[-6.438121,13.156423],[-6.435705,13.151565],[-6.440313,13.148849],[-6.441046,13.146094],[-6.496713,13.146297],[-6.506515,13.152608],[-6.507188,13.155722],[-6.50574,13.159506],[-6.507477,13.16194],[-6.510303,13.161277],[-6.511039,13.158176],[-6.514206,13.158552],[-6.513875,13.156477],[-6.519502,13.157568],[-6.521643,13.154826],[-6.527263,13.156607],[-6.527243,13.158678],[-6.531464,13.159409],[-6.563047,13.136921],[-6.560957,13.134484],[-6.562041,13.131731],[-6.558186,13.129623],[-6.558213,13.126861],[-6.561408,13.124474],[-6.565642,13.123823],[-6.564965,13.121054],[-6.563573,13.119315],[-6.560402,13.119285],[-6.560737,13.121014],[-6.557221,13.12029],[-6.55545,13.121309],[-6.554434,13.117156],[-6.549167,13.115379],[-6.546728,13.112594],[-6.544946,13.114649],[-6.544967,13.112577],[-6.54286,13.111866],[-6.544994,13.109815],[-6.544663,13.10774],[-6.541506,13.106328],[-6.540836,13.102869],[-6.539054,13.104924],[-6.537648,13.104565],[-6.535244,13.098326],[-6.532437,13.097264],[-6.53177,13.093459],[-6.537461,13.087988],[-6.54098,13.088367],[-6.54244,13.083202],[-6.546325,13.082203],[-6.549529,13.07878],[-6.551991,13.079149],[-6.553027,13.08123],[-6.556221,13.078843],[-6.557664,13.075404],[-6.557,13.071254],[-6.559849,13.068173],[-6.560231,13.065069],[-6.558128,13.064013],[-6.558863,13.060912],[-6.556401,13.060543],[-6.556069,13.058468],[-6.562063,13.057834],[-6.563452,13.059919],[-6.565562,13.060285],[-6.568037,13.059272],[-6.569124,13.056174],[-6.571593,13.055852],[-6.568101,13.052711],[-6.56778,13.049601],[-6.570272,13.046862],[-6.57104,13.040308],[-6.565751,13.040949],[-6.565382,13.042672],[-6.56398,13.041968],[-6.564373,13.037828],[-6.562619,13.037121],[-6.563353,13.03402],[-6.560895,13.033306],[-6.55951,13.030876],[-6.556693,13.030849],[-6.557482,13.022224],[-6.553998,13.018392],[-6.551885,13.018372],[-6.551601,13.011464],[-6.555823,13.011849],[-6.554793,13.009076],[-6.555884,13.005634],[-6.559422,13.00394],[-6.560502,13.001533],[-6.563319,13.00156],[-6.563694,12.999146],[-6.568268,12.999534],[-6.568587,13.00299],[-6.570334,13.004388],[-6.574905,13.005121],[-6.575626,13.003402],[-6.573896,13.000278],[-6.571085,12.999561],[-6.57182,12.99646],[-6.57077,12.995759],[-6.566535,12.996755],[-6.566545,12.99572],[-6.562678,12.994993],[-6.560891,12.997738],[-6.558071,12.998057],[-6.557752,12.994601],[-6.558815,12.99392],[-6.557448,12.989764],[-6.555328,12.990435],[-6.55394,12.98835],[-6.550781,12.987284],[-6.550053,12.989694],[-6.54617,12.990693],[-6.543364,12.989631],[-6.543384,12.987559],[-6.539511,12.987523],[-6.538496,12.983369],[-6.540276,12.981314],[-6.53574,12.977128],[-6.534024,12.972622],[-6.531553,12.97329],[-6.530158,12.971895],[-6.531942,12.969495],[-6.540778,12.966125],[-6.54504,12.962367],[-6.544711,12.959947],[-6.541912,12.958194],[-6.544089,12.951653],[-6.544116,12.948891],[-6.542003,12.948871],[-6.541668,12.947142],[-6.54309,12.945774],[-6.542779,12.941627],[-6.545622,12.938891],[-6.548766,12.941338],[-6.54811,12.936498],[-6.545642,12.93682],[-6.545307,12.93509],[-6.548485,12.934084],[-6.548532,12.92925],[-6.550648,12.928924],[-6.549632,12.924771],[-6.551768,12.922374],[-6.552878,12.916859],[-6.557836,12.913798],[-6.556113,12.909983],[-6.55684,12.907573],[-6.559311,12.906905],[-6.559381,12.899654],[-6.561845,12.899677],[-6.562931,12.89658],[-6.565392,12.896948],[-6.565412,12.894876],[-6.568241,12.893521],[-6.567925,12.88972],[-6.566162,12.890049],[-6.564781,12.887273],[-6.562676,12.886563],[-6.561325,12.88068],[-6.564871,12.87795],[-6.56526,12.874156],[-6.566678,12.873133],[-6.562136,12.869637],[-6.560021,12.869963],[-6.558982,12.868227],[-6.560078,12.864093],[-6.556625,12.857155],[-6.560928,12.848907],[-6.561303,12.846493],[-6.559554,12.845441],[-6.559973,12.838538],[-6.563146,12.837877],[-6.564985,12.829607],[-6.56709,12.830317],[-6.566373,12.831691],[-6.570941,12.832424],[-6.580475,12.829059],[-6.580458,12.830786],[-6.583615,12.831851],[-6.585776,12.826691],[-6.592458,12.827097],[-6.59283,12.825029],[-6.594954,12.823667],[-6.593593,12.81882],[-6.596427,12.816774],[-6.600295,12.817154],[-6.600679,12.813705],[-6.603491,12.814075],[-6.603204,12.807166],[-6.607788,12.806172],[-6.610297,12.80136],[-6.614167,12.801395],[-6.615548,12.80417],[-6.62082,12.804909],[-6.622611,12.801472],[-6.625078,12.801149],[-6.627137,12.806692],[-6.631698,12.808115],[-6.631366,12.80604],[-6.629962,12.805682],[-6.631747,12.802935],[-6.631072,12.799821],[-6.632476,12.800179],[-6.633196,12.798459],[-6.636727,12.797109],[-6.645527,12.796843],[-6.642073,12.789905],[-6.647341,12.790988],[-6.648412,12.789271],[-6.650171,12.789287],[-6.651595,12.787573],[-6.650226,12.783416],[-6.652343,12.782745],[-6.653031,12.784477],[-6.655855,12.783466],[-6.656239,12.780016],[-6.654153,12.777235],[-6.655231,12.774827],[-6.662984,12.773515],[-6.665434,12.774918],[-6.665767,12.776993],[-6.670699,12.776346],[-6.672451,12.777052],[-6.672433,12.779124],[-6.674892,12.779491],[-6.674154,12.783283],[-6.679764,12.785405],[-6.679748,12.787131],[-6.682205,12.787844],[-6.681482,12.789909],[-6.682887,12.790267],[-6.683217,12.792687],[-6.684973,12.793048],[-6.685639,12.797198],[-6.683518,12.798216],[-6.683857,12.7996],[-6.687008,12.801354],[-6.688042,12.803781],[-6.696474,12.805236],[-6.696443,12.808689],[-6.703129,12.808748],[-6.706311,12.807049],[-6.706619,12.811886],[-6.708728,12.81225],[-6.708363,12.813628],[-6.711552,12.811239],[-6.716815,12.813011],[-6.717192,12.810252],[-6.721417,12.809943],[-6.723547,12.807889],[-6.724297,12.802715],[-6.727125,12.801358],[-6.727495,12.799289],[-6.72961,12.798962],[-6.731344,12.80174],[-6.734172,12.800383],[-6.735906,12.803161],[-6.740132,12.802852],[-6.741833,12.809428],[-6.746729,12.812924],[-6.750254,12.812263],[-6.752041,12.80917],[-6.753794,12.809876],[-6.754887,12.805741],[-6.766839,12.807224],[-6.766827,12.808605],[-6.77,12.807941],[-6.773789,12.817298],[-6.778716,12.81734],[-6.77979,12.815277],[-6.783306,12.815652],[-6.780442,12.821154],[-6.782554,12.821172],[-6.784289,12.823949],[-6.785697,12.823961],[-6.785682,12.825688],[-6.788485,12.827093],[-6.792365,12.826089],[-6.793683,12.836462],[-6.803188,12.836196],[-6.804208,12.840349],[-6.805962,12.841054],[-6.809487,12.840393],[-6.809499,12.839011],[-6.807387,12.838994],[-6.807426,12.834504],[-6.812369,12.832819],[-6.816991,12.827331],[-6.818399,12.827343],[-6.81907,12.831147],[-6.821874,12.832552],[-6.822965,12.828417],[-6.825775,12.829131],[-6.828605,12.827427],[-6.829998,12.829166],[-6.831424,12.827105],[-6.83636,12.82611],[-6.84173,12.815447],[-6.847695,12.817568],[-6.849475,12.815165],[-6.851942,12.81484],[-6.849168,12.809982],[-6.85269,12.809665],[-6.858716,12.804533],[-6.862933,12.805259],[-6.863265,12.807679],[-6.8685,12.812902],[-6.867406,12.817383],[-6.871635,12.816727],[-6.871964,12.819493],[-6.873712,12.820888],[-6.877235,12.820571],[-6.879329,12.822661],[-6.882147,12.822338],[-6.885269,12.827889],[-6.889844,12.827926],[-6.891938,12.830015],[-6.894056,12.829341],[-6.89508,12.833149],[-6.897206,12.831439],[-6.900008,12.833188],[-6.904246,12.831495],[-6.906349,12.832548],[-6.914878,12.822599],[-6.917322,12.825037],[-6.916945,12.828142],[-6.914836,12.82778],[-6.915173,12.82951],[-6.921847,12.83129],[-6.923939,12.833724],[-6.922863,12.836133],[-6.92496,12.837877],[-6.924597,12.839255],[-6.928111,12.839974],[-6.928446,12.842049],[-6.931262,12.842071],[-6.930544,12.843793],[-6.934022,12.849001],[-6.939316,12.847316],[-6.94176,12.849753],[-6.944931,12.849432],[-6.948065,12.853601],[-6.957209,12.854709],[-6.954342,12.860904],[-6.955376,12.863675],[-6.953238,12.866767],[-6.957812,12.867148],[-6.959896,12.870618],[-6.96088,12.879607],[-6.966121,12.884483],[-6.968236,12.884154],[-6.968954,12.882433],[-6.973525,12.883159],[-6.973187,12.881429],[-6.976006,12.881106],[-6.976738,12.877657],[-6.983394,12.881853],[-6.987638,12.879468],[-6.988004,12.877744],[-6.99398,12.878826],[-6.996109,12.87677],[-6.999627,12.877142],[-7.00387,12.874757],[-7.00598,12.875118],[-7.006007,12.871664],[-7.008149,12.867881],[-7.010267,12.867206],[-7.010958,12.868938],[-7.013771,12.869305],[-7.014486,12.867929],[-7.018006,12.867956],[-7.019084,12.8652],[-7.022266,12.863497],[-7.025776,12.864905],[-7.029667,12.862517],[-7.032832,12.862886],[-7.032107,12.865644],[-7.034216,12.866005],[-7.035256,12.868085],[-7.037379,12.86672],[-7.039129,12.868114],[-7.043007,12.867453],[-7.045802,12.870237],[-7.04722,12.868866],[-7.046532,12.866788],[-7.048999,12.866461],[-7.049367,12.864391],[-7.052528,12.865451],[-7.058873,12.864462],[-7.059942,12.862743],[-7.064521,12.862431],[-7.066657,12.859338],[-7.072306,12.857307],[-7.073346,12.859387],[-7.076874,12.858377],[-7.082835,12.861529],[-7.085659,12.860514],[-7.088082,12.866058],[-7.093357,12.866787],[-7.09372,12.865408],[-7.095835,12.865078],[-7.098283,12.867169],[-7.100409,12.865457],[-7.102513,12.866508],[-7.105337,12.865493],[-7.107794,12.866547],[-7.108123,12.869658],[-7.110222,12.8714],[-7.112694,12.870382],[-7.114807,12.870397],[-7.115501,12.871784],[-7.118674,12.871116],[-7.119396,12.868703],[-7.126463,12.865299],[-7.126479,12.863226],[-7.128935,12.86428],[-7.130362,12.861872],[-7.135295,12.861217],[-7.135308,12.85949],[-7.133897,12.859825],[-7.132859,12.857399],[-7.129351,12.855647],[-7.125867,12.850786],[-7.126943,12.848031],[-7.130836,12.845295],[-7.133341,12.839786],[-7.143573,12.836749],[-7.144305,12.832955],[-7.146067,12.832622],[-7.147812,12.834706],[-7.150983,12.834383],[-7.151669,12.836806],[-7.155526,12.838906],[-7.157583,12.84652],[-7.162874,12.845176],[-7.167153,12.837606],[-7.170326,12.836937],[-7.171368,12.839017],[-7.173834,12.838689],[-7.17314,12.837302],[-7.17668,12.834563],[-7.177055,12.831457],[-7.179878,12.83044],[-7.179911,12.825949],[-7.184839,12.825983],[-7.182749,12.82286],[-7.184531,12.819763],[-7.188741,12.821865],[-7.192573,12.827418],[-7.195739,12.827786],[-7.195729,12.829167],[-7.198196,12.828839],[-7.198885,12.830916],[-7.203447,12.83302],[-7.203786,12.83475],[-7.213281,12.836196],[-7.215721,12.839667],[-7.218183,12.840029],[-7.219249,12.838655],[-7.221701,12.840399],[-7.223158,12.8335],[-7.23551,12.829092],[-7.234828,12.825978],[-7.23837,12.822893],[-7.236998,12.817702],[-7.243365,12.813253],[-7.244095,12.809458],[-7.246222,12.8074],[-7.24553,12.805668],[-7.248707,12.804307],[-7.248032,12.800157],[-7.250857,12.798794],[-7.248061,12.796012],[-7.250529,12.795337],[-7.250898,12.792922],[-7.247383,12.792207],[-7.248458,12.789451],[-7.246363,12.787019],[-7.248826,12.787035],[-7.248151,12.782885],[-7.249576,12.780476],[-7.248527,12.779433],[-7.250639,12.779447],[-7.252061,12.777384],[-7.259794,12.778817],[-7.262629,12.776072],[-7.263007,12.772274],[-7.260205,12.770183],[-7.264091,12.768136],[-7.263052,12.765711],[-7.263793,12.760188],[-7.269096,12.756768],[-7.267357,12.753648],[-7.270539,12.751596],[-7.270555,12.749178],[-7.26915,12.748823],[-7.270213,12.747794],[-7.269528,12.745025],[-7.270238,12.743994],[-7.272697,12.744701],[-7.276235,12.74196],[-7.276962,12.73851],[-7.275207,12.737808],[-7.274532,12.733658],[-7.275953,12.731594],[-7.274902,12.730896],[-7.278799,12.727122],[-7.278128,12.722281],[-7.279192,12.720906],[-7.281656,12.720922],[-7.281672,12.718504],[-7.283434,12.71817],[-7.292571,12.719956],[-7.295715,12.723431],[-7.297484,12.72206],[-7.301697,12.723469],[-7.30347,12.721408],[-7.305582,12.721421],[-7.307323,12.724196],[-7.310147,12.722832],[-7.314016,12.723203],[-7.318983,12.717016],[-7.321792,12.71807],[-7.321835,12.711506],[-7.323944,12.711865],[-7.327129,12.709121],[-7.332409,12.708809],[-7.335948,12.705722],[-7.337374,12.702967],[-7.336681,12.701235],[-7.344075,12.700591],[-7.345852,12.697838],[-7.344095,12.697482],[-7.343405,12.695404],[-7.346233,12.693349],[-7.350455,12.693376],[-7.35152,12.692],[-7.349772,12.690262],[-7.353996,12.689943],[-7.353667,12.686486],[-7.351208,12.68578],[-7.35227,12.68475],[-7.351602,12.679218],[-7.344594,12.674683],[-7.337188,12.677401],[-7.337215,12.673255],[-7.340034,12.672582],[-7.339713,12.667743],[-7.341473,12.667754],[-7.342196,12.66465],[-7.340814,12.660841],[-7.342933,12.659472],[-7.345741,12.660526],[-7.347507,12.6595],[-7.353822,12.662303],[-7.357699,12.661291],[-7.359827,12.65854],[-7.362288,12.658901],[-7.362631,12.660285],[-7.367578,12.65686],[-7.372499,12.657582],[-7.372519,12.654472],[-7.369366,12.65238],[-7.37149,12.65032],[-7.370465,12.645477],[-7.37225,12.641342],[-7.37085,12.640297],[-7.36838,12.641319],[-7.367343,12.638549],[-7.368072,12.634407],[-7.3723,12.633397],[-7.371964,12.630976],[-7.369165,12.628541],[-7.370592,12.62544],[-7.368842,12.624047],[-7.36885,12.622666],[-7.37203,12.620612],[-7.373478,12.614057],[-7.370391,12.601601],[-7.371105,12.599878],[-7.374983,12.598519],[-7.37677,12.594039],[-7.378865,12.59647],[-7.386256,12.595824],[-7.386636,12.591335],[-7.390157,12.590665],[-7.388757,12.58962],[-7.388086,12.584434],[-7.390552,12.583758],[-7.391592,12.586182],[-7.393698,12.586886],[-7.396518,12.585866],[-7.39547,12.584823],[-7.396885,12.58345],[-7.396199,12.580682],[-7.398318,12.579313],[-7.396227,12.576191],[-7.39342,12.575138],[-7.393784,12.573067],[-7.390286,12.569936],[-7.390302,12.567518],[-7.393113,12.567881],[-7.393478,12.56581],[-7.396649,12.564792],[-7.395969,12.560988],[-7.393167,12.559244],[-7.396364,12.55408],[-7.394633,12.549579],[-7.395356,12.546474],[-7.400993,12.54478],[-7.404175,12.542035],[-7.409088,12.543792],[-7.410488,12.544836],[-7.410126,12.546562],[-7.412232,12.547265],[-7.414702,12.545898],[-7.415075,12.542445],[-7.416821,12.544528],[-7.419286,12.543852],[-7.420331,12.545585],[-7.424903,12.545612],[-7.424538,12.547683],[-7.428045,12.549431],[-7.428735,12.551508],[-7.431195,12.551868],[-7.431488,12.561544],[-7.4336,12.56121],[-7.435688,12.565023],[-7.438501,12.565039],[-7.440936,12.569545],[-7.445854,12.57061],[-7.44797,12.569586],[-7.449044,12.566483],[-7.448703,12.564753],[-7.447296,12.564745],[-7.447666,12.561638],[-7.449081,12.560264],[-7.4533,12.560634],[-7.454379,12.556494],[-7.456138,12.556504],[-7.455801,12.554084],[-7.460056,12.548235],[-7.461806,12.549627],[-7.466034,12.548269],[-7.467427,12.550695],[-7.47024,12.550711],[-7.472344,12.55176],[-7.471984,12.55314],[-7.475499,12.553505],[-7.475516,12.550741],[-7.476924,12.550404],[-7.474123,12.548315],[-7.473794,12.544513],[-7.4752,12.544521],[-7.478044,12.539354],[-7.482264,12.539378],[-7.479829,12.534873],[-7.477012,12.535548],[-7.478083,12.53279],[-7.477042,12.530366],[-7.477768,12.526569],[-7.481996,12.525211],[-7.483416,12.522801],[-7.482745,12.517269],[-7.479607,12.51276],[-7.48033,12.509309],[-7.483853,12.508292],[-7.484219,12.505876],[-7.482129,12.502409],[-7.484243,12.50173],[-7.485326,12.496899],[-7.495185,12.494536],[-7.496973,12.489363],[-7.501542,12.489734],[-7.502607,12.488012],[-7.503298,12.490089],[-7.505054,12.490444],[-7.505769,12.488375],[-7.509992,12.487708],[-7.511419,12.484261],[-7.514231,12.484276],[-7.517056,12.482219],[-7.51849,12.477389],[-7.520598,12.477746],[-7.522018,12.475336],[-7.525893,12.473975],[-7.53045,12.476418],[-7.531485,12.479879],[-7.537459,12.480602],[-7.539226,12.478884],[-7.537826,12.47784],[-7.538214,12.471278],[-7.540691,12.468527],[-7.540714,12.464381],[-7.542472,12.464391],[-7.541425,12.463003],[-7.542845,12.460592],[-7.548497,12.455785],[-7.54851,12.453367],[-7.546065,12.450589],[-7.549231,12.450261],[-7.550654,12.447159],[-7.553115,12.447172],[-7.554896,12.443035],[-7.558058,12.443398],[-7.559447,12.446515],[-7.562265,12.445493],[-7.564745,12.442051],[-7.56233,12.433746],[-7.565146,12.43307],[-7.565862,12.430655],[-7.559884,12.430969],[-7.562011,12.427871],[-7.560973,12.424756],[-7.565906,12.422709],[-7.569771,12.423075],[-7.571912,12.417212],[-7.571219,12.415481],[-7.567348,12.416152],[-7.567015,12.412695],[-7.564568,12.410263],[-7.559997,12.410584],[-7.557202,12.40746],[-7.558647,12.400212],[-7.556202,12.397435],[-7.557276,12.393985],[-7.554825,12.392245],[-7.55765,12.389841],[-7.557667,12.386731],[-7.559438,12.384322],[-7.558744,12.382591],[-7.554532,12.381532],[-7.553109,12.384634],[-7.550297,12.384619],[-7.544693,12.381134],[-7.538714,12.381793],[-7.538755,12.374537],[-7.543337,12.372143],[-7.537053,12.364508],[-7.534591,12.364841],[-7.528985,12.361701],[-7.529368,12.356175],[-7.526226,12.352357],[-7.526253,12.34752],[-7.518522,12.347478],[-7.51572,12.345735],[-7.513942,12.349526],[-7.506206,12.350175],[-7.506189,12.353284],[-7.503721,12.354653],[-7.50022,12.352215],[-7.499877,12.350831],[-7.502345,12.349463],[-7.4992,12.346336],[-7.494969,12.348731],[-7.493928,12.346307],[-7.490065,12.34594],[-7.494003,12.333178],[-7.497877,12.331817],[-7.494738,12.327654],[-7.497924,12.323525],[-7.495492,12.318675],[-7.492685,12.317968],[-7.491625,12.318999],[-7.489536,12.315532],[-7.490257,12.312427],[-7.487805,12.311031],[-7.487467,12.308611],[-7.489591,12.305858],[-7.488551,12.303434],[-7.486443,12.303423],[-7.486107,12.300657],[-7.484349,12.300992],[-7.482969,12.296493],[-7.484726,12.296503],[-7.485468,12.289597],[-7.492846,12.289638],[-7.49602,12.287582],[-7.497086,12.285515],[-7.496044,12.283436],[-7.499928,12.280002],[-7.497853,12.274117],[-7.500673,12.272405],[-7.508401,12.272793],[-7.509111,12.271415],[-7.511219,12.271426],[-7.512636,12.269361],[-7.511953,12.265902],[-7.516178,12.264197],[-7.516541,12.262126],[-7.519006,12.261103],[-7.521104,12.262842],[-7.521116,12.260769],[-7.523227,12.260089],[-7.523569,12.261819],[-7.525675,12.262175],[-7.524963,12.263899],[-7.528825,12.264265],[-7.529196,12.260812],[-7.533419,12.259453],[-7.54324,12.262269],[-7.546753,12.262288],[-7.548166,12.260913],[-7.55061,12.26369],[-7.5499,12.265069],[-7.551987,12.26888],[-7.553751,12.267508],[-7.556554,12.268904],[-7.559666,12.27825],[-7.564938,12.277932],[-7.565263,12.282771],[-7.567021,12.282435],[-7.567715,12.284166],[-7.57439,12.284201],[-7.574725,12.287312],[-7.581064,12.284581],[-7.582821,12.28459],[-7.584914,12.287365],[-7.590902,12.284632],[-7.592324,12.281529],[-7.596181,12.282931],[-7.59654,12.281551],[-7.602514,12.281236],[-7.604289,12.27779],[-7.603609,12.27364],[-7.605376,12.271576],[-7.609942,12.271945],[-7.608549,12.269519],[-7.609261,12.267795],[-7.612426,12.26712],[-7.611744,12.263316],[-7.617028,12.260578],[-7.622638,12.262679],[-7.625112,12.259928],[-7.625834,12.256131],[-7.627592,12.255794],[-7.629016,12.252346],[-7.631129,12.25132],[-7.631855,12.246831],[-7.635018,12.246502],[-7.635737,12.243395],[-7.637144,12.243057],[-7.636805,12.240636],[-7.63821,12.240643],[-7.640696,12.235473],[-7.643862,12.234452],[-7.643871,12.232724],[-7.648436,12.233092],[-7.648798,12.231021],[-7.654059,12.232774],[-7.654066,12.231392],[-7.656878,12.23106],[-7.657587,12.229682],[-7.661806,12.229011],[-7.663225,12.226254],[-7.665335,12.225919],[-7.665362,12.22039],[-7.673789,12.221122],[-7.681177,12.219084],[-7.682558,12.223928],[-7.68537,12.223596],[-7.688869,12.226377],[-7.689246,12.221196],[-7.691004,12.220859],[-7.692046,12.223283],[-7.693451,12.223289],[-7.695224,12.219842],[-7.697681,12.2202],[-7.698394,12.21813],[-7.701198,12.219525],[-7.70403,12.215046],[-7.70649,12.214712],[-7.707564,12.210571],[-7.709322,12.210234],[-7.711798,12.20679],[-7.705507,12.200195],[-7.706221,12.19778],[-7.704818,12.197428],[-7.704826,12.1957],[-7.706942,12.193982],[-7.705189,12.193283],[-7.704863,12.188098],[-7.706277,12.186377],[-7.703137,12.181871],[-7.700679,12.181859],[-7.701396,12.178752],[-7.703161,12.177033],[-7.705266,12.177389],[-7.706002,12.170481],[-7.707758,12.170489],[-7.709526,12.168079],[-7.703582,12.162522],[-7.707098,12.161848],[-7.709926,12.15806],[-7.712732,12.158764],[-7.713799,12.156005],[-7.715908,12.155669],[-7.715919,12.15325],[-7.720841,12.152237],[-7.721951,12.140493],[-7.719852,12.138756],[-7.72479,12.134287],[-7.726194,12.134293],[-7.727236,12.136717],[-7.7318,12.137083],[-7.732478,12.142269],[-7.737384,12.144365],[-7.738415,12.149207],[-7.747193,12.149593],[-7.749304,12.148911],[-7.748962,12.146836],[-7.750726,12.145117],[-7.755996,12.144795],[-7.757036,12.147564],[-7.765468,12.146911],[-7.767194,12.153484],[-7.772464,12.153162],[-7.772449,12.156271],[-7.781239,12.154237],[-7.784033,12.157705],[-7.790356,12.157387],[-7.792126,12.154285],[-7.795293,12.152916],[-7.800558,12.15363],[-7.801971,12.151909],[-7.805825,12.153999],[-7.807231,12.153659],[-7.807245,12.150549],[-7.813562,12.151613],[-7.816037,12.147823],[-7.819203,12.1468],[-7.8206,12.148533],[-7.82237,12.145431],[-7.825882,12.145446],[-7.82727,12.149253],[-7.830081,12.148919],[-7.839185,12.155177],[-7.841995,12.155189],[-7.842013,12.151043],[-7.84483,12.149327],[-7.847276,12.152101],[-7.845866,12.153478],[-7.847262,12.155557],[-7.850769,12.156608],[-7.850403,12.160062],[-7.848643,12.161091],[-7.849674,12.166279],[-7.851778,12.166979],[-7.854953,12.163882],[-7.858815,12.164244],[-7.858064,12.175644],[-7.860171,12.175653],[-7.860882,12.173582],[-7.86193,12.174969],[-7.865794,12.174985],[-7.867563,12.171882],[-7.873539,12.17087],[-7.874607,12.167418],[-7.880939,12.165025],[-7.88343,12.157433],[-7.885543,12.156059],[-7.885569,12.149839],[-7.888037,12.14743],[-7.891903,12.146755],[-7.891216,12.142951],[-7.892641,12.138119],[-7.891593,12.136732],[-7.892653,12.135354],[-7.891602,12.134659],[-7.893014,12.132937],[-7.895121,12.132945],[-7.894761,12.135017],[-7.896858,12.137444],[-7.900372,12.137113],[-7.900719,12.138151],[-7.904596,12.134711],[-7.905997,12.135753],[-7.908458,12.135071],[-7.910205,12.137152],[-7.915475,12.136827],[-7.916892,12.133722],[-7.921809,12.133741],[-7.922517,12.132362],[-7.926031,12.131684],[-7.927807,12.126853],[-7.932025,12.125833],[-7.933442,12.122728],[-7.935896,12.123774],[-7.936261,12.12032],[-7.930648,12.118916],[-7.92925,12.117183],[-7.931718,12.114774],[-7.931732,12.111318],[-7.927885,12.107156],[-7.929999,12.105437],[-7.930717,12.101638],[-7.926518,12.097821],[-7.928292,12.093335],[-7.926192,12.091599],[-7.9283,12.091262],[-7.931123,12.087817],[-7.935681,12.089562],[-7.936037,12.088181],[-7.939202,12.087157],[-7.946925,12.087532],[-7.946939,12.084076],[-7.944835,12.083377],[-7.945893,12.081999],[-7.944855,12.078194],[-7.946623,12.07509],[-7.945581,12.071976],[-7.943118,12.073349],[-7.941368,12.07196],[-7.938204,12.072985],[-7.936123,12.066411],[-7.938245,12.062618],[-7.9372,12.06054],[-7.938958,12.059856],[-7.940038,12.052949],[-7.944259,12.050891],[-7.948821,12.0516],[-7.953401,12.04747],[-7.955852,12.049207],[-7.951674,12.040207],[-7.953779,12.04056],[-7.957649,12.038501],[-7.962212,12.038864],[-7.962904,12.041285],[-7.966756,12.044064],[-7.968519,12.041997],[-7.970269,12.043386],[-7.97168,12.041663],[-7.973083,12.042014],[-7.97517,12.047205],[-7.977624,12.048251],[-7.984651,12.046895],[-7.987806,12.047943],[-7.986418,12.043791],[-7.98783,12.041722],[-7.986797,12.03619],[-7.987859,12.033774],[-7.985408,12.032038],[-7.98577,12.029274],[-7.982967,12.027882],[-7.98334,12.022008],[-7.980884,12.021654],[-7.979843,12.018194],[-7.97668,12.01922],[-7.971108,12.00745],[-7.968297,12.00813],[-7.966901,12.006052],[-7.964441,12.006734],[-7.961297,12.002575],[-7.961654,12.001194],[-7.965873,11.999482],[-7.96624,11.995337],[-7.971173,11.990171],[-7.967329,11.985665],[-7.971205,11.981877],[-7.970511,11.979801],[-7.976125,11.980168],[-7.976135,11.977749],[-7.979297,11.976723],[-7.981067,11.972929],[-7.97722,11.969113],[-7.976885,11.964965],[-7.979694,11.96463],[-7.980058,11.961175],[-7.97517,11.954246],[-7.974845,11.947333],[-7.98046,11.947354],[-7.980451,11.949773],[-7.990277,11.950154],[-7.992023,11.952579],[-7.995535,11.951901],[-7.996935,11.952942],[-8.00256,11.950543],[-8.005379,11.947443],[-8.013802,11.947473],[-8.014149,11.948511],[-8.029244,11.947526],[-8.031698,11.948226],[-8.031692,11.949954],[-8.036607,11.949625],[-8.037316,11.947554],[-8.048196,11.947591],[-8.049944,11.949671],[-8.05205,11.949678],[-8.053461,11.947609],[-8.055214,11.947961],[-8.056609,11.95073],[-8.059416,11.950739],[-8.059412,11.952122],[-8.063973,11.952482],[-8.069951,11.949046],[-8.070282,11.954922],[-8.068171,11.956643],[-8.072733,11.956659],[-8.073427,11.95908],[-8.077293,11.95771],[-8.078335,11.960824],[-8.08114,11.961524],[-8.0829,11.960148],[-8.086408,11.96085],[-8.087844,11.951179],[-8.091705,11.951191],[-8.092418,11.947738],[-8.095221,11.949129],[-8.098034,11.947756],[-8.099431,11.949834],[-8.102593,11.948807],[-8.103641,11.950193],[-8.107509,11.948131],[-8.108206,11.949516],[-8.12223,11.954398],[-8.124319,11.959589],[-8.126425,11.959595],[-8.125015,11.961319],[-8.124998,11.966848],[-8.127452,11.967547],[-8.127445,11.969966],[-8.128842,11.972044],[-8.130598,11.971704],[-8.13059,11.974123],[-8.133398,11.974132],[-8.133042,11.975859],[-8.139353,11.977952],[-8.140413,11.975881],[-8.142168,11.975887],[-8.151635,11.979371],[-8.150576,11.981096],[-8.153028,11.982831],[-8.153371,11.985252],[-8.15055,11.98939],[-8.150188,11.992845],[-8.152997,11.992853],[-8.155448,11.994934],[-8.156132,12.000466],[-8.16,11.998404],[-8.163861,11.998761],[-8.167381,11.995661],[-8.167034,11.994278],[-8.168783,11.996357],[-8.172295,11.995676],[-8.172288,11.998095],[-8.169474,11.999815],[-8.171923,12.002587],[-8.171917,12.00466],[-8.170163,12.004309],[-8.166641,12.007755],[-8.167329,12.012595],[-8.16522,12.01328],[-8.165216,12.014662],[-8.167314,12.017433],[-8.164854,12.018117],[-8.164841,12.022264],[-8.162381,12.023294],[-8.16553,12.026759],[-8.172908,12.025053],[-8.173256,12.026091],[-8.17817,12.026451],[-8.179569,12.028183],[-8.185184,12.028891],[-8.188005,12.024752],[-8.191868,12.024417],[-8.194664,12.028572],[-8.195722,12.027193],[-8.200634,12.028244],[-8.200631,12.029281],[-8.20239,12.027903],[-8.206251,12.02826],[-8.206947,12.030336],[-8.210455,12.031382],[-8.211511,12.030349],[-8.210464,12.028272],[-8.212571,12.028278],[-8.212929,12.02586],[-8.21574,12.024831],[-8.217504,12.022071],[-8.222417,12.022776],[-8.223827,12.020706],[-8.231895,12.023148],[-8.234008,12.020734],[-8.238569,12.022129],[-8.238555,12.026968],[-8.244526,12.025947],[-8.244517,12.029403],[-8.242056,12.030433],[-8.247665,12.033559],[-8.248008,12.036324],[-8.249412,12.036674],[-8.250129,12.031146],[-8.252237,12.030806],[-8.252241,12.029424],[-8.258914,12.028405],[-8.260315,12.029791],[-8.263485,12.025998],[-8.265239,12.026348],[-8.267001,12.023933],[-8.268757,12.023938],[-8.270854,12.027399],[-8.272612,12.026367],[-8.275067,12.02741],[-8.27471,12.029829],[-8.272952,12.030515],[-8.272236,12.035697],[-8.274694,12.035704],[-8.277143,12.03882],[-8.277132,12.042968],[-8.278534,12.044008],[-8.277474,12.046425],[-8.279229,12.046775],[-8.283427,12.052315],[-8.288347,12.050945],[-8.289057,12.047837],[-8.292218,12.047499],[-8.293268,12.048884],[-8.298187,12.047514],[-8.300291,12.048556],[-8.298883,12.049935],[-8.300634,12.051668],[-8.308002,12.05376],[-8.309038,12.060674],[-8.314299,12.063106],[-8.314997,12.064836],[-8.320612,12.066232],[-8.32062,12.063122],[-8.322029,12.061052],[-8.324137,12.060711],[-8.324473,12.066933],[-8.326224,12.068665],[-8.323406,12.072114],[-8.327969,12.073162],[-8.327963,12.075581],[-8.330769,12.076625],[-8.328651,12.081113],[-8.33145,12.085267],[-8.329336,12.088026],[-8.330382,12.091139],[-8.334595,12.091495],[-8.338467,12.088048],[-8.338824,12.08563],[-8.346898,12.086686],[-8.350417,12.083929],[-8.352522,12.084625],[-8.352866,12.087736],[-8.354621,12.08774],[-8.356036,12.083597],[-8.357089,12.083945],[-8.358831,12.089824],[-8.364445,12.09191],[-8.365849,12.091914],[-8.36902,12.087774],[-8.36903,12.083281],[-8.370781,12.085358],[-8.379557,12.08676],[-8.380599,12.091947],[-8.383054,12.093335],[-8.380584,12.098513],[-8.381617,12.107501],[-8.379153,12.109915],[-8.378102,12.10853],[-8.376345,12.108872],[-8.376692,12.110946],[-8.370019,12.110931],[-8.369311,12.113349],[-8.37001,12.114733],[-8.372821,12.114048],[-8.372466,12.115775],[-8.37492,12.117854],[-8.375613,12.121658],[-8.373146,12.125454],[-8.376292,12.131682],[-8.368908,12.135121],[-8.368901,12.138231],[-8.365737,12.139606],[-8.367138,12.141338],[-8.367129,12.145139],[-8.365019,12.145826],[-8.364663,12.147898],[-8.361852,12.148238],[-8.362896,12.152733],[-8.36465,12.153428],[-8.363238,12.156535],[-8.363577,12.16172],[-8.366392,12.159653],[-8.369903,12.160352],[-8.370962,12.157935],[-8.377986,12.158642],[-8.380089,12.160721],[-8.382555,12.157616],[-8.388869,12.161431],[-8.387455,12.16523],[-8.389561,12.166271],[-8.390955,12.171113],[-8.396221,12.172507],[-8.395511,12.175616],[-8.391991,12.178718],[-8.393036,12.182868],[-8.388816,12.184587],[-8.389512,12.187353],[-8.392321,12.188396],[-8.392666,12.190816],[-8.399337,12.192904],[-8.401451,12.190144],[-8.401457,12.187379],[-8.403214,12.187037],[-8.40321,12.188765],[-8.406374,12.187735],[-8.405685,12.181859],[-8.408145,12.181173],[-8.408492,12.183247],[-8.410948,12.184635],[-8.414467,12.182223],[-8.417628,12.182575],[-8.419389,12.180505],[-8.418691,12.17843],[-8.420804,12.17567],[-8.419408,12.17152],[-8.422222,12.169798],[-8.419767,12.168065],[-8.419773,12.1653],[-8.422943,12.161505],[-8.420848,12.155279],[-8.422956,12.155284],[-8.424724,12.150103],[-8.427886,12.149764],[-8.427542,12.145962],[-8.423689,12.141116],[-8.423697,12.137314],[-8.42054,12.135579],[-8.419495,12.13143],[-8.421957,12.129707],[-8.421965,12.126251],[-8.424426,12.124874],[-8.430044,12.125922],[-8.434264,12.123166],[-8.438831,12.12283],[-8.439179,12.124213],[-8.443041,12.125257],[-8.442685,12.127676],[-8.440926,12.128709],[-8.443014,12.13839],[-8.440543,12.143915],[-8.440533,12.148753],[-8.442991,12.14945],[-8.443333,12.153598],[-8.441572,12.156013],[-8.442622,12.157743],[-8.443674,12.158782],[-8.446837,12.157752],[-8.448941,12.159484],[-8.447179,12.162245],[-8.44963,12.166052],[-8.448219,12.16916],[-8.450324,12.170201],[-8.448908,12.175728],[-8.450661,12.177113],[-8.454528,12.176084],[-8.455223,12.179887],[-8.460139,12.180934],[-8.460837,12.183009],[-8.463996,12.184743],[-8.465754,12.18371],[-8.468914,12.184752],[-8.471733,12.180265],[-8.472784,12.181649],[-8.476299,12.180619],[-8.478753,12.183734],[-8.48473,12.180981],[-8.487884,12.185134],[-8.493857,12.184799],[-8.491732,12.193781],[-8.493839,12.194131],[-8.496655,12.191371],[-8.501214,12.195527],[-8.502257,12.201749],[-8.504014,12.201407],[-8.506468,12.204522],[-8.503652,12.206936],[-8.50611,12.207632],[-8.508562,12.212129],[-8.512075,12.212135],[-8.513477,12.214211],[-8.516639,12.213871],[-8.513467,12.219395],[-8.514165,12.222162],[-8.510295,12.22492],[-8.510285,12.230449],[-8.508524,12.23252],[-8.510626,12.235634],[-8.510956,12.247731],[-8.508144,12.248071],[-8.507083,12.251526],[-8.503213,12.253938],[-8.504261,12.257396],[-8.506369,12.2574],[-8.509524,12.261898],[-8.509857,12.271921],[-8.510562,12.27054],[-8.513724,12.271237],[-8.51443,12.269165],[-8.521105,12.270559],[-8.524611,12.275058],[-8.522849,12.277474],[-8.526359,12.279899],[-8.525653,12.281626],[-8.523898,12.280932],[-8.523895,12.282314],[-8.525298,12.284045],[-8.524586,12.289228],[-8.527036,12.294762],[-8.525627,12.296487],[-8.52387,12.296139],[-8.523864,12.299595],[-8.522457,12.300283],[-8.523153,12.304086],[-8.518932,12.305807],[-8.518918,12.313756],[-8.521021,12.31687],[-8.52911,12.314119],[-8.531568,12.315506],[-8.531212,12.317924],[-8.534728,12.317239],[-8.542101,12.322436],[-8.543502,12.324857],[-8.542796,12.326584],[-8.544551,12.32797],[-8.543845,12.329696],[-8.545953,12.330737],[-8.547002,12.333849],[-8.54172,12.33937],[-8.54136,12.344208],[-8.542409,12.34732],[-8.545571,12.348362],[-8.545215,12.350781],[-8.548376,12.352514],[-8.54802,12.355278],[-8.551181,12.356666],[-8.552582,12.359779],[-8.559962,12.361173],[-8.566634,12.365677],[-8.57015,12.365682],[-8.576137,12.359125],[-8.580354,12.360168],[-8.581757,12.361899],[-8.584551,12.373308],[-8.580333,12.373302],[-8.57822,12.375026],[-8.580673,12.38056],[-8.577852,12.38574],[-8.568698,12.393329],[-8.562375,12.389862],[-8.558855,12.392621],[-8.554287,12.390886],[-8.549011,12.39226],[-8.547942,12.400207],[-8.548993,12.402628],[-8.551806,12.402632],[-8.55145,12.405051],[-8.557076,12.404715],[-8.560939,12.407832],[-8.563044,12.4106],[-8.561629,12.415782],[-8.564085,12.41855],[-8.568303,12.419594],[-8.572164,12.423747],[-8.57568,12.424444],[-8.576731,12.426519],[-8.575668,12.431356],[-8.577773,12.434815],[-8.572486,12.442065],[-8.56792,12.438602],[-8.564049,12.440323],[-8.562639,12.442395],[-8.563691,12.444124],[-8.560522,12.446884],[-8.557357,12.446879],[-8.556999,12.45068],[-8.553834,12.450329],[-8.553472,12.456204],[-8.549957,12.455161],[-8.549246,12.459653],[-8.547838,12.460342],[-8.545737,12.4555],[-8.538357,12.452377],[-8.5352,12.448224],[-8.528522,12.446139],[-8.526769,12.443026],[-8.5236,12.445094],[-8.521153,12.43714],[-8.514481,12.43229],[-8.513785,12.428487],[-8.519066,12.424695],[-8.51978,12.418821],[-8.513796,12.422266],[-8.50993,12.421223],[-8.50853,12.417764],[-8.504667,12.415338],[-8.497275,12.419471],[-8.497279,12.417743],[-8.48638,12.416686],[-8.481118,12.410801],[-8.477247,12.412176],[-8.477244,12.413904],[-8.474783,12.413554],[-8.470558,12.41631],[-8.467043,12.415958],[-8.462818,12.418714],[-8.456848,12.414901],[-8.450518,12.415579],[-8.448762,12.414539],[-8.448416,12.411773],[-8.444899,12.412112],[-8.443137,12.414182],[-8.440325,12.41383],[-8.436474,12.405874],[-8.430853,12.403788],[-8.428763,12.394798],[-8.421382,12.393746],[-8.41612,12.388551],[-8.414011,12.3882],[-8.410491,12.390266],[-8.409442,12.387499],[-8.407334,12.386804],[-8.406291,12.381617],[-8.409106,12.380587],[-8.409822,12.374713],[-8.412286,12.373336],[-8.409137,12.366763],[-8.408801,12.35985],[-8.406697,12.357426],[-8.402122,12.359835],[-8.396146,12.359822],[-8.390514,12.36292],[-8.384184,12.363943],[-8.38277,12.367395],[-8.379253,12.367733],[-8.375022,12.372907],[-8.368339,12.37462],[-8.367617,12.382567],[-8.370065,12.387756],[-8.364789,12.388781],[-8.364784,12.390855],[-8.361616,12.392575],[-8.36089,12.401904],[-8.363702,12.401911],[-8.364401,12.403986],[-8.371076,12.406075],[-8.371419,12.409532],[-8.368954,12.411254],[-8.368949,12.413328],[-8.369294,12.416094],[-8.371749,12.418518],[-8.368934,12.419549],[-8.368572,12.423695],[-8.364353,12.423685],[-8.36294,12.426101],[-8.360128,12.425749],[-8.356604,12.428851],[-8.352747,12.424694],[-8.353458,12.421586],[-8.351354,12.419162],[-8.344684,12.414998],[-8.341163,12.417063],[-8.339414,12.413258],[-8.331335,12.410127],[-8.330639,12.407361],[-8.332401,12.405637],[-8.329945,12.403903],[-8.3289,12.400099],[-8.321865,12.401119],[-8.31554,12.39972],[-8.313428,12.400752],[-8.315877,12.405251],[-8.314116,12.406629],[-8.314814,12.408704],[-8.316218,12.409399],[-8.317611,12.414586],[-8.32077,12.416667],[-8.321115,12.419433],[-8.332001,12.424644],[-8.333049,12.427411],[-8.335859,12.428801],[-8.337618,12.428114],[-8.337962,12.431225],[-8.340765,12.435379],[-8.342874,12.43573],[-8.349175,12.447149],[-8.355867,12.442673],[-8.361139,12.443722],[-8.361494,12.44234],[-8.365013,12.441312],[-8.367823,12.442701],[-8.370273,12.447545],[-8.369209,12.451344],[-8.366395,12.451683],[-8.366035,12.454793],[-8.363568,12.457206],[-8.357941,12.457193],[-8.357937,12.458921],[-8.355828,12.45857],[-8.353714,12.460293],[-8.354765,12.461678],[-8.353004,12.46271],[-8.354047,12.467897],[-8.346984,12.47963],[-8.343106,12.483076],[-8.346251,12.491378],[-8.343087,12.490679],[-8.34378,12.494828],[-8.339906,12.496892],[-8.340602,12.499659],[-8.338845,12.499309],[-8.336723,12.503796],[-8.333909,12.503789],[-8.330379,12.508619],[-8.328621,12.508614],[-8.32685,12.513103],[-8.322973,12.516203],[-8.323671,12.518279],[-8.322253,12.522422],[-8.324009,12.523463],[-8.322942,12.528299],[-8.321535,12.52795],[-8.321178,12.530022],[-8.319419,12.530363],[-8.318015,12.528978],[-8.312736,12.530001],[-8.312389,12.528272],[-8.308526,12.525843],[-8.306763,12.527566],[-8.302544,12.526519],[-8.30078,12.528588],[-8.29832,12.52789],[-8.296198,12.532032],[-8.294442,12.53099],[-8.289866,12.532015],[-8.288463,12.530629],[-8.284239,12.531654],[-8.282843,12.527504],[-8.280737,12.526116],[-8.274037,12.531973],[-8.269816,12.531961],[-8.272274,12.53335],[-8.274021,12.537502],[-8.281398,12.541323],[-8.277871,12.54477],[-8.274001,12.544759],[-8.27294,12.54683],[-8.268363,12.5482],[-8.264836,12.5513],[-8.259205,12.552322],[-8.258495,12.554393],[-8.25568,12.554731],[-8.255322,12.556803],[-8.251102,12.556446],[-8.248281,12.558512],[-8.245469,12.557813],[-8.245465,12.559195],[-8.240181,12.561599],[-8.239821,12.564363],[-8.235598,12.564696],[-8.232073,12.567105],[-8.232051,12.574708],[-8.227125,12.574694],[-8.226766,12.577112],[-8.224657,12.576415],[-8.217263,12.578467],[-8.209535,12.574643],[-8.208827,12.576023],[-8.20531,12.575667],[-8.205305,12.577049],[-8.203192,12.577734],[-8.203529,12.582573],[-8.208086,12.588116],[-8.20808,12.590189],[-8.210191,12.590196],[-8.212289,12.594349],[-8.215812,12.592977],[-8.218272,12.593675],[-8.217558,12.597129],[-8.219312,12.598862],[-8.221424,12.598523],[-8.222119,12.601635],[-8.224581,12.601988],[-8.223519,12.604058],[-8.224925,12.604408],[-8.224199,12.612008],[-8.21363,12.616124],[-8.213966,12.621309],[-8.211837,12.627178],[-8.212531,12.63029],[-8.210767,12.631667],[-8.210761,12.63374],[-8.212516,12.635128],[-8.217093,12.63445],[-8.217088,12.636178],[-8.223416,12.63827],[-8.224803,12.64484],[-8.227616,12.645885],[-8.227207,12.664891],[-8.23002,12.66559],[-8.230014,12.667664],[-8.233534,12.667328],[-8.236717,12.662154],[-8.240589,12.661819],[-8.243412,12.659408],[-8.245873,12.660106],[-8.249752,12.657698],[-8.252917,12.658398],[-8.256075,12.661517],[-8.255713,12.664972],[-8.262037,12.668791],[-8.263086,12.671213],[-8.258848,12.676385],[-8.261303,12.679502],[-8.265874,12.680897],[-8.265165,12.682623],[-8.269032,12.684362],[-8.270428,12.688512],[-8.264085,12.691259],[-8.260555,12.694706],[-8.263005,12.69955],[-8.261928,12.706805],[-8.250665,12.706428],[-8.246779,12.711255],[-8.229875,12.713625],[-8.226695,12.717763],[-8.222116,12.718786],[-8.224211,12.724322],[-8.223145,12.727429],[-8.218563,12.729489],[-8.214342,12.728439],[-8.20975,12.733264],[-8.20377,12.731864],[-8.201646,12.735658],[-8.203036,12.741537],[-8.202312,12.747756],[-8.205468,12.751912],[-8.20406,12.751908],[-8.201229,12.756392],[-8.19806,12.756728],[-8.194514,12.764665],[-8.185355,12.766019],[-8.18569,12.77155],[-8.184276,12.773273],[-8.185675,12.776042],[-8.184263,12.77742],[-8.181793,12.77914],[-8.177218,12.778435],[-8.177213,12.779817],[-8.174745,12.780846],[-8.176855,12.781544],[-8.17788,12.791223],[-8.182456,12.791928],[-8.181742,12.794691],[-8.184202,12.796426],[-8.182437,12.797803],[-8.183133,12.800224],[-8.181366,12.802292],[-8.182769,12.804024],[-8.18065,12.805746],[-8.180641,12.80851],[-8.1831,12.810591],[-8.182039,12.81197],[-8.183442,12.813703],[-8.182731,12.815774],[-8.18449,12.816125],[-8.184133,12.817852],[-8.186944,12.819588],[-8.185532,12.82062],[-8.185519,12.824767],[-8.189738,12.826854],[-8.192911,12.825827],[-8.196074,12.82791],[-8.196768,12.831022],[-8.200648,12.829306],[-8.201342,12.832418],[-8.204508,12.833465],[-8.207316,12.836583],[-8.21084,12.835903],[-8.213667,12.832801],[-8.219648,12.834547],[-8.221768,12.83248],[-8.225638,12.833528],[-8.231982,12.832164],[-8.236196,12.835978],[-8.235128,12.839776],[-8.235807,12.848072],[-8.234045,12.848412],[-8.235079,12.856018],[-8.237539,12.857753],[-8.242434,12.869862],[-8.24805,12.876444],[-8.24874,12.881284],[-8.2505,12.881635],[-8.248373,12.886121],[-8.244139,12.888528],[-8.23919,12.894389],[-8.241971,12.906492],[-8.239848,12.909596],[-8.240191,12.912707],[-8.247214,12.92033],[-8.243324,12.925157],[-8.243668,12.927922],[-8.241542,12.932063],[-8.225696,12.929597],[-8.222883,12.927861],[-8.212651,12.932669],[-8.20913,12.931967],[-8.207009,12.934034],[-8.204543,12.934026],[-8.195389,12.93227],[-8.19151,12.933295],[-8.189035,12.936052],[-8.184824,12.930855],[-8.186241,12.928441],[-8.183424,12.928086],[-8.183078,12.926012],[-8.173588,12.919416],[-8.171466,12.921828],[-8.168654,12.920092],[-8.167232,12.923888],[-8.1609,12.921104],[-8.154205,12.921428],[-8.145034,12.924853],[-8.144675,12.926926],[-8.142565,12.925882],[-8.140094,12.927256],[-8.133421,12.921359],[-8.12923,12.910633],[-8.123241,12.910959],[-8.116507,12.922339],[-8.113687,12.923021],[-8.113681,12.924749],[-8.110146,12.928192],[-8.106979,12.927145],[-8.106969,12.929909],[-8.103783,12.934045],[-8.103775,12.936464],[-8.106587,12.938202],[-8.106205,12.946494],[-8.109371,12.947887],[-8.109364,12.94996],[-8.106891,12.95168],[-8.107899,12.965506],[-8.110712,12.967243],[-8.110349,12.970006],[-8.112104,12.972086],[-8.107473,12.986238],[-8.10606,12.98727],[-8.103598,12.985879],[-8.101475,12.988291],[-8.090555,12.987216],[-8.082426,12.993753],[-8.072915,12.993028],[-8.072197,12.996481],[-8.07043,12.997857],[-8.064795,12.997146],[-8.060907,13.000242],[-8.057036,12.998845],[-8.054911,13.001602],[-8.051745,13.000208],[-8.051049,12.997787],[-8.047536,12.99501],[-8.044367,12.994307],[-8.040137,12.994637],[-8.036596,12.999116],[-8.036233,13.001879],[-8.0415,13.006736],[-8.040787,13.008807],[-8.042891,13.011579],[-8.03619,13.012937],[-8.035125,13.015006],[-8.031247,13.015337],[-8.029474,13.018095],[-8.02736,13.018087],[-8.026975,13.026379],[-8.03469,13.036429],[-8.040321,13.038523],[-8.040664,13.040943],[-8.033604,13.043681],[-8.033242,13.046099],[-8.030412,13.048853],[-8.03074,13.055074],[-8.027915,13.056445],[-8.028948,13.062669],[-8.02718,13.064045],[-8.020489,13.062637],[-8.018016,13.06401],[-8.018362,13.065739],[-8.015188,13.066073],[-8.015181,13.067801],[-8.011641,13.071588],[-8.007414,13.070881],[-8.005283,13.075019],[-8.007752,13.074683],[-8.007392,13.076409],[-8.010556,13.078495],[-8.008787,13.080216],[-8.00738,13.079519],[-8.006669,13.080899],[-7.999611,13.082945],[-7.998884,13.088471],[-7.996763,13.089845],[-7.997815,13.091231],[-7.998524,13.090197],[-8.005573,13.09057],[-8.007324,13.093341],[-8.005905,13.095755],[-8.006601,13.097831],[-8.011186,13.097503],[-8.011179,13.09923],[-8.018586,13.098222],[-8.021403,13.098924],[-8.023507,13.101696],[-8.025981,13.100323],[-8.028092,13.101368],[-8.027027,13.103092],[-8.028431,13.104825],[-8.024196,13.105845],[-8.024172,13.112065],[-8.024871,13.11345],[-8.026638,13.11242],[-8.028749,13.113465],[-8.030142,13.117962],[-8.029068,13.122105],[-8.025891,13.123129],[-8.026589,13.12486],[-8.024818,13.126926],[-8.025511,13.130039],[-8.023379,13.134177],[-8.02443,13.135909],[-8.021952,13.138319],[-8.023007,13.139014],[-8.022275,13.145922],[-8.017335,13.14694],[-8.016267,13.149355],[-8.012745,13.148304],[-8.013091,13.150033],[-8.010272,13.149677],[-8.008517,13.147597],[-8.004282,13.148617],[-8.002866,13.149994],[-8.003558,13.153107],[-7.99613,13.158952],[-7.996117,13.162062],[-7.99857,13.165872],[-7.996449,13.167246],[-7.996778,13.173122],[-7.993949,13.174839],[-7.994298,13.175877],[-7.990065,13.176205],[-7.989707,13.177586],[-7.985115,13.179296],[-7.982276,13.183777],[-7.976272,13.185826],[-7.975561,13.187205],[-7.97697,13.187557],[-7.977661,13.191015],[-7.974838,13.191349],[-7.975881,13.195154],[-7.973396,13.198945],[-7.974093,13.201021],[-7.968437,13.204108],[-7.968421,13.207909],[-7.965246,13.208242],[-7.96524,13.209624],[-7.960998,13.212026],[-7.962045,13.214449],[-7.960275,13.216169],[-7.957806,13.216159],[-7.957798,13.217887],[-7.956032,13.218571],[-7.948269,13.219576],[-7.944399,13.217141],[-7.940499,13.221962],[-7.938384,13.221608],[-7.938374,13.224027],[-7.935198,13.224359],[-7.935539,13.227125],[-7.930939,13.230561],[-7.930928,13.23298],[-7.927024,13.238492],[-7.923144,13.238476],[-7.921364,13.242269],[-7.917837,13.242254],[-7.916417,13.244321],[-7.912535,13.24465],[-7.910407,13.247406],[-7.908649,13.246016],[-7.906176,13.247042],[-7.906869,13.249809],[-7.905097,13.251529],[-7.904714,13.258438],[-7.901878,13.261536],[-7.90222,13.263956],[-7.904338,13.26362],[-7.907497,13.267089],[-7.910322,13.26641],[-7.910311,13.268828],[-7.912416,13.271602],[-7.915587,13.272306],[-7.916633,13.275075],[-7.919106,13.274395],[-7.918732,13.27923],[-7.921189,13.282005],[-7.926128,13.282026],[-7.928216,13.2886],[-7.92963,13.287915],[-7.931388,13.289304],[-7.932066,13.295527],[-7.934894,13.294157],[-7.935945,13.295889],[-7.951105,13.298371],[-7.952859,13.300797],[-7.951793,13.30252],[-7.952825,13.308744],[-7.961936,13.323294],[-7.959807,13.326049],[-7.960504,13.328126],[-7.96262,13.32848],[-7.962606,13.33159],[-7.967196,13.330917],[-7.97422,13.338893],[-7.97528,13.338552],[-7.976658,13.346505],[-7.979826,13.348245],[-7.983004,13.347913],[-7.982639,13.350675],[-7.979103,13.352389],[-7.980512,13.353086],[-7.980852,13.356197],[-7.978724,13.358607],[-7.97871,13.362062],[-7.98118,13.362072],[-7.982931,13.365189],[-7.982558,13.370025],[-7.984671,13.37107],[-7.983955,13.373486],[-7.986423,13.374187],[-7.988876,13.378344],[-7.9871,13.381101],[-7.984628,13.381436],[-7.984971,13.383857],[-7.982486,13.387302],[-7.980721,13.387295],[-7.981067,13.389024],[-7.979651,13.390055],[-7.979638,13.393165],[-7.981752,13.393864],[-7.981745,13.395592],[-7.980333,13.395586],[-7.980673,13.398698],[-7.978191,13.401452],[-7.980297,13.404225],[-7.979579,13.406986],[-7.98204,13.409415],[-7.977432,13.413888],[-7.976022,13.413537],[-7.976718,13.415958],[-7.974242,13.416985],[-7.973523,13.420092],[-7.970339,13.421807],[-7.972092,13.424578],[-7.971373,13.427685],[-7.966434,13.426974],[-7.966427,13.428701],[-7.962545,13.42834],[-7.962533,13.431104],[-7.960068,13.429712],[-7.955473,13.431075],[-7.95403,13.438325],[-7.957563,13.437649],[-7.957912,13.438687],[-7.957883,13.445252],[-7.955405,13.446969],[-7.957165,13.448013],[-7.958202,13.453201],[-7.956429,13.454921],[-7.956767,13.458378],[-7.953593,13.457673],[-7.952894,13.455943],[-7.951475,13.457665],[-7.949358,13.45731],[-7.949017,13.454545],[-7.945134,13.454528],[-7.942649,13.457628],[-7.940179,13.457272],[-7.938408,13.458646],[-7.935594,13.456216],[-7.935958,13.453799],[-7.933837,13.454481],[-7.933858,13.449643],[-7.931037,13.44894],[-7.928581,13.445474],[-7.930716,13.441683],[-7.926129,13.441318],[-7.920152,13.435764],[-7.915207,13.436433],[-7.914867,13.433668],[-7.907093,13.435362],[-7.903221,13.432926],[-7.897912,13.436013],[-7.892973,13.4353],[-7.890488,13.438399],[-7.888031,13.435278],[-7.884506,13.434226],[-7.878844,13.437311],[-7.875319,13.436258],[-7.874958,13.437984],[-7.872129,13.439008],[-7.870723,13.43762],[-7.867882,13.441408],[-7.867499,13.447626],[-7.865726,13.449345],[-7.867485,13.450735],[-7.862526,13.454168],[-7.859354,13.453117],[-7.854753,13.455515],[-7.854729,13.460698],[-7.851194,13.461718],[-7.849743,13.469659],[-7.850428,13.474154],[-7.846173,13.477935],[-7.84616,13.480699],[-7.847919,13.482089],[-7.847539,13.487616],[-7.845064,13.488296],[-7.843626,13.493817],[-7.83938,13.495525],[-7.836912,13.494823],[-7.83548,13.498962],[-7.828754,13.502386],[-7.829452,13.504117],[-7.827317,13.507562],[-7.827293,13.5124],[-7.820226,13.513403],[-7.820216,13.515476],[-7.817031,13.516843],[-7.814564,13.515795],[-7.812086,13.517165],[-7.807497,13.516798],[-7.806075,13.518864],[-7.80183,13.520226],[-7.797946,13.520207],[-7.797958,13.517789],[-7.796195,13.517435],[-7.795128,13.518812],[-7.792307,13.518107],[-7.791938,13.521215],[-7.788409,13.520853],[-7.78805,13.521887],[-7.785229,13.521183],[-7.784539,13.51807],[-7.778172,13.520112],[-7.774647,13.519058],[-7.774632,13.521822],[-7.772514,13.521812],[-7.771797,13.523881],[-7.768615,13.524557],[-7.76861,13.525593],[-7.764728,13.525228],[-7.764007,13.527989],[-7.760827,13.528319],[-7.758338,13.531762],[-7.756583,13.52968],[-7.755516,13.531057],[-7.747393,13.531362],[-7.746323,13.533429],[-7.744204,13.533419],[-7.743505,13.532033],[-7.737496,13.533039],[-7.735713,13.536485],[-7.724777,13.534357],[-7.722298,13.535726],[-7.722991,13.538148],[-7.720865,13.53952],[-7.72085,13.542284],[-7.717334,13.539501],[-7.71907,13.545038],[-7.716949,13.545373],[-7.714457,13.549161],[-7.712336,13.549495],[-7.711619,13.551565],[-7.708091,13.550856],[-7.704199,13.552217],[-7.701348,13.55704],[-7.697102,13.5584],[-7.698148,13.560824],[-7.696728,13.562198],[-7.688234,13.565609],[-7.686487,13.562145],[-7.679437,13.559689],[-7.67875,13.55623],[-7.66852,13.554103],[-7.668528,13.552721],[-7.663598,13.550276],[-7.660796,13.546115],[-7.658299,13.550593],[-7.654401,13.552991],[-7.65332,13.556785],[-7.648717,13.558834],[-7.643071,13.558112],[-7.645927,13.552599],[-7.647695,13.552264],[-7.648817,13.541214],[-7.647067,13.53844],[-7.641421,13.537719],[-7.642865,13.532198],[-7.640391,13.532531],[-7.637584,13.529406],[-7.63659,13.517999],[-7.633071,13.515907],[-7.629922,13.510707],[-7.6271,13.510346],[-7.627122,13.506546],[-7.621834,13.505135],[-7.617988,13.498549],[-7.618708,13.496135],[-7.622236,13.4965],[-7.624727,13.493058],[-7.627909,13.492385],[-7.628287,13.487895],[-7.630402,13.488598],[-7.632883,13.486884],[-7.633251,13.484122],[-7.634664,13.48413],[-7.632912,13.481702],[-7.635036,13.480677],[-7.635411,13.476878],[-7.636827,13.476195],[-7.630471,13.476506],[-7.630125,13.475122],[-7.62484,13.473366],[-7.624848,13.471984],[-7.622724,13.473009],[-7.621681,13.470239],[-7.618867,13.468496],[-7.619586,13.466081],[-7.618184,13.464346],[-7.621718,13.463675],[-7.624937,13.456437],[-7.622844,13.451934],[-7.623558,13.450556],[-7.61792,13.448797],[-7.618293,13.445345],[-7.616532,13.444644],[-7.61655,13.441534],[-7.610201,13.440809],[-7.61129,13.435632],[-7.60497,13.429724],[-7.606051,13.425929],[-7.602885,13.424184],[-7.604679,13.419012],[-7.600111,13.415532],[-7.599774,13.412766],[-7.59729,13.41517],[-7.594117,13.414462],[-7.594129,13.412389],[-7.590971,13.409262],[-7.589197,13.410979],[-7.581432,13.410936],[-7.578956,13.411958],[-7.577883,13.414371],[-7.573297,13.413999],[-7.569784,13.411215],[-7.568369,13.411898],[-7.566992,13.406017],[-7.560278,13.407361],[-7.557083,13.410452],[-7.555325,13.409406],[-7.551433,13.411111],[-7.549328,13.409026],[-7.548261,13.410402],[-7.544024,13.410723],[-7.544017,13.411759],[-7.544364,13.412798],[-7.55036,13.413523],[-7.549288,13.41559],[-7.547173,13.415232],[-7.54681,13.416957],[-7.552774,13.422865],[-7.55276,13.425283],[-7.551346,13.425621],[-7.550268,13.428724],[-7.55483,13.433242],[-7.554113,13.434965],[-7.555523,13.435318],[-7.555511,13.437391],[-7.55408,13.440493],[-7.557597,13.442586],[-7.55651,13.447416],[-7.553331,13.447743],[-7.551539,13.452224],[-7.548011,13.451859],[-7.547667,13.450475],[-7.546247,13.451848],[-7.544841,13.450804],[-7.542366,13.451481],[-7.54132,13.449402],[-7.538483,13.451458],[-7.538118,13.453529],[-7.534586,13.453854],[-7.532124,13.452457],[-7.529289,13.454168],[-7.528924,13.456239],[-7.526449,13.456916],[-7.52644,13.458297],[-7.524329,13.457249],[-7.52219,13.460691],[-7.517954,13.460666],[-7.515513,13.455815],[-7.51304,13.456146],[-7.512693,13.455107],[-7.506669,13.458872],[-7.501364,13.460568],[-7.498904,13.458826],[-7.497483,13.460199],[-7.499931,13.464014],[-7.504162,13.46473],[-7.501674,13.467479],[-7.501293,13.471968],[-7.499173,13.472301],[-7.500212,13.475416],[-7.498796,13.476099],[-7.500527,13.481637],[-7.503684,13.484765],[-7.502963,13.487179],[-7.507897,13.48859],[-7.507527,13.491352],[-7.509987,13.493094],[-7.513522,13.492424],[-7.512452,13.494145],[-7.514213,13.494847],[-7.513126,13.499331],[-7.516652,13.500043],[-7.517696,13.502468],[-7.519466,13.501787],[-7.52122,13.503525],[-7.520501,13.505594],[-7.524034,13.505269],[-7.528258,13.507367],[-7.528583,13.51186],[-7.530344,13.512561],[-7.528562,13.515315],[-7.530279,13.523271],[-7.52249,13.52668],[-7.520373,13.526322],[-7.51753,13.529414],[-7.515411,13.529402],[-7.513308,13.526971],[-7.509773,13.527641],[-7.509435,13.525221],[-7.506246,13.526929],[-7.503785,13.525187],[-7.493191,13.525469],[-7.487148,13.531996],[-7.484321,13.532325],[-7.483959,13.533704],[-7.485367,13.534404],[-7.483946,13.535777],[-7.484266,13.540961],[-7.482854,13.540953],[-7.481773,13.544401],[-7.480007,13.54439],[-7.47893,13.547147],[-7.473643,13.545733],[-7.473634,13.547115],[-7.465504,13.548447],[-7.464789,13.549825],[-7.461264,13.548767],[-7.457014,13.550813],[-7.452783,13.549751],[-7.45171,13.551817],[-7.445732,13.54798],[-7.439737,13.546906],[-7.437598,13.550002],[-7.431935,13.552039],[-7.432978,13.554464],[-7.431194,13.557216],[-7.430819,13.560669],[-7.43222,13.562405],[-7.431138,13.565853],[-7.426903,13.565481],[-7.424109,13.560627],[-7.419161,13.561286],[-7.417758,13.559895],[-7.416687,13.561616],[-7.414216,13.5616],[-7.410694,13.560196],[-7.40927,13.561914],[-7.405044,13.56016],[-7.402565,13.561181],[-7.398333,13.560463],[-7.390536,13.564558],[-7.389451,13.568351],[-7.386963,13.570753],[-7.383781,13.571424],[-7.379557,13.569323],[-7.378877,13.565519],[-7.377118,13.564471],[-7.377142,13.561017],[-7.3708,13.558903],[-7.371873,13.556837],[-7.369411,13.555439],[-7.369442,13.550948],[-7.371563,13.550617],[-7.372288,13.547858],[-7.367693,13.548519],[-7.36488,13.546773],[-7.366295,13.546437],[-7.365953,13.544707],[-7.36419,13.54435],[-7.365276,13.540557],[-7.362456,13.539848],[-7.362477,13.536739],[-7.360013,13.535686],[-7.36215,13.532937],[-7.363913,13.533294],[-7.363922,13.531912],[-7.368517,13.531251],[-7.368183,13.528485],[-7.366775,13.527785],[-7.368199,13.526067],[-7.366462,13.52191],[-7.357283,13.52185],[-7.358351,13.520475],[-7.356603,13.518046],[-7.349182,13.519033],[-7.347787,13.516606],[-7.349561,13.515236],[-7.34745,13.514185],[-7.348185,13.510045],[-7.34678,13.508999],[-7.342195,13.508278],[-7.341124,13.509998],[-7.338656,13.509636],[-7.337935,13.511704],[-7.334403,13.512026],[-7.337608,13.507902],[-7.334801,13.505465],[-7.335898,13.499945],[-7.33238,13.498195],[-7.331004,13.493004],[-7.326781,13.491248],[-7.324329,13.488468],[-7.326466,13.485719],[-7.326142,13.481571],[-7.32332,13.481207],[-7.319155,13.471161],[-7.323743,13.471192],[-7.32479,13.472926],[-7.327278,13.470524],[-7.327655,13.467072],[-7.330147,13.46398],[-7.32911,13.460864],[-7.330524,13.460528],[-7.330541,13.45811],[-7.320349,13.451824],[-7.32178,13.449069],[-7.319664,13.44871],[-7.318274,13.445592],[-7.315802,13.44592],[-7.316894,13.441091],[-7.313377,13.439341],[-7.31374,13.437961],[-7.311975,13.437949],[-7.312698,13.435536],[-7.309524,13.435169],[-7.309188,13.432749],[-7.312371,13.431734],[-7.311327,13.429654],[-7.313466,13.426559],[-7.314928,13.419315],[-7.312838,13.415501],[-7.313911,13.413435],[-7.317795,13.413116],[-7.318865,13.411396],[-7.316751,13.411036],[-7.316059,13.408959],[-7.317852,13.404825],[-7.316441,13.404816],[-7.317159,13.403093],[-7.31471,13.399968],[-7.314377,13.397202],[-7.3158,13.395484],[-7.312639,13.39339],[-7.312305,13.390625],[-7.308777,13.390601],[-7.309526,13.384388],[-7.30812,13.383687],[-7.308485,13.381963],[-7.304964,13.380903],[-7.305691,13.377798],[-7.30182,13.376391],[-7.301515,13.36948],[-7.297627,13.37049],[-7.295875,13.368751],[-7.292702,13.368384],[-7.290225,13.369404],[-7.28461,13.36522],[-7.285688,13.362464],[-7.283914,13.363834],[-7.279683,13.363459],[-7.276885,13.359986],[-7.275111,13.361356],[-7.272299,13.359955],[-7.272291,13.360991],[-7.268053,13.361653],[-7.264155,13.364044],[-7.264488,13.36681],[-7.261653,13.368518],[-7.257072,13.367796],[-7.25569,13.363641],[-7.251797,13.365341],[-7.250756,13.362916],[-7.245785,13.367372],[-7.237676,13.366625],[-7.236287,13.363506],[-7.233112,13.363484],[-7.227442,13.366899],[-7.226752,13.364821],[-7.22498,13.365845],[-7.22146,13.364784],[-7.21933,13.366496],[-7.206998,13.364337],[-7.204191,13.362244],[-7.201014,13.362567],[-7.19754,13.355288],[-7.197215,13.351486],[-7.198637,13.350114],[-7.197233,13.349068],[-7.187338,13.351416],[-7.185584,13.350021],[-7.185963,13.34657],[-7.178926,13.344101],[-7.179302,13.340995],[-7.176835,13.340632],[-7.175093,13.337856],[-7.170162,13.336784],[-7.166663,13.332959],[-7.164189,13.333632],[-7.162446,13.330856],[-7.158564,13.331173],[-7.156136,13.325629],[-7.150498,13.324897],[-7.145889,13.327972],[-7.144849,13.325546],[-7.143086,13.325534],[-7.144181,13.320706],[-7.14242,13.320347],[-7.142791,13.317932],[-7.139975,13.31722],[-7.138946,13.313413],[-7.133319,13.311299],[-7.134095,13.301979],[-7.131653,13.298506],[-7.131698,13.292635],[-7.129595,13.290892],[-7.127479,13.290876],[-7.126371,13.297431],[-7.121784,13.297743],[-7.120686,13.302916],[-7.118575,13.30221],[-7.118594,13.299792],[-7.115433,13.298041],[-7.114407,13.293889],[-7.111938,13.29387],[-7.105545,13.299695],[-7.105865,13.303842],[-7.103733,13.305899],[-7.087887,13.302671],[-7.08503,13.30714],[-7.079027,13.308131],[-7.078297,13.311235],[-7.075454,13.313976],[-7.072638,13.313264],[-7.068001,13.319792],[-7.066245,13.318742],[-7.063777,13.318723],[-7.062705,13.320442],[-7.058128,13.319371],[-7.055623,13.323842],[-7.049275,13.323793],[-7.047528,13.321708],[-7.042927,13.323745],[-7.041541,13.320625],[-7.038014,13.320598],[-7.035567,13.317816],[-7.028878,13.316382],[-7.023582,13.317032],[-7.022566,13.311843],[-7.016946,13.309036],[-7.016979,13.304891],[-7.015208,13.305914],[-7.009574,13.304833],[-7.008527,13.303444],[-7.009608,13.300689],[-7.007147,13.299633],[-7.005029,13.299962],[-7.003951,13.302372],[-6.998647,13.304057],[-6.997615,13.30094],[-6.995857,13.300235],[-6.994424,13.302987],[-6.98805,13.306046],[-6.984558,13.301873],[-6.979937,13.306327],[-6.971699,13.321458],[-6.95719,13.327214],[-6.956115,13.329277],[-6.949417,13.328878],[-6.947992,13.330593],[-6.943768,13.329523],[-6.941626,13.332614],[-6.938093,13.333276],[-6.938778,13.335699],[-6.936635,13.338791],[-6.934519,13.338773],[-6.934881,13.33774],[-6.933123,13.337035],[-6.929896,13.343226],[-6.925667,13.342846],[-6.925652,13.344572],[-6.923533,13.3449],[-6.922795,13.348694],[-6.925952,13.350792],[-6.924517,13.353543],[-6.926974,13.354945],[-6.918815,13.360404],[-6.918806,13.36144],[-6.923038,13.361475],[-6.923382,13.362514],[-6.91877,13.365585],[-6.916269,13.369363],[-6.914149,13.369691],[-6.914128,13.372109],[-6.918696,13.374218],[-6.917241,13.379387],[-6.919991,13.387699],[-6.915746,13.389046],[-6.915699,13.394571],[-6.910736,13.397293],[-6.910354,13.400744],[-6.904715,13.400007],[-6.90262,13.397572],[-6.90015,13.397551],[-6.898022,13.398915],[-6.898004,13.400987],[-6.889878,13.402301],[-6.888443,13.405052],[-6.885253,13.406752],[-6.884212,13.404671],[-6.878939,13.402554],[-6.87931,13.400485],[-6.874766,13.395612],[-6.875846,13.393203],[-6.871275,13.391438],[-6.86946,13.397294],[-6.866997,13.396582],[-6.865917,13.398991],[-6.864512,13.398288],[-6.864147,13.399667],[-6.860966,13.40033],[-6.86093,13.404475],[-6.857752,13.404793],[-6.85389,13.402688],[-6.85034,13.405075],[-6.847166,13.405048],[-6.843972,13.407093],[-6.844665,13.408481],[-6.837585,13.411183],[-6.836564,13.40703],[-6.833751,13.40597],[-6.832297,13.410792],[-6.826649,13.411089],[-6.819519,13.419316],[-6.817759,13.418956],[-6.817081,13.415841],[-6.814608,13.416165],[-6.814281,13.4134],[-6.79982,13.412929],[-6.79343,13.417362],[-6.793385,13.422197],[-6.7909,13.423902],[-6.790884,13.425629],[-6.792998,13.425993],[-6.792617,13.429097],[-6.79085,13.429427],[-6.789114,13.426304],[-6.782758,13.426939],[-6.782726,13.430392],[-6.780956,13.431067],[-6.782342,13.433842],[-6.774882,13.439302],[-6.773124,13.438596],[-6.773455,13.441016],[-6.768833,13.444774],[-6.768089,13.448912],[-6.766672,13.44959],[-6.763163,13.447487],[-6.756437,13.449844],[-6.756113,13.446733],[-6.752572,13.448083],[-6.748031,13.443207],[-6.739577,13.44175],[-6.735676,13.443787],[-6.736702,13.44725],[-6.731397,13.448583],[-6.729967,13.450643],[-6.72539,13.449565],[-6.722966,13.444709],[-6.719794,13.444334],[-6.713764,13.447733],[-6.706734,13.444906],[-6.704591,13.44765],[-6.700351,13.448302],[-6.699234,13.454507],[-6.702409,13.454536],[-6.704855,13.456976],[-6.707681,13.456657],[-6.70871,13.459774],[-6.707282,13.461488],[-6.697067,13.459668],[-6.694924,13.462411],[-6.692833,13.459629],[-6.693209,13.457215],[-6.69075,13.456156],[-6.691136,13.452707],[-6.689388,13.450964],[-6.686197,13.452661],[-6.687285,13.449563],[-6.685877,13.449205],[-6.686253,13.446791],[-6.684146,13.445736],[-6.683823,13.442625],[-6.679943,13.442589],[-6.67926,13.440165],[-6.676794,13.439797],[-6.676421,13.441866],[-6.671146,13.44009],[-6.669416,13.436621],[-6.669795,13.433862],[-6.667702,13.431425],[-6.665566,13.433477],[-6.659918,13.43377],[-6.656703,13.437884],[-6.653192,13.436125],[-6.646459,13.43917],[-6.640829,13.437736],[-6.639753,13.439453],[-6.634129,13.437328],[-6.637677,13.435289],[-6.636673,13.429755],[-6.632779,13.431099],[-6.625382,13.429994],[-6.624659,13.431714],[-6.622193,13.431345],[-6.621122,13.432716],[-6.619724,13.431322],[-6.615837,13.431975],[-6.611618,13.430554],[-6.608779,13.432254],[-6.606669,13.431543],[-6.605241,13.433256],[-6.599964,13.431825],[-6.59959,13.433893],[-6.59783,13.433531],[-6.596378,13.437661],[-6.593922,13.436256],[-6.59248,13.43935],[-6.590716,13.439333],[-6.59034,13.441747],[-6.58391,13.449627],[-6.580749,13.448216],[-6.579311,13.450964],[-6.576502,13.449556],[-6.577945,13.446462],[-6.570582,13.441902],[-6.568458,13.442572],[-6.567729,13.444982],[-6.566349,13.441861],[-6.564585,13.441844],[-6.563143,13.444938],[-6.560314,13.445601],[-6.557167,13.442808],[-6.553287,13.442771],[-6.554722,13.440367],[-6.552969,13.439314],[-6.547336,13.438224],[-6.545918,13.4389],[-6.546948,13.441673],[-6.546578,13.443396],[-6.545167,13.443382],[-6.544772,13.447522],[-6.539826,13.448164],[-6.538366,13.452984],[-6.532736,13.451548],[-6.531656,13.453609],[-6.528848,13.4522],[-6.527081,13.452528],[-6.527067,13.453909],[-6.523183,13.454216],[-6.5172,13.452776],[-6.515458,13.450687],[-6.513334,13.451357],[-6.513666,13.453432],[-6.511905,13.453069],[-6.510477,13.454781],[-6.506629,13.451636],[-6.503807,13.451608],[-6.502003,13.455388],[-6.497076,13.454303],[-6.495982,13.457745],[-6.491003,13.461494],[-6.494862,13.463604],[-6.494823,13.467402],[-6.492335,13.469103],[-6.486353,13.467662],[-6.485542,13.477667],[-6.484131,13.477653],[-6.484117,13.479034],[-6.486914,13.481479],[-6.486521,13.485274],[-6.488285,13.485291],[-6.488267,13.487018],[-6.482244,13.489374],[-6.480081,13.493841],[-6.475811,13.497251],[-6.471213,13.498241],[-6.46982,13.4965],[-6.463841,13.494713],[-6.46175,13.492275],[-6.462132,13.489517],[-6.461073,13.489506],[-6.458593,13.490517],[-6.45465,13.496347],[-6.451107,13.497692],[-6.450729,13.500105],[-6.447572,13.498346],[-6.445767,13.502126],[-6.444367,13.501076],[-6.436594,13.502032],[-6.435547,13.500986],[-6.433074,13.501306],[-6.431288,13.503359],[-6.428124,13.502291],[-6.426701,13.503312],[-6.427036,13.505042],[-6.423489,13.506732],[-6.420681,13.505322],[-6.417851,13.505983],[-6.416125,13.502513],[-6.412225,13.504199],[-6.411576,13.499013],[-6.409455,13.499336],[-6.407669,13.501389],[-6.40166,13.502363],[-6.404081,13.506877],[-6.398436,13.506818],[-6.396263,13.511974],[-6.391688,13.510891],[-6.390607,13.512951],[-6.387788,13.512577],[-6.385649,13.514626],[-6.380364,13.51388],[-6.377227,13.510395],[-6.366651,13.509593],[-6.365964,13.50786],[-6.361374,13.508157],[-6.360642,13.510566],[-6.35535,13.51051],[-6.35079,13.508045],[-6.350832,13.504248],[-6.344444,13.507633],[-6.340625,13.502068],[-6.340667,13.498271],[-6.337488,13.498582],[-6.3361,13.496496],[-6.330827,13.494714],[-6.328347,13.495723],[-6.328669,13.498488],[-6.326215,13.497081],[-6.323032,13.497738],[-6.322699,13.496008],[-6.315291,13.495929],[-6.315256,13.499036],[-6.312752,13.502116],[-6.307817,13.501718],[-6.305724,13.499624],[-6.304716,13.495125],[-6.299428,13.494723],[-6.297343,13.491938],[-6.292765,13.491198],[-6.28997,13.488751],[-6.290005,13.485645],[-6.287916,13.483205],[-6.284385,13.483512],[-6.28123,13.481752],[-6.279168,13.476896],[-6.280955,13.474844],[-6.279924,13.472417],[-6.278513,13.472401],[-6.278537,13.47033],[-6.272905,13.469233],[-6.271157,13.467833],[-6.270836,13.465068],[-6.268022,13.464347],[-6.26339,13.468439],[-6.261286,13.467381],[-6.25701,13.471132],[-6.256634,13.473199],[-6.253103,13.473506],[-6.251256,13.480735],[-6.256174,13.482515],[-6.254728,13.485606],[-6.251546,13.486262],[-6.249758,13.488314],[-6.248003,13.487604],[-6.246203,13.490691],[-6.241963,13.491335],[-6.24228,13.494446],[-6.239073,13.497172],[-6.237314,13.496808],[-6.237627,13.500263],[-6.235867,13.499899],[-6.234436,13.501609],[-6.229866,13.500178],[-6.229834,13.502939],[-6.227345,13.504638],[-6.226295,13.503936],[-6.223429,13.507701],[-6.220603,13.508015],[-6.220214,13.511118],[-6.217717,13.513507],[-6.22007,13.523544],[-6.216522,13.525231],[-6.216498,13.527302],[-6.218908,13.532507],[-6.214281,13.535908],[-6.2139,13.53832],[-6.214237,13.539705],[-6.217773,13.539054],[-6.220932,13.54047],[-6.220527,13.544953],[-6.22266,13.543596],[-6.224408,13.544996],[-6.2243,13.554316],[-6.226742,13.55676],[-6.224957,13.558466],[-6.225266,13.562267],[-6.221714,13.564298],[-6.221694,13.566024],[-6.217103,13.566318],[-6.21501,13.564224],[-6.212885,13.56489],[-6.215671,13.568029],[-6.214946,13.569746],[-6.218783,13.573587],[-6.217696,13.575991],[-6.219448,13.577046],[-6.220041,13.586719],[-6.22215,13.587433],[-6.222796,13.592619],[-6.221713,13.594678],[-6.219592,13.594999],[-6.221332,13.59709],[-6.217438,13.598082],[-6.217771,13.599812],[-6.214944,13.600126],[-6.214575,13.601502],[-6.219511,13.601903],[-6.225458,13.606457],[-6.22081,13.611583],[-6.222891,13.614714],[-6.220047,13.616408],[-6.221378,13.623327],[-6.218908,13.6233],[-6.218519,13.626402],[-6.219577,13.626414],[-6.219549,13.62883],[-6.222373,13.628862],[-6.224458,13.631647],[-6.221253,13.634028],[-6.224024,13.638546],[-6.223647,13.640614],[-6.228596,13.639978],[-6.229274,13.642403],[-6.226434,13.643752],[-6.223546,13.649243],[-6.21895,13.649882],[-6.21643,13.653996],[-6.219538,13.6599],[-6.219141,13.663693],[-6.217351,13.665744],[-6.2191,13.667144],[-6.218682,13.672663],[-6.220427,13.674409],[-6.218264,13.678182],[-6.215428,13.679186],[-6.215741,13.682641],[-6.211123,13.685006],[-6.208587,13.690501],[-6.206473,13.690132],[-6.206457,13.691512],[-6.204696,13.691147],[-6.202553,13.693194],[-6.201818,13.695602],[-6.203539,13.699419],[-6.199606,13.703517],[-6.197492,13.703148],[-6.197467,13.705219],[-6.193568,13.706556],[-6.191018,13.713086],[-6.187484,13.713391],[-6.185653,13.718893],[-6.183904,13.717492],[-6.177549,13.71742],[-6.178575,13.720193],[-6.17713,13.722938],[-6.175718,13.722922],[-6.174946,13.728437],[-6.16967,13.72665],[-6.170426,13.722516],[-6.167257,13.72179],[-6.167984,13.720072],[-6.165189,13.717623],[-6.158514,13.714785],[-6.160325,13.711009],[-6.157891,13.707874],[-6.15934,13.704784],[-6.158697,13.699598],[-6.150897,13.70227],[-6.14909,13.705701],[-6.143766,13.708056],[-6.139534,13.707662],[-6.133865,13.709322],[-6.128943,13.707539],[-6.128918,13.70961],[-6.127149,13.709935],[-6.127477,13.71201],[-6.122879,13.712647],[-6.122858,13.714372],[-6.120013,13.716065],[-6.120681,13.71918],[-6.119601,13.720893],[-6.116449,13.718785],[-6.111119,13.721484],[-6.109745,13.718361],[-6.107266,13.719023],[-6.109418,13.716286],[-6.108392,13.713513],[-6.10627,13.713833],[-6.105598,13.711064],[-6.100311,13.710312],[-6.097874,13.707521],[-6.094357,13.706445],[-6.080269,13.732167],[-6.072796,13.736911],[-6.042631,13.748977],[-6.033042,13.753349],[-6.029473,13.756412],[-6.023549,13.750128],[-6.019975,13.753536],[-6.020616,13.758721],[-6.015647,13.760732],[-6.012526,13.756207],[-6.007941,13.755806],[-6.007257,13.754072],[-6.00513,13.754737],[-6.003682,13.757481],[-5.999799,13.757433],[-5.999481,13.754668],[-5.997385,13.752917],[-6.000227,13.751571],[-5.999595,13.745695],[-6.001753,13.742615],[-5.999657,13.740864],[-5.997856,13.743603],[-5.992918,13.743198],[-5.991833,13.745256],[-5.995663,13.749444],[-5.992795,13.752861],[-5.990681,13.75249],[-5.991709,13.754918],[-5.989216,13.756614],[-5.988806,13.761096],[-5.981387,13.76135],[-5.980288,13.764443],[-5.978541,13.763041],[-5.976766,13.763709],[-5.977424,13.767514],[-5.976003,13.768187],[-5.975587,13.773014],[-5.971681,13.774692],[-5.971699,13.773311],[-5.969232,13.772936],[-5.968508,13.774307],[-5.969505,13.779152],[-5.971646,13.777452],[-5.97304,13.77885],[-5.971597,13.781248],[-5.967347,13.782231],[-5.967302,13.785682],[-5.964486,13.784957],[-5.962694,13.787006],[-5.95919,13.784892],[-5.956419,13.780716],[-5.95321,13.783092],[-5.951668,13.793082],[-5.946408,13.790256],[-5.943565,13.791601],[-5.940043,13.790867],[-5.938961,13.792579],[-5.937934,13.79015],[-5.932991,13.790088],[-5.928378,13.791756],[-5.926916,13.795535],[-5.923743,13.79515],[-5.918066,13.797149],[-5.915558,13.799879],[-5.912028,13.799835],[-5.912426,13.796388],[-5.911041,13.7943],[-5.912123,13.792588],[-5.918831,13.792672],[-5.921719,13.787877],[-5.922154,13.78167],[-5.920058,13.779918],[-5.919741,13.777153],[-5.916238,13.775038],[-5.915238,13.770539],[-5.913844,13.769141],[-5.909956,13.769437],[-5.908602,13.764933],[-5.905787,13.764208],[-5.906516,13.762491],[-5.910028,13.763916],[-5.910784,13.760129],[-5.902746,13.753816],[-5.900981,13.753794],[-5.899175,13.756877],[-5.89321,13.754041],[-5.892097,13.758168],[-5.886453,13.757752],[-5.883611,13.759096],[-5.883221,13.761852],[-5.886719,13.764313],[-5.885995,13.765684],[-5.883171,13.765648],[-5.882433,13.768055],[-5.876023,13.772115],[-5.877399,13.774893],[-5.877316,13.781104],[-5.875546,13.781427],[-5.874162,13.779339],[-5.872373,13.781041],[-5.867468,13.778218],[-5.861058,13.782278],[-5.852938,13.782174],[-5.853685,13.779077],[-5.85016,13.778687],[-5.85094,13.773175],[-5.847428,13.77175],[-5.845723,13.767242],[-5.843949,13.767909],[-5.840442,13.766139],[-5.842212,13.765816],[-5.845816,13.760341],[-5.848278,13.761062],[-5.852931,13.75629],[-5.855755,13.756326],[-5.857929,13.752213],[-5.862527,13.751581],[-5.86503,13.749197],[-5.867835,13.750613],[-5.870691,13.748234],[-5.870008,13.7465],[-5.871783,13.745832],[-5.871466,13.743067],[-5.865809,13.743685],[-5.863719,13.741588]]]]}},{"type":"Feature","properties":{"Num_bassin":"B7"},"geometry":{"type":"MultiPolygon","coordinates":[[[[-7.160995,13.567463],[-7.161345,13.567811],[-7.160992,13.567808],[-7.160995,13.567463]]],[[[-6.2194,13.581188],[-6.219043,13.58153],[-6.219047,13.581184],[-6.2194,13.581188]]],[[[-7.107126,13.592621],[-7.106775,13.592273],[-7.107129,13.592276],[-7.107126,13.592621]]],[[[-6.206826,13.690136],[-6.206469,13.690477],[-6.206473,13.690132],[-6.206826,13.690136]]],[[[-6.202192,13.693881],[-6.208587,13.690501],[-6.211837,13.684324],[-6.215741,13.682641],[-6.215428,13.679186],[-6.218264,13.678182],[-6.220427,13.674409],[-6.218682,13.672663],[-6.2191,13.667144],[-6.217351,13.665744],[-6.219141,13.663693],[-6.219538,13.6599],[-6.216795,13.652965],[-6.21895,13.649882],[-6.223546,13.649243],[-6.226434,13.643752],[-6.229274,13.642403],[-6.228596,13.639978],[-6.223647,13.640614],[-6.224024,13.638546],[-6.221253,13.634028],[-6.224458,13.631647],[-6.222373,13.628862],[-6.219549,13.62883],[-6.219577,13.626414],[-6.218519,13.626402],[-6.218908,13.6233],[-6.221378,13.623327],[-6.220047,13.616408],[-6.222891,13.614714],[-6.22081,13.611583],[-6.225458,13.606457],[-6.219511,13.601903],[-6.214575,13.601502],[-6.214944,13.600126],[-6.217771,13.599812],[-6.217438,13.598082],[-6.221332,13.59709],[-6.219592,13.594999],[-6.221713,13.594678],[-6.222796,13.592619],[-6.22215,13.587433],[-6.220041,13.586719],[-6.219448,13.577046],[-6.217696,13.575991],[-6.218783,13.573587],[-6.214946,13.569746],[-6.215671,13.568029],[-6.212885,13.56489],[-6.21501,13.564224],[-6.217103,13.566318],[-6.221694,13.566024],[-6.221714,13.564298],[-6.225266,13.562267],[-6.224957,13.558466],[-6.226742,13.55676],[-6.2243,13.554316],[-6.224408,13.544996],[-6.223366,13.543604],[-6.220527,13.544953],[-6.220932,13.54047],[-6.217773,13.539054],[-6.214237,13.539705],[-6.2139,13.53832],[-6.214281,13.535908],[-6.218908,13.532507],[-6.216498,13.527302],[-6.216522,13.525231],[-6.22007,13.523544],[-6.217717,13.513507],[-6.220214,13.511118],[-6.220603,13.508015],[-6.223429,13.507701],[-6.226295,13.503936],[-6.227345,13.504638],[-6.229834,13.502939],[-6.229866,13.500178],[-6.233025,13.501593],[-6.237627,13.500263],[-6.237314,13.496808],[-6.239073,13.497172],[-6.24228,13.494446],[-6.241963,13.491335],[-6.246203,13.490691],[-6.248003,13.487604],[-6.249758,13.488314],[-6.251546,13.486262],[-6.254728,13.485606],[-6.256174,13.482515],[-6.251256,13.480735],[-6.253103,13.473506],[-6.256634,13.473199],[-6.25701,13.471132],[-6.261286,13.467381],[-6.26339,13.468439],[-6.268022,13.464347],[-6.270836,13.465068],[-6.271157,13.467833],[-6.272905,13.469233],[-6.278537,13.47033],[-6.278513,13.472401],[-6.279924,13.472417],[-6.280955,13.474844],[-6.279168,13.476896],[-6.28123,13.481752],[-6.284385,13.483512],[-6.287916,13.483205],[-6.290005,13.485645],[-6.28997,13.488751],[-6.292765,13.491198],[-6.297343,13.491938],[-6.299428,13.494723],[-6.304716,13.495125],[-6.305724,13.499624],[-6.307817,13.501718],[-6.312752,13.502116],[-6.315256,13.499036],[-6.315291,13.495929],[-6.322699,13.496008],[-6.323032,13.497738],[-6.326215,13.497081],[-6.328669,13.498488],[-6.328347,13.495723],[-6.330827,13.494714],[-6.3361,13.496496],[-6.337488,13.498582],[-6.340667,13.498271],[-6.340625,13.502068],[-6.344444,13.507633],[-6.350832,13.504248],[-6.35079,13.508045],[-6.35535,13.51051],[-6.360642,13.510566],[-6.361374,13.508157],[-6.365964,13.50786],[-6.366651,13.509593],[-6.377227,13.510395],[-6.380364,13.51388],[-6.385649,13.514626],[-6.387788,13.512577],[-6.390607,13.512951],[-6.391688,13.510891],[-6.396263,13.511974],[-6.398436,13.506818],[-6.404081,13.506877],[-6.40166,13.502363],[-6.407669,13.501389],[-6.409455,13.499336],[-6.411576,13.499013],[-6.412225,13.504199],[-6.416125,13.502513],[-6.417851,13.505983],[-6.420681,13.505322],[-6.423489,13.506732],[-6.427036,13.505042],[-6.426701,13.503312],[-6.428124,13.502291],[-6.431288,13.503359],[-6.433074,13.501306],[-6.435547,13.500986],[-6.436594,13.502032],[-6.440839,13.50104],[-6.445767,13.502126],[-6.447572,13.498346],[-6.450729,13.500105],[-6.451107,13.497692],[-6.45465,13.496347],[-6.458593,13.490517],[-6.461073,13.489506],[-6.462132,13.489517],[-6.46175,13.492275],[-6.463841,13.494713],[-6.46982,13.4965],[-6.471213,13.498241],[-6.475811,13.497251],[-6.480081,13.493841],[-6.482244,13.489374],[-6.488267,13.487018],[-6.488285,13.485291],[-6.486521,13.485274],[-6.486914,13.481479],[-6.484117,13.479034],[-6.484131,13.477653],[-6.485542,13.477667],[-6.486353,13.467662],[-6.492335,13.469103],[-6.494823,13.467402],[-6.494862,13.463604],[-6.491003,13.461494],[-6.495982,13.457745],[-6.497076,13.454303],[-6.502003,13.455388],[-6.503807,13.451608],[-6.506629,13.451636],[-6.510477,13.454781],[-6.511905,13.453069],[-6.513666,13.453432],[-6.513334,13.451357],[-6.515458,13.450687],[-6.5172,13.452776],[-6.523183,13.454216],[-6.527067,13.453909],[-6.527081,13.452528],[-6.528848,13.4522],[-6.531656,13.453609],[-6.532736,13.451548],[-6.538366,13.452984],[-6.539826,13.448164],[-6.544772,13.447522],[-6.545167,13.443382],[-6.546578,13.443396],[-6.546948,13.441673],[-6.545918,13.4389],[-6.547336,13.438224],[-6.552969,13.439314],[-6.554722,13.440367],[-6.553287,13.442771],[-6.557167,13.442808],[-6.560314,13.445601],[-6.563143,13.444938],[-6.564585,13.441844],[-6.566698,13.44221],[-6.567023,13.444976],[-6.568438,13.444644],[-6.569171,13.441889],[-6.570582,13.441902],[-6.577945,13.446462],[-6.576502,13.449556],[-6.579311,13.450964],[-6.580749,13.448216],[-6.58391,13.449627],[-6.59034,13.441747],[-6.590716,13.439333],[-6.59248,13.43935],[-6.593922,13.436256],[-6.596378,13.437661],[-6.59783,13.433531],[-6.59959,13.433893],[-6.599964,13.431825],[-6.605241,13.433256],[-6.606669,13.431543],[-6.608779,13.432254],[-6.611618,13.430554],[-6.615837,13.431975],[-6.619724,13.431322],[-6.621122,13.432716],[-6.622193,13.431345],[-6.624659,13.431714],[-6.625382,13.429994],[-6.632779,13.431099],[-6.636673,13.429755],[-6.637677,13.435289],[-6.634129,13.437328],[-6.639753,13.439453],[-6.640829,13.437736],[-6.646459,13.43917],[-6.653192,13.436125],[-6.656703,13.437884],[-6.659918,13.43377],[-6.665566,13.433477],[-6.667702,13.431425],[-6.669795,13.433862],[-6.669416,13.436621],[-6.671146,13.44009],[-6.673952,13.441843],[-6.676421,13.441866],[-6.676794,13.439797],[-6.67926,13.440165],[-6.679943,13.442589],[-6.683823,13.442625],[-6.684146,13.445736],[-6.686253,13.446791],[-6.685877,13.449205],[-6.687285,13.449563],[-6.686197,13.452661],[-6.689035,13.450961],[-6.691136,13.452707],[-6.69075,13.456156],[-6.693209,13.457215],[-6.692833,13.459629],[-6.694924,13.462411],[-6.697067,13.459668],[-6.702007,13.459713],[-6.70446,13.461462],[-6.707282,13.461488],[-6.70871,13.459774],[-6.707681,13.456657],[-6.704855,13.456976],[-6.702409,13.454536],[-6.699234,13.454507],[-6.700351,13.448302],[-6.704591,13.44765],[-6.706734,13.444906],[-6.713764,13.447733],[-6.719794,13.444334],[-6.722966,13.444709],[-6.72539,13.449565],[-6.729967,13.450643],[-6.731397,13.448583],[-6.736702,13.44725],[-6.735676,13.443787],[-6.739577,13.44175],[-6.748031,13.443207],[-6.752572,13.448083],[-6.756113,13.446733],[-6.756437,13.449844],[-6.763163,13.447487],[-6.766672,13.44959],[-6.768089,13.448912],[-6.768833,13.444774],[-6.773455,13.441016],[-6.773124,13.438596],[-6.774882,13.439302],[-6.782342,13.433842],[-6.780956,13.431067],[-6.782726,13.430392],[-6.782758,13.426939],[-6.789114,13.426304],[-6.79085,13.429427],[-6.792617,13.429097],[-6.792998,13.425993],[-6.790884,13.425629],[-6.7909,13.423902],[-6.793385,13.422197],[-6.79343,13.417362],[-6.79982,13.412929],[-6.814281,13.4134],[-6.814608,13.416165],[-6.817081,13.415841],[-6.817759,13.418956],[-6.819519,13.419316],[-6.826649,13.411089],[-6.832297,13.410792],[-6.833751,13.40597],[-6.836564,13.40703],[-6.837585,13.411183],[-6.844665,13.408481],[-6.843972,13.407093],[-6.847166,13.405048],[-6.85034,13.405075],[-6.85389,13.402688],[-6.857752,13.404793],[-6.86093,13.404475],[-6.860966,13.40033],[-6.864147,13.399667],[-6.864512,13.398288],[-6.865917,13.398991],[-6.866997,13.396582],[-6.86946,13.397294],[-6.871275,13.391438],[-6.875846,13.393203],[-6.874766,13.395612],[-6.87931,13.400485],[-6.878939,13.402554],[-6.884212,13.404671],[-6.885253,13.406752],[-6.888443,13.405052],[-6.889878,13.402301],[-6.898004,13.400987],[-6.898022,13.398915],[-6.90015,13.397551],[-6.90262,13.397572],[-6.904715,13.400007],[-6.910354,13.400744],[-6.910736,13.397293],[-6.915699,13.394571],[-6.915746,13.389046],[-6.919991,13.387699],[-6.917241,13.379387],[-6.918696,13.374218],[-6.914128,13.372109],[-6.914149,13.369691],[-6.916269,13.369363],[-6.91877,13.365585],[-6.923382,13.362514],[-6.923038,13.361475],[-6.918806,13.36144],[-6.918815,13.360404],[-6.926974,13.354945],[-6.924517,13.353543],[-6.925952,13.350792],[-6.922795,13.348694],[-6.923533,13.3449],[-6.925652,13.344572],[-6.925667,13.342846],[-6.929896,13.343226],[-6.933123,13.337035],[-6.934881,13.33774],[-6.934519,13.338773],[-6.936635,13.338791],[-6.938778,13.335699],[-6.938093,13.333276],[-6.941626,13.332614],[-6.943768,13.329523],[-6.947992,13.330593],[-6.949417,13.328878],[-6.956115,13.329277],[-6.95719,13.327214],[-6.971699,13.321458],[-6.979937,13.306327],[-6.984558,13.301873],[-6.98805,13.306046],[-6.994424,13.302987],[-6.995857,13.300235],[-6.998311,13.301982],[-6.997945,13.303706],[-6.999705,13.304065],[-7.007147,13.299633],[-7.009608,13.300689],[-7.008538,13.302062],[-7.009574,13.304833],[-7.012034,13.305889],[-7.016979,13.304891],[-7.016946,13.309036],[-7.022566,13.311843],[-7.023582,13.317032],[-7.028878,13.316382],[-7.035567,13.317816],[-7.038014,13.320598],[-7.041541,13.320625],[-7.042927,13.323745],[-7.047175,13.321705],[-7.049275,13.323793],[-7.055623,13.323842],[-7.058128,13.319371],[-7.062705,13.320442],[-7.063777,13.318723],[-7.066245,13.318742],[-7.068001,13.319792],[-7.072638,13.313264],[-7.075454,13.313976],[-7.078297,13.311235],[-7.079027,13.308131],[-7.08503,13.30714],[-7.087887,13.302671],[-7.103733,13.305899],[-7.105865,13.303842],[-7.105545,13.299695],[-7.111938,13.29387],[-7.114407,13.293889],[-7.115433,13.298041],[-7.118594,13.299792],[-7.118575,13.30221],[-7.120686,13.302916],[-7.121784,13.297743],[-7.126371,13.297431],[-7.127479,13.290876],[-7.131698,13.292635],[-7.131653,13.298506],[-7.134095,13.301979],[-7.133319,13.311299],[-7.138946,13.313413],[-7.139975,13.31722],[-7.142791,13.317932],[-7.14242,13.320347],[-7.144181,13.320706],[-7.143086,13.325534],[-7.144849,13.325546],[-7.145536,13.327969],[-7.150498,13.324897],[-7.156136,13.325629],[-7.158564,13.331173],[-7.162446,13.330856],[-7.164189,13.333632],[-7.166663,13.332959],[-7.170162,13.336784],[-7.175093,13.337856],[-7.176835,13.340632],[-7.179302,13.340995],[-7.178926,13.344101],[-7.185963,13.34657],[-7.185584,13.350021],[-7.187338,13.351416],[-7.197233,13.349068],[-7.198637,13.350114],[-7.197215,13.351486],[-7.19754,13.355288],[-7.201014,13.362567],[-7.204191,13.362244],[-7.206998,13.364337],[-7.21933,13.366496],[-7.22146,13.364784],[-7.224627,13.365843],[-7.226752,13.364821],[-7.227442,13.366899],[-7.233112,13.363484],[-7.236287,13.363506],[-7.237676,13.366625],[-7.245432,13.36737],[-7.250756,13.362916],[-7.251797,13.365341],[-7.25569,13.363641],[-7.257072,13.367796],[-7.261653,13.368518],[-7.264488,13.36681],[-7.26451,13.363701],[-7.272291,13.360991],[-7.272299,13.359955],[-7.2737,13.361346],[-7.276885,13.359986],[-7.277576,13.362063],[-7.281092,13.363814],[-7.285688,13.362464],[-7.28461,13.36522],[-7.290225,13.369404],[-7.292349,13.368382],[-7.295875,13.368751],[-7.297627,13.37049],[-7.301515,13.36948],[-7.30182,13.376391],[-7.305691,13.377798],[-7.304964,13.380903],[-7.308485,13.381963],[-7.30812,13.383687],[-7.309526,13.384388],[-7.308777,13.390601],[-7.312305,13.390625],[-7.312639,13.39339],[-7.3158,13.395484],[-7.314377,13.397202],[-7.31471,13.399968],[-7.317159,13.403093],[-7.316441,13.404816],[-7.317852,13.404825],[-7.316059,13.408959],[-7.318861,13.412086],[-7.313911,13.413435],[-7.312838,13.415501],[-7.314928,13.419315],[-7.313466,13.426559],[-7.311327,13.429654],[-7.312371,13.431734],[-7.309181,13.433785],[-7.310225,13.435865],[-7.312698,13.435536],[-7.311975,13.437949],[-7.31374,13.437961],[-7.313377,13.439341],[-7.316894,13.441091],[-7.315802,13.44592],[-7.318274,13.445592],[-7.319664,13.44871],[-7.32178,13.449069],[-7.320349,13.451824],[-7.330541,13.45811],[-7.330524,13.460528],[-7.32911,13.460864],[-7.330147,13.46398],[-7.327655,13.467072],[-7.327278,13.470524],[-7.32479,13.472926],[-7.323743,13.471192],[-7.319866,13.470475],[-7.319152,13.471506],[-7.32332,13.481207],[-7.326142,13.481571],[-7.326466,13.485719],[-7.324329,13.488468],[-7.326781,13.491248],[-7.331004,13.493004],[-7.33238,13.498195],[-7.335898,13.499945],[-7.334446,13.505808],[-7.337613,13.507211],[-7.336533,13.510313],[-7.33123,13.511314],[-7.327683,13.513709],[-7.323101,13.512642],[-7.321353,13.510212],[-7.314999,13.510169],[-7.315008,13.508787],[-7.308639,13.510817],[-7.303356,13.509054],[-7.298042,13.511782],[-7.289927,13.511036],[-7.289915,13.512763],[-7.288145,13.513442],[-7.288816,13.518282],[-7.286348,13.51792],[-7.282768,13.524805],[-7.276786,13.522],[-7.276095,13.519922],[-7.271508,13.519545],[-7.269363,13.52333],[-7.266529,13.524693],[-7.262297,13.523972],[-7.256984,13.526354],[-7.255224,13.52565],[-7.255595,13.523235],[-7.250998,13.524239],[-7.2478,13.52698],[-7.246754,13.525246],[-7.240046,13.525199],[-7.238299,13.522768],[-7.233723,13.521009],[-7.229814,13.524436],[-7.225933,13.524063],[-7.22062,13.526443],[-7.219569,13.525399],[-7.217791,13.527114],[-7.214619,13.5264],[-7.216348,13.531249],[-7.218115,13.530916],[-7.219868,13.532656],[-7.219502,13.53438],[-7.221262,13.535084],[-7.22018,13.538185],[-7.224037,13.541667],[-7.224326,13.550305],[-7.218337,13.548535],[-7.217642,13.547148],[-7.214103,13.548159],[-7.214827,13.545746],[-7.209911,13.542257],[-7.21133,13.541231],[-7.210648,13.538117],[-7.208179,13.537754],[-7.207452,13.540512],[-7.205334,13.540497],[-7.202837,13.543933],[-7.200718,13.543918],[-7.197917,13.540789],[-7.189445,13.540728],[-7.185271,13.532407],[-7.179264,13.533054],[-7.177476,13.53615],[-7.17536,13.535789],[-7.174986,13.53855],[-7.172159,13.538875],[-7.171118,13.536449],[-7.168297,13.536083],[-7.166152,13.539522],[-7.166834,13.542635],[-7.164,13.543996],[-7.161181,13.543285],[-7.160445,13.547079],[-7.163248,13.549863],[-7.163583,13.552283],[-7.166755,13.552998],[-7.166038,13.554374],[-7.168834,13.558194],[-7.16808,13.564406],[-7.169139,13.564414],[-7.169118,13.567177],[-7.165245,13.565767],[-7.163461,13.568172],[-7.159949,13.565728],[-7.158873,13.567793],[-7.154278,13.56845],[-7.153195,13.571551],[-7.154605,13.571906],[-7.154591,13.573633],[-7.152465,13.574654],[-7.152449,13.576726],[-7.148573,13.575661],[-7.146091,13.577025],[-7.146069,13.579788],[-7.144651,13.580468],[-7.139754,13.574559],[-7.136935,13.573848],[-7.131948,13.579337],[-7.124525,13.580318],[-7.124512,13.582045],[-7.122741,13.582722],[-7.117103,13.581298],[-7.11603,13.583017],[-7.116709,13.586476],[-7.111768,13.586093],[-7.108921,13.588835],[-7.105051,13.587079],[-7.10674,13.596763],[-7.101791,13.597416],[-7.101424,13.59914],[-7.097898,13.598423],[-7.098232,13.600843],[-7.101744,13.603288],[-7.099595,13.607071],[-7.100285,13.609149],[-7.098119,13.615004],[-7.101275,13.617792],[-7.101256,13.620209],[-7.106553,13.62025],[-7.105469,13.62335],[-7.106862,13.625779],[-7.102241,13.629543],[-7.102928,13.631966],[-7.105397,13.63233],[-7.105011,13.636472],[-7.106769,13.637522],[-7.106752,13.639594],[-7.108866,13.640301],[-7.109895,13.644109],[-7.109142,13.649975],[-7.104534,13.652012],[-7.105204,13.656508],[-7.101659,13.658208],[-7.097357,13.666119],[-7.099445,13.669935],[-7.096603,13.671985],[-7.092014,13.671605],[-7.091288,13.674017],[-7.089169,13.674001],[-7.086365,13.671216],[-7.082486,13.670495],[-7.078998,13.664941],[-7.076857,13.667688],[-7.07333,13.66697],[-7.068371,13.668658],[-7.063093,13.666199],[-7.062757,13.664124],[-7.061344,13.664113],[-7.060265,13.666523],[-7.057114,13.663044],[-7.054292,13.662676],[-7.052472,13.669225],[-7.048561,13.672303],[-7.05135,13.676815],[-7.051321,13.680269],[-7.049549,13.680945],[-7.049216,13.678525],[-7.047806,13.678168],[-7.047792,13.679895],[-7.045305,13.681603],[-7.041425,13.680881],[-7.040349,13.682945],[-7.037173,13.682575],[-7.031145,13.68529],[-7.029028,13.684928],[-7.028282,13.689757],[-7.02545,13.690426],[-7.024344,13.695943],[-7.021869,13.696269],[-7.020085,13.698327],[-7.019718,13.700051],[-7.021122,13.701098],[-7.01792,13.703836],[-7.017187,13.706938],[-7.020349,13.709036],[-7.018916,13.711442],[-7.021026,13.712496],[-7.021009,13.714568],[-7.018875,13.716278],[-7.02204,13.71803],[-7.02202,13.720448],[-7.017769,13.721795],[-7.015918,13.731797],[-7.011997,13.73591],[-7.010231,13.735896],[-7.010213,13.737968],[-7.011624,13.738325],[-7.010175,13.742458],[-7.008044,13.743822],[-7.004514,13.743448],[-6.999853,13.751354],[-6.995637,13.748557],[-6.98891,13.750229],[-6.983266,13.749147],[-6.982586,13.746033],[-6.97975,13.747046],[-6.978714,13.744274],[-6.973771,13.743888],[-6.972002,13.744219],[-6.970547,13.749042],[-6.969496,13.747998],[-6.967017,13.748668],[-6.96487,13.751759],[-6.963469,13.750366],[-6.960993,13.75069],[-6.960265,13.753102],[-6.952142,13.752689],[-6.95142,13.75441],[-6.949654,13.754396],[-6.947917,13.750927],[-6.946504,13.750916],[-6.945423,13.753324],[-6.942253,13.752262],[-6.940121,13.753625],[-6.939789,13.751205],[-6.936268,13.749794],[-6.935522,13.754278],[-6.929181,13.752152],[-6.924231,13.752456],[-6.923153,13.754519],[-6.917126,13.756886],[-6.917452,13.759997],[-6.914647,13.757556],[-6.91217,13.75788],[-6.911793,13.76064],[-6.903313,13.760568],[-6.902263,13.759523],[-6.899421,13.761225],[-6.89696,13.759823],[-6.895169,13.762571],[-6.892352,13.76151],[-6.890557,13.764603],[-6.887377,13.764576],[-6.887005,13.766645],[-6.882412,13.766606],[-6.884498,13.770423],[-6.880956,13.771428],[-6.878814,13.773827],[-6.87458,13.7731],[-6.874555,13.775863],[-6.870309,13.776517],[-6.868587,13.771667],[-6.8647,13.771633],[-6.862599,13.769543],[-6.861864,13.772645],[-6.863628,13.773005],[-6.863965,13.774735],[-6.861489,13.775059],[-6.861123,13.776437],[-6.856546,13.77467],[-6.850505,13.778417],[-6.850877,13.776348],[-6.846281,13.776653],[-6.844886,13.774569],[-6.842744,13.776967],[-6.839911,13.777633],[-6.839533,13.780393],[-6.84199,13.782141],[-6.840561,13.783855],[-6.837056,13.780716],[-6.83316,13.781718],[-6.83105,13.780663],[-6.830324,13.782729],[-6.828557,13.782714],[-6.826126,13.778203],[-6.822586,13.778862],[-6.818362,13.777098],[-6.818032,13.774677],[-6.812022,13.774969],[-6.812771,13.770486],[-6.808544,13.769067],[-6.807127,13.7694],[-6.806752,13.771814],[-6.805338,13.771802],[-6.805322,13.773528],[-6.801783,13.774187],[-6.801413,13.775911],[-6.794697,13.776196],[-6.794331,13.777574],[-6.796438,13.778974],[-6.793236,13.781363],[-6.795336,13.783454],[-6.792863,13.783432],[-6.79142,13.786527],[-6.787871,13.788222],[-6.785417,13.786128],[-6.782241,13.785754],[-6.782267,13.782991],[-6.779774,13.785041],[-6.777304,13.784673],[-6.775933,13.780171],[-6.77313,13.777729],[-6.771717,13.777716],[-6.771697,13.779788],[-6.769207,13.781492],[-6.760771,13.776926],[-6.755802,13.779298],[-6.756129,13.782063],[-6.754342,13.784119],[-6.756096,13.785517],[-6.74971,13.788221],[-6.749023,13.786143],[-6.746553,13.785775],[-6.74728,13.783709],[-6.743743,13.784022],[-6.74165,13.78124],[-6.733884,13.780478],[-6.731441,13.777348],[-6.728965,13.77767],[-6.726515,13.77523],[-6.719429,13.777237],[-6.715573,13.774093],[-6.712037,13.774405],[-6.711361,13.771291],[-6.709944,13.771623],[-6.708212,13.768154],[-6.703976,13.767769],[-6.701537,13.764293],[-6.690253,13.762115],[-6.687732,13.766926],[-6.685966,13.76691],[-6.686645,13.769679],[-6.683806,13.771033],[-6.683425,13.773792],[-6.679858,13.777212],[-6.679125,13.779968],[-6.676295,13.780286],[-6.675925,13.782009],[-6.673808,13.781644],[-6.672018,13.784044],[-6.667442,13.782274],[-6.665292,13.785362],[-6.665621,13.787782],[-6.662095,13.787058],[-6.662778,13.789482],[-6.660973,13.793263],[-6.654624,13.792167],[-6.654261,13.793199],[-6.650728,13.793165],[-6.64929,13.795569],[-6.645054,13.795183],[-6.643617,13.797586],[-6.64185,13.79757],[-6.642259,13.792048],[-6.634144,13.790934],[-6.63448,13.792664],[-6.632707,13.793338],[-6.631255,13.797122],[-6.635834,13.798548],[-6.635824,13.799583],[-6.632613,13.80266],[-6.632595,13.804387],[-6.625529,13.804319],[-6.624441,13.807071],[-6.622339,13.805324],[-6.620551,13.807378],[-6.612111,13.803498],[-6.605405,13.802742],[-6.604006,13.801347],[-6.59941,13.801647],[-6.595216,13.797117],[-6.593761,13.801247],[-6.591627,13.802607],[-6.594071,13.805394],[-6.591541,13.810894],[-6.595749,13.814043],[-6.593258,13.815745],[-6.591085,13.820903],[-6.586874,13.818099],[-6.584026,13.820143],[-6.582263,13.81978],[-6.584083,13.814619],[-6.581257,13.814591],[-6.581246,13.815627],[-6.579137,13.81457],[-6.577345,13.816969],[-6.569922,13.817241],[-6.568798,13.823446],[-6.567031,13.823428],[-6.56529,13.820994],[-6.561713,13.825102],[-6.555721,13.823661],[-6.554279,13.826409],[-6.552159,13.826388],[-6.55106,13.830175],[-6.54859,13.829805],[-6.547909,13.827381],[-6.544733,13.827004],[-6.543644,13.829755],[-6.545017,13.833567],[-6.539699,13.835241],[-6.538967,13.83765],[-6.540351,13.840427],[-6.537153,13.842121],[-6.538537,13.844897],[-6.535714,13.844523],[-6.535689,13.84694],[-6.532869,13.846221],[-6.53319,13.849332],[-6.530698,13.851033],[-6.528596,13.849286],[-6.525048,13.850631],[-6.523293,13.849577],[-6.523314,13.847506],[-6.525096,13.846143],[-6.522994,13.844395],[-6.519085,13.846427],[-6.51309,13.845331],[-6.511308,13.846694],[-6.507083,13.845269],[-6.50737,13.851488],[-6.509836,13.852203],[-6.507676,13.855979],[-6.505927,13.854235],[-6.503454,13.85421],[-6.503435,13.855936],[-6.500277,13.853832],[-6.493906,13.854803],[-6.493568,13.853418],[-6.488282,13.851983],[-6.487285,13.846103],[-6.480572,13.846034],[-6.474268,13.84079],[-6.473934,13.83906],[-6.477474,13.838406],[-6.478913,13.836004],[-6.474681,13.83527],[-6.475072,13.831821],[-6.470813,13.833503],[-6.466589,13.832079],[-6.464446,13.834128],[-6.463405,13.832391],[-6.461278,13.83306],[-6.46059,13.831326],[-6.456708,13.830941],[-6.456309,13.83508],[-6.450269,13.838124],[-6.437208,13.836952],[-6.437182,13.839369],[-6.438941,13.840078],[-6.438211,13.842142],[-6.440685,13.842168],[-6.440669,13.843549],[-6.443131,13.84461],[-6.440586,13.851144],[-6.436012,13.849369],[-6.435963,13.853857],[-6.431704,13.855539],[-6.429269,13.852061],[-6.429664,13.848267],[-6.425792,13.846845],[-6.425762,13.849607],[-6.423635,13.850275],[-6.423612,13.852347],[-6.418255,13.857469],[-6.413331,13.855346],[-6.414425,13.85225],[-6.413073,13.846711],[-6.415193,13.846734],[-6.41699,13.84399],[-6.411091,13.834261],[-6.411471,13.831848],[-6.406149,13.833863],[-6.405746,13.838347],[-6.403603,13.840396],[-6.401852,13.838997],[-6.396537,13.840321],[-6.391276,13.836813],[-6.386322,13.83745],[-6.381419,13.8336],[-6.380006,13.833585],[-6.379276,13.835649],[-6.377156,13.835626],[-6.377179,13.833555],[-6.375409,13.833881],[-6.371112,13.839014],[-6.36582,13.838267],[-6.363747,13.834101],[-6.360564,13.834412],[-6.361305,13.831313],[-6.360257,13.830266],[-6.35778,13.830585],[-6.358145,13.829553],[-6.35603,13.829185],[-6.357478,13.826093],[-6.353949,13.82571],[-6.351857,13.82327],[-6.351554,13.818779],[-6.349093,13.817717],[-6.352001,13.810498],[-6.350988,13.806344],[-6.347809,13.80631],[-6.347786,13.808381],[-6.346012,13.809052],[-6.343221,13.805915],[-6.343963,13.802816],[-6.342569,13.801074],[-6.338303,13.803445],[-6.335124,13.80341],[-6.334744,13.805823],[-6.330854,13.806126],[-6.3291,13.805071],[-6.328806,13.799889],[-6.327071,13.797108],[-6.318535,13.802194],[-6.31536,13.801814],[-6.316114,13.797679],[-6.31259,13.79695],[-6.311562,13.794177],[-6.308371,13.795178],[-6.308045,13.792758],[-6.305589,13.79135],[-6.301997,13.796489],[-6.298807,13.79749],[-6.298072,13.799898],[-6.29666,13.799883],[-6.295644,13.796074],[-6.288881,13.800487],[-6.285016,13.798719],[-6.282508,13.801798],[-6.2839,13.80354],[-6.282817,13.805599],[-6.278947,13.804175],[-6.273601,13.808259],[-6.274629,13.811032],[-6.267135,13.817508],[-6.266031,13.821293],[-6.266344,13.824749],[-6.26917,13.82478],[-6.270518,13.830319],[-6.272983,13.831037],[-6.272951,13.833798],[-6.270104,13.835493],[-6.268041,13.830636],[-6.265922,13.830613],[-6.264485,13.832668],[-6.266166,13.839937],[-6.265419,13.843381],[-6.271072,13.843444],[-6.269967,13.847229],[-6.267474,13.848927],[-6.269212,13.851363],[-6.263885,13.85372],[-6.263861,13.855791],[-6.261388,13.855764],[-6.259914,13.860925],[-6.258493,13.8616],[-6.259082,13.871618],[-6.256235,13.873312],[-6.256219,13.874693],[-6.250931,13.873598],[-6.250562,13.874975],[-6.248795,13.874955],[-6.248113,13.872876],[-6.244231,13.872487],[-6.240312,13.875204],[-6.238911,13.874153],[-6.240336,13.873133],[-6.24002,13.870023],[-6.23859,13.871387],[-6.233661,13.869951],[-6.23152,13.871653],[-6.229758,13.871287],[-6.229791,13.868526],[-6.227692,13.866776],[-6.225921,13.867101],[-6.22526,13.863296],[-6.219176,13.869786],[-6.216017,13.868024],[-6.215688,13.865949],[-6.217146,13.862169],[-6.216498,13.857328],[-6.219685,13.856674],[-6.221497,13.852897],[-6.225033,13.852592],[-6.226475,13.850192],[-6.233159,13.852684],[-6.2346,13.850284],[-6.232501,13.848534],[-6.235002,13.846146],[-6.238872,13.847571],[-6.23847,13.851709],[-6.240589,13.851732],[-6.241329,13.848979],[-6.241365,13.845873],[-6.239266,13.844123],[-6.242498,13.839671],[-6.23968,13.838949],[-6.239664,13.84033],[-6.235417,13.840972],[-6.233022,13.834386],[-6.236213,13.833387],[-6.238467,13.82202],[-6.234257,13.819556],[-6.230355,13.820893],[-6.232227,13.811938],[-6.228703,13.811208],[-6.230128,13.810188],[-6.229467,13.806383],[-6.225212,13.807716],[-6.222411,13.805613],[-6.215992,13.810719],[-6.213881,13.810004],[-6.211356,13.814464],[-6.209955,13.813412],[-6.207117,13.814415],[-6.206082,13.812332],[-6.20292,13.810915],[-6.201544,13.807793],[-6.199072,13.807765],[-6.19839,13.805686],[-6.195914,13.806003],[-6.194464,13.809093],[-6.192004,13.808029],[-6.190546,13.81181],[-6.188776,13.812135],[-6.188456,13.809369],[-6.189885,13.808005],[-6.186029,13.805544],[-6.18605,13.803818],[-6.18816,13.804533],[-6.189606,13.801788],[-6.192793,13.801134],[-6.193545,13.797345],[-6.190054,13.793853],[-6.190158,13.785224],[-6.187694,13.784506],[-6.188437,13.781407],[-6.185263,13.781026],[-6.184943,13.778261],[-6.183194,13.77686],[-6.185026,13.771357],[-6.180095,13.770265],[-6.179064,13.767837],[-6.172388,13.764999],[-6.170643,13.763253],[-6.171744,13.759813],[-6.169638,13.758754],[-6.166792,13.760447],[-6.167129,13.761831],[-6.163585,13.762826],[-6.159036,13.759322],[-6.153017,13.760633],[-6.151983,13.75855],[-6.153088,13.754766],[-6.149931,13.753003],[-6.153487,13.750973],[-6.151767,13.747156],[-6.156034,13.744789],[-6.156441,13.740306],[-6.164325,13.730731],[-6.169317,13.726646],[-6.175303,13.728095],[-6.175718,13.722922],[-6.17713,13.722938],[-6.178575,13.720193],[-6.177549,13.71742],[-6.183904,13.717492],[-6.185653,13.718893],[-6.187484,13.713391],[-6.191018,13.713086],[-6.193568,13.706556],[-6.197467,13.705219],[-6.197492,13.703148],[-6.199606,13.703517],[-6.20282,13.700447],[-6.203563,13.697348],[-6.201818,13.695602],[-6.202192,13.693881]]]]}},{"type":"Feature","properties":{"Num_bassin":"B6"},"geometry":{"type":"Polygon","coordinates":[[[-7.106773,13.592618],[-7.105015,13.591569],[-7.105051,13.587079],[-7.108921,13.588835],[-7.111768,13.586093],[-7.116709,13.586476],[-7.11603,13.583017],[-7.117103,13.581298],[-7.122741,13.582722],[-7.124512,13.582045],[-7.124525,13.580318],[-7.131948,13.579337],[-7.136935,13.573848],[-7.139754,13.574559],[-7.144651,13.580468],[-7.146069,13.579788],[-7.146091,13.577025],[-7.148573,13.575661],[-7.152449,13.576726],[-7.152465,13.574654],[-7.154591,13.573633],[-7.154605,13.571906],[-7.153195,13.571551],[-7.154278,13.56845],[-7.158873,13.567793],[-7.159949,13.565728],[-7.161356,13.566429],[-7.160992,13.567808],[-7.164167,13.568177],[-7.165245,13.565767],[-7.169118,13.567177],[-7.169139,13.564414],[-7.16808,13.564406],[-7.168834,13.558194],[-7.166038,13.554374],[-7.166755,13.552998],[-7.163583,13.552283],[-7.163248,13.549863],[-7.160445,13.547079],[-7.161181,13.543285],[-7.164,13.543996],[-7.166834,13.542635],[-7.166152,13.539522],[-7.168297,13.536083],[-7.171118,13.536449],[-7.172159,13.538875],[-7.174986,13.53855],[-7.17536,13.535789],[-7.177476,13.53615],[-7.179264,13.533054],[-7.185271,13.532407],[-7.189445,13.540728],[-7.197917,13.540789],[-7.200718,13.543918],[-7.202837,13.543933],[-7.205334,13.540497],[-7.207452,13.540512],[-7.208179,13.537754],[-7.210648,13.538117],[-7.21133,13.541231],[-7.209911,13.542257],[-7.214827,13.545746],[-7.214103,13.548159],[-7.217642,13.547148],[-7.218337,13.548535],[-7.224326,13.550305],[-7.224037,13.541667],[-7.22018,13.538185],[-7.221262,13.535084],[-7.219502,13.53438],[-7.219868,13.532656],[-7.218115,13.530916],[-7.216348,13.531249],[-7.214619,13.5264],[-7.217791,13.527114],[-7.219569,13.525399],[-7.22062,13.526443],[-7.225933,13.524063],[-7.229814,13.524436],[-7.233723,13.521009],[-7.238299,13.522768],[-7.240046,13.525199],[-7.246754,13.525246],[-7.2478,13.52698],[-7.251706,13.523899],[-7.255595,13.523235],[-7.255224,13.52565],[-7.256984,13.526354],[-7.262297,13.523972],[-7.266529,13.524693],[-7.269363,13.52333],[-7.271508,13.519545],[-7.276095,13.519922],[-7.276786,13.522],[-7.282768,13.524805],[-7.286348,13.51792],[-7.288816,13.518282],[-7.288145,13.513442],[-7.289915,13.512763],[-7.289927,13.511036],[-7.298042,13.511782],[-7.303356,13.509054],[-7.308639,13.510817],[-7.315008,13.508787],[-7.314999,13.510169],[-7.321353,13.510212],[-7.323101,13.512642],[-7.327683,13.513709],[-7.333353,13.510637],[-7.334403,13.512026],[-7.337935,13.511704],[-7.338656,13.509636],[-7.341475,13.510346],[-7.342195,13.508278],[-7.34678,13.508999],[-7.348185,13.510045],[-7.34745,13.514185],[-7.349561,13.515236],[-7.347787,13.516606],[-7.349182,13.519033],[-7.356603,13.518046],[-7.358351,13.520475],[-7.357283,13.52185],[-7.36328,13.52258],[-7.365761,13.521215],[-7.368199,13.526067],[-7.366775,13.527785],[-7.368183,13.528485],[-7.368517,13.531251],[-7.363922,13.531912],[-7.363913,13.533294],[-7.36215,13.532937],[-7.360013,13.535686],[-7.362477,13.536739],[-7.362456,13.539848],[-7.365276,13.540557],[-7.36419,13.54435],[-7.365953,13.544707],[-7.366295,13.546437],[-7.36488,13.546773],[-7.367693,13.548519],[-7.372288,13.547858],[-7.371563,13.550617],[-7.369442,13.550948],[-7.369411,13.555439],[-7.371873,13.556837],[-7.3708,13.558903],[-7.377142,13.561017],[-7.377118,13.564471],[-7.378528,13.564826],[-7.379557,13.569323],[-7.383781,13.571424],[-7.386963,13.570753],[-7.389451,13.568351],[-7.390536,13.564558],[-7.398333,13.560463],[-7.402565,13.561181],[-7.405044,13.56016],[-7.407504,13.561903],[-7.410331,13.561576],[-7.410694,13.560196],[-7.414216,13.5616],[-7.416687,13.561616],[-7.417758,13.559895],[-7.419161,13.561286],[-7.424109,13.560627],[-7.425497,13.564435],[-7.431138,13.565853],[-7.432206,13.564478],[-7.431194,13.557216],[-7.432978,13.554464],[-7.431935,13.552039],[-7.437598,13.550002],[-7.439737,13.546906],[-7.445732,13.54798],[-7.451004,13.551813],[-7.452783,13.549751],[-7.457014,13.550813],[-7.459852,13.548758],[-7.464789,13.549825],[-7.465504,13.548447],[-7.473634,13.547115],[-7.473643,13.545733],[-7.47893,13.547147],[-7.480007,13.54439],[-7.481773,13.544401],[-7.482854,13.540953],[-7.484266,13.540961],[-7.483946,13.535777],[-7.48536,13.53544],[-7.484321,13.532325],[-7.487148,13.531996],[-7.493191,13.525469],[-7.503785,13.525187],[-7.506246,13.526929],[-7.509435,13.525221],[-7.509773,13.527641],[-7.513308,13.526971],[-7.515411,13.529402],[-7.51753,13.529414],[-7.520373,13.526322],[-7.52249,13.52668],[-7.530279,13.523271],[-7.529957,13.518087],[-7.528554,13.516697],[-7.530344,13.512561],[-7.528583,13.51186],[-7.528258,13.507367],[-7.524034,13.505269],[-7.520501,13.505594],[-7.52122,13.503525],[-7.519466,13.501787],[-7.517696,13.502468],[-7.516652,13.500043],[-7.513126,13.499331],[-7.514213,13.494847],[-7.512452,13.494145],[-7.513522,13.492424],[-7.509987,13.493094],[-7.507527,13.491352],[-7.507897,13.48859],[-7.502963,13.487179],[-7.503684,13.484765],[-7.500527,13.481637],[-7.498796,13.476099],[-7.500212,13.475416],[-7.499173,13.472301],[-7.501293,13.471968],[-7.501674,13.467479],[-7.504162,13.46473],[-7.499931,13.464014],[-7.497483,13.460199],[-7.498904,13.458826],[-7.500658,13.460563],[-7.506669,13.458872],[-7.512693,13.455107],[-7.51304,13.456146],[-7.515513,13.455815],[-7.517954,13.460666],[-7.52219,13.460691],[-7.524329,13.457249],[-7.52644,13.458297],[-7.527159,13.456229],[-7.528924,13.456239],[-7.529644,13.453825],[-7.532124,13.452457],[-7.534586,13.453854],[-7.538118,13.453529],[-7.539551,13.450082],[-7.54132,13.449402],[-7.542366,13.451481],[-7.544841,13.450804],[-7.546247,13.451848],[-7.547667,13.450475],[-7.548011,13.451859],[-7.551539,13.452224],[-7.553331,13.447743],[-7.55651,13.447416],[-7.557597,13.442586],[-7.55408,13.440493],[-7.555523,13.435318],[-7.554113,13.434965],[-7.554483,13.432203],[-7.552016,13.431498],[-7.550268,13.428724],[-7.551346,13.425621],[-7.55276,13.425283],[-7.552774,13.422865],[-7.550312,13.421469],[-7.550675,13.419744],[-7.547154,13.418341],[-7.547173,13.415232],[-7.549288,13.41559],[-7.55036,13.413523],[-7.544364,13.412798],[-7.544024,13.410723],[-7.548261,13.410402],[-7.549328,13.409026],[-7.551433,13.411111],[-7.555325,13.409406],[-7.557083,13.410452],[-7.560278,13.407361],[-7.566639,13.406015],[-7.568369,13.411898],[-7.569784,13.411215],[-7.573297,13.413999],[-7.577883,13.414371],[-7.578956,13.411958],[-7.581432,13.410936],[-7.589197,13.410979],[-7.590971,13.409262],[-7.594129,13.412389],[-7.594117,13.414462],[-7.59729,13.41517],[-7.599774,13.412766],[-7.600111,13.415532],[-7.604679,13.419012],[-7.602885,13.424184],[-7.606051,13.425929],[-7.60497,13.429724],[-7.61129,13.435632],[-7.610201,13.440809],[-7.61655,13.441534],[-7.616532,13.444644],[-7.618293,13.445345],[-7.61792,13.448797],[-7.623558,13.450556],[-7.622844,13.451934],[-7.624937,13.456437],[-7.621718,13.463675],[-7.618184,13.464346],[-7.619586,13.466081],[-7.618867,13.468496],[-7.621681,13.470239],[-7.622369,13.473352],[-7.624848,13.471984],[-7.62484,13.473366],[-7.630125,13.475122],[-7.630471,13.476506],[-7.636827,13.476195],[-7.635411,13.476878],[-7.635036,13.480677],[-7.632912,13.481702],[-7.634669,13.483093],[-7.632883,13.486884],[-7.630402,13.488598],[-7.628287,13.487895],[-7.627909,13.492385],[-7.624727,13.493058],[-7.622236,13.4965],[-7.618708,13.496135],[-7.617988,13.498549],[-7.621834,13.505135],[-7.627122,13.506546],[-7.6271,13.510346],[-7.629922,13.510707],[-7.633071,13.515907],[-7.63659,13.517999],[-7.637584,13.529406],[-7.640391,13.532531],[-7.642865,13.532198],[-7.641421,13.537719],[-7.647067,13.53844],[-7.648817,13.541214],[-7.647695,13.552264],[-7.645927,13.552599],[-7.643071,13.558112],[-7.648717,13.558834],[-7.65332,13.556785],[-7.654401,13.552991],[-7.658299,13.550593],[-7.660796,13.546115],[-7.663598,13.550276],[-7.668528,13.552721],[-7.66852,13.554103],[-7.67875,13.55623],[-7.680491,13.560731],[-7.685431,13.561448],[-7.688234,13.565609],[-7.691061,13.565278],[-7.698148,13.560824],[-7.697102,13.5584],[-7.701348,13.55704],[-7.704199,13.552217],[-7.708091,13.550856],[-7.711619,13.551565],[-7.716949,13.545373],[-7.71907,13.545038],[-7.717334,13.539501],[-7.72085,13.542284],[-7.720865,13.53952],[-7.722991,13.538148],[-7.722298,13.535726],[-7.724777,13.534357],[-7.735713,13.536485],[-7.737496,13.533039],[-7.743505,13.532033],[-7.744204,13.533419],[-7.746323,13.533429],[-7.747393,13.531362],[-7.755516,13.531057],[-7.756583,13.52968],[-7.758338,13.531762],[-7.760827,13.528319],[-7.764007,13.527989],[-7.764728,13.525228],[-7.76861,13.525593],[-7.768615,13.524557],[-7.771797,13.523881],[-7.772514,13.521812],[-7.774632,13.521822],[-7.774647,13.519058],[-7.778172,13.520112],[-7.784539,13.51807],[-7.785229,13.521183],[-7.78805,13.521887],[-7.788409,13.520853],[-7.791938,13.521215],[-7.792307,13.518107],[-7.795128,13.518812],[-7.796195,13.517435],[-7.797958,13.517789],[-7.797946,13.520207],[-7.80183,13.520226],[-7.806075,13.518864],[-7.807497,13.516798],[-7.812086,13.517165],[-7.814211,13.515793],[-7.817031,13.516843],[-7.820216,13.515476],[-7.820226,13.513403],[-7.827293,13.5124],[-7.827317,13.507562],[-7.829452,13.504117],[-7.828754,13.502386],[-7.83548,13.498962],[-7.836912,13.494823],[-7.83938,13.495525],[-7.843626,13.493817],[-7.845064,13.488296],[-7.847539,13.487616],[-7.847919,13.482089],[-7.84616,13.480699],[-7.846173,13.477935],[-7.850428,13.474154],[-7.849743,13.469659],[-7.851194,13.461718],[-7.854729,13.460698],[-7.854753,13.455515],[-7.859354,13.453117],[-7.862526,13.454168],[-7.867485,13.450735],[-7.865726,13.449345],[-7.867499,13.447626],[-7.867882,13.441408],[-7.870723,13.43762],[-7.872129,13.439008],[-7.874958,13.437984],[-7.875319,13.436258],[-7.878844,13.437311],[-7.884506,13.434226],[-7.888031,13.435278],[-7.890488,13.438399],[-7.892973,13.4353],[-7.897912,13.436013],[-7.903221,13.432926],[-7.907093,13.435362],[-7.914867,13.433668],[-7.915207,13.436433],[-7.920152,13.435764],[-7.926129,13.441318],[-7.930716,13.441683],[-7.928581,13.445474],[-7.931037,13.44894],[-7.933858,13.449643],[-7.933837,13.454481],[-7.935958,13.453799],[-7.935594,13.456216],[-7.938408,13.458646],[-7.940179,13.457272],[-7.942649,13.457628],[-7.945134,13.454528],[-7.949017,13.454545],[-7.949358,13.45731],[-7.951475,13.457665],[-7.952894,13.455943],[-7.953593,13.457673],[-7.956767,13.458378],[-7.956429,13.454921],[-7.958202,13.453201],[-7.957165,13.448013],[-7.955405,13.446969],[-7.957883,13.445252],[-7.957912,13.438687],[-7.957563,13.437649],[-7.95403,13.438325],[-7.955473,13.431075],[-7.959362,13.429709],[-7.961124,13.430407],[-7.960767,13.431442],[-7.962533,13.431104],[-7.962545,13.42834],[-7.966427,13.428701],[-7.966434,13.426974],[-7.971373,13.427685],[-7.972092,13.424578],[-7.970339,13.421807],[-7.973523,13.420092],[-7.974242,13.416985],[-7.976718,13.415958],[-7.976022,13.413537],[-7.977432,13.413888],[-7.98204,13.409415],[-7.979579,13.406986],[-7.980297,13.404225],[-7.978191,13.401452],[-7.980673,13.398698],[-7.980333,13.395586],[-7.981745,13.395592],[-7.981752,13.393864],[-7.979638,13.393165],[-7.979651,13.390055],[-7.981067,13.389024],[-7.980721,13.387295],[-7.982486,13.387302],[-7.984971,13.383857],[-7.984628,13.381436],[-7.9871,13.381101],[-7.988876,13.378344],[-7.986423,13.374187],[-7.983955,13.373486],[-7.984671,13.37107],[-7.982558,13.370025],[-7.982931,13.365189],[-7.98118,13.362072],[-7.97871,13.362062],[-7.978724,13.358607],[-7.980852,13.356197],[-7.980512,13.353086],[-7.979103,13.352389],[-7.980168,13.351011],[-7.981931,13.351364],[-7.982998,13.349295],[-7.98476,13.349993],[-7.984026,13.356555],[-7.986484,13.359675],[-7.988601,13.359683],[-7.989991,13.364872],[-7.991757,13.364533],[-7.994217,13.366962],[-7.997046,13.365591],[-7.996332,13.367662],[-7.999855,13.369058],[-8.000194,13.372514],[-8.003006,13.37529],[-8.008305,13.373929],[-8.009357,13.37566],[-8.012883,13.376365],[-8.015359,13.374993],[-8.016036,13.382252],[-8.018152,13.382606],[-8.020629,13.380887],[-8.023793,13.38401],[-8.030143,13.384725],[-8.031916,13.382659],[-8.036151,13.382675],[-8.040043,13.380271],[-8.043916,13.382704],[-8.048158,13.380993],[-8.048146,13.384102],[-8.052365,13.388265],[-8.051648,13.391026],[-8.053766,13.391034],[-8.054466,13.392419],[-8.05941,13.391747],[-8.060104,13.394859],[-8.062926,13.395215],[-8.063977,13.397292],[-8.068921,13.396619],[-8.071031,13.398701],[-8.073516,13.394909],[-8.075281,13.394915],[-8.077737,13.398725],[-8.082326,13.398742],[-8.083013,13.403582],[-8.081953,13.403924],[-8.085122,13.406009],[-8.084406,13.40877],[-8.082287,13.409108],[-8.08438,13.415681],[-8.081176,13.42258],[-8.081864,13.427421],[-8.079036,13.428447],[-8.078318,13.431554],[-8.079712,13.436397],[-8.076524,13.43915],[-8.075822,13.438111],[-8.073344,13.439829],[-8.070524,13.438782],[-8.068742,13.443268],[-8.066269,13.443604],[-8.064485,13.448435],[-8.060947,13.450495],[-8.060586,13.452567],[-8.06198,13.457064],[-8.065861,13.45777],[-8.066202,13.460881],[-8.068312,13.462962],[-8.06795,13.46538],[-8.074286,13.470241],[-8.073567,13.473694],[-8.074957,13.479573],[-8.073895,13.48026],[-8.07742,13.481655],[-8.076346,13.485452],[-8.07881,13.487535],[-8.083059,13.48444],[-8.085172,13.48583],[-8.087295,13.484801],[-8.088674,13.493445],[-8.087255,13.495168],[-8.089717,13.497941],[-8.086885,13.499658],[-8.087232,13.501387],[-8.081222,13.503093],[-8.079795,13.506889],[-8.076272,13.504803],[-8.073795,13.506176],[-8.076224,13.517242],[-8.073748,13.51827],[-8.074087,13.522072],[-8.06914,13.522745],[-8.068419,13.526543],[-8.076529,13.529683],[-8.07511,13.531405],[-8.075803,13.534863],[-8.080045,13.533842],[-8.084623,13.537315],[-8.088158,13.536291],[-8.095566,13.538736],[-8.100867,13.537719],[-8.099789,13.542553],[-8.101901,13.544634],[-8.100826,13.548776],[-8.103282,13.552932],[-8.102915,13.556731],[-8.106439,13.558817],[-8.108913,13.558481],[-8.105722,13.561579],[-8.108179,13.565734],[-8.106761,13.567112],[-8.107803,13.571953],[-8.111673,13.576113],[-8.118376,13.57821],[-8.115178,13.583382],[-8.116582,13.585806],[-8.119408,13.585816],[-8.12044,13.593422],[-8.117967,13.593413],[-8.114775,13.596857],[-8.114757,13.601695],[-8.116527,13.600664],[-8.120762,13.601716],[-8.122873,13.604142],[-8.133451,13.609708],[-8.134848,13.614205],[-8.13342,13.618347],[-8.13589,13.619046],[-8.135873,13.623884],[-8.137637,13.624581],[-8.135863,13.626648],[-8.136203,13.630105],[-8.13867,13.631841],[-8.139001,13.638062],[-8.141465,13.64049],[-8.137569,13.64324],[-8.132977,13.642879],[-8.132616,13.644951],[-8.136144,13.646345],[-8.130839,13.647709],[-8.131882,13.65255],[-8.128699,13.65323],[-8.130801,13.658075],[-8.126198,13.660823],[-8.123348,13.667033],[-8.125094,13.672568],[-8.121902,13.675667],[-8.117664,13.674961],[-8.1166,13.675993],[-8.117996,13.680836],[-8.115165,13.681863],[-8.116922,13.684633],[-8.114084,13.687387],[-8.11372,13.69015],[-8.11124,13.691869],[-8.108416,13.691168],[-8.10805,13.694277],[-8.105221,13.694957],[-8.102735,13.698058],[-8.099554,13.698047],[-8.099193,13.700119],[-8.096367,13.699763],[-8.094584,13.703903],[-8.093176,13.702516],[-8.091047,13.704581],[-8.085761,13.700761],[-8.086829,13.698691],[-8.081533,13.697289],[-8.077638,13.699348],[-8.074813,13.698647],[-8.070552,13.703814],[-8.06843,13.704151],[-8.070537,13.707615],[-8.068055,13.709678],[-8.065936,13.709325],[-8.063091,13.713806],[-8.05851,13.710333],[-8.056387,13.711016],[-8.055334,13.709285],[-8.052144,13.711346],[-8.051779,13.714454],[-8.050362,13.71514],[-8.048601,13.713751],[-8.047181,13.715128],[-8.038699,13.715095],[-8.038341,13.71613],[-8.036574,13.716123],[-8.035169,13.714044],[-8.033753,13.71473],[-8.03197,13.718524],[-8.033716,13.723714],[-8.040762,13.72927],[-8.041103,13.732381],[-8.039682,13.734103],[-8.041799,13.735148],[-8.041083,13.737218],[-8.037556,13.735477],[-8.034366,13.737538],[-8.0347,13.742376],[-8.037163,13.74515],[-8.033615,13.748246],[-8.03573,13.749637],[-8.035016,13.751362],[-8.031832,13.75204],[-8.030056,13.754106],[-8.033228,13.756538],[-8.033567,13.759994],[-8.030739,13.759983],[-8.029332,13.75825],[-8.021899,13.760639],[-8.019415,13.763048],[-8.016946,13.761656],[-8.018018,13.758896],[-8.016255,13.757853],[-8.013066,13.759567],[-8.006709,13.75816],[-8.005639,13.760574],[-8.003871,13.760567],[-8.003151,13.763674],[-8.001738,13.763323],[-8.001749,13.760904],[-7.99927,13.761931],[-7.999276,13.760548],[-7.995377,13.762951],[-7.993275,13.758451],[-7.990461,13.755329],[-7.988341,13.754975],[-7.985886,13.750473],[-7.980586,13.750106],[-7.980598,13.747342],[-7.986978,13.743222],[-7.987345,13.740113],[-7.985221,13.740796],[-7.982047,13.739055],[-7.981706,13.736289],[-7.979235,13.735588],[-7.979597,13.733516],[-7.977126,13.732815],[-7.977135,13.730742],[-7.975723,13.730391],[-7.974685,13.725203],[-7.971151,13.725189],[-7.968669,13.726906],[-7.968681,13.724142],[-7.966565,13.723096],[-7.966221,13.721022],[-7.960925,13.719617],[-7.959184,13.713736],[-7.957413,13.714765],[-7.953531,13.713367],[-7.951398,13.716122],[-7.950344,13.714735],[-7.948574,13.715419],[-7.948231,13.712999],[-7.942216,13.714701],[-7.932286,13.722259],[-7.928748,13.722935],[-7.924134,13.727407],[-7.925535,13.730177],[-7.921986,13.733271],[-7.918097,13.7336],[-7.913126,13.738415],[-7.911728,13.734954],[-7.909254,13.734943],[-7.909947,13.738056],[-7.905342,13.740109],[-7.904978,13.742526],[-7.90215,13.742513],[-7.894348,13.748007],[-7.893624,13.751804],[-7.888643,13.758692],[-7.873745,13.769336],[-7.872333,13.768984],[-7.871971,13.77071],[-7.86915,13.769315],[-7.865965,13.769991],[-7.865949,13.773446],[-7.871235,13.776926],[-7.870506,13.781414],[-7.871922,13.781075],[-7.872617,13.783497],[-7.871535,13.787983],[-7.873651,13.78903],[-7.871168,13.790746],[-7.87362,13.795594],[-7.87113,13.798693],[-7.871474,13.800767],[-7.868644,13.8011],[-7.869339,13.803522],[-7.86756,13.805932],[-7.870034,13.805943],[-7.86896,13.808703],[-7.8739,13.810798],[-7.875651,13.814262],[-7.875283,13.81737],[-7.878108,13.818074],[-7.879512,13.820153],[-7.876667,13.823595],[-7.873148,13.820124],[-7.871012,13.823224],[-7.868534,13.823903],[-7.868872,13.827015],[-7.866394,13.827694],[-7.866374,13.83184],[-7.868499,13.831159],[-7.868847,13.832197],[-7.867418,13.8353],[-7.871291,13.838773],[-7.868792,13.843599],[-7.865253,13.844274],[-7.86347,13.847375],[-7.851809,13.845593],[-7.834821,13.848623],[-7.833427,13.84447],[-7.831301,13.845496],[-7.830254,13.842727],[-7.826002,13.844434],[-7.818242,13.840596],[-7.816106,13.84335],[-7.812227,13.841258],[-7.811863,13.84333],[-7.814337,13.843687],[-7.814328,13.845415],[-7.811842,13.847476],[-7.805472,13.848481],[-7.803692,13.850891],[-7.794529,13.844973],[-7.792752,13.846691],[-7.787807,13.84563],[-7.784969,13.847344],[-7.783892,13.850448],[-7.780708,13.850778],[-7.779988,13.853193],[-7.772191,13.856609],[-7.770426,13.855909],[-7.768649,13.857628],[-7.768629,13.861428],[-7.771447,13.863515],[-7.770722,13.866967],[-7.772833,13.86905],[-7.769626,13.873526],[-7.775602,13.880466],[-7.772047,13.883903],[-7.77274,13.88667],[-7.771294,13.892537],[-7.772344,13.894615],[-7.769865,13.895294],[-7.772678,13.898417],[-7.76949,13.899438],[-7.770531,13.903244],[-7.763417,13.910809],[-7.748536,13.91557],[-7.748519,13.918679],[-7.745328,13.920045],[-7.741758,13.926245],[-7.738573,13.926574],[-7.739619,13.929344],[-7.737837,13.931753],[-7.734307,13.930353],[-7.73182,13.932413],[-7.730068,13.929294],[-7.722291,13.928563],[-7.721557,13.933396],[-7.716949,13.935099],[-7.707052,13.933665],[-7.707047,13.934701],[-7.704573,13.934342],[-7.70138,13.936053],[-7.695736,13.933259],[-7.687585,13.935979],[-7.683694,13.935958],[-7.682996,13.934227],[-7.67662,13.93592],[-7.671675,13.934511],[-7.671314,13.935891],[-7.666716,13.935866],[-7.664611,13.932745],[-7.664975,13.931019],[-7.660738,13.929614],[-7.660357,13.934449],[-7.658582,13.935475],[-7.655403,13.934767],[-7.654364,13.930961],[-7.650823,13.931632],[-7.651166,13.933362],[-7.647985,13.932998],[-7.646908,13.935756],[-7.638079,13.933289],[-7.63665,13.935699],[-7.634882,13.935689],[-7.634187,13.933612],[-7.631709,13.933944],[-7.630637,13.935665],[-7.616851,13.934206],[-7.614721,13.935575],[-7.603756,13.935513],[-7.603059,13.933781],[-7.597389,13.935476],[-7.595985,13.933741],[-7.592446,13.934066],[-7.585768,13.927117],[-7.580113,13.926394],[-7.580138,13.922248],[-7.576254,13.921189],[-7.574854,13.918762],[-7.57096,13.919431],[-7.567086,13.916644],[-7.563543,13.91766],[-7.562143,13.915233],[-7.557914,13.91279],[-7.552948,13.915179],[-7.543054,13.913738],[-7.541631,13.915111],[-7.539158,13.914751],[-7.538793,13.916476],[-7.531715,13.917124],[-7.531709,13.918161],[-7.529594,13.917112],[-7.525616,13.930907],[-7.522426,13.931924],[-7.522083,13.930194],[-7.519254,13.930177],[-7.518173,13.93328],[-7.516055,13.932576],[-7.515332,13.93499],[-7.508615,13.934603],[-7.505102,13.930782],[-7.502958,13.934223],[-7.497659,13.933154],[-7.496589,13.934529],[-7.494474,13.93348],[-7.493758,13.934857],[-7.490583,13.933456],[-7.488452,13.934824],[-7.484208,13.934798],[-7.484215,13.933762],[-7.479964,13.934772],[-7.474321,13.932318],[-7.471133,13.932989],[-7.470768,13.934714],[-7.465826,13.933301],[-7.463341,13.934667],[-7.459102,13.933949],[-7.457708,13.930832],[-7.455223,13.932198],[-7.452752,13.931491],[-7.452033,13.933214],[-7.447793,13.932496],[-7.444243,13.934546],[-7.436466,13.933805],[-7.436478,13.932078],[-7.4333,13.931367],[-7.430805,13.934114],[-7.428327,13.934444],[-7.426582,13.930978],[-7.42446,13.930964],[-7.425531,13.929589],[-7.424128,13.927853],[-7.422357,13.928187],[-7.420249,13.926101],[-7.421322,13.92438],[-7.418139,13.92436],[-7.416739,13.922278],[-7.413914,13.921568],[-7.411071,13.923623],[-7.411059,13.92535],[-7.408234,13.924641],[-7.404335,13.925997],[-7.404344,13.924615],[-7.401869,13.924599],[-7.400824,13.922174],[-7.395885,13.920414],[-7.394442,13.92455],[-7.389845,13.92452],[-7.387357,13.926231],[-7.388389,13.930383],[-7.384119,13.934154],[-7.379177,13.93274],[-7.374924,13.934093],[-7.372109,13.932002],[-7.370338,13.932335],[-7.370326,13.934063],[-7.363265,13.932288],[-7.356533,13.93397],[-7.354075,13.931535],[-7.351229,13.933934],[-7.344863,13.933891],[-7.344529,13.931125],[-7.339214,13.932471],[-7.338497,13.933847],[-7.33426,13.932782],[-7.333546,13.933814],[-7.32718,13.93377],[-7.323661,13.931328],[-7.316944,13.930936],[-7.3166,13.929552],[-7.314827,13.93023],[-7.313423,13.928839],[-7.310594,13.928819],[-7.310222,13.931235],[-7.307742,13.931909],[-7.307376,13.933633],[-7.299608,13.931852],[-7.297832,13.932876],[-7.289347,13.932471],[-7.288648,13.93143],[-7.286864,13.93349],[-7.285811,13.932446],[-7.283328,13.933465],[-7.282274,13.932421],[-7.280852,13.933447],[-7.267421,13.932316],[-7.256097,13.933271],[-7.253299,13.929106],[-7.25118,13.928746],[-7.251554,13.925985],[-7.244466,13.928006],[-7.241291,13.926947],[-7.238101,13.92796],[-7.235982,13.9276],[-7.234945,13.924483],[-7.232108,13.925499],[-7.233583,13.917565],[-7.230767,13.915817],[-7.229352,13.915807],[-7.228983,13.917877],[-7.224748,13.91681],[-7.225471,13.914743],[-7.223373,13.911618],[-7.22195,13.912644],[-7.215594,13.911562],[-7.21239,13.914302],[-7.208854,13.914276],[-7.210593,13.918088],[-7.207014,13.923589],[-7.204174,13.924949],[-7.194997,13.922809],[-7.1943,13.921422],[-7.188281,13.922414],[-7.185476,13.919284],[-7.1791,13.920618],[-7.177708,13.917844],[-7.17273,13.921261],[-7.172393,13.919186],[-7.170973,13.919867],[-7.169221,13.917781],[-7.166746,13.917762],[-7.165353,13.914988],[-7.16287,13.916006],[-7.160765,13.913918],[-7.16148,13.912887],[-7.158652,13.912865],[-7.157607,13.910785],[-7.154779,13.910764],[-7.153381,13.908681],[-7.150908,13.908316],[-7.150231,13.904512],[-7.14598,13.905516],[-7.142458,13.903762],[-7.141737,13.905483],[-7.139613,13.905813],[-7.13574,13.903711],[-7.135434,13.897836],[-7.13123,13.892968],[-7.133727,13.890224],[-7.13305,13.88642],[-7.130573,13.886746],[-7.13165,13.884682],[-7.129902,13.882251],[-7.132039,13.880194],[-7.128883,13.877062],[-7.12145,13.878041],[-7.11966,13.88079],[-7.115769,13.881106],[-7.113976,13.884201],[-7.111849,13.884875],[-7.105864,13.88172],[-7.103375,13.883428],[-7.103353,13.886191],[-7.100516,13.887205],[-7.099127,13.884085],[-7.09383,13.883353],[-7.092043,13.885757],[-7.088858,13.886078],[-7.087415,13.889521],[-7.081049,13.889816],[-7.079615,13.892223],[-7.07292,13.889407],[-7.068296,13.892824],[-7.066534,13.892119],[-7.064755,13.893487],[-7.064059,13.8921],[-7.06088,13.891729],[-7.059084,13.895169],[-7.053076,13.894776],[-7.05199,13.897875],[-7.050216,13.898552],[-7.051607,13.901326],[-7.049819,13.90373],[-7.052234,13.911002],[-7.045875,13.910261],[-7.043377,13.913004],[-7.035952,13.912944],[-7.035628,13.909488],[-7.034214,13.909476],[-7.03313,13.912231],[-7.026754,13.913561],[-7.023236,13.91146],[-7.020398,13.912473],[-7.020381,13.914545],[-7.014017,13.914494],[-7.015802,13.912436],[-7.014409,13.910007],[-7.008392,13.910648],[-7.007703,13.90857],[-7.003457,13.908881],[-7.001725,13.904722],[-6.999963,13.904017],[-7.000335,13.901948],[-6.995415,13.898454],[-6.995831,13.891204],[-6.998314,13.890188],[-6.996927,13.887068],[-7.00045,13.888479],[-7.007913,13.88405],[-7.009017,13.878878],[-7.00697,13.870226],[-7.008063,13.866436],[-7.009833,13.866105],[-7.008793,13.863679],[-7.01057,13.862657],[-7.012682,13.86371],[-7.015887,13.860973],[-7.013085,13.857842],[-7.013468,13.854391],[-7.015238,13.85406],[-7.014902,13.851985],[-7.012782,13.851968],[-7.012089,13.850235],[-7.009957,13.8516],[-7.008204,13.849858],[-7.010349,13.847113],[-7.009315,13.843996],[-7.014999,13.840588],[-7.014666,13.838168],[-7.016445,13.8368],[-7.016837,13.832313],[-7.014725,13.83126],[-7.017993,13.820925],[-7.01521,13.815721],[-7.017713,13.812288],[-7.019834,13.812305],[-7.021262,13.810589],[-7.015984,13.807784],[-7.015321,13.802597],[-7.013209,13.801544],[-7.013239,13.798091],[-7.016063,13.798459],[-7.017135,13.797086],[-7.016828,13.791557],[-7.015076,13.789816],[-7.009425,13.789425],[-7.007681,13.786648],[-7.003441,13.786613],[-7.005582,13.784213],[-7.005626,13.779032],[-7.009872,13.778376],[-7.009539,13.775956],[-7.006014,13.774891],[-7.00675,13.771443],[-7.012082,13.767687],[-7.011057,13.763534],[-7.013896,13.762175],[-7.013907,13.760794],[-7.012141,13.760779],[-7.013922,13.759067],[-7.012173,13.75698],[-7.01396,13.754577],[-7.017496,13.75426],[-7.018214,13.752884],[-7.015411,13.750098],[-7.016836,13.748728],[-7.015081,13.747333],[-7.015469,13.743191],[-7.013705,13.742831],[-7.013367,13.741102],[-7.011253,13.740394],[-7.011624,13.738325],[-7.010213,13.737968],[-7.010231,13.735896],[-7.011997,13.73591],[-7.016996,13.729733],[-7.016324,13.725583],[-7.017737,13.725594],[-7.017769,13.721795],[-7.02202,13.720448],[-7.02204,13.71803],[-7.018875,13.716278],[-7.021009,13.714568],[-7.021026,13.712496],[-7.018916,13.711442],[-7.020349,13.709036],[-7.017187,13.706938],[-7.017199,13.705557],[-7.021122,13.701098],[-7.019718,13.700051],[-7.020085,13.698327],[-7.021869,13.696269],[-7.024344,13.695943],[-7.02545,13.690426],[-7.028282,13.689757],[-7.029028,13.684928],[-7.031145,13.68529],[-7.037173,13.682575],[-7.040349,13.682945],[-7.041425,13.680881],[-7.045305,13.681603],[-7.047792,13.679895],[-7.047806,13.678168],[-7.049216,13.678525],[-7.049549,13.680945],[-7.051321,13.680269],[-7.05135,13.676815],[-7.048561,13.672303],[-7.052472,13.669225],[-7.054292,13.662676],[-7.057114,13.663044],[-7.060265,13.666523],[-7.060988,13.664456],[-7.062757,13.664124],[-7.063093,13.666199],[-7.068371,13.668658],[-7.07333,13.66697],[-7.076857,13.667688],[-7.078998,13.664941],[-7.082486,13.670495],[-7.086365,13.671216],[-7.089169,13.674001],[-7.091288,13.674017],[-7.092014,13.671605],[-7.096603,13.671985],[-7.099445,13.669935],[-7.097357,13.666119],[-7.101659,13.658208],[-7.105204,13.656508],[-7.104534,13.652012],[-7.109142,13.649975],[-7.109895,13.644109],[-7.108866,13.640301],[-7.106752,13.639594],[-7.106769,13.637522],[-7.105011,13.636472],[-7.105397,13.63233],[-7.102928,13.631966],[-7.102241,13.629543],[-7.106862,13.625779],[-7.105469,13.62335],[-7.106553,13.62025],[-7.101256,13.620209],[-7.101275,13.617792],[-7.098119,13.615004],[-7.100285,13.609149],[-7.099595,13.607071],[-7.101744,13.603288],[-7.098232,13.600843],[-7.097898,13.598423],[-7.101424,13.59914],[-7.101791,13.597416],[-7.10674,13.596763],[-7.106773,13.592618]]]}},{"type":"Feature","properties":{"Num_bassin":"B4"},"geometry":{"type":"MultiPolygon","coordinates":[[[[-8.676675,13.719863],[-8.677028,13.720209],[-8.676674,13.720208],[-8.676675,13.719863]]],[[[-8.677028,13.719863],[-8.676683,13.713988],[-8.67421,13.712948],[-8.6735,13.715021],[-8.672086,13.715019],[-8.671381,13.713636],[-8.6682,13.713631],[-8.66785,13.711557],[-8.66573,13.710518],[-8.665384,13.705679],[-8.661499,13.703601],[-8.662564,13.699801],[-8.654085,13.697715],[-8.653734,13.695987],[-8.650906,13.695983],[-8.649844,13.697364],[-8.647724,13.69667],[-8.651273,13.686999],[-8.655511,13.689424],[-8.658692,13.689083],[-8.66188,13.683903],[-8.664353,13.684598],[-8.666831,13.682182],[-8.669656,13.683223],[-8.67178,13.681152],[-8.671431,13.677696],[-8.673905,13.678045],[-8.674967,13.676318],[-8.673912,13.672861],[-8.67568,13.671827],[-8.676037,13.669408],[-8.674984,13.663877],[-8.677812,13.663536],[-8.677817,13.659734],[-8.681351,13.659393],[-8.683476,13.65594],[-8.68842,13.658711],[-8.689134,13.653183],[-8.700098,13.645939],[-8.703984,13.646635],[-8.707158,13.651822],[-8.711398,13.651827],[-8.712104,13.65321],[-8.716343,13.653906],[-8.721645,13.653221],[-8.722356,13.649075],[-8.7266,13.646661],[-8.729426,13.647355],[-8.729776,13.65012],[-8.731191,13.648394],[-8.734723,13.650125],[-8.740028,13.645984],[-8.741097,13.637691],[-8.744631,13.638041],[-8.744632,13.636658],[-8.748521,13.634934],[-8.750998,13.631827],[-8.753824,13.631829],[-8.755236,13.633904],[-8.759122,13.633908],[-8.762651,13.63875],[-8.765832,13.638061],[-8.766894,13.635989],[-8.770073,13.63772],[-8.772549,13.634612],[-8.774669,13.634614],[-8.775728,13.636343],[-8.779616,13.634964],[-8.780673,13.637729],[-8.782793,13.638077],[-8.783856,13.634968],[-8.786683,13.634624],[-8.784215,13.628402],[-8.785629,13.627712],[-8.784219,13.6246],[-8.786339,13.624257],[-8.784927,13.622528],[-8.785283,13.619763],[-8.782812,13.616996],[-8.779986,13.616303],[-8.780342,13.613884],[-8.777869,13.613191],[-8.778227,13.608698],[-8.781053,13.608701],[-8.784237,13.604902],[-8.784238,13.602829],[-8.786713,13.601794],[-8.784951,13.595918],[-8.788837,13.596958],[-8.790606,13.594195],[-8.793432,13.593506],[-8.793788,13.591433],[-8.800853,13.591784],[-8.805094,13.589714],[-8.804744,13.586258],[-8.801919,13.584528],[-8.801921,13.582454],[-8.799447,13.582798],[-8.799803,13.579688],[-8.798038,13.578304],[-8.799809,13.572431],[-8.799105,13.570011],[-8.803348,13.565522],[-8.807938,13.56829],[-8.816769,13.567951],[-8.817124,13.566569],[-8.820657,13.565189],[-8.822073,13.561389],[-8.825253,13.560354],[-8.824197,13.555516],[-8.829498,13.552409],[-8.827027,13.549988],[-8.82597,13.545495],[-8.826684,13.535473],[-8.829158,13.533056],[-8.827747,13.530636],[-8.828103,13.52718],[-8.834108,13.525457],[-8.834113,13.519236],[-8.836586,13.516819],[-8.836589,13.513708],[-8.834826,13.509215],[-8.835534,13.50645],[-8.833416,13.504721],[-8.832712,13.501265],[-8.82318,13.497802],[-8.823182,13.494347],[-8.824597,13.490892],[-8.834138,13.481913],[-8.834846,13.480186],[-8.833436,13.476729],[-8.83485,13.473965],[-8.830263,13.469124],[-8.832743,13.457721],[-8.831686,13.454265],[-8.825687,13.448731],[-8.822157,13.447692],[-8.82216,13.44389],[-8.824634,13.441127],[-8.827458,13.440784],[-8.828166,13.438365],[-8.836292,13.431113],[-8.837,13.427312],[-8.841592,13.424205],[-8.847946,13.425937],[-8.847591,13.42801],[-8.850414,13.430085],[-8.851118,13.433542],[-8.853944,13.431815],[-8.861711,13.43182],[-8.865593,13.433895],[-8.872655,13.433553],[-8.873004,13.440465],[-8.877239,13.445306],[-8.879357,13.444961],[-8.882534,13.447036],[-8.890302,13.446694],[-8.890653,13.449459],[-8.895594,13.454645],[-8.895592,13.460865],[-8.90442,13.458795],[-8.907597,13.461216],[-8.910069,13.459143],[-8.912186,13.463291],[-8.915364,13.463983],[-8.917128,13.468822],[-8.91642,13.474005],[-8.919948,13.483683],[-8.925951,13.483685],[-8.928069,13.486104],[-8.928068,13.490943],[-8.929833,13.491289],[-8.929479,13.494053],[-8.924534,13.497162],[-8.924533,13.500272],[-8.922767,13.502345],[-8.925592,13.503729],[-8.925591,13.505111],[-8.920999,13.50822],[-8.920291,13.512712],[-8.917465,13.514785],[-8.918171,13.517204],[-8.923819,13.5255],[-8.92523,13.53103],[-8.933001,13.52965],[-8.935473,13.532069],[-8.939358,13.529997],[-8.943596,13.533108],[-8.943949,13.535873],[-8.948187,13.536565],[-8.948186,13.542094],[-8.953483,13.547625],[-8.955248,13.554191],[-8.960899,13.555574],[-8.956657,13.574581],[-8.959482,13.578728],[-8.963722,13.579766],[-8.965487,13.585295],[-8.971846,13.584605],[-8.974673,13.580804],[-8.977852,13.580804],[-8.981032,13.577348],[-8.988451,13.576658],[-8.990924,13.573893],[-8.992337,13.574239],[-8.992337,13.578731],[-8.994809,13.582878],[-9.003995,13.582187],[-9.003995,13.58357],[-9.007174,13.584261],[-9.011413,13.580459],[-9.019185,13.58115],[-9.021305,13.579767],[-9.021305,13.581841],[-9.023425,13.58115],[-9.024485,13.582877],[-9.023778,13.584951],[-9.025192,13.586679],[-9.032611,13.587023],[-9.034377,13.584604],[-9.040735,13.58253],[-9.039676,13.587022],[-9.041443,13.58875],[-9.042856,13.587713],[-9.044976,13.588749],[-9.046743,13.590477],[-9.04639,13.593587],[-9.04851,13.592896],[-9.050277,13.594969],[-9.055929,13.595313],[-9.056989,13.594276],[-9.061935,13.595657],[-9.061936,13.598076],[-9.066529,13.599112],[-9.06653,13.601531],[-9.06865,13.601185],[-9.07077,13.602912],[-9.073243,13.601529],[-9.074304,13.60533],[-9.076777,13.604638],[-9.076424,13.607058],[-9.080311,13.607748],[-9.082079,13.613276],[-9.086675,13.619841],[-9.089502,13.620877],[-9.08915,13.623641],[-9.092331,13.626059],[-9.096924,13.626403],[-9.096925,13.628131],[-9.101165,13.627438],[-9.102225,13.628474],[-9.107171,13.625362],[-9.106109,13.622598],[-9.109996,13.622942],[-9.112117,13.624669],[-9.108938,13.627089],[-9.108939,13.629854],[-9.104348,13.634348],[-9.105057,13.638841],[-9.110357,13.638147],[-9.107884,13.639876],[-9.107885,13.641604],[-9.110006,13.642986],[-9.102231,13.641607],[-9.094811,13.642992],[-9.089513,13.649214],[-9.086332,13.64887],[-9.087746,13.650252],[-9.087395,13.657163],[-9.082095,13.659584],[-9.081037,13.665459],[-9.084925,13.667532],[-9.08316,13.673062],[-9.085281,13.674443],[-9.084222,13.676171],[-9.086697,13.679626],[-9.08387,13.682046],[-9.083518,13.685502],[-9.08564,13.688266],[-9.085287,13.69034],[-9.089882,13.691375],[-9.089883,13.693103],[-9.089177,13.695522],[-9.08529,13.697597],[-9.084584,13.70209],[-9.086352,13.702435],[-9.086353,13.705199],[-9.087767,13.705544],[-9.086001,13.709692],[-9.082112,13.708311],[-9.078932,13.71004],[-9.077164,13.708658],[-9.075044,13.710732],[-9.076812,13.71246],[-9.075399,13.717644],[-9.077521,13.719025],[-9.079997,13.724208],[-9.075756,13.726974],[-9.078231,13.729393],[-9.078232,13.732503],[-9.080707,13.733193],[-9.081062,13.73734],[-9.07788,13.737341],[-9.076112,13.735268],[-9.072578,13.739071],[-9.072932,13.740798],[-9.06975,13.739763],[-9.069751,13.74149],[-9.066569,13.741837],[-9.06657,13.74391],[-9.064802,13.743911],[-9.065155,13.741492],[-9.063741,13.741146],[-9.062328,13.74322],[-9.058085,13.74253],[-9.056671,13.743567],[-9.056672,13.74806],[-9.059855,13.751169],[-9.056673,13.751861],[-9.056321,13.755663],[-9.058089,13.756353],[-9.058089,13.758772],[-9.055615,13.760155],[-9.054908,13.763266],[-9.052787,13.763266],[-9.051374,13.767068],[-9.052081,13.769487],[-9.055971,13.770523],[-9.056325,13.771905],[-9.063042,13.770175],[-9.062335,13.772249],[-9.066579,13.774321],[-9.066579,13.776395],[-9.069054,13.77674],[-9.066228,13.783998],[-9.069058,13.790217],[-9.072595,13.79229],[-9.071535,13.794363],[-9.072596,13.797128],[-9.071182,13.79851],[-9.074012,13.801965],[-9.073305,13.803693],[-9.077196,13.805075],[-9.077196,13.807148],[-9.074367,13.806112],[-9.07366,13.80784],[-9.067649,13.809915],[-9.065174,13.809225],[-9.06482,13.807497],[-9.062698,13.807498],[-9.060929,13.804734],[-9.057747,13.805425],[-9.056333,13.807154],[-9.056687,13.809573],[-9.053151,13.81061],[-9.051737,13.813375],[-9.045372,13.813376],[-9.042545,13.819943],[-9.039362,13.819252],[-9.040069,13.821326],[-9.038655,13.821671],[-9.037948,13.824436],[-9.036887,13.822017],[-9.032643,13.821327],[-9.031582,13.818908],[-9.027338,13.816835],[-9.022741,13.819254],[-9.023449,13.821673],[-9.02062,13.824438],[-9.018852,13.823747],[-9.011425,13.827203],[-9.01284,13.833078],[-9.003999,13.832387],[-9.001877,13.834806],[-8.997633,13.833424],[-8.993743,13.837916],[-8.993035,13.842409],[-8.987731,13.841026],[-8.985962,13.844482],[-8.98384,13.843445],[-8.983486,13.845173],[-8.981364,13.844827],[-8.976413,13.847246],[-8.977827,13.851047],[-8.973936,13.854157],[-8.973936,13.856231],[-8.971814,13.85623],[-8.970753,13.854502],[-8.96474,13.856921],[-8.966508,13.858303],[-8.9658,13.86245],[-8.966861,13.864178],[-8.964739,13.864523],[-8.964739,13.866597],[-8.962263,13.865905],[-8.962616,13.867979],[-8.958725,13.86936],[-8.959431,13.875926],[-8.961553,13.879383],[-8.958723,13.882147],[-8.954832,13.881109],[-8.95377,13.884219],[-8.948464,13.885946],[-8.947403,13.882836],[-8.945989,13.88249],[-8.943157,13.888364],[-8.939266,13.888017],[-8.937144,13.889745],[-8.931132,13.882832],[-8.93007,13.88525],[-8.926532,13.886632],[-8.926178,13.890087],[-8.923348,13.889395],[-8.923347,13.891469],[-8.920164,13.891122],[-8.919808,13.895269],[-8.91627,13.896995],[-8.915208,13.899069],[-8.911317,13.899413],[-8.910611,13.894574],[-8.908843,13.894919],[-8.903184,13.890425],[-8.89894,13.890423],[-8.894696,13.888002],[-8.894343,13.886274],[-8.891513,13.88731],[-8.892221,13.884891],[-8.890098,13.885581],[-8.888331,13.883161],[-8.885854,13.884543],[-8.882673,13.879357],[-8.880904,13.88143],[-8.881609,13.886268],[-8.876657,13.88592],[-8.869578,13.892137],[-8.866042,13.891098],[-8.865336,13.888679],[-8.862506,13.888677],[-8.8618,13.885912],[-8.858971,13.884528],[-8.856499,13.877616],[-8.85084,13.87623],[-8.848369,13.869317],[-8.8466,13.870007],[-8.84589,13.873462],[-8.843414,13.874497],[-8.840585,13.873113],[-8.839522,13.875186],[-8.835633,13.873456],[-8.834571,13.874492],[-8.828558,13.874142],[-8.826791,13.872413],[-8.823607,13.872756],[-8.822193,13.871027],[-8.817948,13.871715],[-8.817246,13.86584],[-8.813356,13.864109],[-8.813005,13.860999],[-8.809825,13.857195],[-8.80841,13.857539],[-8.8077,13.860649],[-8.804516,13.861338],[-8.80452,13.8565],[-8.802045,13.855461],[-8.801693,13.853733],[-8.799926,13.852695],[-8.796388,13.853728],[-8.793914,13.851307],[-8.790731,13.85165],[-8.786843,13.848537],[-8.786846,13.845772],[-8.781539,13.847495],[-8.777299,13.84369],[-8.76881,13.844028],[-8.767748,13.845409],[-8.765981,13.84368],[-8.762088,13.84644],[-8.759967,13.845747],[-8.757496,13.841252],[-8.756794,13.835722],[-8.755025,13.836757],[-8.751843,13.836063],[-8.748664,13.831913],[-8.74407,13.829489],[-8.744073,13.826725],[-8.73913,13.819117],[-8.739132,13.817389],[-8.741255,13.8167],[-8.740904,13.813589],[-8.738429,13.813587],[-8.738432,13.811168],[-8.737018,13.810475],[-8.731007,13.810469],[-8.727476,13.805972],[-8.725,13.806661],[-8.726066,13.802169],[-8.729959,13.798718],[-8.727497,13.788002],[-8.729986,13.775564],[-8.728218,13.775908],[-8.72716,13.773142],[-8.724332,13.773139],[-8.723273,13.77141],[-8.720443,13.773135],[-8.716908,13.772785],[-8.715137,13.775202],[-8.709835,13.774159],[-8.709479,13.775887],[-8.703821,13.776917],[-8.699936,13.773111],[-8.701001,13.770002],[-8.698178,13.765851],[-8.699243,13.762397],[-8.696768,13.762394],[-8.695003,13.760318],[-8.688991,13.762039],[-8.68193,13.754773],[-8.67804,13.755459],[-8.678401,13.750276],[-8.680522,13.749933],[-8.683356,13.74579],[-8.681946,13.742678],[-8.684069,13.741644],[-8.687248,13.743376],[-8.689017,13.742341],[-8.691489,13.744418],[-8.695378,13.743731],[-8.69785,13.745808],[-8.701036,13.742356],[-8.69998,13.738899],[-8.702813,13.735101],[-8.701047,13.733717],[-8.700698,13.730606],[-8.698578,13.729567],[-8.698935,13.726802],[-8.693633,13.72645],[-8.691514,13.72472],[-8.691871,13.722301],[-8.687627,13.724369],[-8.686922,13.722641],[-8.680561,13.72125],[-8.679504,13.719175],[-8.677028,13.719863]]]]}},{"type":"Feature","properties":{"Num_bassin":"B2"},"geometry":{"type":"Polygon","coordinates":[[[-9.291362,12.819992],[-9.292423,12.823447],[-9.289252,12.822068],[-9.28785,12.828636],[-9.291729,12.832433],[-9.294194,12.832085],[-9.294548,12.834158],[-9.29631,12.834501],[-9.296314,12.838303],[-9.300541,12.838644],[-9.298431,12.841411],[-9.29914,12.845557],[-9.301605,12.844863],[-9.304073,12.846934],[-9.30442,12.842787],[-9.30724,12.844511],[-9.313224,12.841394],[-9.3171,12.842772],[-9.32062,12.841039],[-9.323445,12.847257],[-9.325912,12.847945],[-9.326618,12.849672],[-9.331198,12.850357],[-9.330849,12.852777],[-9.334373,12.853809],[-9.33368,12.86245],[-9.335798,12.866249],[-9.333687,12.868325],[-9.334396,12.871435],[-9.340735,12.870044],[-9.347077,12.871764],[-9.351662,12.875905],[-9.350963,12.879362],[-9.354837,12.879011],[-9.356944,12.87417],[-9.359411,12.874858],[-9.359768,12.878313],[-9.361529,12.878656],[-9.361531,12.880039],[-9.35766,12.882463],[-9.358367,12.88419],[-9.355905,12.886613],[-9.355908,12.888686],[-9.357317,12.88903],[-9.356971,12.893177],[-9.354154,12.894218],[-9.351699,12.90217],[-9.353109,12.902859],[-9.352767,12.910117],[-9.354176,12.90977],[-9.358059,12.915294],[-9.361933,12.914598],[-9.362992,12.915979],[-9.369335,12.916661],[-9.371093,12.914239],[-9.371096,12.916313],[-9.376386,12.919761],[-9.380611,12.918373],[-9.380264,12.921829],[-9.377448,12.923561],[-9.379567,12.926668],[-9.38028,12.931851],[-9.382042,12.932194],[-9.380638,12.935998],[-9.382756,12.938414],[-9.385574,12.937719],[-9.38769,12.939098],[-9.385584,12.944285],[-9.39052,12.946351],[-9.390171,12.948425],[-9.392985,12.945656],[-9.396156,12.945651],[-9.396506,12.944268],[-9.397916,12.944266],[-9.397567,12.946686],[-9.403203,12.945641],[-9.403547,12.940456],[-9.409184,12.940102],[-9.407783,12.944942],[-9.409546,12.945976],[-9.409551,12.949087],[-9.413078,12.950809],[-9.414141,12.954609],[-9.411683,12.960142],[-9.415208,12.960828],[-9.417673,12.959441],[-9.419438,12.961512],[-9.419798,12.966004],[-9.421916,12.968074],[-9.421215,12.970495],[-9.422977,12.970837],[-9.421929,12.976023],[-9.432504,12.977734],[-9.432157,12.980845],[-9.434275,12.982915],[-9.43956,12.98256],[-9.443079,12.979789],[-9.44203,12.984284],[-9.445559,12.987388],[-9.447321,12.987039],[-9.450496,12.989108],[-9.45191,12.991524],[-9.449799,12.993256],[-9.446274,12.992571],[-9.445924,12.993954],[-9.44381,12.994303],[-9.443813,12.996031],[-9.44593,12.997755],[-9.446641,13.000864],[-9.452634,13.002236],[-9.456515,13.004303],[-9.456518,13.006031],[-9.451233,13.006731],[-9.446305,13.010196],[-9.441719,13.007784],[-9.441721,13.009167],[-9.439607,13.00917],[-9.438555,13.012283],[-9.43468,13.013326],[-9.434333,13.016437],[-9.43187,13.01886],[-9.430108,13.018863],[-9.430464,13.021281],[-9.428707,13.024049],[-9.425887,13.023708],[-9.424833,13.026129],[-9.425897,13.029929],[-9.424138,13.032005],[-9.422375,13.031662],[-9.422731,13.03339],[-9.421323,13.034429],[-9.425204,13.036842],[-9.425561,13.039606],[-9.426972,13.040295],[-9.426272,13.04306],[-9.428039,13.045477],[-9.424879,13.053085],[-9.42594,13.054811],[-9.427702,13.054808],[-9.429826,13.059988],[-9.427363,13.062757],[-9.424542,13.062071],[-9.423839,13.063109],[-9.426312,13.066215],[-9.425613,13.069672],[-9.419981,13.074519],[-9.419634,13.077976],[-9.414705,13.082131],[-9.415064,13.085932],[-9.406957,13.086981],[-9.405549,13.088366],[-9.406261,13.092512],[-9.408732,13.094236],[-9.407682,13.09873],[-9.409098,13.102184],[-9.411918,13.102179],[-9.41087,13.108056],[-9.408052,13.109443],[-9.407703,13.111517],[-9.411234,13.114622],[-9.408778,13.121883],[-9.410898,13.124644],[-9.410196,13.126719],[-9.412316,13.12948],[-9.415843,13.12982],[-9.413735,13.134316],[-9.417614,13.134656],[-9.417976,13.139839],[-9.420798,13.140871],[-9.420099,13.144328],[-9.421867,13.14709],[-9.4261,13.147774],[-9.427859,13.145352],[-9.430679,13.145002],[-9.43315,13.146725],[-9.43069,13.151222],[-9.433163,13.153983],[-9.433171,13.15813],[-9.437064,13.166417],[-9.440589,13.165374],[-9.442005,13.168137],[-9.446586,13.166401],[-9.446942,13.168128],[-9.449766,13.169505],[-9.452938,13.168463],[-9.454708,13.171916],[-9.458937,13.170526],[-9.461065,13.177088],[-9.458243,13.176748],[-9.456838,13.179515],[-9.458961,13.183313],[-9.456851,13.186772],[-9.458976,13.191261],[-9.462152,13.192292],[-9.470261,13.190895],[-9.470255,13.187785],[-9.479427,13.188459],[-9.482245,13.187071],[-9.487549,13.193973],[-9.49108,13.195694],[-9.49179,13.198112],[-9.493904,13.196725],[-9.496023,13.198104],[-9.499195,13.197061],[-9.499903,13.198442],[-9.49779,13.200174],[-9.499204,13.201553],[-9.498857,13.204664],[-9.50733,13.208449],[-9.51015,13.207407],[-9.510498,13.205332],[-9.515081,13.203941],[-9.519681,13.210843],[-9.516511,13.213269],[-9.517579,13.217759],[-9.515469,13.220874],[-9.515475,13.223638],[-9.507363,13.224],[-9.506676,13.232986],[-9.503499,13.231956],[-9.498214,13.235422],[-9.49963,13.237493],[-9.497516,13.238879],[-9.499635,13.240258],[-9.499643,13.244059],[-9.496471,13.245447],[-9.498245,13.250282],[-9.495783,13.254088],[-9.495789,13.257198],[-9.492615,13.25755],[-9.489094,13.261013],[-9.48592,13.26171],[-9.486279,13.26482],[-9.481699,13.267938],[-9.483474,13.27381],[-9.482423,13.277268],[-9.485608,13.282445],[-9.48385,13.285213],[-9.481734,13.285563],[-9.481738,13.287982],[-9.483856,13.288324],[-9.483862,13.291434],[-9.487746,13.292809],[-9.488103,13.294882],[-9.490574,13.295222],[-9.491641,13.299367],[-9.490586,13.301097],[-9.487759,13.299375],[-9.486007,13.305253],[-9.483539,13.30664],[-9.479308,13.30803],[-9.476131,13.307345],[-9.475433,13.311493],[-9.477551,13.311835],[-9.476146,13.314948],[-9.478266,13.316672],[-9.475801,13.319095],[-9.476157,13.320823],[-9.472275,13.32083],[-9.468047,13.324294],[-9.467346,13.326714],[-9.471239,13.332582],[-9.469835,13.33604],[-9.471602,13.337419],[-9.469841,13.33915],[-9.469499,13.345026],[-9.471266,13.346059],[-9.47092,13.349861],[-9.47304,13.35124],[-9.471993,13.357116],[-9.476228,13.357108],[-9.481528,13.360209],[-9.481891,13.365046],[-9.483659,13.366771],[-9.479427,13.368506],[-9.47627,13.378534],[-9.474146,13.375082],[-9.470968,13.374743],[-9.468145,13.375094],[-9.469206,13.376128],[-9.468151,13.377858],[-9.468864,13.381658],[-9.471696,13.386146],[-9.473108,13.386143],[-9.472408,13.389254],[-9.47594,13.389939],[-9.476297,13.392012],[-9.478771,13.393735],[-9.480888,13.39304],[-9.48231,13.398566],[-9.484429,13.398908],[-9.484435,13.401672],[-9.479141,13.402374],[-9.479502,13.406174],[-9.477386,13.407561],[-9.477391,13.40998],[-9.474215,13.410677],[-9.472799,13.40826],[-9.470681,13.408264],[-9.466803,13.411382],[-9.466798,13.408617],[-9.464678,13.407584],[-9.458686,13.412433],[-9.457646,13.422457],[-9.455528,13.422806],[-9.453417,13.426266],[-9.457303,13.427987],[-9.456963,13.434899],[-9.460507,13.441804],[-9.45698,13.443884],[-9.458053,13.450794],[-9.456641,13.450796],[-9.45594,13.453562],[-9.448173,13.453922],[-9.447468,13.45496],[-9.448883,13.456339],[-9.447474,13.45807],[-9.450301,13.459102],[-9.450661,13.462902],[-9.45419,13.462205],[-9.454197,13.46566],[-9.455962,13.465657],[-9.456672,13.467384],[-9.463028,13.467372],[-9.464781,13.461149],[-9.466545,13.460109],[-9.466541,13.458381],[-9.46866,13.458377],[-9.46937,13.460449],[-9.471134,13.459755],[-9.474314,13.461131],[-9.477145,13.46389],[-9.483853,13.463877],[-9.483153,13.466643],[-9.484917,13.465949],[-9.485982,13.469057],[-9.490568,13.466974],[-9.494453,13.467312],[-9.496577,13.469727],[-9.502937,13.471788],[-9.501534,13.476283],[-9.499063,13.476979],[-9.497666,13.484239],[-9.50367,13.484573],[-9.505794,13.487333],[-9.508265,13.486983],[-9.510026,13.48456],[-9.514621,13.486624],[-9.516041,13.490077],[-9.513571,13.491119],[-9.513225,13.49423],[-9.516053,13.495952],[-9.514291,13.497683],[-9.516058,13.498025],[-9.517486,13.505279],[-9.519959,13.50562],[-9.519969,13.510112],[-9.526688,13.51459],[-9.523885,13.524618],[-9.521412,13.524277],[-9.518244,13.529122],[-9.510826,13.528792],[-9.506946,13.530873],[-9.506951,13.533292],[-9.5112,13.538467],[-9.512976,13.543301],[-9.515803,13.543641],[-9.518637,13.547782],[-9.525707,13.550186],[-9.52571,13.551569],[-9.531721,13.55432],[-9.540544,13.551191],[-9.545138,13.551873],[-9.549373,13.550481],[-9.549023,13.551864],[-9.55327,13.555656],[-9.555037,13.555998],[-9.559623,13.553223],[-9.561743,13.553564],[-9.561748,13.555983],[-9.565286,13.558048],[-9.56952,13.556311],[-9.574823,13.558026],[-9.576595,13.560441],[-9.578358,13.5594],[-9.582952,13.560081],[-9.582604,13.562501],[-9.585077,13.562495],[-9.58897,13.565596],[-9.58827,13.568016],[-9.586153,13.569058],[-9.587952,13.582531],[-9.585484,13.58461],[-9.587607,13.585988],[-9.592556,13.587013],[-9.593965,13.585627],[-9.602796,13.58526],[-9.610198,13.578676],[-9.610562,13.582822],[-9.612332,13.584546],[-9.618694,13.585567],[-9.620113,13.587982],[-9.627537,13.590037],[-9.631062,13.587264],[-9.63141,13.585189],[-9.633528,13.584493],[-9.633172,13.583457],[-9.634587,13.584145],[-9.637409,13.582755],[-9.638119,13.584136],[-9.646953,13.585149],[-9.647317,13.58895],[-9.651578,13.596887],[-9.652991,13.596883],[-9.655454,13.593421],[-9.657221,13.593416],[-9.659349,13.596521],[-9.659714,13.600666],[-9.668194,13.601335],[-9.668203,13.604445],[-9.673865,13.607885],[-9.669985,13.609969],[-9.670342,13.61135],[-9.676009,13.616173],[-9.675308,13.618248],[-9.672835,13.618255],[-9.670723,13.621025],[-9.675677,13.623776],[-9.679576,13.628258],[-9.682063,13.633089],[-9.684542,13.63481],[-9.685616,13.639645],[-9.682455,13.646565],[-9.677875,13.651069],[-9.679306,13.657286],[-9.676481,13.657984],[-9.676838,13.659366],[-9.674368,13.660409],[-9.675449,13.667663],[-9.674048,13.672159],[-9.676893,13.678371],[-9.674775,13.679414],[-9.67478,13.681142],[-9.671954,13.681495],[-9.672317,13.684949],[-9.67373,13.6846],[-9.673735,13.686328],[-9.675856,13.686668],[-9.678692,13.68977],[-9.683995,13.690446],[-9.685773,13.693897],[-9.688959,13.695962],[-9.689678,13.700106],[-9.704169,13.700065],[-9.705588,13.701789],[-9.703826,13.703522],[-9.704186,13.70594],[-9.707723,13.706621],[-9.708443,13.711111],[-9.712338,13.713519],[-9.718348,13.713847],[-9.725076,13.717974],[-9.729322,13.719344],[-9.734268,13.718638],[-9.737808,13.720355],[-9.741358,13.725528],[-9.743836,13.726557],[-9.744557,13.731047],[-9.743501,13.732432],[-9.745626,13.733808],[-9.743869,13.736923],[-9.7559,13.741034],[-9.759449,13.745515],[-9.762275,13.744815],[-9.76229,13.749307],[-9.763715,13.752758],[-9.765839,13.753788],[-9.765493,13.756208],[-9.766913,13.757932],[-9.770443,13.756193],[-9.771511,13.758608],[-9.769748,13.759996],[-9.770461,13.761722],[-9.775057,13.762053],[-9.775775,13.76516],[-9.778256,13.767226],[-9.775444,13.772072],[-9.773322,13.771734],[-9.77121,13.774505],[-9.768031,13.775551],[-9.766631,13.779702],[-9.768057,13.783499],[-9.767361,13.786956],[-9.761012,13.791468],[-9.757832,13.792169],[-9.758907,13.796658],[-9.757498,13.798045],[-9.759629,13.801148],[-9.758931,13.803915],[-9.753637,13.807041],[-9.751159,13.806012],[-9.750465,13.81016],[-9.752591,13.811536],[-9.753308,13.814644],[-9.755432,13.815328],[-9.755803,13.820856],[-9.753348,13.827084],[-9.751226,13.82709],[-9.750507,13.823291],[-9.746975,13.824684],[-9.745568,13.827107],[-9.740615,13.826086],[-9.734268,13.831979],[-9.73215,13.833022],[-9.730022,13.831301],[-9.72861,13.831996],[-9.726143,13.834768],[-9.726503,13.83684],[-9.722969,13.837542],[-9.721215,13.842039],[-9.717677,13.841704],[-9.715193,13.838601],[-9.707774,13.841041],[-9.705295,13.840012],[-9.705299,13.841394],[-9.702113,13.840367],[-9.7014,13.838295],[-9.697515,13.840034],[-9.693975,13.838662],[-9.691503,13.840051],[-9.691141,13.837288],[-9.685836,13.836957],[-9.683706,13.834199],[-9.679822,13.836283],[-9.674856,13.831113],[-9.671327,13.833542],[-9.670632,13.83769],[-9.666742,13.837701],[-9.665333,13.839778],[-9.668177,13.844954],[-9.66607,13.850143],[-9.668555,13.853592],[-9.660075,13.856379],[-9.660085,13.859834],[-9.657968,13.861568],[-9.654432,13.861923],[-9.650904,13.865042],[-9.647369,13.865743],[-9.644536,13.864368],[-9.64346,13.858842],[-9.641335,13.857811],[-9.632504,13.861635],[-9.628964,13.860608],[-9.630037,13.865097],[-9.627565,13.866486],[-9.624381,13.866148],[-9.625455,13.870983],[-9.622633,13.873755],[-9.622643,13.877556],[-9.616288,13.882064],[-9.617359,13.885517],[-9.615956,13.890013],[-9.613833,13.890018],[-9.610996,13.887261],[-9.613463,13.883799],[-9.61098,13.881041],[-9.601432,13.881756],[-9.599322,13.886599],[-9.596142,13.887989],[-9.586594,13.888703],[-9.584115,13.887672],[-9.583756,13.8856],[-9.580225,13.888027],[-9.578449,13.885267],[-9.574555,13.883894],[-9.567136,13.887367],[-9.570701,13.898762],[-9.566816,13.901535],[-9.567177,13.904299],[-9.560812,13.90535],[-9.559391,13.902935],[-9.554437,13.902255],[-9.549143,13.90745],[-9.548453,13.914709],[-9.540317,13.914727],[-9.538893,13.910929],[-9.536063,13.911281],[-9.532888,13.914743],[-9.530411,13.914749],[-9.530777,13.919931],[-9.528659,13.922009],[-9.526536,13.921668],[-9.526893,13.923395],[-9.524068,13.925475],[-9.522307,13.92928],[-9.517713,13.931363],[-9.520197,13.934813],[-9.523738,13.936188],[-9.522329,13.938955],[-9.518084,13.938964],[-9.516665,13.937585],[-9.514546,13.938972],[-9.50959,13.937946],[-9.50747,13.938987],[-9.504273,13.933464],[-9.498257,13.932786],[-9.496485,13.931061],[-9.494719,13.932447],[-9.495077,13.93452],[-9.493663,13.935214],[-9.494728,13.93694],[-9.493318,13.939016],[-9.489421,13.93695],[-9.487653,13.937299],[-9.487303,13.939028],[-9.485532,13.937995],[-9.480935,13.939041],[-9.479512,13.935242],[-9.474914,13.935942],[-9.47243,13.932491],[-9.4696,13.932497],[-9.468542,13.934227],[-9.46288,13.933547],[-9.461473,13.937696],[-9.453333,13.936675],[-9.448385,13.939103],[-9.440955,13.939116],[-9.439531,13.934626],[-9.436704,13.936359],[-9.436002,13.939125],[-9.435292,13.93809],[-9.428218,13.939139],[-9.42786,13.936721],[-9.425034,13.939145],[-9.422201,13.937767],[-9.420081,13.939153],[-9.418312,13.939156],[-9.418309,13.937774],[-9.413358,13.938819],[-9.409816,13.936406],[-9.408757,13.93779],[-9.404862,13.936069],[-9.400975,13.939185],[-9.397436,13.938154],[-9.392838,13.939199],[-9.392836,13.937816],[-9.388589,13.937132],[-9.387875,13.933677],[-9.388935,13.932639],[-9.38575,13.931953],[-9.382215,13.934032],[-9.382578,13.939215],[-9.374794,13.939227],[-9.374085,13.938191],[-9.37161,13.939232],[-9.371607,13.93785],[-9.368071,13.938546],[-9.367714,13.936819],[-9.365592,13.937513],[-9.364529,13.936478],[-9.358871,13.937869],[-9.357453,13.936489],[-9.359928,13.935103],[-9.359926,13.93372],[-9.356737,13.930961],[-9.357087,13.928541],[-9.355318,13.928198],[-9.356728,13.92474],[-9.354251,13.924744],[-9.352477,13.921291],[-9.357426,13.918865],[-9.35707,13.917137],[-9.361663,13.913329],[-9.361306,13.911256],[-9.355999,13.910919],[-9.355996,13.908845],[-9.353163,13.907122],[-9.350334,13.908162],[-9.349266,13.903326],[-9.345727,13.90264],[-9.344314,13.903678],[-9.342896,13.901607],[-9.340066,13.901957],[-9.340415,13.898155],[-9.336874,13.895741],[-9.33687,13.893322],[-9.334744,13.890906],[-9.332268,13.890909],[-9.330139,13.886074],[-9.331192,13.880543],[-9.324458,13.870531],[-9.324805,13.866038],[-9.322327,13.864659],[-9.32197,13.861895],[-9.315246,13.859485],[-9.312764,13.854304],[-9.308165,13.853965],[-9.309229,13.856037],[-9.307817,13.858112],[-9.308536,13.86675],[-9.303587,13.869175],[-9.305006,13.872284],[-9.300762,13.872635],[-9.300764,13.874017],[-9.299349,13.873673],[-9.295108,13.876788],[-9.288388,13.877488],[-9.287677,13.874033],[-9.283781,13.86989],[-9.280952,13.870585],[-9.279187,13.873697],[-9.276005,13.874392],[-9.271756,13.870941],[-9.268926,13.870598],[-9.266102,13.875785],[-9.26398,13.875787],[-9.265046,13.879933],[-9.262219,13.882701],[-9.264344,13.884772],[-9.261515,13.885812],[-9.260811,13.888231],[-9.258689,13.88927],[-9.253737,13.88893],[-9.252677,13.889968],[-9.250548,13.884095],[-9.240992,13.879267],[-9.231445,13.882041],[-9.230385,13.883769],[-9.227201,13.882736],[-9.22791,13.884808],[-9.22579,13.886884],[-9.220131,13.887926],[-9.218715,13.886199],[-9.220125,13.881705],[-9.215172,13.880673],[-9.213048,13.878256],[-9.211981,13.872382],[-9.209858,13.871347],[-9.209502,13.869274],[-9.205257,13.86755],[-9.203844,13.86997],[-9.202429,13.869971],[-9.20066,13.869627],[-9.199596,13.866518],[-9.193937,13.866522],[-9.193935,13.864449],[-9.195703,13.863756],[-9.194992,13.858919],[-9.191455,13.859267],[-9.190391,13.855121],[-9.186853,13.853742],[-9.187912,13.851322],[-9.182604,13.847525],[-9.182954,13.842686],[-9.18083,13.840614],[-9.18401,13.836811],[-9.18012,13.836468],[-9.180475,13.838541],[-9.179061,13.839233],[-9.176585,13.838544],[-9.173752,13.833708],[-9.171984,13.834746],[-9.17163,13.833364],[-9.166678,13.832331],[-9.164911,13.834405],[-9.163142,13.832679],[-9.163493,13.828877],[-9.161724,13.827841],[-9.158188,13.828535],[-9.156771,13.825426],[-9.150405,13.824738],[-9.150052,13.825775],[-9.149697,13.823011],[-9.143331,13.822669],[-9.143683,13.820596],[-9.141914,13.818523],[-9.140145,13.817487],[-9.137671,13.818526],[-9.138729,13.814724],[-9.136253,13.813688],[-9.133424,13.814035],[-9.133073,13.818183],[-9.130951,13.817493],[-9.128832,13.821641],[-9.126003,13.822333],[-9.124236,13.825099],[-9.121759,13.821299],[-9.114334,13.825449],[-9.112566,13.825104],[-9.112564,13.820266],[-9.111503,13.821649],[-9.106199,13.821997],[-9.106554,13.825453],[-9.10514,13.826144],[-9.104432,13.824071],[-9.098774,13.824074],[-9.094883,13.822347],[-9.09417,13.80887],[-9.08639,13.807836],[-9.084977,13.809564],[-9.084268,13.804727],[-9.083207,13.806109],[-9.079317,13.804728],[-9.077196,13.805766],[-9.073305,13.803693],[-9.074012,13.801965],[-9.071182,13.79851],[-9.072596,13.797128],[-9.071535,13.794709],[-9.072595,13.79229],[-9.069058,13.790217],[-9.066228,13.783998],[-9.069054,13.77674],[-9.066579,13.776395],[-9.066579,13.774321],[-9.062335,13.772249],[-9.063042,13.770175],[-9.056325,13.771905],[-9.055971,13.770523],[-9.052081,13.769487],[-9.051374,13.767068],[-9.052787,13.763266],[-9.054908,13.763266],[-9.055615,13.760155],[-9.058089,13.758772],[-9.058089,13.756353],[-9.056321,13.755663],[-9.056673,13.751861],[-9.059855,13.751169],[-9.056672,13.74806],[-9.056671,13.743567],[-9.058085,13.74253],[-9.062328,13.74322],[-9.063741,13.741146],[-9.065155,13.741492],[-9.064802,13.743911],[-9.06657,13.74391],[-9.066569,13.741837],[-9.069751,13.74149],[-9.06975,13.739763],[-9.072932,13.740798],[-9.072578,13.739071],[-9.076112,13.735268],[-9.07788,13.737341],[-9.081062,13.73734],[-9.080707,13.733193],[-9.078232,13.732503],[-9.078231,13.729393],[-9.075756,13.726974],[-9.079997,13.724208],[-9.077521,13.719025],[-9.075399,13.717644],[-9.076812,13.71246],[-9.075044,13.710732],[-9.077164,13.708658],[-9.078932,13.71004],[-9.082112,13.708311],[-9.086001,13.709692],[-9.087767,13.705544],[-9.086353,13.705199],[-9.086352,13.702435],[-9.084584,13.70209],[-9.08529,13.697597],[-9.089177,13.695522],[-9.089883,13.693103],[-9.089882,13.691375],[-9.085287,13.69034],[-9.08564,13.688266],[-9.083518,13.685502],[-9.08387,13.682046],[-9.086697,13.679626],[-9.084222,13.676171],[-9.085281,13.674443],[-9.08316,13.673062],[-9.084925,13.667532],[-9.081037,13.665459],[-9.082095,13.659584],[-9.087395,13.657163],[-9.087746,13.650252],[-9.086332,13.64887],[-9.089513,13.649214],[-9.094811,13.642992],[-9.101878,13.641607],[-9.110006,13.642986],[-9.107885,13.641604],[-9.107884,13.639876],[-9.110357,13.638147],[-9.105057,13.638841],[-9.104348,13.634348],[-9.108939,13.629854],[-9.108938,13.627089],[-9.112117,13.624669],[-9.109996,13.622942],[-9.106109,13.622598],[-9.107171,13.625362],[-9.102225,13.628474],[-9.101165,13.627438],[-9.096925,13.628131],[-9.096924,13.626403],[-9.092331,13.626059],[-9.08915,13.623641],[-9.089502,13.620877],[-9.086675,13.619841],[-9.082079,13.613276],[-9.080311,13.607748],[-9.076424,13.607058],[-9.076777,13.604638],[-9.074304,13.60533],[-9.073243,13.601529],[-9.072183,13.602912],[-9.06653,13.601531],[-9.066529,13.599112],[-9.062289,13.598422],[-9.061935,13.595657],[-9.056989,13.594276],[-9.055929,13.595313],[-9.050277,13.594969],[-9.04851,13.592896],[-9.04639,13.593587],[-9.046743,13.590477],[-9.044976,13.588749],[-9.043563,13.587713],[-9.041443,13.58875],[-9.039676,13.587022],[-9.040735,13.58253],[-9.034377,13.584604],[-9.032611,13.587023],[-9.025192,13.586679],[-9.023778,13.584951],[-9.024485,13.582877],[-9.023425,13.58115],[-9.021305,13.581841],[-9.021305,13.579767],[-9.019185,13.58115],[-9.011413,13.580459],[-9.007174,13.584261],[-9.003995,13.58357],[-9.003995,13.582187],[-8.994809,13.582878],[-8.992337,13.578731],[-8.992337,13.574239],[-8.990924,13.573893],[-8.988451,13.576658],[-8.981032,13.577348],[-8.977852,13.580804],[-8.974673,13.580804],[-8.971846,13.584605],[-8.965487,13.585295],[-8.963722,13.579766],[-8.959482,13.578728],[-8.956657,13.574581],[-8.960899,13.555574],[-8.955248,13.554191],[-8.953483,13.547625],[-8.948186,13.542094],[-8.948187,13.536565],[-8.943949,13.535873],[-8.943596,13.533108],[-8.939358,13.529997],[-8.935473,13.532069],[-8.933001,13.52965],[-8.92523,13.53103],[-8.923819,13.5255],[-8.918171,13.517204],[-8.917465,13.514785],[-8.920291,13.512712],[-8.920999,13.50822],[-8.925591,13.505111],[-8.925592,13.503729],[-8.922767,13.502345],[-8.924887,13.499236],[-8.924534,13.497162],[-8.929479,13.494053],[-8.929833,13.491289],[-8.928068,13.490943],[-8.928069,13.486104],[-8.925951,13.483685],[-8.919948,13.483683],[-8.91642,13.474005],[-8.917128,13.468822],[-8.915364,13.463983],[-8.912186,13.463291],[-8.910069,13.459143],[-8.907597,13.461216],[-8.90442,13.458795],[-8.895592,13.460865],[-8.895594,13.454645],[-8.890653,13.449459],[-8.890302,13.446694],[-8.882534,13.447036],[-8.879357,13.444961],[-8.877239,13.445306],[-8.873004,13.440465],[-8.872655,13.433553],[-8.870537,13.432861],[-8.869834,13.427331],[-8.871248,13.423185],[-8.869483,13.422839],[-8.869132,13.420074],[-8.871958,13.415237],[-8.871607,13.411435],[-8.875845,13.40971],[-8.882552,13.410404],[-8.88644,13.400038],[-8.890678,13.395202],[-8.894915,13.393476],[-8.896329,13.387947],[-8.894917,13.387946],[-8.895624,13.38691],[-8.892449,13.382761],[-8.892803,13.37896],[-8.890334,13.376194],[-8.892099,13.374467],[-8.890691,13.367555],[-8.887867,13.366171],[-8.887515,13.364443],[-8.881868,13.365477],[-8.877282,13.360291],[-8.874811,13.360635],[-8.87093,13.357178],[-8.8674,13.358213],[-8.867403,13.353374],[-8.864932,13.353027],[-8.863523,13.348188],[-8.862465,13.348188],[-8.863878,13.346115],[-8.862114,13.344386],[-8.861764,13.338511],[-8.864236,13.335748],[-8.862121,13.330908],[-8.863534,13.328835],[-8.862124,13.32607],[-8.863537,13.324688],[-8.863893,13.317777],[-8.867423,13.316742],[-8.867424,13.314323],[-8.870954,13.312597],[-8.872015,13.307413],[-8.875546,13.304305],[-8.875547,13.30154],[-8.877311,13.301195],[-8.87555,13.296356],[-8.878022,13.292556],[-8.876613,13.287026],[-8.878731,13.285299],[-8.877673,13.283916],[-8.874849,13.285643],[-8.873087,13.282531],[-8.878734,13.278387],[-8.877677,13.275967],[-8.878738,13.27113],[-8.87521,13.270091],[-8.874859,13.265944],[-8.86851,13.264558],[-8.868159,13.260065],[-8.870277,13.257647],[-8.870279,13.254883],[-8.872043,13.253847],[-8.871692,13.250391],[-8.873457,13.248318],[-8.870285,13.243133],[-8.869231,13.235875],[-8.870642,13.234838],[-8.872758,13.235876],[-8.873819,13.23173],[-8.879816,13.23035],[-8.879818,13.227586],[-8.881934,13.227932],[-8.883346,13.22655],[-8.886877,13.218949],[-8.891815,13.218605],[-8.892875,13.214804],[-8.901694,13.214462],[-8.903458,13.213081],[-8.906635,13.207207],[-8.911221,13.204789],[-8.913693,13.197533],[-8.912988,13.195459],[-8.915104,13.196151],[-8.916163,13.193732],[-8.920043,13.194424],[-8.922866,13.190969],[-8.924276,13.192006],[-8.92604,13.19097],[-8.926746,13.188206],[-8.929921,13.188207],[-8.931334,13.179221],[-8.942972,13.180261],[-8.943327,13.171621],[-8.942269,13.170584],[-8.944739,13.165747],[-8.942271,13.163327],[-8.942977,13.159871],[-8.94192,13.158488],[-8.94333,13.158489],[-8.944037,13.152268],[-8.946859,13.149158],[-8.944743,13.146739],[-8.945449,13.14432],[-8.940865,13.144319],[-8.936987,13.140516],[-8.938046,13.135333],[-8.940162,13.133605],[-8.937695,13.131185],[-8.926408,13.139477],[-8.920061,13.13982],[-8.917591,13.142239],[-8.907717,13.142581],[-8.906663,13.134632],[-8.9049,13.13394],[-8.904196,13.131175],[-8.90067,13.130137],[-8.901023,13.127372],[-8.898908,13.12668],[-8.898556,13.124952],[-8.888331,13.123911],[-8.890801,13.11942],[-8.887629,13.115617],[-8.889041,13.113198],[-8.886574,13.111123],[-8.886927,13.108704],[-8.888338,13.108705],[-8.887988,13.103175],[-8.892925,13.100758],[-8.891516,13.096956],[-8.892928,13.093846],[-8.891518,13.092463],[-8.892576,13.091081],[-8.891521,13.086588],[-8.893992,13.077604],[-8.898929,13.075878],[-8.902809,13.068967],[-8.904925,13.068968],[-8.90528,13.061019],[-8.909512,13.056183],[-8.909513,13.055146],[-8.905635,13.054799],[-8.905988,13.052725],[-8.903874,13.050305],[-8.906695,13.048578],[-8.907754,13.043395],[-8.90987,13.04305],[-8.909869,13.044778],[-8.912689,13.044433],[-8.91692,13.039942],[-8.916921,13.037177],[-8.922209,13.035105],[-8.9208,13.031994],[-8.926088,13.029922],[-8.927149,13.018172],[-8.92997,13.014372],[-8.928561,13.010915],[-8.924332,13.008495],[-8.919046,13.008493],[-8.916579,13.006764],[-8.916227,13.004345],[-8.913761,13.003308],[-8.911294,13.002961],[-8.910236,13.004343],[-8.909532,13.001924],[-8.906713,13.001232],[-8.904247,12.996738],[-8.898961,12.996045],[-8.897905,12.992588],[-8.894382,12.99155],[-8.896498,12.987404],[-8.895794,12.984984],[-8.891566,12.9836],[-8.891214,12.981181],[-8.886278,12.985671],[-8.883812,12.984634],[-8.882754,12.986707],[-8.880992,12.98636],[-8.876055,12.992233],[-8.875349,12.995689],[-8.872881,12.99707],[-8.874646,12.992232],[-8.872532,12.990158],[-8.872885,12.98843],[-8.871476,12.988429],[-8.872182,12.984974],[-8.868659,12.982553],[-8.87007,12.981517],[-8.869366,12.979443],[-8.867604,12.979442],[-8.866901,12.976331],[-8.861967,12.975983],[-8.861968,12.974601],[-8.857388,12.97287],[-8.858095,12.969069],[-8.852809,12.968375],[-8.853164,12.965265],[-8.849993,12.963189],[-8.852813,12.962845],[-8.854225,12.958699],[-8.855987,12.958009],[-8.856342,12.95317],[-8.853525,12.950404],[-8.857402,12.947296],[-8.858459,12.948333],[-8.865859,12.946609],[-8.865864,12.93866],[-8.867978,12.937624],[-8.868684,12.935206],[-8.871151,12.934861],[-8.871504,12.932442],[-8.87538,12.931753],[-8.875382,12.927951],[-8.872213,12.925531],[-8.872567,12.921038],[-8.869398,12.917235],[-8.870457,12.914471],[-8.867992,12.911013],[-8.870107,12.909978],[-8.870813,12.907559],[-8.869053,12.904102],[-8.870111,12.901683],[-8.867645,12.900991],[-8.871522,12.897191],[-8.872229,12.894081],[-8.869763,12.892352],[-8.869412,12.890278],[-8.874698,12.887516],[-8.873645,12.878875],[-8.876464,12.878531],[-8.87717,12.874038],[-8.882455,12.872313],[-8.883161,12.869203],[-8.881753,12.866783],[-8.883867,12.866093],[-8.88422,12.864365],[-8.886333,12.864711],[-8.88845,12.858146],[-8.898665,12.857459],[-8.90254,12.855732],[-8.903246,12.852622],[-8.901485,12.852276],[-8.902542,12.850548],[-8.900077,12.848128],[-8.900431,12.843981],[-8.897966,12.842943],[-8.90008,12.841907],[-8.899728,12.840525],[-8.902898,12.841217],[-8.902899,12.838107],[-8.905364,12.838107],[-8.906774,12.834998],[-8.912057,12.834999],[-8.914522,12.836383],[-8.91558,12.832927],[-8.919807,12.832237],[-8.922272,12.833966],[-8.924737,12.833621],[-8.928612,12.830166],[-8.923684,12.823598],[-8.919106,12.820486],[-8.917348,12.810809],[-8.915588,12.809426],[-8.916645,12.808389],[-8.91242,12.805623],[-8.913477,12.802859],[-8.910309,12.799402],[-8.909254,12.794217],[-8.907846,12.793871],[-8.908551,12.790761],[-8.906792,12.786267],[-8.904679,12.786267],[-8.903272,12.784538],[-8.89975,12.785919],[-8.89306,12.783843],[-8.887426,12.784532],[-8.880386,12.778653],[-8.877217,12.778652],[-8.875457,12.776578],[-8.871583,12.777267],[-8.87088,12.775884],[-8.858206,12.771039],[-8.853632,12.765853],[-8.854689,12.76378],[-8.851875,12.75894],[-8.84624,12.76101],[-8.844481,12.75859],[-8.845187,12.756862],[-8.836736,12.757894],[-8.831455,12.756162],[-8.831105,12.754089],[-8.827232,12.753741],[-8.82477,12.749937],[-8.825125,12.745099],[-8.823367,12.742679],[-8.824425,12.738878],[-8.830766,12.733698],[-8.83112,12.730933],[-8.824081,12.727127],[-8.823026,12.725398],[-8.82479,12.720561],[-8.82409,12.71434],[-8.81846,12.71088],[-8.817759,12.706732],[-8.811427,12.700161],[-8.811429,12.698433],[-8.807206,12.696011],[-8.807209,12.691863],[-8.805097,12.691862],[-8.806157,12.687715],[-8.814958,12.685648],[-8.814961,12.681846],[-8.816722,12.679774],[-8.815319,12.673206],[-8.8111,12.667328],[-8.812512,12.6618],[-8.815328,12.660419],[-8.818848,12.660767],[-8.819201,12.659039],[-8.821312,12.659386],[-8.822369,12.657659],[-8.824833,12.658352],[-8.827651,12.653861],[-8.835747,12.652138],[-8.836804,12.65041],[-8.841731,12.651105],[-8.846656,12.655255],[-8.854047,12.654568],[-8.855454,12.655951],[-8.859679,12.65388],[-8.863549,12.65561],[-8.864607,12.6525],[-8.870237,12.654576],[-8.882908,12.652508],[-8.895578,12.653205],[-8.896635,12.651477],[-8.901211,12.650788],[-8.900155,12.649059],[-8.904379,12.649406],[-8.906491,12.647334],[-8.910714,12.648372],[-8.910713,12.6501],[-8.921623,12.651831],[-8.921975,12.653905],[-8.926199,12.651833],[-8.927606,12.654598],[-8.930422,12.653562],[-8.93007,12.651834],[-8.932886,12.650106],[-8.932886,12.648724],[-8.939926,12.645615],[-8.938871,12.644578],[-8.939927,12.641813],[-8.936056,12.639739],[-8.936058,12.633518],[-8.937114,12.632827],[-8.936411,12.629371],[-8.93817,12.629026],[-8.939579,12.62557],[-8.938524,12.62315],[-8.941692,12.617621],[-8.936766,12.61451],[-8.935711,12.611053],[-8.933248,12.610016],[-8.930435,12.604831],[-8.92762,12.60483],[-8.927268,12.602065],[-8.930437,12.597919],[-8.921642,12.59135],[-8.91918,12.585819],[-8.911442,12.577868],[-8.909331,12.577522],[-8.907925,12.574411],[-8.901592,12.573371],[-8.89913,12.569914],[-8.896315,12.570605],[-8.893501,12.569221],[-8.894558,12.566111],[-8.896317,12.565766],[-8.897024,12.5592],[-8.903008,12.551253],[-8.901953,12.548142],[-8.904417,12.545378],[-8.912508,12.546418],[-8.912509,12.545035],[-8.916028,12.542617],[-8.920249,12.542964],[-8.919193,12.545383],[-8.922711,12.546075],[-8.923413,12.549186],[-8.927282,12.552297],[-8.924818,12.558172],[-8.928687,12.561975],[-8.929742,12.565086],[-8.932204,12.565432],[-8.934315,12.567852],[-8.936425,12.572345],[-8.94135,12.574074],[-8.942053,12.575803],[-8.948387,12.575458],[-8.953665,12.57304],[-8.95648,12.573732],[-8.958239,12.571313],[-8.961758,12.570276],[-8.964924,12.570277],[-8.96809,12.573388],[-8.970202,12.573042],[-8.969849,12.57477],[-8.972312,12.575807],[-8.970552,12.583756],[-8.971255,12.593088],[-8.976181,12.59689],[-8.977236,12.601037],[-8.982514,12.608641],[-8.981458,12.611406],[-8.984272,12.621429],[-8.987088,12.622466],[-8.987439,12.624885],[-8.996589,12.62765],[-9.003979,12.633526],[-9.007147,12.633871],[-9.010314,12.637673],[-9.018057,12.640783],[-9.018761,12.638709],[-9.015945,12.636981],[-9.015945,12.635599],[-9.022279,12.632833],[-9.022983,12.627304],[-9.021223,12.625921],[-9.024742,12.621428],[-9.025445,12.616244],[-9.022982,12.613479],[-9.027556,12.611405],[-9.0265,12.609677],[-9.030019,12.606566],[-9.028259,12.602419],[-9.030018,12.602074],[-9.03037,12.598617],[-9.028258,12.59689],[-9.030369,12.596889],[-9.031073,12.594124],[-9.034591,12.59205],[-9.03811,12.592395],[-9.038462,12.591013],[-9.040925,12.591013],[-9.042684,12.588593],[-9.045851,12.590666],[-9.04761,12.588592],[-9.053943,12.5879],[-9.054999,12.589628],[-9.053944,12.591701],[-9.056056,12.594466],[-9.053945,12.59654],[-9.05465,12.600342],[-9.059225,12.602414],[-9.063799,12.602759],[-9.064151,12.601376],[-9.069428,12.599993],[-9.070131,12.595499],[-9.071891,12.596536],[-9.075409,12.594807],[-9.079631,12.594806],[-9.080687,12.596188],[-9.090891,12.594111],[-9.096524,12.601712],[-9.106026,12.604128],[-9.108135,12.600325],[-9.114468,12.597212],[-9.120101,12.603085],[-9.124674,12.601009],[-9.126787,12.604119],[-9.130305,12.603426],[-9.132066,12.605153],[-9.132419,12.608955],[-9.135587,12.608953],[-9.141214,12.604803],[-9.145438,12.605837],[-9.1479,12.603417],[-9.151771,12.605143],[-9.155292,12.608942],[-9.159162,12.607558],[-9.15881,12.606175],[-9.160568,12.604792],[-9.159863,12.603064],[-9.161271,12.603063],[-9.161272,12.604791],[-9.163383,12.604445],[-9.163736,12.605827],[-9.17042,12.603749],[-9.174999,12.609276],[-9.174297,12.612732],[-9.172186,12.61377],[-9.17254,12.616881],[-9.175356,12.617224],[-9.176765,12.619643],[-9.176062,12.621026],[-9.177822,12.621716],[-9.179232,12.625171],[-9.175367,12.633468],[-9.180998,12.63381],[-9.180999,12.635883],[-9.183463,12.636573],[-9.194722,12.632072],[-9.19578,12.635182],[-9.200709,12.637597],[-9.199303,12.640709],[-9.20001,12.643819],[-9.193325,12.64728],[-9.193329,12.652464],[-9.200369,12.653841],[-9.202835,12.656604],[-9.206355,12.657293],[-9.207061,12.659366],[-9.210227,12.657981],[-9.217267,12.658666],[-9.216914,12.656939],[-9.222898,12.658316],[-9.223252,12.660044],[-9.227826,12.658658],[-9.230291,12.660038],[-9.232408,12.666603],[-9.235223,12.665563],[-9.24156,12.666594],[-9.244021,12.664519],[-9.250357,12.664513],[-9.251766,12.666239],[-9.250364,12.67177],[-9.248254,12.6735],[-9.248609,12.677302],[-9.245444,12.680069],[-9.247208,12.684215],[-9.241227,12.687677],[-9.241583,12.691824],[-9.245106,12.69424],[-9.244055,12.699425],[-9.239127,12.700466],[-9.237372,12.705306],[-9.238429,12.706687],[-9.241245,12.706339],[-9.243009,12.71083],[-9.245121,12.710483],[-9.246891,12.720504],[-9.251116,12.7205],[-9.253578,12.718769],[-9.255693,12.721187],[-9.257101,12.72084],[-9.257808,12.723604],[-9.26027,12.722219],[-9.261681,12.724291],[-9.260274,12.725329],[-9.262388,12.727747],[-9.271189,12.727046],[-9.271544,12.729465],[-9.274714,12.730844],[-9.270842,12.732231],[-9.270844,12.733959],[-9.274014,12.734992],[-9.273668,12.740868],[-9.276839,12.742593],[-9.278955,12.746047],[-9.275788,12.747432],[-9.276496,12.751233],[-9.278257,12.752268],[-9.278255,12.750195],[-9.285648,12.749495],[-9.28565,12.751223],[-9.290228,12.752255],[-9.294804,12.751213],[-9.30044,12.753281],[-9.300799,12.75881],[-9.298687,12.759849],[-9.299394,12.761922],[-9.297283,12.763652],[-9.299047,12.766415],[-9.297652,12.777476],[-9.299412,12.777128],[-9.301174,12.778854],[-9.302236,12.783346],[-9.305759,12.784379],[-9.305761,12.786452],[-9.305059,12.788527],[-9.300133,12.791643],[-9.300136,12.794062],[-9.302251,12.795442],[-9.299439,12.799938],[-9.297325,12.799595],[-9.297327,12.800632],[-9.298386,12.803395],[-9.300852,12.803738],[-9.304026,12.807536],[-9.301918,12.811685],[-9.299453,12.812379],[-9.299451,12.810306],[-9.297692,12.81169],[-9.293466,12.811695],[-9.293473,12.817916],[-9.291362,12.819992]]]}},{"type":"Feature","properties":{"Num_bassin":"B3"},"geometry":{"type":"MultiPolygon","coordinates":[[[[-8.281088,12.526117],[-8.280736,12.526461],[-8.280737,12.526116],[-8.281088,12.526117]]],[[[-8.595358,13.73011],[-8.595711,13.730456],[-8.595357,13.730456],[-8.595358,13.73011]]],[[[-8.281087,12.526462],[-8.282843,12.527504],[-8.284239,12.531654],[-8.288463,12.530629],[-8.289866,12.532015],[-8.292683,12.530986],[-8.296198,12.532032],[-8.29832,12.52789],[-8.30078,12.528588],[-8.302544,12.526519],[-8.306763,12.527566],[-8.308526,12.525843],[-8.312389,12.528272],[-8.312736,12.530001],[-8.316254,12.53001],[-8.316608,12.528974],[-8.321178,12.530022],[-8.324008,12.524154],[-8.322253,12.522422],[-8.323671,12.518279],[-8.322973,12.516203],[-8.333909,12.503789],[-8.337074,12.504143],[-8.336726,12.502414],[-8.338845,12.499309],[-8.340602,12.499659],[-8.340612,12.495857],[-8.34378,12.494828],[-8.343087,12.490679],[-8.346251,12.491378],[-8.343106,12.483076],[-8.346984,12.47963],[-8.354047,12.467897],[-8.353004,12.46271],[-8.354765,12.461678],[-8.353714,12.460293],[-8.355828,12.45857],[-8.357937,12.458921],[-8.357941,12.457193],[-8.363568,12.457206],[-8.366035,12.454793],[-8.366395,12.451683],[-8.368856,12.451689],[-8.370271,12.448236],[-8.367823,12.442701],[-8.365013,12.441312],[-8.361494,12.44234],[-8.361139,12.443722],[-8.355867,12.442673],[-8.349175,12.447149],[-8.342874,12.43573],[-8.340765,12.435379],[-8.337962,12.431225],[-8.337618,12.428114],[-8.335859,12.428801],[-8.333049,12.427411],[-8.332001,12.424644],[-8.321115,12.419433],[-8.32077,12.416667],[-8.317611,12.414586],[-8.316218,12.409399],[-8.314814,12.408704],[-8.314116,12.406629],[-8.315877,12.405251],[-8.313428,12.400752],[-8.31554,12.39972],[-8.321865,12.401119],[-8.3289,12.400099],[-8.329945,12.403903],[-8.332401,12.405637],[-8.330639,12.407361],[-8.331335,12.410127],[-8.339414,12.413258],[-8.341163,12.417063],[-8.344684,12.414998],[-8.351354,12.419162],[-8.353458,12.421586],[-8.352747,12.424694],[-8.356604,12.428851],[-8.360128,12.425749],[-8.36294,12.426101],[-8.364353,12.423685],[-8.368572,12.423695],[-8.368934,12.419549],[-8.371749,12.418518],[-8.369294,12.416094],[-8.368949,12.413328],[-8.368954,12.411254],[-8.371419,12.409532],[-8.371076,12.406075],[-8.364401,12.403986],[-8.363702,12.401911],[-8.36089,12.401904],[-8.361616,12.392575],[-8.364784,12.390855],[-8.364789,12.388781],[-8.370065,12.387756],[-8.367617,12.382567],[-8.368339,12.37462],[-8.373966,12.373596],[-8.379253,12.367733],[-8.38277,12.367395],[-8.384184,12.363943],[-8.390514,12.36292],[-8.392628,12.360851],[-8.39966,12.360521],[-8.406346,12.357425],[-8.407399,12.358119],[-8.408801,12.35985],[-8.409137,12.366763],[-8.412286,12.373336],[-8.409822,12.374713],[-8.409106,12.380587],[-8.406291,12.381617],[-8.407334,12.386804],[-8.409442,12.387499],[-8.410491,12.390266],[-8.414011,12.3882],[-8.41612,12.388551],[-8.421382,12.393746],[-8.428763,12.394798],[-8.430853,12.403788],[-8.436474,12.405874],[-8.440325,12.41383],[-8.443137,12.414182],[-8.444899,12.412112],[-8.448416,12.411773],[-8.448762,12.414539],[-8.450518,12.415579],[-8.456848,12.414901],[-8.462818,12.418714],[-8.467043,12.415958],[-8.470558,12.41631],[-8.474783,12.413554],[-8.477244,12.413904],[-8.477247,12.412176],[-8.481118,12.410801],[-8.48638,12.416686],[-8.497279,12.417743],[-8.497275,12.419471],[-8.504667,12.415338],[-8.50853,12.417764],[-8.50993,12.421223],[-8.513796,12.422266],[-8.51978,12.418821],[-8.519066,12.424695],[-8.513785,12.428487],[-8.514481,12.43229],[-8.521153,12.43714],[-8.5236,12.445094],[-8.526769,12.443026],[-8.528522,12.446139],[-8.5352,12.448224],[-8.538357,12.452377],[-8.545737,12.4555],[-8.547838,12.460342],[-8.549246,12.459653],[-8.549957,12.455161],[-8.553472,12.456204],[-8.553834,12.450329],[-8.556999,12.45068],[-8.557004,12.447224],[-8.560522,12.446884],[-8.563691,12.444124],[-8.562639,12.442395],[-8.564049,12.440323],[-8.56792,12.438602],[-8.572486,12.442065],[-8.577773,12.434815],[-8.575668,12.431356],[-8.576381,12.425482],[-8.574626,12.423751],[-8.572164,12.423747],[-8.568303,12.419594],[-8.563734,12.418204],[-8.561629,12.415782],[-8.563044,12.4106],[-8.560939,12.407832],[-8.557076,12.404715],[-8.55145,12.405051],[-8.551455,12.402286],[-8.548642,12.402282],[-8.549011,12.39226],[-8.554287,12.390886],[-8.558855,12.392621],[-8.562375,12.389862],[-8.567292,12.393326],[-8.570105,12.392985],[-8.577852,12.38574],[-8.579967,12.381941],[-8.580675,12.379177],[-8.579269,12.379175],[-8.57822,12.375026],[-8.580333,12.373302],[-8.583496,12.373652],[-8.588071,12.370894],[-8.594745,12.37436],[-8.595445,12.376435],[-8.602124,12.37679],[-8.60283,12.375409],[-8.605993,12.376105],[-8.607401,12.37507],[-8.609503,12.379912],[-8.613371,12.379571],[-8.616879,12.384415],[-8.614767,12.38614],[-8.615818,12.388906],[-8.617574,12.389946],[-8.621091,12.389259],[-8.622839,12.39652],[-8.629873,12.395147],[-8.631635,12.391693],[-8.633746,12.390659],[-8.640422,12.394124],[-8.644291,12.393092],[-8.650626,12.387917],[-8.659058,12.392766],[-8.661522,12.391041],[-8.664686,12.39139],[-8.671723,12.386906],[-8.673475,12.391747],[-8.677694,12.391752],[-8.690366,12.379324],[-8.692827,12.379327],[-8.694933,12.382094],[-8.698449,12.382098],[-8.699512,12.375187],[-8.696005,12.36758],[-8.697414,12.364817],[-8.697775,12.356522],[-8.69497,12.350644],[-8.696027,12.348571],[-8.700598,12.347194],[-8.706924,12.348929],[-8.710443,12.345822],[-8.713606,12.346171],[-8.715018,12.341334],[-8.713617,12.336494],[-8.716434,12.331658],[-8.711525,12.320248],[-8.715052,12.309538],[-8.715056,12.30539],[-8.712952,12.300895],[-8.710493,12.299856],[-8.708042,12.291558],[-8.71226,12.291217],[-8.715773,12.292949],[-8.717883,12.291914],[-8.71999,12.293645],[-8.72456,12.291921],[-8.724211,12.290193],[-8.725969,12.288812],[-8.724566,12.286391],[-8.726676,12.285011],[-8.725278,12.277752],[-8.727036,12.276717],[-8.727397,12.267731],[-8.729859,12.266005],[-8.736183,12.26774],[-8.740049,12.266706],[-8.740754,12.264633],[-8.742862,12.265327],[-8.745678,12.261182],[-8.750249,12.258076],[-8.753067,12.250475],[-8.75623,12.250132],[-8.754478,12.244946],[-8.755535,12.241491],[-8.754486,12.236651],[-8.755892,12.236307],[-8.754489,12.232849],[-8.756949,12.232506],[-8.756951,12.230432],[-8.762925,12.230438],[-8.765738,12.228366],[-8.76679,12.22975],[-8.768899,12.229406],[-8.769951,12.232172],[-8.772761,12.233211],[-8.776978,12.232177],[-8.778031,12.233906],[-8.781546,12.232872],[-8.783652,12.235985],[-8.789974,12.2391],[-8.795245,12.23945],[-8.79524,12.246016],[-8.798402,12.24671],[-8.798751,12.250166],[-8.801563,12.249131],[-8.802963,12.256045],[-8.806126,12.255356],[-8.806824,12.262269],[-8.809284,12.261925],[-8.811743,12.263655],[-8.818069,12.263313],[-8.819122,12.264696],[-8.818065,12.268843],[-8.82263,12.274376],[-8.820872,12.275412],[-8.82087,12.278522],[-8.819463,12.279904],[-8.820859,12.294766],[-8.818046,12.297184],[-8.81734,12.301676],[-8.818394,12.302022],[-8.819443,12.309281],[-8.823659,12.31274],[-8.822251,12.316195],[-8.822951,12.319997],[-8.829277,12.321384],[-8.831384,12.324841],[-8.835952,12.327609],[-8.836301,12.331065],[-8.840869,12.33487],[-8.840868,12.336252],[-8.844032,12.336254],[-8.842272,12.339018],[-8.840515,12.338326],[-8.841566,12.344548],[-8.840158,12.348003],[-8.842969,12.349387],[-8.842967,12.352152],[-8.841561,12.352842],[-8.842966,12.354917],[-8.834876,12.361133],[-8.839446,12.362864],[-8.841902,12.369432],[-8.844012,12.369088],[-8.844363,12.370816],[-8.846472,12.370126],[-8.848933,12.37151],[-8.851394,12.37082],[-8.855612,12.372896],[-8.856316,12.370131],[-8.860535,12.370133],[-8.859482,12.368059],[-8.863348,12.369098],[-8.864053,12.366679],[-8.869678,12.365991],[-8.871437,12.363918],[-8.877413,12.364957],[-8.88339,12.363577],[-8.886203,12.361851],[-8.88726,12.357358],[-8.889369,12.357359],[-8.890775,12.359433],[-8.894992,12.361163],[-8.902375,12.361511],[-8.905538,12.364969],[-8.904834,12.367733],[-8.910456,12.374993],[-8.914323,12.376722],[-8.917488,12.375341],[-8.926276,12.377763],[-8.926626,12.385366],[-8.928735,12.387786],[-8.92592,12.393315],[-8.928733,12.394007],[-8.929084,12.396772],[-8.934005,12.402649],[-8.933301,12.406451],[-8.934355,12.408179],[-8.932597,12.409561],[-8.932948,12.410943],[-8.928728,12.412325],[-8.928024,12.416126],[-8.929078,12.417509],[-8.925913,12.419582],[-8.924505,12.424766],[-8.922747,12.425111],[-8.922394,12.426839],[-8.925558,12.430987],[-8.926965,12.430296],[-8.92626,12.435826],[-8.927666,12.437209],[-8.927665,12.440665],[-8.93083,12.443085],[-8.93188,12.462785],[-8.933286,12.464514],[-8.936803,12.46486],[-8.941374,12.469008],[-8.942428,12.473502],[-8.942428,12.475575],[-8.939965,12.476957],[-8.936095,12.483177],[-8.936094,12.488707],[-8.934334,12.490435],[-8.936444,12.493546],[-8.938906,12.494238],[-8.937146,12.498039],[-8.937146,12.501149],[-8.938904,12.502187],[-8.937847,12.508407],[-8.934681,12.509444],[-8.936791,12.511863],[-8.935384,12.513591],[-8.938197,12.518085],[-8.936437,12.52396],[-8.938898,12.527071],[-8.93538,12.528107],[-8.936435,12.529489],[-8.935731,12.533982],[-8.927638,12.538128],[-8.926934,12.540201],[-8.923064,12.541237],[-8.922712,12.542965],[-8.916028,12.542617],[-8.912509,12.545035],[-8.912508,12.546418],[-8.904417,12.545378],[-8.901953,12.548142],[-8.903008,12.551253],[-8.897024,12.5592],[-8.896317,12.565766],[-8.894558,12.566111],[-8.893501,12.569221],[-8.896315,12.570605],[-8.89913,12.569914],[-8.901592,12.573371],[-8.907925,12.574411],[-8.909331,12.577522],[-8.911442,12.577868],[-8.91918,12.585819],[-8.921642,12.59135],[-8.930437,12.597919],[-8.927268,12.602065],[-8.92762,12.60483],[-8.930435,12.604831],[-8.933248,12.610016],[-8.935711,12.611053],[-8.936766,12.61451],[-8.941692,12.617621],[-8.938524,12.62315],[-8.939579,12.62557],[-8.93817,12.629026],[-8.936411,12.629371],[-8.937114,12.632827],[-8.936058,12.633518],[-8.936056,12.639739],[-8.939927,12.641813],[-8.938871,12.643541],[-8.939926,12.645615],[-8.932886,12.648724],[-8.932886,12.650106],[-8.93007,12.651834],[-8.930422,12.653562],[-8.927606,12.654598],[-8.926199,12.651833],[-8.921975,12.653905],[-8.921623,12.651831],[-8.910713,12.6501],[-8.910714,12.648372],[-8.906491,12.647334],[-8.904379,12.649406],[-8.900155,12.649059],[-8.901211,12.650788],[-8.896635,12.651477],[-8.895578,12.653205],[-8.882908,12.652508],[-8.870237,12.654576],[-8.864607,12.6525],[-8.863549,12.65561],[-8.859679,12.65388],[-8.855454,12.655951],[-8.854047,12.654568],[-8.846656,12.655255],[-8.841731,12.651105],[-8.836804,12.65041],[-8.835747,12.652138],[-8.827651,12.653861],[-8.824833,12.658352],[-8.822369,12.657659],[-8.821312,12.659386],[-8.819201,12.659039],[-8.818848,12.660767],[-8.815328,12.660419],[-8.812512,12.6618],[-8.8111,12.667328],[-8.815319,12.673206],[-8.816722,12.679774],[-8.814961,12.681846],[-8.814958,12.685648],[-8.806157,12.687715],[-8.805098,12.691171],[-8.807209,12.691863],[-8.807206,12.696011],[-8.811429,12.698433],[-8.811427,12.700161],[-8.817759,12.706732],[-8.81846,12.71088],[-8.82409,12.71434],[-8.82479,12.720561],[-8.823027,12.725053],[-8.824081,12.727127],[-8.83112,12.730933],[-8.830766,12.733698],[-8.824425,12.738878],[-8.823367,12.742679],[-8.825125,12.745099],[-8.82477,12.749937],[-8.827232,12.753741],[-8.831105,12.754089],[-8.831455,12.756162],[-8.836736,12.757894],[-8.845187,12.756862],[-8.844481,12.75859],[-8.84624,12.76101],[-8.851875,12.75894],[-8.854689,12.76378],[-8.853632,12.765853],[-8.858206,12.771039],[-8.87088,12.775884],[-8.871583,12.777267],[-8.875457,12.776578],[-8.877217,12.778652],[-8.880386,12.778653],[-8.887426,12.784532],[-8.89306,12.783843],[-8.897285,12.785918],[-8.903272,12.784538],[-8.904679,12.786267],[-8.906792,12.786267],[-8.908551,12.790761],[-8.907846,12.793871],[-8.909254,12.794217],[-8.910309,12.799402],[-8.913477,12.802859],[-8.91242,12.805623],[-8.916645,12.808389],[-8.915588,12.809426],[-8.917348,12.810809],[-8.919106,12.820486],[-8.923684,12.823598],[-8.928612,12.830166],[-8.924737,12.833621],[-8.922272,12.833966],[-8.919807,12.832237],[-8.91558,12.832927],[-8.914522,12.836383],[-8.912057,12.834999],[-8.906774,12.834998],[-8.905364,12.838107],[-8.902899,12.838107],[-8.902898,12.841217],[-8.899728,12.840525],[-8.90008,12.841907],[-8.897966,12.842943],[-8.900431,12.843981],[-8.900077,12.848128],[-8.902542,12.850548],[-8.901485,12.852276],[-8.903246,12.852622],[-8.90254,12.855732],[-8.898665,12.857459],[-8.88845,12.858146],[-8.886333,12.864711],[-8.88422,12.864365],[-8.883867,12.866093],[-8.881753,12.866783],[-8.883161,12.869203],[-8.882455,12.872313],[-8.87717,12.874038],[-8.876464,12.878531],[-8.873645,12.878875],[-8.874698,12.887516],[-8.869412,12.890278],[-8.869763,12.892352],[-8.872229,12.894081],[-8.871522,12.897191],[-8.867645,12.900991],[-8.870111,12.901683],[-8.869053,12.904102],[-8.870813,12.907559],[-8.870107,12.909978],[-8.867992,12.911013],[-8.870457,12.914471],[-8.869398,12.917235],[-8.872567,12.921038],[-8.872213,12.925531],[-8.875382,12.927951],[-8.87538,12.931753],[-8.871504,12.932442],[-8.871151,12.934861],[-8.868684,12.935206],[-8.867978,12.937624],[-8.865864,12.93866],[-8.865859,12.946609],[-8.858459,12.948333],[-8.857402,12.947296],[-8.853525,12.950404],[-8.856342,12.95317],[-8.855987,12.958009],[-8.854225,12.958699],[-8.852813,12.962845],[-8.849993,12.963189],[-8.853164,12.965265],[-8.852809,12.968375],[-8.858095,12.969069],[-8.857388,12.97287],[-8.861968,12.974601],[-8.861967,12.975983],[-8.866901,12.976331],[-8.867604,12.979442],[-8.869366,12.979443],[-8.87007,12.981517],[-8.868659,12.982553],[-8.872182,12.984974],[-8.871476,12.988429],[-8.872885,12.98843],[-8.872532,12.990158],[-8.874646,12.992232],[-8.872881,12.99707],[-8.875349,12.995689],[-8.876055,12.992233],[-8.880992,12.98636],[-8.882754,12.986707],[-8.883812,12.984634],[-8.886278,12.985671],[-8.891214,12.981181],[-8.891566,12.9836],[-8.895794,12.984984],[-8.896498,12.987404],[-8.894382,12.99155],[-8.897553,12.992243],[-8.898961,12.996045],[-8.904247,12.996738],[-8.906713,13.001232],[-8.909532,13.001924],[-8.910236,13.004343],[-8.911294,13.002961],[-8.913761,13.003308],[-8.916227,13.004345],[-8.916579,13.006764],[-8.919046,13.008493],[-8.924332,13.008495],[-8.928561,13.010915],[-8.92997,13.014372],[-8.927149,13.018172],[-8.926088,13.029922],[-8.9208,13.031994],[-8.922209,13.035105],[-8.916569,13.037523],[-8.91692,13.039942],[-8.912689,13.044433],[-8.909869,13.044778],[-8.90987,13.04305],[-8.907754,13.043395],[-8.906695,13.048578],[-8.903874,13.050305],[-8.905988,13.052725],[-8.905635,13.054799],[-8.909513,13.055146],[-8.909512,13.056183],[-8.90528,13.061019],[-8.904925,13.068968],[-8.902809,13.068967],[-8.898929,13.075878],[-8.893992,13.077604],[-8.891521,13.086588],[-8.892578,13.08728],[-8.891518,13.092463],[-8.892928,13.093155],[-8.891516,13.096956],[-8.892925,13.100758],[-8.887988,13.103175],[-8.888338,13.108705],[-8.886927,13.108704],[-8.886574,13.111123],[-8.889041,13.113198],[-8.887629,13.115617],[-8.890801,13.11942],[-8.888331,13.123911],[-8.898556,13.124952],[-8.898908,13.12668],[-8.901023,13.127372],[-8.90067,13.130137],[-8.904196,13.131175],[-8.9049,13.13394],[-8.906663,13.134632],[-8.907717,13.142581],[-8.917591,13.142239],[-8.920061,13.13982],[-8.926408,13.139477],[-8.937695,13.131185],[-8.940162,13.133605],[-8.938046,13.135333],[-8.936987,13.140516],[-8.940865,13.144319],[-8.945449,13.14432],[-8.944743,13.146739],[-8.946859,13.149158],[-8.944037,13.152268],[-8.94333,13.158489],[-8.94192,13.158488],[-8.942977,13.159871],[-8.942271,13.163327],[-8.944739,13.165747],[-8.942269,13.170584],[-8.943327,13.171621],[-8.942972,13.180261],[-8.931334,13.179221],[-8.929921,13.188207],[-8.926746,13.188206],[-8.92604,13.19097],[-8.924629,13.192007],[-8.922866,13.190969],[-8.920043,13.194424],[-8.916163,13.193732],[-8.915104,13.196151],[-8.912988,13.195459],[-8.913693,13.197533],[-8.911221,13.204789],[-8.906635,13.207207],[-8.903458,13.213081],[-8.901694,13.214462],[-8.892875,13.214804],[-8.891815,13.218605],[-8.886877,13.218949],[-8.883346,13.22655],[-8.881934,13.227932],[-8.879818,13.227586],[-8.879816,13.23035],[-8.873819,13.23173],[-8.872758,13.235876],[-8.8717,13.234839],[-8.869231,13.235875],[-8.870285,13.243133],[-8.873457,13.248318],[-8.871692,13.250391],[-8.872043,13.253847],[-8.870279,13.254883],[-8.870277,13.257647],[-8.868159,13.260065],[-8.86851,13.264558],[-8.874859,13.265944],[-8.87521,13.270091],[-8.878738,13.27113],[-8.877677,13.274931],[-8.878734,13.278387],[-8.876264,13.279423],[-8.876263,13.281151],[-8.873087,13.28184],[-8.874849,13.285643],[-8.877673,13.283916],[-8.878731,13.285299],[-8.876613,13.287026],[-8.878022,13.292556],[-8.87555,13.296356],[-8.877311,13.301195],[-8.875547,13.30154],[-8.875546,13.304305],[-8.872015,13.307413],[-8.870954,13.312597],[-8.867424,13.314323],[-8.867423,13.316742],[-8.863893,13.317777],[-8.863537,13.324688],[-8.862124,13.32607],[-8.863535,13.327799],[-8.862121,13.330908],[-8.864236,13.335748],[-8.861764,13.338511],[-8.862114,13.344386],[-8.863878,13.346115],[-8.862465,13.348188],[-8.864229,13.349571],[-8.864932,13.353027],[-8.867403,13.353374],[-8.8674,13.358213],[-8.87093,13.357178],[-8.874811,13.360635],[-8.877282,13.360291],[-8.881868,13.365477],[-8.887515,13.364443],[-8.887867,13.366171],[-8.890691,13.367555],[-8.892099,13.374467],[-8.890334,13.376194],[-8.892803,13.37896],[-8.892449,13.382761],[-8.895624,13.38691],[-8.894917,13.387946],[-8.896329,13.387947],[-8.896328,13.390366],[-8.894915,13.393476],[-8.890678,13.395202],[-8.88644,13.400038],[-8.882552,13.410404],[-8.875845,13.40971],[-8.871607,13.411435],[-8.871958,13.415237],[-8.869132,13.420074],[-8.869483,13.422839],[-8.871248,13.423185],[-8.869834,13.427331],[-8.870537,13.432861],[-8.865593,13.433895],[-8.861711,13.43182],[-8.853944,13.431815],[-8.851118,13.433542],[-8.850414,13.430085],[-8.847591,13.42801],[-8.847946,13.425937],[-8.841592,13.424205],[-8.837,13.427312],[-8.836292,13.431113],[-8.828166,13.438365],[-8.827458,13.440784],[-8.824634,13.441127],[-8.82216,13.44389],[-8.822157,13.447692],[-8.825687,13.448731],[-8.831686,13.454265],[-8.832743,13.457721],[-8.830263,13.469124],[-8.83485,13.473965],[-8.833436,13.476729],[-8.834846,13.480531],[-8.830604,13.486403],[-8.824597,13.490892],[-8.82318,13.497802],[-8.832712,13.501265],[-8.833416,13.504721],[-8.835534,13.50645],[-8.834826,13.509215],[-8.836586,13.516819],[-8.834113,13.519236],[-8.834108,13.525457],[-8.828103,13.52718],[-8.827747,13.530636],[-8.829158,13.533056],[-8.826684,13.535473],[-8.82597,13.545495],[-8.827027,13.549988],[-8.829498,13.552409],[-8.824197,13.555516],[-8.825253,13.560354],[-8.822073,13.561389],[-8.820657,13.565189],[-8.816063,13.568296],[-8.813944,13.567258],[-8.807938,13.56829],[-8.802994,13.565867],[-8.799105,13.570011],[-8.799809,13.572431],[-8.798038,13.578304],[-8.799803,13.579688],[-8.799447,13.582798],[-8.801921,13.582454],[-8.801919,13.584528],[-8.804744,13.586258],[-8.805094,13.589714],[-8.800853,13.591784],[-8.793788,13.591433],[-8.793432,13.593506],[-8.790606,13.594195],[-8.788837,13.596958],[-8.784951,13.595918],[-8.786713,13.601794],[-8.784238,13.602829],[-8.784237,13.604902],[-8.781053,13.608701],[-8.778227,13.608698],[-8.777869,13.613191],[-8.780342,13.613884],[-8.779986,13.616303],[-8.782812,13.616996],[-8.785283,13.619763],[-8.784927,13.622528],[-8.786339,13.624257],[-8.784219,13.6246],[-8.785631,13.62633],[-8.784215,13.628402],[-8.786683,13.634624],[-8.783856,13.634968],[-8.782793,13.638077],[-8.780673,13.637729],[-8.779616,13.634964],[-8.775728,13.636343],[-8.774669,13.634614],[-8.772549,13.634612],[-8.770073,13.63772],[-8.766894,13.635989],[-8.765832,13.638061],[-8.762651,13.63875],[-8.759122,13.633908],[-8.755236,13.633904],[-8.753824,13.631829],[-8.750998,13.631827],[-8.748521,13.634934],[-8.744632,13.636658],[-8.744631,13.638041],[-8.741097,13.637691],[-8.740028,13.645984],[-8.736491,13.649091],[-8.734016,13.650125],[-8.731191,13.648394],[-8.729776,13.65012],[-8.729426,13.647355],[-8.7266,13.646661],[-8.722356,13.649075],[-8.721645,13.653221],[-8.71811,13.653908],[-8.712104,13.65321],[-8.711398,13.651827],[-8.708571,13.652515],[-8.706807,13.650094],[-8.70504,13.650092],[-8.703984,13.646635],[-8.700098,13.645939],[-8.689134,13.653183],[-8.68842,13.658711],[-8.683476,13.65594],[-8.681351,13.659393],[-8.677463,13.660079],[-8.677812,13.663536],[-8.674984,13.663877],[-8.676037,13.669408],[-8.67568,13.671827],[-8.673912,13.672515],[-8.674967,13.676318],[-8.673905,13.678045],[-8.671431,13.677696],[-8.67178,13.681152],[-8.669656,13.683223],[-8.666831,13.682182],[-8.664353,13.684598],[-8.66188,13.683903],[-8.658692,13.689083],[-8.655511,13.689424],[-8.651273,13.686999],[-8.650915,13.689763],[-8.648438,13.692178],[-8.647724,13.697015],[-8.645606,13.695284],[-8.642776,13.697008],[-8.637475,13.696655],[-8.627231,13.692493],[-8.617687,13.693515],[-8.615561,13.696622],[-8.616969,13.70008],[-8.615553,13.70146],[-8.615548,13.704916],[-8.611307,13.704563],[-8.606704,13.70974],[-8.6081,13.720109],[-8.60704,13.720107],[-8.6042,13.727014],[-8.600306,13.730464],[-8.595711,13.730111],[-8.595714,13.728729],[-8.593239,13.728724],[-8.591831,13.725612],[-8.582289,13.724214],[-8.583341,13.729054],[-8.581921,13.732852],[-8.58298,13.7332],[-8.580151,13.734232],[-8.579801,13.732158],[-8.57874,13.732501],[-8.578737,13.734229],[-8.573071,13.739749],[-8.572707,13.745623],[-8.573765,13.746661],[-8.572703,13.747696],[-8.569875,13.747691],[-8.56705,13.745613],[-8.56528,13.747338],[-8.562806,13.746642],[-8.559622,13.748364],[-8.557139,13.752507],[-8.553959,13.75181],[-8.547592,13.753526],[-8.547939,13.756982],[-8.550765,13.758024],[-8.550763,13.759407],[-8.548636,13.762513],[-8.548978,13.768042],[-8.546148,13.769074],[-8.545083,13.771145],[-8.546492,13.773913],[-8.54224,13.779088],[-8.539058,13.779082],[-8.539055,13.780465],[-8.536226,13.780459],[-8.535515,13.782531],[-8.533747,13.782528],[-8.53302,13.792548],[-8.530894,13.794963],[-8.528419,13.794958],[-8.528058,13.798759],[-8.522756,13.797712],[-8.519935,13.793905],[-8.517811,13.795283],[-8.51922,13.797705],[-8.515684,13.798044],[-8.514615,13.801843],[-8.517086,13.803921],[-8.520269,13.803582],[-8.520968,13.807384],[-8.518838,13.811872],[-8.521308,13.814296],[-8.520591,13.818787],[-8.518824,13.818438],[-8.518105,13.824311],[-8.513505,13.825685],[-8.51456,13.828451],[-8.517386,13.829839],[-8.518437,13.834679],[-8.516308,13.83813],[-8.518075,13.838825],[-8.515241,13.841238],[-8.509229,13.841226],[-8.508518,13.842953],[-8.507814,13.841224],[-8.505338,13.841564],[-8.504268,13.845709],[-8.493648,13.850525],[-8.494345,13.855364],[-8.491866,13.856741],[-8.49115,13.860887],[-8.492563,13.861581],[-8.494336,13.859165],[-8.497519,13.859518],[-8.49998,13.866088],[-8.49927,13.867469],[-8.496086,13.867808],[-8.494313,13.869878],[-8.49078,13.868143],[-8.483347,13.870546],[-8.480874,13.869504],[-8.476626,13.871223],[-8.476267,13.873296],[-8.474145,13.873291],[-8.47309,13.870524],[-8.470968,13.87052],[-8.467427,13.87224],[-8.467069,13.873967],[-8.465303,13.873272],[-8.464237,13.875343],[-8.461406,13.875682],[-8.459995,13.873951],[-8.455753,13.873251],[-8.452566,13.874626],[-8.449033,13.873236],[-8.447614,13.874615],[-8.446915,13.871158],[-8.444789,13.872881],[-8.44196,13.872529],[-8.441257,13.870799],[-8.437365,13.871481],[-8.436309,13.86906],[-8.434186,13.869746],[-8.434544,13.868019],[-8.431369,13.864556],[-8.428186,13.864203],[-8.423214,13.872831],[-8.422839,13.881469],[-8.420008,13.881808],[-8.416816,13.885256],[-8.412927,13.884555],[-8.410799,13.886969],[-8.407618,13.885925],[-8.406918,13.882813],[-8.400197,13.883142],[-8.399496,13.880721],[-8.39313,13.88036],[-8.391358,13.881738],[-8.389238,13.880696],[-8.388881,13.882077],[-8.38499,13.882068],[-8.382522,13.879297],[-8.380748,13.881366],[-8.378273,13.881014],[-8.376878,13.873408],[-8.372638,13.871669],[-8.366272,13.871653],[-8.366964,13.877184],[-8.364483,13.879251],[-8.364116,13.884087],[-8.362703,13.883393],[-8.358804,13.886493],[-8.35527,13.885447],[-8.352081,13.887166],[-8.349616,13.883358],[-8.347844,13.884736],[-8.344663,13.883691],[-8.343598,13.88507],[-8.337942,13.884018],[-8.337946,13.882636],[-8.334413,13.881244],[-8.336546,13.877449],[-8.331947,13.877782],[-8.327361,13.873622],[-8.323114,13.874302],[-8.322056,13.873262],[-8.322051,13.87499],[-8.320635,13.875332],[-8.317459,13.872904],[-8.314627,13.873933],[-8.311453,13.870814],[-8.307914,13.871495],[-8.303326,13.868026],[-8.300142,13.868363],[-8.299423,13.872162],[-8.28741,13.868326],[-8.282801,13.871768],[-8.281388,13.871418],[-8.279283,13.865883],[-8.28,13.862776],[-8.27753,13.860695],[-8.27789,13.858623],[-8.275774,13.856889],[-8.273651,13.857228],[-8.270831,13.85411],[-8.268705,13.855486],[-8.266587,13.854097],[-8.266954,13.849951],[-8.265544,13.848565],[-8.266618,13.844422],[-8.264147,13.843032],[-8.264152,13.841304],[-8.260968,13.84164],[-8.258852,13.839906],[-8.253925,13.832289],[-8.25038,13.835043],[-8.249677,13.833658],[-8.246136,13.835375],[-8.24225,13.833981],[-8.23906,13.83639],[-8.236941,13.835347],[-8.234106,13.837411],[-8.22774,13.837391],[-8.228088,13.83912],[-8.225965,13.839459],[-8.22489,13.843948],[-8.223121,13.843942],[-8.22417,13.847746],[-8.222046,13.848431],[-8.214981,13.845989],[-8.212859,13.845983],[-8.212145,13.848054],[-8.206485,13.848381],[-8.206143,13.844924],[-8.204024,13.844226],[-8.198708,13.847664],[-8.197282,13.85077],[-8.193388,13.852139],[-8.192669,13.855247],[-8.190901,13.855241],[-8.189851,13.852127],[-8.187374,13.852465],[-8.185965,13.851078],[-8.187036,13.847972],[-8.18386,13.846233],[-8.178199,13.846905],[-8.176086,13.84448],[-8.176094,13.842061],[-8.173971,13.842399],[-8.170798,13.839624],[-8.17293,13.836867],[-8.171524,13.834443],[-8.172237,13.832718],[-8.177199,13.829625],[-8.177212,13.825824],[-8.180404,13.82307],[-8.176521,13.821329],[-8.176884,13.818566],[-8.171224,13.819238],[-8.169116,13.81543],[-8.166988,13.817151],[-8.166287,13.815421],[-8.164872,13.815761],[-8.164158,13.817487],[-8.161335,13.816095],[-8.165241,13.811271],[-8.171616,13.808528],[-8.168804,13.803681],[-8.165982,13.801943],[-8.166705,13.797454],[-8.161408,13.795708],[-8.162128,13.79191],[-8.158951,13.790516],[-8.158957,13.788789],[-8.156125,13.789816],[-8.155057,13.791885],[-8.152228,13.792221],[-8.151864,13.794984],[-8.148333,13.79359],[-8.146206,13.79531],[-8.144093,13.792884],[-8.14091,13.793218],[-8.140918,13.791145],[-8.138088,13.791481],[-8.134918,13.78836],[-8.133502,13.7887],[-8.130689,13.784544],[-8.128217,13.783844],[-8.128226,13.781425],[-8.130347,13.781433],[-8.128946,13.777973],[-8.126102,13.782109],[-8.118675,13.782774],[-8.118326,13.781736],[-8.11514,13.782761],[-8.112655,13.785516],[-8.109122,13.784812],[-8.104165,13.786868],[-8.101339,13.786166],[-8.099559,13.78927],[-8.09638,13.788567],[-8.09531,13.790982],[-8.088234,13.792338],[-8.086456,13.795095],[-8.087159,13.796135],[-8.08326,13.798539],[-8.081835,13.801298],[-8.080067,13.801291],[-8.079706,13.803363],[-8.07688,13.802661],[-8.072632,13.804028],[-8.070858,13.805403],[-8.070846,13.808513],[-8.06766,13.809537],[-8.067301,13.810918],[-8.065188,13.808837],[-8.061297,13.809168],[-8.060595,13.807783],[-8.054934,13.808798],[-8.054603,13.803268],[-8.056379,13.801201],[-8.054281,13.795319],[-8.056404,13.794982],[-8.055707,13.79256],[-8.057481,13.79084],[-8.057144,13.786692],[-8.058561,13.786006],[-8.058213,13.784623],[-8.056094,13.784269],[-8.055398,13.781502],[-8.05822,13.782895],[-8.059289,13.780826],[-8.06389,13.779461],[-8.062845,13.775656],[-8.06501,13.764608],[-8.063956,13.762876],[-8.062185,13.763906],[-8.05724,13.76285],[-8.05582,13.764227],[-8.055479,13.761116],[-8.054065,13.76111],[-8.053015,13.758688],[-8.049832,13.759021],[-8.047366,13.756938],[-8.048797,13.752797],[-8.047384,13.752446],[-8.048098,13.750721],[-8.045995,13.746221],[-8.040703,13.743782],[-8.041799,13.735148],[-8.039682,13.734103],[-8.041103,13.732381],[-8.040762,13.72927],[-8.033716,13.723714],[-8.03233,13.716797],[-8.034816,13.714043],[-8.036574,13.716123],[-8.047181,13.715128],[-8.048247,13.713749],[-8.050362,13.71514],[-8.051779,13.714454],[-8.052144,13.711346],[-8.055334,13.709285],[-8.056387,13.711016],[-8.05851,13.710333],[-8.063091,13.713806],[-8.065936,13.709325],[-8.068055,13.709678],[-8.070537,13.707615],[-8.06843,13.704151],[-8.070552,13.703814],[-8.074813,13.698647],[-8.077638,13.699348],[-8.08224,13.697292],[-8.084707,13.699029],[-8.086829,13.698691],[-8.085761,13.700761],[-8.091047,13.704581],[-8.093176,13.702516],[-8.094584,13.703903],[-8.096367,13.699763],[-8.099193,13.700119],[-8.099554,13.698047],[-8.102735,13.698058],[-8.105221,13.694957],[-8.10805,13.694277],[-8.108416,13.691168],[-8.11124,13.691869],[-8.11372,13.69015],[-8.114084,13.687387],[-8.116922,13.684633],[-8.115165,13.681863],[-8.117996,13.680836],[-8.1166,13.675993],[-8.117664,13.674961],[-8.121902,13.675667],[-8.125094,13.672568],[-8.123348,13.667033],[-8.126198,13.660823],[-8.130801,13.658075],[-8.129755,13.654271],[-8.128695,13.654267],[-8.129054,13.652886],[-8.131882,13.65255],[-8.130839,13.647709],[-8.136144,13.646345],[-8.132616,13.644951],[-8.132977,13.642879],[-8.137569,13.64324],[-8.141465,13.64049],[-8.139001,13.638062],[-8.13867,13.631841],[-8.136203,13.630105],[-8.135863,13.626648],[-8.137637,13.624581],[-8.135873,13.623884],[-8.13589,13.619046],[-8.13342,13.618347],[-8.13343,13.615582],[-8.134847,13.614551],[-8.133451,13.609708],[-8.122873,13.604142],[-8.120762,13.601716],[-8.117936,13.601706],[-8.11794,13.600669],[-8.114757,13.601695],[-8.114775,13.596857],[-8.117967,13.593413],[-8.12044,13.593422],[-8.119408,13.585816],[-8.116582,13.585806],[-8.115178,13.583382],[-8.118376,13.57821],[-8.111673,13.576113],[-8.107803,13.571953],[-8.106761,13.567112],[-8.108179,13.565734],[-8.105722,13.561579],[-8.108913,13.558481],[-8.106439,13.558817],[-8.102915,13.556731],[-8.103282,13.552932],[-8.100826,13.548776],[-8.101901,13.544634],[-8.099789,13.542553],[-8.100867,13.537719],[-8.095566,13.538736],[-8.088158,13.536291],[-8.084623,13.537315],[-8.080045,13.533842],[-8.075803,13.534863],[-8.07511,13.531405],[-8.076529,13.529683],[-8.068419,13.526543],[-8.06914,13.522745],[-8.074087,13.522072],[-8.073748,13.51827],[-8.076224,13.517242],[-8.073795,13.506176],[-8.076272,13.504803],[-8.079795,13.506889],[-8.081222,13.503093],[-8.087232,13.501387],[-8.086885,13.499658],[-8.089718,13.497595],[-8.087255,13.495168],[-8.088673,13.49379],[-8.087295,13.484801],[-8.085172,13.48583],[-8.083059,13.48444],[-8.07881,13.487535],[-8.076346,13.485452],[-8.07742,13.481655],[-8.073895,13.48026],[-8.074957,13.479573],[-8.073567,13.473694],[-8.074286,13.470241],[-8.06795,13.46538],[-8.068312,13.462962],[-8.066202,13.460881],[-8.065861,13.45777],[-8.06198,13.457064],[-8.060587,13.452222],[-8.063073,13.44843],[-8.064485,13.448435],[-8.066269,13.443604],[-8.068742,13.443268],[-8.070524,13.438782],[-8.073344,13.439829],[-8.075822,13.438111],[-8.076524,13.43915],[-8.079712,13.436397],[-8.078318,13.431554],[-8.079036,13.428447],[-8.082222,13.42604],[-8.081176,13.42258],[-8.08438,13.415681],[-8.082287,13.409108],[-8.084406,13.40877],[-8.085126,13.404972],[-8.082654,13.405308],[-8.081953,13.403924],[-8.083013,13.403582],[-8.082326,13.398742],[-8.077737,13.398725],[-8.075281,13.394915],[-8.073516,13.394909],[-8.070325,13.398698],[-8.068921,13.396619],[-8.065388,13.397643],[-8.062926,13.395215],[-8.060104,13.394859],[-8.05941,13.391747],[-8.054466,13.392419],[-8.053766,13.391034],[-8.051648,13.391026],[-8.052365,13.388265],[-8.048146,13.384102],[-8.048158,13.380993],[-8.043916,13.382704],[-8.040043,13.380271],[-8.028379,13.384718],[-8.027677,13.383679],[-8.023793,13.38401],[-8.020629,13.380887],[-8.018152,13.382606],[-8.016036,13.382252],[-8.015359,13.374993],[-8.011119,13.376358],[-8.008305,13.373929],[-8.005128,13.374262],[-8.004769,13.375642],[-8.001597,13.374593],[-7.999855,13.369058],[-7.996332,13.367662],[-7.997046,13.365591],[-7.994217,13.366962],[-7.991757,13.364533],[-7.989991,13.364872],[-7.988601,13.359683],[-7.986484,13.359675],[-7.984026,13.356555],[-7.98476,13.349993],[-7.982997,13.34964],[-7.982652,13.347566],[-7.979826,13.348245],[-7.976658,13.346505],[-7.97528,13.338552],[-7.97422,13.338893],[-7.967196,13.330917],[-7.962606,13.33159],[-7.96262,13.32848],[-7.960504,13.328126],[-7.959807,13.326049],[-7.961936,13.323294],[-7.952825,13.308744],[-7.951788,13.303556],[-7.952859,13.300797],[-7.951105,13.298371],[-7.935945,13.295889],[-7.934894,13.294157],[-7.932066,13.295527],[-7.931388,13.289304],[-7.92963,13.287915],[-7.928216,13.2886],[-7.926128,13.282026],[-7.921189,13.282005],[-7.918732,13.27923],[-7.919106,13.274395],[-7.916633,13.275075],[-7.914885,13.271612],[-7.912416,13.271602],[-7.910322,13.26641],[-7.907497,13.267089],[-7.904338,13.26362],[-7.90187,13.263264],[-7.902947,13.259122],[-7.904714,13.258438],[-7.905097,13.251529],[-7.906869,13.249809],[-7.906176,13.247042],[-7.908649,13.246016],[-7.910407,13.247406],[-7.912535,13.24465],[-7.916417,13.244321],[-7.917837,13.242254],[-7.921364,13.242269],[-7.923144,13.238476],[-7.927024,13.238492],[-7.930928,13.23298],[-7.930939,13.230561],[-7.935539,13.227125],[-7.935198,13.224359],[-7.938374,13.224027],[-7.938384,13.221608],[-7.940499,13.221962],[-7.944399,13.217141],[-7.948269,13.219576],[-7.956032,13.218571],[-7.957798,13.217887],[-7.957806,13.216159],[-7.960275,13.216169],[-7.962045,13.214449],[-7.960998,13.212026],[-7.96524,13.209624],[-7.965246,13.208242],[-7.968421,13.207909],[-7.968437,13.204108],[-7.974093,13.201021],[-7.973396,13.198945],[-7.975881,13.195154],[-7.974838,13.191349],[-7.977661,13.191015],[-7.97697,13.187557],[-7.975561,13.187205],[-7.976272,13.185826],[-7.982276,13.183777],[-7.985115,13.179296],[-7.989707,13.177586],[-7.990065,13.176205],[-7.994298,13.175877],[-7.993949,13.174839],[-7.996778,13.173122],[-7.996449,13.167246],[-7.99857,13.165872],[-7.996117,13.162062],[-7.99613,13.158952],[-8.003558,13.153107],[-8.002866,13.149994],[-8.005696,13.147586],[-8.013091,13.150033],[-8.012745,13.148304],[-8.016267,13.149355],[-8.017335,13.14694],[-8.022275,13.145922],[-8.023007,13.139014],[-8.021952,13.138319],[-8.02443,13.135909],[-8.023379,13.134177],[-8.025511,13.130039],[-8.024818,13.126926],[-8.026589,13.12486],[-8.025891,13.123129],[-8.029068,13.122105],[-8.030142,13.117962],[-8.028749,13.113465],[-8.027343,13.112423],[-8.024871,13.11345],[-8.024172,13.112065],[-8.024196,13.105845],[-8.028431,13.104825],[-8.027027,13.103092],[-8.028092,13.101368],[-8.025981,13.100323],[-8.023507,13.101696],[-8.021403,13.098924],[-8.018586,13.098222],[-8.011179,13.09923],[-8.011186,13.097503],[-8.006601,13.097831],[-8.005905,13.095755],[-8.007324,13.093341],[-8.005573,13.09057],[-7.998524,13.090197],[-7.997815,13.091231],[-7.996762,13.09019],[-7.998884,13.088471],[-7.998546,13.084669],[-7.999611,13.082945],[-8.006669,13.080899],[-8.00738,13.079519],[-8.008787,13.080216],[-8.010556,13.078495],[-8.007392,13.076409],[-8.007752,13.074683],[-8.005283,13.075019],[-8.007414,13.070881],[-8.011641,13.071588],[-8.015181,13.067801],[-8.015188,13.066073],[-8.018362,13.065739],[-8.018016,13.06401],[-8.020489,13.062637],[-8.02577,13.06404],[-8.028948,13.062669],[-8.027915,13.056445],[-8.03074,13.055074],[-8.030412,13.048853],[-8.033242,13.046099],[-8.033604,13.043681],[-8.040664,13.040943],[-8.038916,13.037136],[-8.03469,13.036429],[-8.028724,13.029841],[-8.026975,13.026379],[-8.028051,13.021545],[-8.026643,13.021194],[-8.027006,13.018431],[-8.029474,13.018095],[-8.031247,13.015337],[-8.042891,13.011579],[-8.040787,13.008807],[-8.0415,13.006736],[-8.036233,13.001879],[-8.036596,12.999116],[-8.040137,12.994637],[-8.046832,12.994661],[-8.051049,12.997787],[-8.051745,13.000208],[-8.054911,13.001602],[-8.057036,12.998845],[-8.060907,13.000242],[-8.064795,12.997146],[-8.07043,12.997857],[-8.072197,12.996481],[-8.072915,12.993028],[-8.082426,12.993753],[-8.090555,12.987216],[-8.101475,12.988291],[-8.103598,12.985879],[-8.106412,12.987271],[-8.108535,12.984859],[-8.109976,12.97588],[-8.112097,12.974159],[-8.112104,12.972086],[-8.110349,12.970006],[-8.110712,12.967243],[-8.107899,12.965506],[-8.106891,12.95168],[-8.109364,12.94996],[-8.109371,12.947887],[-8.106205,12.946494],[-8.106587,12.938202],[-8.103775,12.936464],[-8.103783,12.934045],[-8.106969,12.929909],[-8.106979,12.927145],[-8.110146,12.928192],[-8.113681,12.924749],[-8.113687,12.923021],[-8.116507,12.922339],[-8.121111,12.915444],[-8.121828,12.911991],[-8.12923,12.910633],[-8.133421,12.921359],[-8.140094,12.927256],[-8.142565,12.925882],[-8.144675,12.926926],[-8.145034,12.924853],[-8.154205,12.921428],[-8.1609,12.921104],[-8.167232,12.923888],[-8.168654,12.920092],[-8.171466,12.921828],[-8.173588,12.919416],[-8.183078,12.926012],[-8.183424,12.928086],[-8.186241,12.928441],[-8.184824,12.930855],[-8.189035,12.936052],[-8.19151,12.933295],[-8.195389,12.93227],[-8.204543,12.934026],[-8.207009,12.934034],[-8.20913,12.931967],[-8.212651,12.932669],[-8.222883,12.927861],[-8.228864,12.930298],[-8.242249,12.931374],[-8.243324,12.925157],[-8.246149,12.923091],[-8.247215,12.919984],[-8.240191,12.912707],[-8.239848,12.909596],[-8.241971,12.906492],[-8.23919,12.894389],[-8.244139,12.888528],[-8.248373,12.886121],[-8.2505,12.881635],[-8.24874,12.881284],[-8.24805,12.876444],[-8.242434,12.869862],[-8.237539,12.857753],[-8.235079,12.856018],[-8.234045,12.848412],[-8.235807,12.848072],[-8.235128,12.839776],[-8.236196,12.835978],[-8.231982,12.832164],[-8.225638,12.833528],[-8.221768,12.83248],[-8.219648,12.834547],[-8.213667,12.832801],[-8.21084,12.835903],[-8.207316,12.836583],[-8.204508,12.833465],[-8.201342,12.832418],[-8.200648,12.829306],[-8.196768,12.831022],[-8.196074,12.82791],[-8.192911,12.825827],[-8.189738,12.826854],[-8.185519,12.824767],[-8.185532,12.82062],[-8.186944,12.819588],[-8.184133,12.817852],[-8.18449,12.816125],[-8.182731,12.815774],[-8.183442,12.813703],[-8.182039,12.81197],[-8.1831,12.810591],[-8.180641,12.80851],[-8.18065,12.805746],[-8.182769,12.804024],[-8.181366,12.802292],[-8.183133,12.800224],[-8.182437,12.797803],[-8.184202,12.796426],[-8.181742,12.794691],[-8.182456,12.791928],[-8.17788,12.791223],[-8.176855,12.781544],[-8.174747,12.780155],[-8.177213,12.779817],[-8.177218,12.778435],[-8.181793,12.77914],[-8.184263,12.77742],[-8.185675,12.776042],[-8.184276,12.773273],[-8.18569,12.77155],[-8.185355,12.766019],[-8.194514,12.764665],[-8.19806,12.756728],[-8.201229,12.756392],[-8.20406,12.751908],[-8.205468,12.751912],[-8.202312,12.747756],[-8.203036,12.741537],[-8.201646,12.735658],[-8.20377,12.731864],[-8.20975,12.733264],[-8.214342,12.728439],[-8.218563,12.729489],[-8.223145,12.727429],[-8.224211,12.724322],[-8.222116,12.718786],[-8.226695,12.717763],[-8.229875,12.713625],[-8.246779,12.711255],[-8.250665,12.706428],[-8.261928,12.706805],[-8.263005,12.69955],[-8.260555,12.694706],[-8.264085,12.691259],[-8.270428,12.688512],[-8.269032,12.684362],[-8.265165,12.682623],[-8.265874,12.680897],[-8.261303,12.679502],[-8.258848,12.676385],[-8.263086,12.671213],[-8.262037,12.668791],[-8.255713,12.664972],[-8.256075,12.661517],[-8.252917,12.658398],[-8.249752,12.657698],[-8.245873,12.660106],[-8.243412,12.659408],[-8.240589,12.661819],[-8.236717,12.662154],[-8.233534,12.667328],[-8.230014,12.667664],[-8.23002,12.66559],[-8.227207,12.664891],[-8.227616,12.645885],[-8.224803,12.64484],[-8.223416,12.63827],[-8.217088,12.636178],[-8.217093,12.63445],[-8.212516,12.635128],[-8.210761,12.63374],[-8.210767,12.631667],[-8.212531,12.63029],[-8.211837,12.627178],[-8.213966,12.621309],[-8.21363,12.616124],[-8.224199,12.612008],[-8.224925,12.604408],[-8.223519,12.604058],[-8.224581,12.601988],[-8.222119,12.601635],[-8.221424,12.598523],[-8.219312,12.598862],[-8.217558,12.597129],[-8.218272,12.593675],[-8.215812,12.592977],[-8.212289,12.594349],[-8.210191,12.590196],[-8.20808,12.590189],[-8.208086,12.588116],[-8.203529,12.582573],[-8.203192,12.577734],[-8.205305,12.577049],[-8.20531,12.575667],[-8.208827,12.576023],[-8.209535,12.574643],[-8.217263,12.578467],[-8.224657,12.576415],[-8.226766,12.577112],[-8.227125,12.574694],[-8.232051,12.574708],[-8.232073,12.567105],[-8.235598,12.564696],[-8.239821,12.564363],[-8.240181,12.561599],[-8.245465,12.559195],[-8.245469,12.557813],[-8.248281,12.558512],[-8.251102,12.556446],[-8.255322,12.556803],[-8.25568,12.554731],[-8.258495,12.554393],[-8.259205,12.552322],[-8.264836,12.5513],[-8.268363,12.5482],[-8.27294,12.54683],[-8.274001,12.544759],[-8.277871,12.54477],[-8.281398,12.541323],[-8.274021,12.537502],[-8.272274,12.53335],[-8.269816,12.531961],[-8.274037,12.531973],[-8.277566,12.527835],[-8.281087,12.526462]]]]}},{"type":"Feature","properties":{"Num_bassin":"B1"},"geometry":{"type":"MultiPolygon","coordinates":[[[[-9.288645,11.951128],[-9.288294,11.951474],[-9.288294,11.951129],[-9.288645,11.951128]]],[[[-9.809079,12.150901],[-9.808727,12.150556],[-9.809078,12.150555],[-9.809079,12.150901]]],[[[-9.291362,12.819646],[-9.29101,12.819992],[-9.29101,12.819647],[-9.291362,12.819646]]],[[[-9.291362,12.819992],[-9.293473,12.817916],[-9.293114,12.812041],[-9.297692,12.81169],[-9.298747,12.810307],[-9.299453,12.812379],[-9.301918,12.811685],[-9.304026,12.807536],[-9.300852,12.803738],[-9.298386,12.803395],[-9.297327,12.800632],[-9.297325,12.799595],[-9.299439,12.799938],[-9.302251,12.795442],[-9.300136,12.794062],[-9.300133,12.791643],[-9.305059,12.788527],[-9.305761,12.786452],[-9.305759,12.784379],[-9.302236,12.783346],[-9.301174,12.778854],[-9.299412,12.777128],[-9.297652,12.777476],[-9.299047,12.766415],[-9.297283,12.763652],[-9.299394,12.761922],[-9.298687,12.759849],[-9.300799,12.75881],[-9.30044,12.753281],[-9.294804,12.751213],[-9.291989,12.752253],[-9.28565,12.751223],[-9.285648,12.749495],[-9.278255,12.750195],[-9.278257,12.752268],[-9.276496,12.751233],[-9.275788,12.747432],[-9.278955,12.746047],[-9.276839,12.742593],[-9.273668,12.740868],[-9.274014,12.734992],[-9.270844,12.733959],[-9.270842,12.732231],[-9.274714,12.730844],[-9.271544,12.729465],[-9.271189,12.727046],[-9.262388,12.727747],[-9.260274,12.725329],[-9.261681,12.724637],[-9.26027,12.722219],[-9.257808,12.723604],[-9.257101,12.72084],[-9.255693,12.721187],[-9.253578,12.718769],[-9.251116,12.7205],[-9.246891,12.720504],[-9.245121,12.710483],[-9.243009,12.71083],[-9.241245,12.706339],[-9.238429,12.706687],[-9.237372,12.705306],[-9.239127,12.700466],[-9.244055,12.699425],[-9.245108,12.696313],[-9.245106,12.69424],[-9.241583,12.691824],[-9.241227,12.687677],[-9.247208,12.684215],[-9.245444,12.680069],[-9.24896,12.676265],[-9.248254,12.6735],[-9.250364,12.67177],[-9.251767,12.666931],[-9.250357,12.664513],[-9.244021,12.664519],[-9.24156,12.666594],[-9.235927,12.665563],[-9.232408,12.666603],[-9.230291,12.660038],[-9.227826,12.658658],[-9.223252,12.660044],[-9.222898,12.658316],[-9.216914,12.656939],[-9.217267,12.658666],[-9.210227,12.657981],[-9.207061,12.659366],[-9.206355,12.657293],[-9.202835,12.656604],[-9.200369,12.653841],[-9.193329,12.652464],[-9.193325,12.64728],[-9.20001,12.643819],[-9.199303,12.640709],[-9.200709,12.637597],[-9.19578,12.635182],[-9.194722,12.632072],[-9.183463,12.636573],[-9.180999,12.635883],[-9.180998,12.63381],[-9.175367,12.633468],[-9.179232,12.625171],[-9.177822,12.621716],[-9.176062,12.621026],[-9.176765,12.619643],[-9.175356,12.617224],[-9.17254,12.616881],[-9.172186,12.61377],[-9.174297,12.612732],[-9.174999,12.609276],[-9.171124,12.604094],[-9.163736,12.605827],[-9.163383,12.604445],[-9.161272,12.604791],[-9.161271,12.603063],[-9.159863,12.603064],[-9.160568,12.604792],[-9.15881,12.606175],[-9.159162,12.607558],[-9.155292,12.608942],[-9.151771,12.605143],[-9.1479,12.603417],[-9.145438,12.605837],[-9.141214,12.604803],[-9.135587,12.608953],[-9.132419,12.608955],[-9.132066,12.605153],[-9.130305,12.603426],[-9.126787,12.604119],[-9.124674,12.601009],[-9.120101,12.603085],[-9.114468,12.597212],[-9.108135,12.600325],[-9.106026,12.604128],[-9.096524,12.601712],[-9.090891,12.594111],[-9.080687,12.596188],[-9.079631,12.594806],[-9.075409,12.594807],[-9.071891,12.596536],[-9.070131,12.595499],[-9.069428,12.599993],[-9.064151,12.601376],[-9.063799,12.602759],[-9.059225,12.602414],[-9.05465,12.600342],[-9.053945,12.59654],[-9.056056,12.594466],[-9.053944,12.591701],[-9.054999,12.589973],[-9.053943,12.5879],[-9.04761,12.588592],[-9.045851,12.590666],[-9.042684,12.588593],[-9.040925,12.591013],[-9.038462,12.591013],[-9.03811,12.592395],[-9.034591,12.59205],[-9.031073,12.594124],[-9.030369,12.596889],[-9.028258,12.59689],[-9.03037,12.598617],[-9.030018,12.602074],[-9.028259,12.602419],[-9.030019,12.606566],[-9.027204,12.608295],[-9.027556,12.611405],[-9.022982,12.613479],[-9.025445,12.616244],[-9.024742,12.621428],[-9.021223,12.625921],[-9.022983,12.627304],[-9.022279,12.632833],[-9.015945,12.635599],[-9.015945,12.636981],[-9.018761,12.638709],[-9.018057,12.640783],[-9.010314,12.637673],[-9.007147,12.633871],[-9.003979,12.633526],[-8.996589,12.62765],[-8.987439,12.624885],[-8.987088,12.622466],[-8.984272,12.621429],[-8.981458,12.611406],[-8.982514,12.608641],[-8.977236,12.601037],[-8.976181,12.59689],[-8.971255,12.593088],[-8.970552,12.583756],[-8.972312,12.575807],[-8.969849,12.57477],[-8.970202,12.573042],[-8.96809,12.573388],[-8.964924,12.570277],[-8.961758,12.570276],[-8.958239,12.571313],[-8.95648,12.573732],[-8.953665,12.57304],[-8.948387,12.575458],[-8.942053,12.575803],[-8.94135,12.574074],[-8.936425,12.572345],[-8.932204,12.565432],[-8.929742,12.565086],[-8.928687,12.561975],[-8.924818,12.558172],[-8.927282,12.552297],[-8.923413,12.549186],[-8.922711,12.546075],[-8.920248,12.54642],[-8.919193,12.545037],[-8.920601,12.542618],[-8.922712,12.542965],[-8.923064,12.541237],[-8.926934,12.540201],[-8.927638,12.538128],[-8.935731,12.533982],[-8.936435,12.529489],[-8.93538,12.528107],[-8.938898,12.527071],[-8.936437,12.52396],[-8.938197,12.518085],[-8.935384,12.513591],[-8.936791,12.511863],[-8.934681,12.510135],[-8.937847,12.508407],[-8.938904,12.502187],[-8.937146,12.501149],[-8.937146,12.498039],[-8.938906,12.494238],[-8.936444,12.493546],[-8.934334,12.490435],[-8.936094,12.488707],[-8.936095,12.483177],[-8.939965,12.476957],[-8.942428,12.475575],[-8.942428,12.473502],[-8.941374,12.469008],[-8.936803,12.46486],[-8.933286,12.464514],[-8.93188,12.462785],[-8.93083,12.443085],[-8.927665,12.440665],[-8.927666,12.437209],[-8.92626,12.435826],[-8.926965,12.430296],[-8.925558,12.430987],[-8.922394,12.426839],[-8.922747,12.425111],[-8.924505,12.424766],[-8.925913,12.419582],[-8.929078,12.417509],[-8.928024,12.416126],[-8.928728,12.412325],[-8.932948,12.410943],[-8.932597,12.409561],[-8.934355,12.408179],[-8.933654,12.401612],[-8.929084,12.396772],[-8.928733,12.394007],[-8.92592,12.393315],[-8.928735,12.387786],[-8.926626,12.385366],[-8.926276,12.377763],[-8.917488,12.375341],[-8.914323,12.376722],[-8.910456,12.374993],[-8.904834,12.367733],[-8.905538,12.364969],[-8.902375,12.361511],[-8.894992,12.361163],[-8.890775,12.359433],[-8.889369,12.357359],[-8.886908,12.357703],[-8.886203,12.361851],[-8.88339,12.363577],[-8.877413,12.364957],[-8.871437,12.363918],[-8.869678,12.365991],[-8.864053,12.366679],[-8.863348,12.369098],[-8.859482,12.368059],[-8.860535,12.370133],[-8.856316,12.370131],[-8.855612,12.372896],[-8.851394,12.37082],[-8.848933,12.37151],[-8.846472,12.370126],[-8.844363,12.370816],[-8.844012,12.369088],[-8.841902,12.369432],[-8.839446,12.362864],[-8.834876,12.361133],[-8.842966,12.354917],[-8.841561,12.353188],[-8.842967,12.352152],[-8.842969,12.349387],[-8.840158,12.348003],[-8.841566,12.344548],[-8.840515,12.338326],[-8.842272,12.339018],[-8.844032,12.336254],[-8.840868,12.336252],[-8.840869,12.33487],[-8.836301,12.331065],[-8.835952,12.327609],[-8.831384,12.324841],[-8.829277,12.321384],[-8.827169,12.32],[-8.823302,12.320343],[-8.822249,12.318269],[-8.823659,12.31274],[-8.819443,12.309281],[-8.817342,12.298911],[-8.820859,12.294766],[-8.819463,12.279904],[-8.822631,12.273339],[-8.818065,12.268843],[-8.81912,12.268153],[-8.818069,12.263313],[-8.811743,12.263655],[-8.809284,12.261925],[-8.806824,12.262269],[-8.806126,12.255356],[-8.802963,12.256045],[-8.801563,12.249131],[-8.798751,12.250166],[-8.798402,12.24671],[-8.79524,12.246016],[-8.795245,12.23945],[-8.789974,12.2391],[-8.783652,12.235985],[-8.781546,12.232872],[-8.778031,12.233906],[-8.776978,12.232177],[-8.775572,12.233213],[-8.769951,12.232172],[-8.76925,12.229752],[-8.76679,12.22975],[-8.766089,12.228367],[-8.76433,12.230093],[-8.759763,12.230089],[-8.758007,12.22836],[-8.760117,12.226979],[-8.758717,12.220757],[-8.756258,12.220409],[-8.754153,12.216951],[-8.745369,12.215906],[-8.745022,12.211758],[-8.742914,12.211411],[-8.742566,12.208645],[-8.735899,12.199653],[-8.735902,12.196543],[-8.733444,12.194812],[-8.730995,12.184787],[-8.728538,12.182365],[-8.72362,12.182015],[-8.723622,12.180287],[-8.720463,12.177518],[-8.72152,12.1751],[-8.72047,12.171297],[-8.715553,12.16991],[-8.714501,12.168181],[-8.713447,12.167834],[-8.711336,12.171288],[-8.711331,12.175435],[-8.704655,12.177156],[-8.702898,12.176809],[-8.7029,12.175081],[-8.699737,12.17646],[-8.69447,12.174035],[-8.690254,12.174721],[-8.689554,12.171956],[-8.687095,12.172298],[-8.68394,12.166419],[-8.681481,12.166416],[-8.679727,12.163995],[-8.674451,12.169519],[-8.673047,12.16848],[-8.670586,12.170205],[-8.671285,12.173317],[-8.669176,12.174351],[-8.669872,12.179191],[-8.667762,12.180916],[-8.66179,12.180909],[-8.656874,12.178829],[-8.653712,12.179516],[-8.651606,12.177786],[-8.653015,12.174677],[-8.650207,12.172945],[-8.647405,12.166721],[-8.64565,12.165682],[-8.646708,12.162572],[-8.644614,12.152201],[-8.646021,12.150475],[-8.648832,12.150479],[-8.649539,12.147023],[-8.652352,12.144262],[-8.654813,12.142537],[-8.658326,12.142541],[-8.660443,12.135286],[-8.656229,12.13459],[-8.653417,12.135623],[-8.653064,12.137351],[-8.651308,12.137348],[-8.650959,12.13562],[-8.648499,12.136308],[-8.64815,12.134579],[-8.643588,12.131463],[-8.643239,12.129389],[-8.638677,12.126273],[-8.633405,12.129031],[-8.631299,12.127645],[-8.628485,12.131098],[-8.623917,12.132128],[-8.622866,12.130399],[-8.618651,12.130047],[-8.616197,12.126588],[-8.611633,12.125545],[-8.611289,12.120706],[-8.608128,12.120701],[-8.60778,12.117936],[-8.606376,12.117588],[-8.60709,12.109986],[-8.608491,12.112061],[-8.609896,12.112063],[-8.610602,12.109645],[-8.616922,12.111382],[-8.617628,12.108618],[-8.619385,12.107929],[-8.621148,12.102747],[-8.619396,12.100326],[-8.621856,12.098946],[-8.62186,12.096182],[-8.623968,12.095493],[-8.622567,12.093072],[-8.625378,12.092039],[-8.625735,12.087892],[-8.623279,12.085815],[-8.623985,12.083397],[-8.621182,12.079245],[-8.618722,12.079933],[-8.611705,12.075431],[-8.609957,12.070244],[-8.60153,12.069541],[-8.599419,12.072303],[-8.596609,12.072299],[-8.595561,12.069187],[-8.590295,12.067796],[-8.591356,12.063305],[-8.587144,12.061916],[-8.587502,12.057078],[-8.586097,12.057422],[-8.584345,12.055345],[-8.585754,12.052237],[-8.581897,12.048775],[-8.578045,12.041857],[-8.578049,12.039438],[-8.574194,12.034939],[-8.576657,12.031486],[-8.582978,12.030805],[-8.58509,12.027006],[-8.588601,12.027703],[-8.591067,12.022176],[-8.593171,12.023562],[-8.595283,12.020109],[-8.600901,12.019771],[-8.60091,12.013896],[-8.611793,12.014602],[-8.613551,12.012531],[-8.613908,12.008384],[-8.619881,12.004936],[-8.620241,11.998715],[-8.626564,11.995959],[-8.633584,11.997005],[-8.634291,11.99355],[-8.642361,11.997017],[-8.64482,11.995983],[-8.644473,11.992526],[-8.647985,11.991494],[-8.651851,11.988042],[-8.651504,11.985623],[-8.646594,11.981469],[-8.6473,11.978705],[-8.642032,11.980081],[-8.640633,11.976623],[-8.638526,11.97662],[-8.633617,11.972466],[-8.634323,11.970048],[-8.632223,11.964861],[-8.628712,11.965893],[-8.626256,11.964507],[-8.628014,11.962782],[-8.627672,11.956214],[-8.628727,11.954833],[-8.635739,11.960718],[-8.637497,11.958992],[-8.645569,11.960039],[-8.648028,11.95866],[-8.646981,11.954166],[-8.651199,11.948987],[-8.652602,11.950025],[-8.653305,11.948989],[-8.666293,11.949005],[-8.667344,11.950734],[-8.670855,11.949701],[-8.671556,11.951085],[-8.673663,11.949705],[-8.677874,11.951092],[-8.678928,11.949711],[-8.686648,11.951793],[-8.686997,11.953867],[-8.692261,11.954564],[-8.697176,11.953879],[-8.698583,11.951806],[-8.705602,11.952505],[-8.705254,11.950431],[-8.70701,11.94905],[-8.717541,11.949061],[-8.717537,11.952517],[-8.721746,11.955978],[-8.724205,11.954252],[-8.729118,11.955294],[-8.729822,11.953566],[-8.735089,11.951497],[-8.736144,11.949425],[-8.741057,11.950466],[-8.741757,11.952195],[-8.744215,11.952197],[-8.744216,11.950815],[-8.747025,11.94978],[-8.753693,11.950823],[-8.757556,11.949444],[-8.760363,11.950829],[-8.759658,11.953593],[-8.761062,11.95394],[-8.761415,11.951867],[-8.76317,11.951523],[-8.765974,11.956364],[-8.77194,11.958442],[-8.776497,11.96605],[-8.780708,11.967781],[-8.78211,11.970893],[-8.784567,11.970549],[-8.783861,11.975387],[-8.789127,11.9747],[-8.794041,11.976777],[-8.795797,11.975396],[-8.799657,11.977127],[-8.805277,11.972292],[-8.806333,11.968837],[-8.80879,11.969184],[-8.809146,11.961926],[-8.807043,11.958123],[-8.811255,11.958471],[-8.813711,11.960547],[-8.818976,11.959859],[-8.821084,11.958132],[-8.821784,11.961589],[-8.82424,11.962282],[-8.826698,11.962283],[-8.827051,11.959173],[-8.83056,11.960903],[-8.835826,11.959524],[-8.837229,11.961944],[-8.84776,11.961604],[-8.849165,11.960222],[-8.849169,11.95331],[-8.857243,11.951932],[-8.858295,11.95366],[-8.861805,11.954699],[-8.864614,11.951935],[-8.869178,11.950901],[-8.871985,11.953321],[-8.875145,11.951249],[-8.877602,11.951596],[-8.879358,11.949177],[-8.886025,11.954019],[-8.886024,11.956438],[-8.889885,11.958168],[-8.891288,11.960933],[-8.896904,11.962318],[-8.89901,11.962319],[-8.899012,11.958517],[-8.903224,11.958173],[-8.902874,11.956444],[-8.904629,11.954717],[-8.913054,11.955411],[-8.916565,11.952647],[-8.920075,11.952993],[-8.920426,11.951611],[-8.923235,11.950921],[-8.923586,11.949193],[-8.926043,11.950576],[-8.928149,11.949194],[-8.933415,11.949195],[-8.935169,11.954034],[-8.939382,11.949196],[-8.947806,11.949198],[-8.950965,11.951964],[-8.952721,11.949199],[-8.956231,11.9492],[-8.956582,11.950236],[-8.966059,11.949201],[-8.966761,11.952312],[-8.969218,11.950929],[-8.968516,11.949201],[-8.970623,11.949201],[-8.971675,11.95093],[-8.975888,11.949202],[-8.976941,11.950585],[-8.981504,11.949548],[-8.985716,11.951276],[-8.988173,11.949203],[-8.9973,11.949203],[-8.999406,11.949894],[-8.999406,11.952659],[-9.001161,11.953005],[-9.00081,11.956115],[-9.002565,11.954042],[-9.004671,11.955424],[-9.012043,11.953696],[-9.017659,11.955078],[-9.025732,11.952312],[-9.027838,11.949202],[-9.03205,11.949201],[-9.032753,11.950584],[-9.034157,11.949201],[-9.037667,11.9492],[-9.039773,11.951274],[-9.045038,11.950927],[-9.04574,11.949199],[-9.054867,11.949198],[-9.055218,11.950234],[-9.060834,11.949196],[-9.063643,11.951961],[-9.063643,11.955071],[-9.066803,11.955416],[-9.068558,11.957144],[-9.073472,11.954032],[-9.075578,11.955068],[-9.07979,11.953685],[-9.083301,11.955066],[-9.092427,11.955063],[-9.09313,11.956791],[-9.095236,11.957136],[-9.096643,11.965085],[-9.099804,11.96854],[-9.105772,11.969575],[-9.106824,11.967501],[-9.110334,11.966117],[-9.11174,11.970264],[-9.1149,11.972682],[-9.114201,11.978558],[-9.112095,11.979941],[-9.111745,11.983743],[-9.109639,11.984781],[-9.109992,11.988583],[-9.112099,11.989964],[-9.110345,11.993076],[-9.112452,11.993766],[-9.115259,11.991691],[-9.119121,11.99169],[-9.127899,11.994451],[-9.13176,11.993066],[-9.130002,11.986846],[-9.13316,11.984425],[-9.133861,11.980623],[-9.135265,11.980277],[-9.134561,11.976129],[-9.135964,11.974055],[-9.137718,11.972672],[-9.137719,11.974745],[-9.140528,11.974744],[-9.14158,11.972324],[-9.143687,11.974051],[-9.145441,11.971285],[-9.150706,11.970246],[-9.146843,11.967828],[-9.146491,11.9661],[-9.149999,11.962297],[-9.153861,11.962295],[-9.153507,11.95711],[-9.157017,11.957454],[-9.158771,11.955725],[-9.160522,11.949157],[-9.163331,11.950192],[-9.167192,11.949153],[-9.172811,11.953989],[-9.172812,11.955371],[-9.175269,11.95537],[-9.174916,11.95295],[-9.178777,11.95122],[-9.178778,11.953639],[-9.181938,11.954674],[-9.182642,11.957093],[-9.189662,11.956743],[-9.192472,11.958815],[-9.198438,11.957082],[-9.196679,11.951899],[-9.197379,11.949134],[-9.202293,11.94913],[-9.202645,11.950858],[-9.206155,11.949473],[-9.210016,11.950161],[-9.211775,11.954653],[-9.211075,11.957419],[-9.214938,11.959144],[-9.215292,11.963982],[-9.21389,11.966748],[-9.21705,11.967092],[-9.217757,11.972621],[-9.220917,11.974347],[-9.224428,11.973998],[-9.226537,11.977453],[-9.232498,11.969153],[-9.236008,11.969496],[-9.234252,11.96846],[-9.235652,11.963966],[-9.237406,11.962582],[-9.24197,11.963269],[-9.243021,11.960503],[-9.246181,11.960846],[-9.248284,11.95808],[-9.250744,11.960497],[-9.252147,11.96015],[-9.254949,11.953235],[-9.256705,11.95427],[-9.257757,11.952887],[-9.261618,11.952537],[-9.272154,11.958057],[-9.275663,11.956671],[-9.279526,11.958741],[-9.280577,11.956321],[-9.284789,11.955971],[-9.288645,11.951474],[-9.291807,11.954236],[-9.297773,11.952501],[-9.300588,11.95872],[-9.303746,11.958371],[-9.305504,11.960442],[-9.311469,11.958362],[-9.313228,11.961471],[-9.319192,11.958699],[-9.322345,11.953511],[-9.325153,11.953162],[-9.327612,11.954888],[-9.326912,11.956617],[-9.328669,11.958343],[-9.329024,11.961453],[-9.332186,11.963868],[-9.329737,11.970784],[-9.333954,11.97458],[-9.336412,11.974923],[-9.336417,11.978725],[-9.33923,11.982869],[-9.341333,11.979756],[-9.343439,11.979408],[-9.350109,11.980091],[-9.353974,11.98216],[-9.356079,11.981466],[-9.356783,11.982847],[-9.360644,11.982497],[-9.36345,11.980765],[-9.366598,11.971775],[-9.368703,11.971081],[-9.369051,11.969007],[-9.377825,11.967267],[-9.380634,11.967954],[-9.383086,11.964149],[-9.390811,11.965867],[-9.395022,11.965169],[-9.397838,11.970695],[-9.406614,11.970683],[-9.411181,11.973095],[-9.411185,11.975169],[-9.413643,11.976202],[-9.411191,11.979662],[-9.413302,11.982424],[-9.412608,11.987955],[-9.414015,11.989681],[-9.412965,11.99141],[-9.415072,11.992099],[-9.414727,11.995901],[-9.417537,11.997279],[-9.417539,11.998662],[-9.425259,11.996231],[-9.430175,11.996914],[-9.431583,11.998986],[-9.434039,11.997945],[-9.437201,11.999323],[-9.440008,11.998627],[-9.439313,12.002776],[-9.441071,12.004847],[-9.443879,12.004497],[-9.444941,12.009334],[-9.448104,12.011402],[-9.45056,12.010707],[-9.453374,12.013813],[-9.451973,12.015543],[-9.452329,12.018653],[-9.454435,12.018304],[-9.455491,12.020031],[-9.459704,12.019678],[-9.462517,12.022093],[-9.466026,12.021396],[-9.471296,12.023115],[-9.471645,12.021732],[-9.474105,12.02311],[-9.477612,12.021031],[-9.477608,12.018957],[-9.480417,12.018606],[-9.482176,12.020677],[-9.484628,12.017908],[-9.486016,12.008574],[-9.492692,12.011327],[-9.500412,12.009585],[-9.505331,12.01165],[-9.50534,12.016489],[-9.508155,12.01994],[-9.510965,12.02028],[-9.514121,12.018201],[-9.521492,12.01715],[-9.52537,12.025783],[-9.533454,12.029915],[-9.53346,12.033026],[-9.539782,12.034051],[-9.543639,12.031624],[-9.543283,12.02886],[-9.547484,12.02263],[-9.54854,12.024356],[-9.553456,12.024692],[-9.555918,12.026415],[-9.564694,12.026052],[-9.566456,12.029159],[-9.572428,12.030529],[-9.574527,12.027069],[-9.573821,12.025342],[-9.579435,12.023257],[-9.580478,12.018762],[-9.579071,12.017383],[-9.582573,12.013228],[-9.583962,12.006313],[-9.585716,12.005618],[-9.586063,12.003544],[-9.592744,12.008714],[-9.59625,12.006287],[-9.604682,12.009034],[-9.607137,12.007992],[-9.608545,12.009717],[-9.610298,12.008676],[-9.61381,12.00936],[-9.61521,12.007283],[-9.618724,12.008658],[-9.619063,12.003473],[-9.622217,12.001046],[-9.621863,11.999665],[-9.624673,12.00035],[-9.626771,11.996543],[-9.62818,11.998959],[-9.630631,11.996189],[-9.633791,11.996182],[-9.634838,11.993415],[-9.637999,11.994099],[-9.640451,11.99202],[-9.639396,11.991331],[-9.640091,11.988219],[-9.649569,11.987851],[-9.651667,11.98439],[-9.655882,11.985417],[-9.655527,11.984036],[-9.657276,11.981612],[-9.659733,11.981261],[-9.660428,11.978495],[-9.666042,11.977445],[-9.667788,11.973639],[-9.669892,11.972943],[-9.669532,11.969142],[-9.67409,11.967057],[-9.674064,11.956689],[-9.679323,11.953912],[-9.682131,11.953905],[-9.685648,11.957007],[-9.691266,11.957684],[-9.692323,11.959064],[-9.703199,11.957309],[-9.705313,11.960414],[-9.709879,11.961439],[-9.710237,11.964203],[-9.714099,11.964539],[-9.716212,11.966953],[-9.720424,11.966942],[-9.722897,11.972811],[-9.721143,11.973507],[-9.720103,11.978348],[-9.726422,11.978331],[-9.728182,11.9804],[-9.738367,11.982102],[-9.734871,11.987295],[-9.741548,11.990042],[-9.741912,11.99488],[-9.742966,11.995222],[-9.74262,11.996951],[-9.73911,11.997306],[-9.739822,12.00076],[-9.73842,12.001801],[-9.738079,12.005258],[-9.739143,12.009402],[-9.741606,12.011469],[-9.741613,12.013888],[-9.746525,12.012838],[-9.749345,12.016978],[-9.752154,12.01697],[-9.758485,12.021101],[-9.758842,12.023173],[-9.75709,12.02456],[-9.757798,12.026632],[-9.754998,12.02975],[-9.759564,12.030429],[-9.760621,12.031808],[-9.757827,12.037],[-9.752217,12.03978],[-9.737471,12.039819],[-9.736415,12.038785],[-9.733961,12.040174],[-9.73185,12.038797],[-9.727293,12.041574],[-9.727655,12.045374],[-9.725901,12.04607],[-9.725558,12.049181],[-9.726973,12.052979],[-9.721371,12.058869],[-9.721378,12.061634],[-9.723845,12.065083],[-9.722447,12.067506],[-9.723868,12.073378],[-9.720726,12.080298],[-9.723188,12.082019],[-9.727422,12.089266],[-9.730936,12.090293],[-9.727083,12.09376],[-9.726743,12.097908],[-9.723236,12.099645],[-9.722894,12.103102],[-9.721143,12.104834],[-9.721499,12.106907],[-9.723253,12.106211],[-9.725018,12.109317],[-9.724338,12.117613],[-9.728207,12.119676],[-9.728917,12.122439],[-9.726115,12.125557],[-9.726124,12.128667],[-9.731043,12.129346],[-9.737024,12.133131],[-9.740887,12.133121],[-9.742655,12.137263],[-9.745816,12.137255],[-9.746173,12.139327],[-9.747929,12.139323],[-9.748973,12.135864],[-9.75389,12.135851],[-9.763704,12.128566],[-9.767919,12.128555],[-9.771094,12.133384],[-9.774257,12.134066],[-9.776355,12.13095],[-9.779868,12.131286],[-9.784429,12.129545],[-9.785474,12.126432],[-9.788287,12.127806],[-9.794257,12.127444],[-9.794613,12.129171],[-9.797072,12.129164],[-9.797427,12.130545],[-9.799532,12.129848],[-9.800945,12.132263],[-9.800258,12.137448],[-9.80343,12.141241],[-9.804832,12.1402],[-9.804475,12.138473],[-9.807293,12.140884],[-9.808689,12.138115],[-9.812202,12.13845],[-9.812558,12.139832],[-9.809763,12.144678],[-9.806958,12.146414],[-9.808729,12.151247],[-9.807325,12.151597],[-9.806986,12.155745],[-9.805932,12.155748],[-9.807349,12.159546],[-9.805258,12.165081],[-9.801397,12.166129],[-9.798933,12.164408],[-9.790158,12.166507],[-9.787705,12.168588],[-9.785245,12.168249],[-9.783833,12.165834],[-9.77927,12.167229],[-9.7793,12.177251],[-9.777548,12.178984],[-9.781068,12.181393],[-9.781787,12.186921],[-9.780032,12.187617],[-9.777252,12.197993],[-9.780422,12.200748],[-9.781485,12.203856],[-9.780789,12.205931],[-9.77903,12.205245],[-9.773418,12.208371],[-9.773781,12.212517],[-9.769211,12.211493],[-9.767812,12.213571],[-9.764999,12.212887],[-9.762547,12.215313],[-9.762203,12.218079],[-9.760096,12.21843],[-9.761159,12.221538],[-9.758706,12.223618],[-9.760473,12.227415],[-9.76541,12.233622],[-9.76857,12.232922],[-9.769982,12.234991],[-9.76753,12.237763],[-9.765769,12.236385],[-9.764015,12.237081],[-9.763673,12.240538],[-9.758407,12.241935],[-9.759821,12.245042],[-9.75702,12.248505],[-9.75983,12.248152],[-9.760189,12.250916],[-9.764052,12.250214],[-9.767933,12.255732],[-9.767238,12.258153],[-9.768642,12.257804],[-9.770053,12.259528],[-9.770061,12.262293],[-9.775339,12.264697],[-9.776039,12.263658],[-9.777798,12.264344],[-9.778844,12.261577],[-9.781656,12.261914],[-9.783409,12.260527],[-9.786226,12.262592],[-9.788333,12.262241],[-9.789377,12.258782],[-9.787964,12.256367],[-9.789365,12.254635],[-9.792882,12.255661],[-9.793227,12.253587],[-9.799547,12.251841],[-9.801657,12.252526],[-9.804465,12.251481],[-9.804809,12.24906],[-9.807627,12.251471],[-9.811842,12.250768],[-9.812539,12.249038],[-9.815354,12.250412],[-9.817097,12.245914],[-9.82166,12.244172],[-9.820951,12.242101],[-9.82551,12.239323],[-9.826205,12.236901],[-9.827262,12.237935],[-9.83218,12.237575],[-9.832541,12.240684],[-9.83501,12.243441],[-9.833962,12.245518],[-9.835053,12.257264],[-9.832602,12.260036],[-9.834717,12.262103],[-9.826301,12.267658],[-9.828417,12.270071],[-9.828784,12.275254],[-9.832655,12.27697],[-9.83232,12.282155],[-9.830573,12.28527],[-9.83128,12.28665],[-9.834092,12.286987],[-9.831648,12.291833],[-9.834817,12.293897],[-9.834826,12.296661],[-9.832022,12.299089],[-9.832731,12.30116],[-9.83133,12.302547],[-9.834509,12.307721],[-9.831704,12.309803],[-9.833462,12.310143],[-9.833118,12.312218],[-9.834875,12.312213],[-9.835233,12.314285],[-9.834535,12.316015],[-9.831023,12.316717],[-9.82928,12.321215],[-9.832094,12.321897],[-9.8321,12.323971],[-9.830346,12.325013],[-9.831757,12.326737],[-9.83071,12.328813],[-9.835302,12.336057],[-9.83532,12.341931],[-9.834267,12.34228],[-9.835331,12.345387],[-9.832538,12.351271],[-9.830086,12.354043],[-9.827623,12.353359],[-9.825856,12.350254],[-9.81637,12.351665],[-9.812515,12.355478],[-9.805842,12.357571],[-9.804097,12.361724],[-9.790394,12.363837],[-9.790751,12.365564],[-9.789347,12.366259],[-9.787586,12.365228],[-9.787949,12.369028],[-9.786546,12.370069],[-9.782673,12.368007],[-9.777402,12.368713],[-9.775288,12.366991],[-9.770379,12.371498],[-9.766161,12.371509],[-9.7609,12.375671],[-9.755629,12.376377],[-9.757055,12.383285],[-9.759517,12.383624],[-9.759173,12.386389],[-9.757418,12.387431],[-9.761645,12.390184],[-9.760597,12.392606],[-9.766225,12.393627],[-9.766236,12.397083],[-9.769759,12.399837],[-9.76942,12.403985],[-9.772237,12.40536],[-9.772595,12.407778],[-9.776464,12.408112],[-9.778583,12.411217],[-9.781397,12.4119],[-9.784587,12.420184],[-9.785641,12.420181],[-9.784598,12.423986],[-9.789192,12.431575],[-9.792004,12.431222],[-9.793064,12.432946],[-9.799396,12.433965],[-9.800795,12.431541],[-9.803609,12.431879],[-9.803254,12.430843],[-9.805361,12.4298],[-9.808541,12.434974],[-9.814176,12.437722],[-9.814182,12.439795],[-9.808924,12.444995],[-9.808579,12.447069],[-9.803664,12.449849],[-9.80262,12.453308],[-9.796289,12.452981],[-9.794534,12.454023],[-9.794542,12.456442],[-9.79173,12.456796],[-9.791033,12.458871],[-9.78611,12.459231],[-9.785065,12.462344],[-9.782602,12.462006],[-9.78226,12.465117],[-9.77945,12.466162],[-9.777004,12.471698],[-9.777021,12.477228],[-9.77387,12.482075],[-9.774579,12.483801],[-9.777037,12.482757],[-9.775287,12.485527],[-9.776356,12.490016],[-9.773899,12.491751],[-9.773553,12.493826],[-9.771094,12.494524],[-9.771454,12.497633],[-9.769008,12.502824],[-9.768665,12.505935],[-9.772882,12.504541],[-9.772537,12.506961],[-9.767629,12.512159],[-9.771164,12.518369],[-9.774333,12.519397],[-9.774689,12.520778],[-9.770115,12.520445],[-9.769416,12.52183],[-9.765548,12.522186],[-9.761673,12.52047],[-9.759573,12.523931],[-9.756057,12.524287],[-9.754306,12.527056],[-9.755722,12.530163],[-9.753971,12.532932],[-9.756085,12.533963],[-9.754335,12.537078],[-9.754694,12.539496],[-9.743093,12.541948],[-9.742397,12.544714],[-9.740287,12.545066],[-9.740292,12.546794],[-9.738535,12.54749],[-9.73819,12.54991],[-9.727981,12.547173],[-9.723776,12.553059],[-9.715331,12.552391],[-9.711471,12.555857],[-9.70973,12.562428],[-9.706214,12.563128],[-9.705865,12.564166],[-9.708685,12.566232],[-9.705873,12.567276],[-9.702025,12.575235],[-9.704138,12.57592],[-9.703444,12.579378],[-9.705204,12.579719],[-9.704857,12.581448],[-9.707323,12.582824],[-9.710135,12.581779],[-9.712609,12.58592],[-9.715425,12.586258],[-9.712988,12.595595],[-9.716515,12.598696],[-9.716172,12.601807],[-9.717224,12.600768],[-9.720745,12.601449],[-9.721459,12.605249],[-9.720058,12.607672],[-9.721817,12.607321],[-9.722879,12.609738],[-9.730968,12.608333],[-9.732034,12.611786],[-9.734144,12.611435],[-9.733807,12.61662],[-9.738384,12.617644],[-9.739807,12.623169],[-9.741572,12.624892],[-9.745443,12.625227],[-9.746505,12.627297],[-9.749668,12.625906],[-9.751433,12.627629],[-9.750735,12.629705],[-9.752497,12.630736],[-9.751443,12.631085],[-9.752514,12.636266],[-9.756736,12.636254],[-9.758501,12.637977],[-9.76061,12.637279],[-9.764142,12.641416],[-9.769782,12.644856],[-9.769793,12.648312],[-9.768039,12.65039],[-9.76912,12.658681],[-9.76595,12.657653],[-9.765943,12.65558],[-9.758906,12.655946],[-9.756788,12.653878],[-9.755032,12.65492],[-9.75115,12.651475],[-9.74869,12.652519],[-9.747662,12.662198],[-9.744852,12.663934],[-9.745563,12.666351],[-9.748028,12.667035],[-9.74663,12.670149],[-9.749096,12.671179],[-9.749453,12.672906],[-9.747344,12.673603],[-9.74876,12.676364],[-9.745949,12.678099],[-9.743851,12.682943],[-9.735056,12.68435],[-9.734718,12.689189],[-9.731553,12.690235],[-9.729804,12.694041],[-9.734033,12.695757],[-9.733689,12.698523],[-9.730881,12.701295],[-9.72666,12.702344],[-9.730192,12.706481],[-9.727385,12.709944],[-9.728797,12.711323],[-9.735839,12.711649],[-9.736194,12.71303],[-9.737955,12.713025],[-9.741491,12.718545],[-9.744309,12.719228],[-9.746437,12.724751],[-9.748547,12.724054],[-9.750314,12.726468],[-9.75489,12.72611],[-9.756664,12.730943],[-9.759479,12.730589],[-9.759471,12.727825],[-9.761931,12.726435],[-9.764398,12.727465],[-9.767559,12.725037],[-9.770729,12.725719],[-9.773537,12.722946],[-9.776706,12.723282],[-9.776018,12.728468],[-9.77919,12.729495],[-9.779548,12.731568],[-9.782016,12.732943],[-9.777806,12.737448],[-9.782388,12.739508],[-9.780288,12.743315],[-9.785228,12.747102],[-9.784886,12.750213],[-9.78735,12.750206],[-9.792997,12.754681],[-9.797573,12.754322],[-9.802167,12.759837],[-9.805681,12.757753],[-9.807093,12.759131],[-9.810965,12.758774],[-9.810621,12.761194],[-9.812744,12.764643],[-9.815212,12.765672],[-9.816276,12.768088],[-9.818034,12.767391],[-9.818745,12.769462],[-9.818398,12.771191],[-9.816635,12.77016],[-9.814173,12.771204],[-9.815588,12.773274],[-9.815248,12.777076],[-9.812433,12.77743],[-9.815616,12.781913],[-9.80894,12.78608],[-9.809303,12.789535],[-9.80684,12.790234],[-9.807197,12.791615],[-9.804037,12.794735],[-9.804396,12.796807],[-9.799823,12.798203],[-9.800534,12.800274],[-9.799126,12.800624],[-9.798087,12.806157],[-9.795977,12.806854],[-9.79563,12.808583],[-9.79739,12.808232],[-9.799509,12.810299],[-9.79882,12.815139],[-9.800581,12.815134],[-9.800586,12.816862],[-9.796021,12.821022],[-9.795677,12.823443],[-9.793562,12.822758],[-9.788989,12.824499],[-9.790061,12.829334],[-9.786548,12.832109],[-9.787961,12.833487],[-9.787615,12.835562],[-9.784447,12.836263],[-9.785158,12.838334],[-9.783399,12.83903],[-9.778464,12.837317],[-9.777415,12.839739],[-9.774246,12.840094],[-9.7732,12.843553],[-9.767913,12.842186],[-9.767567,12.844261],[-9.765105,12.845304],[-9.765821,12.849104],[-9.770753,12.849435],[-9.772883,12.854958],[-9.770786,12.860493],[-9.772554,12.862561],[-9.771505,12.864984],[-9.77292,12.867053],[-9.77011,12.869826],[-9.770116,12.871554],[-9.772231,12.872238],[-9.773652,12.876036],[-9.775765,12.876029],[-9.778239,12.878787],[-9.786348,12.881181],[-9.783894,12.88499],[-9.784602,12.886025],[-9.788827,12.885321],[-9.788481,12.887395],[-9.790248,12.889118],[-9.789193,12.889812],[-9.789916,12.895685],[-9.787464,12.900185],[-9.784298,12.901576],[-9.785719,12.905373],[-9.781492,12.905386],[-9.781497,12.907114],[-9.777628,12.908853],[-9.775525,12.912315],[-9.775186,12.916809],[-9.765333,12.920293],[-9.765692,12.922711],[-9.763933,12.923408],[-9.763939,12.925481],[-9.765006,12.928588],[-9.768879,12.927886],[-9.773113,12.929947],[-9.773479,12.934438],[-9.776657,12.936848],[-9.776666,12.939612],[-9.774905,12.939963],[-9.775618,12.942725],[-9.773512,12.945151],[-9.77529,12.950329],[-9.779519,12.950662],[-9.779525,12.952735],[-9.782345,12.953072],[-9.780597,12.95757],[-9.781312,12.960678],[-9.782719,12.959983],[-9.783786,12.96309],[-9.788018,12.964459],[-9.788025,12.966533],[-9.784153,12.967926],[-9.783809,12.970692],[-9.791576,12.975161],[-9.792287,12.977232],[-9.794399,12.976535],[-9.792646,12.979305],[-9.793355,12.980685],[-9.786665,12.982433],[-9.786336,12.989691],[-9.796535,12.98344],[-9.799013,12.986888],[-9.797265,12.991385],[-9.798338,12.99622],[-9.80116,12.997248],[-9.803286,13.000697],[-9.805754,13.001035],[-9.805416,13.005529],[-9.812815,13.00516],[-9.812828,13.008961],[-9.817069,13.012749],[-9.816369,13.014134],[-9.820951,13.014465],[-9.822367,13.016188],[-9.822372,13.017916],[-9.820612,13.018613],[-9.822737,13.021716],[-9.822038,13.023446],[-9.824161,13.025858],[-9.826978,13.025158],[-9.828391,13.02619],[-9.826995,13.030341],[-9.828414,13.033101],[-9.828437,13.040013],[-9.827382,13.040707],[-9.828451,13.044159],[-9.82457,13.043135],[-9.824937,13.047281],[-9.823529,13.047976],[-9.823536,13.05005],[-9.824955,13.05281],[-9.822849,13.055581],[-9.818274,13.057669],[-9.817585,13.062509],[-9.81512,13.063208],[-9.815126,13.065281],[-9.821827,13.066297],[-9.82608,13.073195],[-9.831375,13.075251],[-9.833178,13.08734],[-9.837774,13.091472],[-9.836729,13.094931],[-9.837801,13.09942],[-9.836391,13.099424],[-9.837814,13.103221],[-9.835349,13.10392],[-9.835725,13.11083],[-9.833613,13.111873],[-9.83503,13.113942],[-9.837852,13.114279],[-9.836824,13.123267],[-9.832599,13.125008],[-9.831196,13.127086],[-9.830134,13.125707],[-9.825555,13.127104],[-9.824152,13.129528],[-9.824866,13.131944],[-9.819928,13.131615],[-9.817124,13.136461],[-9.813246,13.136819],[-9.812193,13.138205],[-9.815025,13.141651],[-9.814679,13.143726],[-9.809745,13.144433],[-9.804096,13.142031],[-9.800928,13.143769],[-9.802354,13.148603],[-9.800271,13.15863],[-9.793951,13.167289],[-9.794671,13.171779],[-9.799617,13.174528],[-9.80245,13.177975],[-9.807388,13.178305],[-9.807746,13.180032],[-9.815162,13.183119],[-9.815891,13.190028],[-9.818719,13.192092],[-9.818028,13.196586],[-9.821904,13.195537],[-9.821205,13.197267],[-9.822977,13.200026],[-9.828619,13.199662],[-9.832865,13.203795],[-9.834291,13.208283],[-9.835031,13.218302],[-9.829732,13.2159],[-9.829034,13.217976],[-9.827623,13.21798],[-9.827284,13.222128],[-9.829759,13.223848],[-9.830122,13.226957],[-9.834001,13.226599],[-9.833658,13.229364],[-9.835782,13.231776],[-9.835085,13.234197],[-9.838271,13.237643],[-9.838291,13.243517],[-9.836527,13.243177],[-9.832303,13.245956],[-9.830889,13.244923],[-9.826658,13.245628],[-9.825269,13.252198],[-9.827737,13.251845],[-9.827393,13.254265],[-9.830931,13.257363],[-9.827769,13.261175],[-9.83024,13.261858],[-9.829915,13.269807],[-9.835588,13.278082],[-9.831722,13.282587],[-9.829605,13.282594],[-9.828907,13.284669],[-9.83457,13.29018],[-9.833521,13.292948],[-9.835641,13.293632],[-9.834959,13.300545],[-9.836017,13.300542],[-9.83709,13.304685],[-9.836042,13.307798],[-9.838514,13.308481],[-9.836054,13.311254],[-9.838539,13.315738],[-9.834667,13.318515],[-9.83538,13.320586],[-9.838555,13.32023],[-9.83858,13.327487],[-9.837172,13.328528],[-9.837885,13.330599],[-9.836124,13.331642],[-9.836843,13.33544],[-9.838255,13.335781],[-9.836507,13.340279],[-9.837923,13.341657],[-9.837225,13.344078],[-9.83865,13.347874],[-9.837242,13.348916],[-9.833357,13.347892],[-9.832663,13.35135],[-9.829843,13.352396],[-9.827385,13.355859],[-9.81927,13.356577],[-9.816796,13.355548],[-9.816097,13.357624],[-9.814329,13.356593],[-9.806567,13.357309],[-9.803752,13.359736],[-9.796692,13.359068],[-9.792123,13.364956],[-9.793552,13.370135],[-9.786512,13.376032],[-9.782278,13.376391],[-9.782639,13.378808],[-9.779823,13.381236],[-9.779832,13.384],[-9.773479,13.38402],[-9.770661,13.386102],[-9.769961,13.387832],[-9.771734,13.390245],[-9.76997,13.390596],[-9.769981,13.394052],[-9.775985,13.39507],[-9.776714,13.402325],[-9.783426,13.404032],[-9.783784,13.405413],[-9.775675,13.408548],[-9.775691,13.413731],[-9.779227,13.415448],[-9.77923,13.416485],[-9.776057,13.417531],[-9.775363,13.421335],[-9.772539,13.421343],[-9.772547,13.423762],[-9.769372,13.424463],[-9.767613,13.426542],[-9.764787,13.425859],[-9.763746,13.431737],[-9.76481,13.433116],[-9.762695,13.434159],[-9.761646,13.437272],[-9.752118,13.438683],[-9.751085,13.44698],[-9.756387,13.449037],[-9.757812,13.45318],[-9.754641,13.455262],[-9.751814,13.454234],[-9.749714,13.460115],[-9.746186,13.461162],[-9.744058,13.458058],[-9.736995,13.457388],[-9.732405,13.457402],[-9.72994,13.459482],[-9.726757,13.457764],[-9.725703,13.459494],[-9.718619,13.451912],[-9.71685,13.450881],[-9.712969,13.451583],[-9.709072,13.447102],[-9.705546,13.448494],[-9.706261,13.451602],[-9.704502,13.45368],[-9.701673,13.452306],[-9.699208,13.454386],[-9.698145,13.453352],[-9.691439,13.454062],[-9.691083,13.453026],[-9.687201,13.453382],[-9.685783,13.451658],[-9.682256,13.452705],[-9.680839,13.450981],[-9.675554,13.455142],[-9.674136,13.453072],[-9.667429,13.453436],[-9.666022,13.455167],[-9.66178,13.453451],[-9.657906,13.456916],[-9.660031,13.45933],[-9.659684,13.461404],[-9.656856,13.460375],[-9.648741,13.462469],[-9.643433,13.45799],[-9.63884,13.456965],[-9.637432,13.458697],[-9.634604,13.457322],[-9.634247,13.455595],[-9.635657,13.4549],[-9.634593,13.453175],[-9.630363,13.455605],[-9.62859,13.452844],[-9.626826,13.453194],[-9.625763,13.451815],[-9.622942,13.453204],[-9.617995,13.451488],[-9.617984,13.447342],[-9.616217,13.446655],[-9.614439,13.441476],[-9.612319,13.44079],[-9.611959,13.438026],[-9.609838,13.436994],[-9.610185,13.43492],[-9.607712,13.434235],[-9.610527,13.430427],[-9.612292,13.430423],[-9.613343,13.42731],[-9.604155,13.423531],[-9.603435,13.418003],[-9.60026,13.418702],[-9.600958,13.41559],[-9.597076,13.415945],[-9.595657,13.413184],[-9.592127,13.413192],[-9.591058,13.409048],[-9.587531,13.410438],[-9.587182,13.411822],[-9.581179,13.411144],[-9.58013,13.415294],[-9.578012,13.415298],[-9.577651,13.412189],[-9.575529,13.410466],[-9.571648,13.411512],[-9.571643,13.409438],[-9.565982,13.403576],[-9.565978,13.401848],[-9.571622,13.400453],[-9.568425,13.391821],[-9.564184,13.389412],[-9.563835,13.39114],[-9.56101,13.390801],[-9.562075,13.393563],[-9.560663,13.393566],[-9.560317,13.396332],[-9.555727,13.395996],[-9.55254,13.391511],[-9.550067,13.39048],[-9.54829,13.3853],[-9.548992,13.383225],[-9.547226,13.382883],[-9.548632,13.380461],[-9.544388,13.376669],[-9.543685,13.378053],[-9.54192,13.377711],[-9.541912,13.374255],[-9.544382,13.373904],[-9.544026,13.372523],[-9.536259,13.371848],[-9.532734,13.373929],[-9.530614,13.372897],[-9.530602,13.367022],[-9.522834,13.365656],[-9.520721,13.367734],[-9.519657,13.365317],[-9.516478,13.364287],[-9.514699,13.357724],[-9.510463,13.357042],[-9.5101,13.35255],[-9.513624,13.349778],[-9.515742,13.35012],[-9.513267,13.348051],[-9.513261,13.345286],[-9.515027,13.345628],[-9.517139,13.343205],[-9.516426,13.340096],[-9.5136,13.33872],[-9.513235,13.332846],[-9.511464,13.329739],[-9.507938,13.331128],[-9.507933,13.328709],[-9.504404,13.328716],[-9.499101,13.323889],[-9.496633,13.32493],[-9.493101,13.323555],[-9.489926,13.324252],[-9.487802,13.320801],[-9.484286,13.327373],[-9.481809,13.323577],[-9.480044,13.32358],[-9.4804,13.324962],[-9.47899,13.325656],[-9.472986,13.323248],[-9.472275,13.32083],[-9.476157,13.320823],[-9.475801,13.319095],[-9.478266,13.316672],[-9.476146,13.314948],[-9.477554,13.313563],[-9.477551,13.311835],[-9.475433,13.311493],[-9.476131,13.307345],[-9.479308,13.30803],[-9.483539,13.30664],[-9.486007,13.305253],[-9.487759,13.299375],[-9.489527,13.301099],[-9.491641,13.299367],[-9.490574,13.295222],[-9.488103,13.294882],[-9.487746,13.292809],[-9.483862,13.291434],[-9.483856,13.288324],[-9.481738,13.287982],[-9.481734,13.285563],[-9.485611,13.283482],[-9.482423,13.277268],[-9.483474,13.27381],[-9.481699,13.267938],[-9.486279,13.26482],[-9.48592,13.26171],[-9.489094,13.261013],[-9.492615,13.25755],[-9.495789,13.257198],[-9.495783,13.254088],[-9.498245,13.250282],[-9.496471,13.245447],[-9.499643,13.244059],[-9.499635,13.240258],[-9.497516,13.238879],[-9.49963,13.237493],[-9.498214,13.235422],[-9.503499,13.231956],[-9.506676,13.232986],[-9.507363,13.224],[-9.515475,13.223638],[-9.515469,13.220874],[-9.517579,13.217759],[-9.516511,13.213269],[-9.519681,13.210843],[-9.515081,13.203941],[-9.510498,13.205332],[-9.51015,13.207407],[-9.50733,13.208449],[-9.498857,13.204664],[-9.499204,13.201553],[-9.49779,13.200174],[-9.499903,13.198442],[-9.499195,13.197061],[-9.496023,13.198104],[-9.493904,13.196725],[-9.49179,13.198112],[-9.49108,13.195694],[-9.487549,13.193973],[-9.482245,13.187071],[-9.479427,13.188459],[-9.470255,13.187785],[-9.470261,13.190895],[-9.462152,13.192292],[-9.458976,13.191261],[-9.458618,13.188497],[-9.456852,13.187463],[-9.458963,13.184349],[-9.456838,13.179515],[-9.458243,13.176748],[-9.461065,13.177088],[-9.458937,13.170526],[-9.454708,13.171916],[-9.452938,13.168463],[-9.449766,13.169505],[-9.446942,13.168128],[-9.446586,13.166401],[-9.44271,13.168135],[-9.440945,13.167447],[-9.440589,13.165374],[-9.437064,13.166417],[-9.433171,13.15813],[-9.433163,13.153983],[-9.43069,13.151222],[-9.43315,13.146725],[-9.431032,13.145001],[-9.427859,13.145352],[-9.4261,13.147774],[-9.420808,13.1464],[-9.420798,13.140871],[-9.417976,13.139839],[-9.417614,13.134656],[-9.413735,13.134316],[-9.415843,13.12982],[-9.41161,13.12879],[-9.410196,13.126719],[-9.410898,13.124644],[-9.408779,13.122574],[-9.411234,13.114622],[-9.407702,13.110826],[-9.40946,13.108058],[-9.41087,13.108056],[-9.411918,13.102179],[-9.409098,13.102184],[-9.407682,13.09873],[-9.408732,13.094236],[-9.406261,13.092512],[-9.405549,13.088366],[-9.406957,13.086981],[-9.415064,13.085932],[-9.414705,13.082131],[-9.419634,13.077976],[-9.419981,13.074519],[-9.425613,13.069672],[-9.426312,13.066215],[-9.423839,13.063109],[-9.424542,13.062071],[-9.427363,13.062757],[-9.429826,13.059988],[-9.427702,13.054808],[-9.42594,13.054811],[-9.424879,13.053085],[-9.428039,13.045477],[-9.426272,13.04306],[-9.426972,13.040295],[-9.421321,13.033392],[-9.422379,13.033736],[-9.422375,13.031662],[-9.424138,13.032005],[-9.425897,13.029929],[-9.424837,13.028548],[-9.425887,13.023708],[-9.428707,13.024049],[-9.430464,13.021281],[-9.430108,13.018863],[-9.434333,13.016437],[-9.435384,13.012633],[-9.438555,13.012283],[-9.439959,13.008824],[-9.441721,13.009167],[-9.442776,13.007783],[-9.446305,13.010196],[-9.451233,13.006731],[-9.456518,13.006031],[-9.456515,13.004303],[-9.452634,13.002236],[-9.446641,13.000864],[-9.44593,12.997755],[-9.443813,12.996031],[-9.44381,12.994303],[-9.445924,12.993954],[-9.446274,12.992571],[-9.449799,12.993256],[-9.45191,12.991524],[-9.450496,12.989108],[-9.447321,12.987039],[-9.445559,12.987388],[-9.44203,12.984284],[-9.443079,12.979789],[-9.43956,12.98256],[-9.434275,12.982915],[-9.432157,12.980845],[-9.432504,12.977734],[-9.421929,12.976023],[-9.422977,12.970837],[-9.421215,12.970495],[-9.421916,12.968074],[-9.419798,12.966004],[-9.419438,12.961512],[-9.417673,12.959441],[-9.415208,12.960828],[-9.411683,12.960142],[-9.414141,12.954609],[-9.413078,12.950809],[-9.409551,12.949087],[-9.409546,12.945976],[-9.407783,12.944942],[-9.409184,12.940102],[-9.403547,12.940456],[-9.403203,12.945641],[-9.397567,12.946686],[-9.397916,12.944266],[-9.396506,12.944268],[-9.396156,12.945651],[-9.392985,12.945656],[-9.390171,12.948425],[-9.39052,12.946351],[-9.385584,12.944285],[-9.38769,12.939098],[-9.385574,12.937719],[-9.382756,12.938414],[-9.380638,12.935998],[-9.382042,12.932194],[-9.38028,12.931851],[-9.379567,12.926668],[-9.37745,12.924943],[-9.378855,12.921831],[-9.380264,12.921829],[-9.380611,12.918373],[-9.376386,12.919761],[-9.371096,12.916313],[-9.371093,12.914239],[-9.369335,12.916661],[-9.362992,12.915979],[-9.361933,12.914598],[-9.358059,12.915294],[-9.354176,12.90977],[-9.352767,12.910117],[-9.353109,12.902859],[-9.351699,12.90217],[-9.354154,12.894218],[-9.356971,12.893177],[-9.357317,12.88903],[-9.355908,12.888686],[-9.355905,12.886613],[-9.358367,12.88419],[-9.35766,12.882463],[-9.361531,12.880039],[-9.361529,12.878656],[-9.359768,12.878313],[-9.359411,12.874858],[-9.356944,12.87417],[-9.354837,12.879011],[-9.350963,12.879362],[-9.351662,12.875905],[-9.347077,12.871764],[-9.340735,12.870044],[-9.334396,12.871435],[-9.333687,12.868325],[-9.335799,12.86694],[-9.33368,12.86245],[-9.334373,12.853809],[-9.330849,12.852777],[-9.331198,12.850357],[-9.326618,12.849672],[-9.325912,12.847945],[-9.323445,12.847257],[-9.32062,12.841039],[-9.3171,12.842772],[-9.313224,12.841394],[-9.30724,12.844511],[-9.30442,12.842787],[-9.304073,12.846934],[-9.301605,12.844863],[-9.29914,12.845557],[-9.298431,12.841411],[-9.300541,12.838644],[-9.296314,12.838303],[-9.29631,12.834501],[-9.294548,12.834158],[-9.294194,12.832085],[-9.291729,12.832433],[-9.28785,12.828636],[-9.289252,12.822068],[-9.292423,12.823447],[-9.291362,12.819992]]]]}}]}